ticker,kind,strike,expiry,expiry_date,mid,bid,ask,last_price,volume,implied_volatility_yf,S,r,q
AAPL,call,210.0,0.0027397260273972603,2026-10-02,120.94999999999999,119.6,122.3,120.73,11.0,3.519532451171875,329.82501220703125,0.04,0.0031529637
AAPL,call,220.0,0.0027397260273972603,2026-10-02,110.75,109.6,111.9,110.97,199.0,3.0937522656249996,329.82501220703125,0.04,0.0031529637
AAPL,call,235.0,0.0027397260273972603,2026-10-02,95.975,94.85,97.1,95.96,13.0,2.7744171264648436,329.82501220703125,0.04,0.0031529637
AAPL,call,240.0,0.0027397260273972603,2026-10-02,91.25,90.3,92.2,91.23,16.0,2.7490265649414063,329.82501220703125,0.04,0.0031529637
AAPL,call,265.0,0.0027397260273972603,2026-10-02,66.125,65.45,66.8,65.77,13.0,1.9921875390625,329.82501220703125,0.04,0.0031529637
AAPL,call,270.0,0.0027397260273972603,2026-10-02,60.875,60.2,61.55,61.15,145.0,1.7695324023437498,329.82501220703125,0.04,0.0031529637
AAPL,call,285.0,0.0027397260273972603,2026-10-02,45.925,45.35,46.5,46.13,14.0,1.3950225561523437,329.82501220703125,0.04,0.0031529637
AAPL,call,300.0,0.0027397260273972603,2026-10-02,30.675,29.85,31.5,30.77,142.0,0.940430283203125,329.82501220703125,0.04,0.0031529637
AAPL,call,310.0,0.0027397260273972603,2026-10-02,21.025,20.35,21.7,19.86,25.0,0.7583031982421876,329.82501220703125,0.04,0.0031529637
AAPL,call,315.0,0.0027397260273972603,2026-10-02,15.95,15.6,16.3,15.5,12.0,0.6057168334960938,329.82501220703125,0.04,0.0031529637
AAPL,call,317.5,0.0027397260273972603,2026-10-02,13.425,12.9,13.95,13.67,12.0,0.5305222729492188,329.82501220703125,0.04,0.0031529637
AAPL,call,320.0,0.0027397260273972603,2026-10-02,11.025,10.5,11.55,11.25,102.0,0.5483443603515626,329.82501220703125,0.04,0.0031529637
AAPL,call,322.5,0.0027397260273972603,2026-10-02,8.85,8.0,9.7,8.65,39.0,0.5466353930664063,329.82501220703125,0.04,0.0031529637
AAPL,call,325.0,0.0027397260273972603,2026-10-02,6.525,6.2,6.85,6.58,728.0,0.4138242211914062,329.82501220703125,0.04,0.0031529637
AAPL,call,327.5,0.0027397260273972603,2026-10-02,4.425,4.3,4.55,4.46,1268.0,0.3371648315429688,329.82501220703125,0.04,0.0031529637
AAPL,call,330.0,0.0027397260273972603,2026-10-02,2.605,2.57,2.64,2.51,28183.0,0.28113511840820304,329.82501220703125,0.04,0.0031529637
AAPL,call,332.5,0.0027397260273972603,2026-10-02,1.415,1.41,1.42,1.42,35531.0,0.2602613037109375,329.82501220703125,0.04,0.0031529637
AAPL,call,335.0,0.0027397260273972603,2026-10-02,0.6799999999999999,0.67,0.69,0.68,29974.0,0.2512281909179687,329.82501220703125,0.04,0.0031529637
AAPL,call,337.5,0.0027397260273972603,2026-10-02,0.28500000000000003,0.28,0.29,0.28,31444.0,0.24463645996093752,329.82501220703125,0.04,0.0031529637
AAPL,call,340.0,0.0027397260273972603,2026-10-02,0.125,0.12,0.13,0.14,20806.0,0.2500075,329.82501220703125,0.04,0.0031529637
AAPL,call,342.5,0.0027397260273972603,2026-10-02,0.055,0.05,0.06,0.05,18385.0,0.25977302734375,329.82501220703125,0.04,0.0031529637
AAPL,call,345.0,0.0027397260273972603,2026-10-02,0.025,0.02,0.03,0.03,5835.0,0.273444765625,329.82501220703125,0.04,0.0031529637
AAPL,call,347.5,0.0027397260273972603,2026-10-02,0.015,0.01,0.02,0.02,9762.0,0.2929758203124999,329.82501220703125,0.04,0.0031529637
AAPL,call,350.0,0.0027397260273972603,2026-10-02,0.015,0.01,0.02,0.01,1818.0,0.32813171874999997,329.82501220703125,0.04,0.0031529637
AAPL,put,290.0,0.0027397260273972603,2026-10-02,0.015,0.01,0.02,0.01,372.0,0.64062859375,329.82501220703125,0.04,0.0031529637
AAPL,put,295.0,0.0027397260273972603,2026-10-02,0.02,0.01,0.03,0.03,16.0,0.57812921875,329.82501220703125,0.04,0.0031529637
AAPL,put,300.0,0.0027397260273972603,2026-10-02,0.015,0.01,0.02,0.02,208.0,0.500005,329.82501220703125,0.04,0.0031529637
AAPL,put,305.0,0.0027397260273972603,2026-10-02,0.02,0.01,0.03,0.01,34.0,0.445318046875,329.82501220703125,0.04,0.0031529637
AAPL,put,310.0,0.0027397260273972603,2026-10-02,0.015,0.01,0.02,0.01,539.0,0.3437565625,329.82501220703125,0.04,0.0031529637
AAPL,put,312.5,0.0027397260273972603,2026-10-02,0.02,0.01,0.03,0.03,295.0,0.32031929687499994,329.82501220703125,0.04,0.0031529637
AAPL,put,315.0,0.0027397260273972603,2026-10-02,0.025,0.02,0.03,0.02,2007.0,0.27735097656249996,329.82501220703125,0.04,0.0031529637
AAPL,put,317.5,0.0027397260273972603,2026-10-02,0.055,0.05,0.06,0.06,2943.0,0.26270268554687504,329.82501220703125,0.04,0.0031529637
AAPL,put,320.0,0.0027397260273972603,2026-10-02,0.08499999999999999,0.08,0.09,0.09,10587.0,0.23242955078125,329.82501220703125,0.04,0.0031529637
AAPL,put,322.5,0.0027397260273972603,2026-10-02,0.175,0.17,0.18,0.18,8706.0,0.21289849609375,329.82501220703125,0.04,0.0031529637
AAPL,put,325.0,0.0027397260273972603,2026-10-02,0.405,0.4,0.41,0.4,24357.0,0.1997150341796875,329.82501220703125,0.04,0.0031529637
AAPL,put,327.5,0.0027397260273972603,2026-10-02,0.875,0.87,0.88,0.87,18608.0,0.18555501953124998,329.82501220703125,0.04,0.0031529637
AAPL,put,330.0,0.0027397260273972603,2026-10-02,1.705,1.69,1.72,1.71,22648.0,0.16602396484375004,329.82501220703125,0.04,0.0031529637
AAPL,put,332.5,0.0027397260273972603,2026-10-02,3.075,3.05,3.1,2.96,3141.0,0.13697152099609378,329.82501220703125,0.04,0.0031529637
AAPL,put,335.0,0.0027397260273972603,2026-10-02,4.65,4.55,4.75,4.57,1366.0,1.0000000000000003e-05,329.82501220703125,0.04,0.0031529637
AAPL,put,337.5,0.0027397260273972603,2026-10-02,6.85,6.45,7.25,6.7,179.0,1.0000000000000003e-05,329.82501220703125,0.04,0.0031529637
AAPL,put,340.0,0.0027397260273972603,2026-10-02,9.075,8.8,9.35,8.98,87.0,1.0000000000000003e-05,329.82501220703125,0.04,0.0031529637
AAPL,put,342.5,0.0027397260273972603,2026-10-02,11.675,10.9,12.45,12.5,59.0,1.0000000000000003e-05,329.82501220703125,0.04,0.0031529637
AAPL,put,345.0,0.0027397260273972603,2026-10-02,14.0,13.75,14.25,13.31,19.0,1.0000000000000003e-05,329.82501220703125,0.04,0.0031529637
AAPL,put,347.5,0.0027397260273972603,2026-10-02,16.299999999999997,15.7,16.9,13.5,67.0,1.0000000000000003e-05,329.82501220703125,0.04,0.0031529637
AAPL,put,360.0,0.0027397260273972603,2026-10-02,28.825000000000003,28.1,29.55,27.7,34.0,1.0000000000000003e-05,329.82501220703125,0.04,0.0031529637
AAPL,put,370.0,0.0027397260273972603,2026-10-02,39.65,38.4,40.9,34.83,56.0,1.009770576171875,329.82501220703125,0.04,0.0031529637
AAPL,put,375.0,0.0027397260273972603,2026-10-02,44.3,42.85,45.75,39.58,10.0,1.0459032080078128,329.82501220703125,0.04,0.0031529637
AAPL,put,380.0,0.0027397260273972603,2026-10-02,49.599999999999994,48.4,50.8,44.78,74.0,1.1499065942382813,329.82501220703125,0.04,0.0031529637
AAPL,put,385.0,0.0027397260273972603,2026-10-02,54.25,52.7,55.8,49.98,22.0,1.2324257128906249,329.82501220703125,0.04,0.0031529637
AAPL,call,295.0,0.010958904109589041,2026-10-05,35.825,34.4,37.25,34.0,37.0,0.6967803759765626,329.82501220703125,0.04,0.0031529637
AAPL,call,320.0,0.010958904109589041,2026-10-05,11.325,10.75,11.9,11.2,34.0,0.37500625,329.82501220703125,0.04,0.0031529637
AAPL,call,322.5,0.010958904109589041,2026-10-05,8.475,7.45,9.5,13.42,18.0,0.3288641333007812,329.82501220703125,0.04,0.0031529637
AAPL,call,325.0,0.010958904109589041,2026-10-05,7.1,6.9,7.3,7.06,4116.0,0.2930978894042968,329.82501220703125,0.04,0.0031529637
AAPL,call,327.5,0.010958904109589041,2026-10-05,5.050000000000001,4.95,5.15,4.6,139.0,0.25269302001953126,329.82501220703125,0.04,0.0031529637
AAPL,call,330.0,0.010958904109589041,2026-10-05,3.425,3.35,3.5,3.65,8728.0,0.23279575805664063,329.82501220703125,0.04,0.0031529637
AAPL,call,332.5,0.010958904109589041,2026-10-05,2.295,2.23,2.36,2.35,2221.0,0.22876747802734376,329.82501220703125,0.04,0.0031529637
AAPL,call,335.0,0.010958904109589041,2026-10-05,1.45,1.43,1.47,1.45,1370.0,0.22290816162109373,329.82501220703125,0.04,0.0031529637
AAPL,call,337.5,0.010958904109589041,2026-10-05,0.815,0.79,0.84,0.8,1140.0,0.21680470703125,329.82501220703125,0.04,0.0031529637
AAPL,call,340.0,0.010958904109589041,2026-10-05,0.395,0.38,0.41,0.4,1432.0,0.20752745605468748,329.82501220703125,0.04,0.0031529637
AAPL,call,342.5,0.010958904109589041,2026-10-05,0.22999999999999998,0.22,0.24,0.22,533.0,0.2133867724609375,329.82501220703125,0.04,0.0031529637
AAPL,call,345.0,0.010958904109589041,2026-10-05,0.11499999999999999,0.11,0.12,0.12,2044.0,0.2133867724609375,329.82501220703125,0.04,0.0031529637
AAPL,call,347.5,0.010958904109589041,2026-10-05,0.065,0.06,0.07,0.06,250.0,0.22071091796874998,329.82501220703125,0.04,0.0031529637
AAPL,call,350.0,0.010958904109589041,2026-10-05,0.035,0.03,0.04,0.07,158.0,0.22657023437499998,329.82501220703125,0.04,0.0031529637
AAPL,call,352.5,0.010958904109589041,2026-10-05,0.02,0.01,0.03,0.03,144.0,0.242195078125,329.82501220703125,0.04,0.0031529637
AAPL,call,360.0,0.010958904109589041,2026-10-05,0.015,0.01,0.02,0.02,20.0,0.2929758203124999,329.82501220703125,0.04,0.0031529637
AAPL,put,300.0,0.010958904109589041,2026-10-05,0.015,0.01,0.02,0.01,164.0,0.31641308593749995,329.82501220703125,0.04,0.0031529637
AAPL,put,310.0,0.010958904109589041,2026-10-05,0.055,0.05,0.06,0.05,41.0,0.25196060546875,329.82501220703125,0.04,0.0031529637
AAPL,put,312.5,0.010958904109589041,2026-10-05,0.085,0.07,0.1,0.09,133.0,0.242195078125,329.82501220703125,0.04,0.0031529637
AAPL,put,315.0,0.010958904109589041,2026-10-05,0.115,0.1,0.13,0.11,108.0,0.22266402343749997,329.82501220703125,0.04,0.0031529637
AAPL,put,317.5,0.010958904109589041,2026-10-05,0.2,0.17,0.23,0.24,208.0,0.2148516015625,329.82501220703125,0.04,0.0031529637
AAPL,put,320.0,0.010958904109589041,2026-10-05,0.325,0.28,0.37,0.36,1292.0,0.20264469238281246,329.82501220703125,0.04,0.0031529637
AAPL,put,322.5,0.010958904109589041,2026-10-05,0.5449999999999999,0.51,0.58,0.52,236.0,0.188484677734375,329.82501220703125,0.04,0.0031529637
AAPL,put,325.0,0.010958904109589041,2026-10-05,0.9099999999999999,0.86,0.96,0.88,730.0,0.17774259765625,329.82501220703125,0.04,0.0031529637
AAPL,put,327.5,0.010958904109589041,2026-10-05,1.54,1.48,1.6,1.47,920.0,0.16931983032226564,329.82501220703125,0.04,0.0031529637
AAPL,put,330.0,0.010958904109589041,2026-10-05,2.465,2.39,2.54,2.4,1527.0,0.159188095703125,329.82501220703125,0.04,0.0031529637
AAPL,put,332.5,0.010958904109589041,2026-10-05,3.65,3.5,3.8,3.56,203.0,0.14295290649414064,329.82501220703125,0.04,0.0031529637
AAPL,put,335.0,0.010958904109589041,2026-10-05,5.25,5.05,5.45,5.54,139.0,0.11524322265625,329.82501220703125,0.04,0.0031529637
AAPL,put,337.5,0.010958904109589041,2026-10-05,7.175,7.0,7.35,7.18,50.0,1.0000000000000003e-05,329.82501220703125,0.04,0.0031529637
AAPL,put,340.0,0.010958904109589041,2026-10-05,9.325,9.1,9.55,9.33,12.0,1.0000000000000003e-05,329.82501220703125,0.04,0.0031529637
AAPL,put,342.5,0.010958904109589041,2026-10-05,11.825,11.15,12.5,10.9,23.0,1.0000000000000003e-05,329.82501220703125,0.04,0.0031529637
AAPL,put,345.0,0.010958904109589041,2026-10-05,14.524999999999999,13.6,15.45,12.01,240.0,0.25196060546875,329.82501220703125,0.04,0.0031529637
AAPL,put,347.5,0.010958904109589041,2026-10-05,16.950000000000003,16.05,17.85,10.63,25.0,0.25830819824218754,329.82501220703125,0.04,0.0031529637
AAPL,put,357.5,0.010958904109589041,2026-10-05,27.075000000000003,25.8,28.35,16.75,14.0,0.48340360351562506,329.82501220703125,0.04,0.0031529637
AAPL,call,295.0,0.01643835616438356,2026-10-07,36.1,34.45,37.75,45.55,60.0,0.6303747900390625,329.82501220703125,0.04,0.0031529637
AAPL,call,320.0,0.01643835616438356,2026-10-07,11.55,10.65,12.45,13.65,12.0,0.35596347167968745,329.82501220703125,0.04,0.0031529637
AAPL,call,327.5,0.01643835616438356,2026-10-07,6.0,5.8,6.2,6.05,59.0,0.273444765625,329.82501220703125,0.04,0.0031529637
AAPL,call,330.0,0.01643835616438356,2026-10-07,4.425,4.25,4.6,4.59,599.0,0.257819921875,329.82501220703125,0.04,0.0031529637
AAPL,call,332.5,0.01643835616438356,2026-10-07,3.25,3.1,3.4,3.27,1059.0,0.2528150891113281,329.82501220703125,0.04,0.0031529637
AAPL,call,335.0,0.01643835616438356,2026-10-07,2.245,2.19,2.3,2.25,562.0,0.24085231811523436,329.82501220703125,0.04,0.0031529637
AAPL,call,337.5,0.01643835616438356,2026-10-07,1.455,1.4,1.51,1.43,392.0,0.2337723107910156,329.82501220703125,0.04,0.0031529637
AAPL,call,340.0,0.01643835616438356,2026-10-07,0.935,0.9,0.97,0.98,934.0,0.2304764453125,329.82501220703125,0.04,0.0031529637
AAPL,call,342.5,0.01643835616438356,2026-10-07,0.565,0.52,0.61,0.57,116.0,0.22925575439453127,329.82501220703125,0.04,0.0031529637
AAPL,call,345.0,0.01643835616438356,2026-10-07,0.33,0.28,0.38,0.3,188.0,0.22974403076171873,329.82501220703125,0.04,0.0031529637
AAPL,call,347.5,0.01643835616438356,2026-10-07,0.195,0.16,0.23,0.2,43.0,0.2304764453125,329.82501220703125,0.04,0.0031529637
AAPL,call,350.0,0.01643835616438356,2026-10-07,0.13,0.11,0.15,0.13,168.0,0.23584748535156247,329.82501220703125,0.04,0.0031529637
AAPL,call,352.5,0.01643835616438356,2026-10-07,0.085,0.07,0.1,0.08,15.0,0.2417068017578125,329.82501220703125,0.04,0.0031529637
AAPL,call,355.0,0.01643835616438356,2026-10-07,0.04,0.03,0.05,0.05,48.0,0.23828886718749998,329.82501220703125,0.04,0.0031529637
AAPL,call,357.5,0.01643835616438356,2026-10-07,0.08,0.01,0.15,0.05,40.0,0.30274134765625,329.82501220703125,0.04,0.0031529637
AAPL,call,360.0,0.01643835616438356,2026-10-07,0.030000000000000002,0.01,0.05,0.04,103.0,0.27637442382812494,329.82501220703125,0.04,0.0031529637
AAPL,put,315.0,0.01643835616438356,2026-10-07,0.33499999999999996,0.31,0.36,0.39,11.0,0.23267368896484375,329.82501220703125,0.04,0.0031529637
AAPL,put,317.5,0.01643835616438356,2026-10-07,0.505,0.45,0.56,0.51,57.0,0.22705851074218747,329.82501220703125,0.04,0.0031529637
AAPL,put,320.0,0.01643835616438356,2026-10-07,0.73,0.66,0.8,0.71,266.0,0.21631643066406248,329.82501220703125,0.04,0.0031529637
AAPL,put,322.5,0.01643835616438356,2026-10-07,1.0899999999999999,1.03,1.15,1.37,226.0,0.20606262695312497,329.82501220703125,0.04,0.0031529637
AAPL,put,325.0,0.01643835616438356,2026-10-07,1.5899999999999999,1.51,1.67,1.71,290.0,0.19727365234375,329.82501220703125,0.04,0.0031529637
AAPL,put,327.5,0.01643835616438356,2026-10-07,2.3600000000000003,2.24,2.48,2.38,407.0,0.19336744140625,329.82501220703125,0.04,0.0031529637
AAPL,put,330.0,0.01643835616438356,2026-10-07,3.325,3.15,3.5,3.29,301.0,0.186531572265625,329.82501220703125,0.04,0.0031529637
AAPL,put,332.5,0.01643835616438356,2026-10-07,4.550000000000001,4.4,4.7,4.55,47.0,0.17322604125976562,329.82501220703125,0.04,0.0031529637
AAPL,put,335.0,0.01643835616438356,2026-10-07,5.975,5.7,6.25,6.0,37.0,0.1606529248046875,329.82501220703125,0.04,0.0031529637
AAPL,put,337.5,0.01643835616438356,2026-10-07,7.8,7.1,8.5,7.55,28.0,0.18042811767578126,329.82501220703125,0.04,0.0031529637
AAPL,call,235.0,0.021917808219178082,2026-10-09,96.07499999999999,94.6,97.55,101.7,65.0,1.3247104077148437,329.82501220703125,0.04,0.0031529637
AAPL,call,245.0,0.021917808219178082,2026-10-09,86.19999999999999,84.6,87.8,93.88,32.0,1.2128945605468748,329.82501220703125,0.04,0.0031529637
AAPL,call,285.0,0.021917808219178082,2026-10-09,46.175,44.7,47.65,45.14,29.0,0.6882355395507813,329.82501220703125,0.04,0.0031529637
AAPL,call,310.0,0.021917808219178082,2026-10-09,21.35,20.3,22.4,20.12,124.0,0.46521530883789064,329.82501220703125,0.04,0.0031529637
AAPL,call,315.0,0.021917808219178082,2026-10-09,16.299999999999997,15.45,17.15,16.0,10.0,0.3726869372558594,329.82501220703125,0.04,0.0031529637
AAPL,call,325.0,0.021917808219178082,2026-10-09,8.774999999999999,8.35,9.2,8.73,111.0,0.3171455004882812,329.82501220703125,0.04,0.0031529637
AAPL,call,327.5,0.021917808219178082,2026-10-09,6.9,6.7,7.1,7.07,176.0,0.28479719116210933,329.82501220703125,0.04,0.0031529637
AAPL,call,330.0,0.021917808219178082,2026-10-09,5.425,5.3,5.55,5.37,1699.0,0.2727123510742187,329.82501220703125,0.04,0.0031529637
AAPL,call,332.5,0.021917808219178082,2026-10-09,4.15,4.05,4.25,4.15,995.0,0.2643506182861328,329.82501220703125,0.04,0.0031529637
AAPL,call,335.0,0.021917808219178082,2026-10-09,3.005,2.96,3.05,3.05,6380.0,0.2514723291015625,329.82501220703125,0.04,0.0031529637
AAPL,call,337.5,0.021917808219178082,2026-10-09,2.135,2.1,2.17,2.15,365.0,0.24488059814453128,329.82501220703125,0.04,0.0031529637
AAPL,call,340.0,0.021917808219178082,2026-10-09,1.455,1.43,1.48,1.54,6769.0,0.2386550744628906,329.82501220703125,0.04,0.0031529637
AAPL,call,342.5,0.021917808219178082,2026-10-09,1.01,0.97,1.05,1.0,695.0,0.23975369628906246,329.82501220703125,0.04,0.0031529637
AAPL,call,345.0,0.021917808219178082,2026-10-09,0.65,0.62,0.68,0.64,1938.0,0.23584748535156247,329.82501220703125,0.04,0.0031529637
AAPL,call,347.5,0.021917808219178082,2026-10-09,0.445,0.43,0.46,0.45,795.0,0.23706817626953125,329.82501220703125,0.04,0.0031529637
AAPL,call,350.0,0.021917808219178082,2026-10-09,0.29000000000000004,0.28,0.3,0.3,5075.0,0.23731231445312498,329.82501220703125,0.04,0.0031529637
AAPL,call,352.5,0.021917808219178082,2026-10-09,0.2,0.19,0.21,0.18,274.0,0.242195078125,329.82501220703125,0.04,0.0031529637
AAPL,call,355.0,0.021917808219178082,2026-10-09,0.14500000000000002,0.14,0.15,0.15,509.0,0.2475661181640625,329.82501220703125,0.04,0.0031529637
AAPL,call,357.5,0.021917808219178082,2026-10-09,0.1,0.09,0.11,0.09,254.0,0.25391371093750004,329.82501220703125,0.04,0.0031529637
AAPL,call,360.0,0.021917808219178082,2026-10-09,0.08,0.07,0.09,0.09,811.0,0.264655791015625,329.82501220703125,0.04,0.0031529637
AAPL,call,380.0,0.021917808219178082,2026-10-09,0.015,0.01,0.02,0.02,21.0,0.335944140625,329.82501220703125,0.04,0.0031529637
AAPL,put,290.0,0.021917808219178082,2026-10-09,0.05,0.04,0.06,0.05,21.0,0.35352208984374994,329.82501220703125,0.04,0.0031529637
AAPL,put,300.0,0.021917808219178082,2026-10-09,0.11,0.1,0.12,0.1,238.0,0.29932341308593746,329.82501220703125,0.04,0.0031529637
AAPL,put,305.0,0.021917808219178082,2026-10-09,0.185,0.18,0.19,0.18,79.0,0.2749095947265625,329.82501220703125,0.04,0.0031529637
AAPL,put,310.0,0.021917808219178082,2026-10-09,0.32999999999999996,0.31,0.35,0.33,1321.0,0.2573316455078125,329.82501220703125,0.04,0.0031529637
AAPL,put,312.5,0.021917808219178082,2026-10-09,0.45999999999999996,0.42,0.5,0.49,72.0,0.2514723291015625,329.82501220703125,0.04,0.0031529637
AAPL,put,315.0,0.021917808219178082,2026-10-09,0.615,0.59,0.64,0.68,170.0,0.23853300537109373,329.82501220703125,0.04,0.0031529637
AAPL,put,317.5,0.021917808219178082,2026-10-09,0.865,0.82,0.91,0.95,123.0,0.2329178271484375,329.82501220703125,0.04,0.0031529637
AAPL,put,320.0,0.021917808219178082,2026-10-09,1.185,1.14,1.23,1.2,639.0,0.22364057617187497,329.82501220703125,0.04,0.0031529637
AAPL,put,322.5,0.021917808219178082,2026-10-09,1.6400000000000001,1.59,1.69,1.89,110.0,0.21631643066406248,329.82501220703125,0.04,0.0031529637
AAPL,put,325.0,0.021917808219178082,2026-10-09,2.24,2.18,2.3,2.23,678.0,0.20911435424804684,329.82501220703125,0.04,0.0031529637
AAPL,put,327.5,0.021917808219178082,2026-10-09,3.06,2.97,3.15,3.06,590.0,0.204536763305664,329.82501220703125,0.04,0.0031529637
AAPL,put,330.0,0.021917808219178082,2026-10-09,4.025,3.9,4.15,3.95,857.0,0.19654123779296873,329.82501220703125,0.04,0.0031529637
AAPL,put,332.5,0.021917808219178082,2026-10-09,5.275,5.15,5.4,5.7,147.0,0.18885088500976563,329.82501220703125,0.04,0.0031529637
AAPL,put,335.0,0.021917808219178082,2026-10-09,6.775,6.6,6.95,6.65,562.0,0.18335777587890623,329.82501220703125,0.04,0.0031529637
AAPL,put,337.5,0.021917808219178082,2026-10-09,8.325,8.1,8.55,8.29,97.0,0.1641929284667969,329.82501220703125,0.04,0.0031529637
AAPL,put,340.0,0.021917808219178082,2026-10-09,10.375,9.85,10.9,10.67,16.0,0.18360191406249998,329.82501220703125,0.04,0.0031529637
AAPL,put,342.5,0.021917808219178082,2026-10-09,12.2,11.75,12.65,13.8,44.0,1.0000000000000003e-05,329.82501220703125,0.04,0.0031529637
AAPL,put,345.0,0.021917808219178082,2026-10-09,14.825,13.75,15.9,12.5,116.0,0.24024197265624997,329.82501220703125,0.04,0.0031529637
AAPL,put,350.0,0.021917808219178082,2026-10-09,19.674999999999997,18.45,20.9,20.0,95.0,0.2929758203124999,329.82501220703125,0.04,0.0031529637
AAPL,put,352.5,0.021917808219178082,2026-10-09,21.5,20.55,22.45,15.0,25.0,1.0000000000000003e-05,329.82501220703125,0.04,0.0031529637
AAPL,put,355.0,0.021917808219178082,2026-10-09,24.5,23.2,25.8,18.2,69.0,0.3303289624023437,329.82501220703125,0.04,0.0031529637
AAPL,call,150.0,0.0410958904109589,2026-10-16,180.85000000000002,179.55,182.15,191.13,10.0,1.99609376953125,329.82501220703125,0.04,0.0031529637
AAPL,call,195.0,0.0410958904109589,2026-10-16,135.8,134.6,137.0,145.9,10.0,1.382327307128906,329.82501220703125,0.04,0.0031529637
AAPL,call,265.0,0.0410958904109589,2026-10-16,66.07499999999999,64.8,67.35,69.85,20.0,0.6982452050781252,329.82501220703125,0.04,0.0031529637
AAPL,call,280.0,0.0410958904109589,2026-10-16,51.724999999999994,51.15,52.3,51.56,11.0,0.6179237426757813,329.82501220703125,0.04,0.0031529637
AAPL,call,290.0,0.0410958904109589,2026-10-16,41.15,40.0,42.3,41.0,20.0,0.5598188549804688,329.82501220703125,0.04,0.0031529637
AAPL,call,300.0,0.0410958904109589,2026-10-16,32.05,31.7,32.4,31.45,11.0,0.45972219970703126,329.82501220703125,0.04,0.0031529637
AAPL,call,305.0,0.0410958904109589,2026-10-16,27.25,26.95,27.55,26.2,145.0,0.41394629028320307,329.82501220703125,0.04,0.0031529637
AAPL,call,310.0,0.0410958904109589,2026-10-16,22.475,22.0,22.95,22.0,293.0,0.3786683227539062,329.82501220703125,0.04,0.0031529637
AAPL,call,315.0,0.0410958904109589,2026-10-16,17.9,17.4,18.4,18.17,62.0,0.3402165588378906,329.82501220703125,0.04,0.0031529637
AAPL,call,320.0,0.0410958904109589,2026-10-16,13.975,13.6,14.35,13.7,292.0,0.3159858441162109,329.82501220703125,0.04,0.0031529637
AAPL,call,325.0,0.0410958904109589,2026-10-16,10.275,10.05,10.5,10.0,84.0,0.2877268493652343,329.82501220703125,0.04,0.0031529637
AAPL,call,327.5,0.0410958904109589,2026-10-16,8.65,8.55,8.75,8.5,135.0,0.27484856018066406,329.82501220703125,0.04,0.0031529637
AAPL,call,330.0,0.0410958904109589,2026-10-16,7.1,7.0,7.2,7.25,906.0,0.26489992919921873,329.82501220703125,0.04,0.0031529637
AAPL,call,332.5,0.0410958904109589,2026-10-16,5.875,5.75,6.0,5.95,319.0,0.2628857891845704,329.82501220703125,0.04,0.0031529637
AAPL,call,335.0,0.0410958904109589,2026-10-16,4.699999999999999,4.6,4.8,4.7,1322.0,0.2556837127685547,329.82501220703125,0.04,0.0031529637
AAPL,call,337.5,0.0410958904109589,2026-10-16,3.675,3.6,3.75,3.75,150.0,0.2486647399902344,329.82501220703125,0.04,0.0031529637
AAPL,call,340.0,0.0410958904109589,2026-10-16,2.835,2.8,2.87,2.8,1442.0,0.2425612854003906,329.82501220703125,0.04,0.0031529637
AAPL,call,342.5,0.0410958904109589,2026-10-16,2.17,2.11,2.23,2.19,146.0,0.24109645629882812,329.82501220703125,0.04,0.0031529637
AAPL,call,345.0,0.0410958904109589,2026-10-16,1.625,1.61,1.64,1.66,512.0,0.23609162353515623,329.82501220703125,0.04,0.0031529637
AAPL,call,347.5,0.0410958904109589,2026-10-16,1.21,1.2,1.22,1.22,248.0,0.23438265625,329.82501220703125,0.04,0.0031529637
AAPL,call,350.0,0.0410958904109589,2026-10-16,0.88,0.85,0.91,0.89,1651.0,0.23413851806640623,329.82501220703125,0.04,0.0031529637
AAPL,call,352.5,0.0410958904109589,2026-10-16,0.625,0.58,0.67,0.63,77.0,0.23389437988281248,329.82501220703125,0.04,0.0031529637
AAPL,call,355.0,0.0410958904109589,2026-10-16,0.475,0.46,0.49,0.45,365.0,0.23413851806640623,329.82501220703125,0.04,0.0031529637
AAPL,call,357.5,0.0410958904109589,2026-10-16,0.32499999999999996,0.3,0.35,0.31,71.0,0.23389437988281248,329.82501220703125,0.04,0.0031529637
AAPL,call,360.0,0.0410958904109589,2026-10-16,0.24,0.23,0.25,0.24,1103.0,0.23438265625,329.82501220703125,0.04,0.0031529637
AAPL,call,365.0,0.0410958904109589,2026-10-16,0.135,0.13,0.14,0.13,83.0,0.23975369628906246,329.82501220703125,0.04,0.0031529637
AAPL,call,370.0,0.0410958904109589,2026-10-16,0.08,0.07,0.09,0.08,19.0,0.2500075,329.82501220703125,0.04,0.0031529637
AAPL,call,380.0,0.0410958904109589,2026-10-16,0.05,0.04,0.06,0.04,58.0,0.2841868457031249,329.82501220703125,0.04,0.0031529637
AAPL,call,390.0,0.0410958904109589,2026-10-16,0.03,0.02,0.04,0.02,142.0,0.31445998046874996,329.82501220703125,0.04,0.0031529637
AAPL,call,400.0,0.0410958904109589,2026-10-16,0.02,0.01,0.03,0.03,82.0,0.3437565625,329.82501220703125,0.04,0.0031529637
AAPL,call,420.0,0.0410958904109589,2026-10-16,0.015,0.01,0.02,0.02,130.0,0.4062559375,329.82501220703125,0.04,0.0031529637
AAPL,put,230.0,0.0410958904109589,2026-10-16,0.025,0.01,0.04,0.03,243.0,0.6093789062500001,329.82501220703125,0.04,0.0031529637
AAPL,put,250.0,0.0410958904109589,2026-10-16,0.025,0.01,0.04,0.02,41.0,0.5039112109375,329.82501220703125,0.04,0.0031529637
AAPL,put,255.0,0.0410958904109589,2026-10-16,0.04,0.03,0.05,0.04,30.0,0.48242705078125003,329.82501220703125,0.04,0.0031529637
AAPL,put,260.0,0.0410958904109589,2026-10-16,0.045000000000000005,0.02,0.07,0.05,13.0,0.46680220703125,329.82501220703125,0.04,0.0031529637
AAPL,put,265.0,0.0410958904109589,2026-10-16,0.05500000000000001,0.04,0.07,0.06,63.0,0.4335994140625,329.82501220703125,0.04,0.0031529637
AAPL,put,275.0,0.0410958904109589,2026-10-16,0.07500000000000001,0.05,0.1,0.07,11.0,0.38477177734374995,329.82501220703125,0.04,0.0031529637
AAPL,put,280.0,0.0410958904109589,2026-10-16,0.1,0.09,0.11,0.11,27.0,0.35547519531249994,329.82501220703125,0.04,0.0031529637
AAPL,put,290.0,0.0410958904109589,2026-10-16,0.19,0.17,0.21,0.2,41.0,0.31836619140624994,329.82501220703125,0.04,0.0031529637
AAPL,put,295.0,0.0410958904109589,2026-10-16,0.275,0.26,0.29,0.31,11.0,0.2985909985351562,329.82501220703125,0.04,0.0031529637
AAPL,put,300.0,0.0410958904109589,2026-10-16,0.4,0.37,0.43,0.42,242.0,0.282233740234375,329.82501220703125,0.04,0.0031529637
AAPL,put,305.0,0.0410958904109589,2026-10-16,0.615,0.58,0.65,0.63,272.0,0.2668530346679688,329.82501220703125,0.04,0.0031529637
AAPL,put,310.0,0.0410958904109589,2026-10-16,0.935,0.9,0.97,0.95,648.0,0.24988543090820312,329.82501220703125,0.04,0.0031529637
AAPL,put,312.5,0.0410958904109589,2026-10-16,1.19,1.14,1.24,1.32,67.0,0.24463645996093752,329.82501220703125,0.04,0.0031529637
AAPL,put,315.0,0.0410958904109589,2026-10-16,1.48,1.43,1.53,1.43,404.0,0.2368240380859375,329.82501220703125,0.04,0.0031529637
AAPL,put,317.5,0.0410958904109589,2026-10-16,1.88,1.83,1.93,1.94,104.0,0.2310867907714844,329.82501220703125,0.04,0.0031529637
AAPL,put,320.0,0.0410958904109589,2026-10-16,2.355,2.31,2.4,2.4,1433.0,0.22431195617675775,329.82501220703125,0.04,0.0031529637
AAPL,put,322.5,0.0410958904109589,2026-10-16,2.9699999999999998,2.89,3.05,3.29,607.0,0.2205888488769531,329.82501220703125,0.04,0.0031529637
AAPL,put,325.0,0.0410958904109589,2026-10-16,3.675,3.6,3.75,3.65,396.0,0.21356987609863282,329.82501220703125,0.04,0.0031529637
AAPL,put,327.5,0.0410958904109589,2026-10-16,4.6,4.55,4.65,4.5,95.0,0.20862607788085932,329.82501220703125,0.04,0.0031529637
AAPL,put,330.0,0.0410958904109589,2026-10-16,5.65,5.55,5.75,5.55,1023.0,0.20508607421874997,329.82501220703125,0.04,0.0031529637
AAPL,put,332.5,0.0410958904109589,2026-10-16,6.75,6.6,6.9,6.73,172.0,0.19684641052246094,329.82501220703125,0.04,0.0031529637
AAPL,put,335.0,0.0410958904109589,2026-10-16,8.100000000000001,7.9,8.3,8.3,1154.0,0.1909260595703125,329.82501220703125,0.04,0.0031529637
AAPL,put,337.5,0.0410958904109589,2026-10-16,9.625,9.4,9.85,9.78,61.0,0.18311363769531247,329.82501220703125,0.04,0.0031529637
AAPL,put,340.0,0.0410958904109589,2026-10-16,11.275,11.05,11.5,11.3,69.0,0.17017431396484378,329.82501220703125,0.04,0.0031529637
AAPL,put,352.5,0.0410958904109589,2026-10-16,22.175,20.8,23.55,17.65,49.0,0.24915301635742187,329.82501220703125,0.04,0.0031529637
AAPL,put,360.0,0.0410958904109589,2026-10-16,29.025,27.7,30.35,29.96,105.0,0.2148516015625,329.82501220703125,0.04,0.0031529637
AAPL,put,370.0,0.0410958904109589,2026-10-16,39.5,38.25,40.75,28.68,22.0,0.3393620751953125,329.82501220703125,0.04,0.0031529637
AAPL,put,400.0,0.0410958904109589,2026-10-16,69.35,67.95,70.75,61.7,34.0,0.5114794946289063,329.82501220703125,0.04,0.0031529637
AAPL,put,405.0,0.0410958904109589,2026-10-16,74.35,72.95,75.75,66.23,13.0,0.5376022802734376,329.82501220703125,0.04,0.0031529637
AAPL,call,215.0,0.06027397260273973,2026-10-23,116.5,114.85,118.15,122.52,16.0,1.072514403076172,329.82501220703125,0.04,0.0031529637
AAPL,call,230.0,0.06027397260273973,2026-10-23,101.55000000000001,99.9,103.2,105.3,10.0,0.9362799340820311,329.82501220703125,0.04,0.0031529637
AAPL,call,260.0,0.06027397260273973,2026-10-23,71.65,70.0,73.3,77.55,10.0,0.6793244958496094,329.82501220703125,0.04,0.0031529637
AAPL,call,300.0,0.06027397260273973,2026-10-23,32.0,30.8,33.2,35.0,55.0,0.422857333984375,329.82501220703125,0.04,0.0031529637
AAPL,call,310.0,0.06027397260273973,2026-10-23,23.3,22.75,23.85,21.45,16.0,0.35272864074707033,329.82501220703125,0.04,0.0031529637
AAPL,call,320.0,0.06027397260273973,2026-10-23,14.899999999999999,14.45,15.35,14.8,103.0,0.29724823852539056,329.82501220703125,0.04,0.0031529637
AAPL,call,325.0,0.06027397260273973,2026-10-23,11.575,11.25,11.9,11.45,28.0,0.28375960388183585,329.82501220703125,0.04,0.0031529637
AAPL,call,330.0,0.06027397260273973,2026-10-23,8.6,8.6,8.6,8.65,286.0,0.2633130310058594,329.82501220703125,0.04,0.0031529637
AAPL,call,335.0,0.06027397260273973,2026-10-23,6.075,6.0,6.15,6.2,190.0,0.2553175054931641,329.82501220703125,0.04,0.0031529637
AAPL,call,340.0,0.06027397260273973,2026-10-23,4.1,3.95,4.25,4.09,377.0,0.24994646545410154,329.82501220703125,0.04,0.0031529637
AAPL,call,345.0,0.06027397260273973,2026-10-23,2.61,2.57,2.65,2.6,151.0,0.23902128173828124,329.82501220703125,0.04,0.0031529637
AAPL,call,350.0,0.06027397260273973,2026-10-23,1.63,1.56,1.7,1.65,416.0,0.23767852172851558,329.82501220703125,0.04,0.0031529637
AAPL,call,355.0,0.06027397260273973,2026-10-23,0.95,0.88,1.02,0.97,318.0,0.23462679443359374,329.82501220703125,0.04,0.0031529637
AAPL,call,360.0,0.06027397260273973,2026-10-23,0.55,0.5,0.6,0.55,135.0,0.23365024169921872,329.82501220703125,0.04,0.0031529637
AAPL,call,365.0,0.06027397260273973,2026-10-23,0.32499999999999996,0.3,0.35,0.3,484.0,0.23413851806640623,329.82501220703125,0.04,0.0031529637
AAPL,call,370.0,0.06027397260273973,2026-10-23,0.185,0.16,0.21,0.17,137.0,0.2368240380859375,329.82501220703125,0.04,0.0031529637
AAPL,call,390.0,0.06027397260273973,2026-10-23,0.045,0.01,0.08,0.05,21.0,0.2841868457031249,329.82501220703125,0.04,0.0031529637
AAPL,put,205.0,0.06027397260273973,2026-10-23,0.049999999999999996,0.01,0.09,0.09,11.0,0.70312796875,329.82501220703125,0.04,0.0031529637
AAPL,put,225.0,0.06027397260273973,2026-10-23,0.034999999999999996,0.01,0.06,0.04,14.0,0.5546919531250001,329.82501220703125,0.04,0.0031529637
AAPL,put,255.0,0.06027397260273973,2026-10-23,0.034999999999999996,0.01,0.06,0.04,14.0,0.4101621484375,329.82501220703125,0.04,0.0031529637
AAPL,put,265.0,0.06027397260273973,2026-10-23,0.10500000000000001,0.01,0.2,0.08,12.0,0.415044912109375,329.82501220703125,0.04,0.0031529637
AAPL,put,285.0,0.06027397260273973,2026-10-23,0.255,0.22,0.29,0.2,64.0,0.3117744604492187,329.82501220703125,0.04,0.0031529637
AAPL,put,290.0,0.06027397260273973,2026-10-23,0.42000000000000004,0.34,0.5,0.38,60.0,0.3107979077148437,329.82501220703125,0.04,0.0031529637
AAPL,put,295.0,0.06027397260273973,2026-10-23,0.5,0.47,0.53,0.54,46.0,0.2805247729492187,329.82501220703125,0.04,0.0031529637
AAPL,put,300.0,0.06027397260273973,2026-10-23,0.7150000000000001,0.68,0.75,0.72,81.0,0.2668530346679688,329.82501220703125,0.04,0.0031529637
AAPL,put,305.0,0.06027397260273973,2026-10-23,1.075,1.0,1.15,1.06,18.0,0.25891854370117195,329.82501220703125,0.04,0.0031529637
AAPL,put,310.0,0.06027397260273973,2026-10-23,1.5699999999999998,1.43,1.71,1.6,25.0,0.24976336181640624,329.82501220703125,0.04,0.0031529637
AAPL,put,315.0,0.06027397260273973,2026-10-23,2.245,2.17,2.32,2.25,48.0,0.23279575805664063,329.82501220703125,0.04,0.0031529637
AAPL,put,320.0,0.06027397260273973,2026-10-23,3.35,3.25,3.45,3.29,374.0,0.22541057800292968,329.82501220703125,0.04,0.0031529637
AAPL,put,325.0,0.06027397260273973,2026-10-23,4.800000000000001,4.7,4.9,5.0,137.0,0.21479056701660154,329.82501220703125,0.04,0.0031529637
AAPL,put,330.0,0.06027397260273973,2026-10-23,6.699999999999999,6.55,6.85,6.84,53.0,0.2043536596679687,329.82501220703125,0.04,0.0031529637
AAPL,put,335.0,0.06027397260273973,2026-10-23,9.2,9.0,9.4,9.4,183.0,0.19446606323242188,329.82501220703125,0.04,0.0031529637
AAPL,put,340.0,0.06027397260273973,2026-10-23,12.825,12.0,13.65,12.25,49.0,0.22278609252929685,329.82501220703125,0.04,0.0031529637
AAPL,put,350.0,0.06027397260273973,2026-10-23,20.5,19.2,21.8,16.55,78.0,0.2329178271484375,329.82501220703125,0.04,0.0031529637
AAPL,put,355.0,0.06027397260273973,2026-10-23,24.875,23.55,26.2,20.75,65.0,0.23352817260742187,329.82501220703125,0.04,0.0031529637
AAPL,put,365.0,0.06027397260273973,2026-10-23,34.475,33.0,35.95,28.79,10.0,0.2749095947265625,329.82501220703125,0.04,0.0031529637
AAPL,put,390.0,0.06027397260273973,2026-10-23,59.5,58.0,61.0,50.48,10.0,0.4101621484375,329.82501220703125,0.04,0.0031529637
AAPL,put,400.0,0.06027397260273973,2026-10-23,69.425,67.85,71.0,67.22,10.0,0.4577690942382813,329.82501220703125,0.04,0.0031529637
AAPL,call,215.0,0.07945205479452055,2026-10-30,116.5,115.1,117.9,117.0,20.0,0.9392095922851562,329.82501220703125,0.04,0.0031529637
AAPL,call,240.0,0.07945205479452055,2026-10-30,91.6,90.25,92.95,91.8,25.0,0.7446314599609375,329.82501220703125,0.04,0.0031529637
AAPL,call,245.0,0.07945205479452055,2026-10-30,86.65,85.3,88.0,87.3,20.0,0.709963837890625,329.82501220703125,0.04,0.0031529637
AAPL,call,270.0,0.07945205479452055,2026-10-30,61.974999999999994,60.55,63.4,67.83,11.0,0.5427291821289064,329.82501220703125,0.04,0.0031529637
AAPL,call,285.0,0.07945205479452055,2026-10-30,47.2,45.95,48.45,46.44,18.0,0.505742247314453,329.82501220703125,0.04,0.0031529637
AAPL,call,295.0,0.07945205479452055,2026-10-30,37.849999999999994,36.55,39.15,43.03,76.0,0.45166563964843753,329.82501220703125,0.04,0.0031529637
AAPL,call,305.0,0.07945205479452055,2026-10-30,28.875,27.6,30.15,29.05,31.0,0.39978627563476565,329.82501220703125,0.04,0.0031529637
AAPL,call,325.0,0.07945205479452055,2026-10-30,13.825,13.3,14.35,13.5,65.0,0.3150703259277343,329.82501220703125,0.04,0.0031529637
AAPL,call,330.0,0.07945205479452055,2026-10-30,10.975000000000001,10.9,11.05,11.1,399.0,0.2955392712402344,329.82501220703125,0.04,0.0031529637
AAPL,call,335.0,0.07945205479452055,2026-10-30,8.5,8.35,8.65,8.57,327.0,0.29087012847900384,329.82501220703125,0.04,0.0031529637
AAPL,call,340.0,0.07945205479452055,2026-10-30,6.45,6.45,6.45,6.48,279.0,0.2818064984130859,329.82501220703125,0.04,0.0031529637
AAPL,call,345.0,0.07945205479452055,2026-10-30,4.699999999999999,4.55,4.85,4.73,100.0,0.27967028930664056,329.82501220703125,0.04,0.0031529637
AAPL,call,350.0,0.07945205479452055,2026-10-30,3.325,3.25,3.4,3.35,620.0,0.27197993652343744,329.82501220703125,0.04,0.0031529637
AAPL,call,355.0,0.07945205479452055,2026-10-30,2.3,2.1,2.5,2.25,119.0,0.2732616619873046,329.82501220703125,0.04,0.0031529637
AAPL,call,360.0,0.07945205479452055,2026-10-30,1.545,1.44,1.65,1.71,239.0,0.26673096557617193,329.82501220703125,0.04,0.0031529637
AAPL,call,365.0,0.07945205479452055,2026-10-30,1.02,0.94,1.1,1.1,80.0,0.26416751464843746,329.82501220703125,0.04,0.0031529637
AAPL,call,370.0,0.07945205479452055,2026-10-30,0.715,0.6,0.83,0.66,31.0,0.2708813146972656,329.82501220703125,0.04,0.0031529637
AAPL,call,375.0,0.07945205479452055,2026-10-30,0.49,0.39,0.59,0.45,82.0,0.2739330419921875,329.82501220703125,0.04,0.0031529637
AAPL,call,385.0,0.07945205479452055,2026-10-30,0.175,0.15,0.2,0.29,73.0,0.26343510009765625,329.82501220703125,0.04,0.0031529637
AAPL,call,400.0,0.07945205479452055,2026-10-30,0.045,0.01,0.08,0.07,42.0,0.28076891113281244,329.82501220703125,0.04,0.0031529637
AAPL,put,270.0,0.07945205479452055,2026-10-30,0.21,0.13,0.29,0.24,34.0,0.35645174804687496,329.82501220703125,0.04,0.0031529637
AAPL,put,275.0,0.07945205479452055,2026-10-30,0.36,0.31,0.41,0.4,11.0,0.348639326171875,329.82501220703125,0.04,0.0031529637
AAPL,put,290.0,0.07945205479452055,2026-10-30,0.875,0.78,0.97,0.85,13.0,0.3149482568359374,329.82501220703125,0.04,0.0031529637
AAPL,put,295.0,0.07945205479452055,2026-10-30,1.1,1.05,1.15,1.16,113.0,0.29480685668945306,329.82501220703125,0.04,0.0031529637
AAPL,put,300.0,0.07945205479452055,2026-10-30,1.56,1.48,1.64,1.6,154.0,0.288947540283203,329.82501220703125,0.04,0.0031529637
AAPL,put,305.0,0.07945205479452055,2026-10-30,2.1100000000000003,2.0,2.22,2.18,22.0,0.27967028930664056,329.82501220703125,0.04,0.0031529637
AAPL,put,310.0,0.07945205479452055,2026-10-30,2.91,2.85,2.97,2.85,58.0,0.26984372741699214,329.82501220703125,0.04,0.0031529637
AAPL,put,315.0,0.07945205479452055,2026-10-30,3.825,3.7,3.95,3.85,41.0,0.2601392346191406,329.82501220703125,0.04,0.0031529637
AAPL,put,320.0,0.07945205479452055,2026-10-30,5.15,5.0,5.3,5.22,279.0,0.25299819274902346,329.82501220703125,0.04,0.0031529637
AAPL,put,325.0,0.07945205479452055,2026-10-30,6.8,6.6,7.0,6.82,71.0,0.2457961163330078,329.82501220703125,0.04,0.0031529637
AAPL,put,330.0,0.07945205479452055,2026-10-30,8.95,8.75,9.15,9.3,75.0,0.23993679992675776,329.82501220703125,0.04,0.0031529637
AAPL,put,335.0,0.07945205479452055,2026-10-30,11.35,11.1,11.6,12.1,10.0,0.23041541076660155,329.82501220703125,0.04,0.0031529637
AAPL,put,340.0,0.07945205479452055,2026-10-30,14.275,13.55,15.0,14.36,15.0,0.23493196716308595,329.82501220703125,0.04,0.0031529637
AAPL,put,350.0,0.07945205479452055,2026-10-30,21.5,20.55,22.45,17.7,36.0,0.23035437622070312,329.82501220703125,0.04,0.0031529637
AAPL,put,355.0,0.07945205479452055,2026-10-30,25.7,24.25,27.15,17.85,11.0,0.25061784545898436,329.82501220703125,0.04,0.0031529637
AAPL,put,370.0,0.07945205479452055,2026-10-30,39.575,38.3,40.85,39.85,35.0,0.256843369140625,329.82501220703125,0.04,0.0031529637
AAPL,put,380.0,0.07945205479452055,2026-10-30,49.375,48.0,50.75,49.2,20.0,0.29224340576171864,329.82501220703125,0.04,0.0031529637
AAPL,call,210.0,0.09863013698630137,2026-11-06,121.65,120.05,123.25,130.56,19.0,0.9003916210937499,329.82501220703125,0.04,0.0031529637
AAPL,call,225.0,0.09863013698630137,2026-11-06,106.6,105.4,107.8,107.3,201.0,0.7797873583984375,329.82501220703125,0.04,0.0031529637
AAPL,call,280.0,0.09863013698630137,2026-11-06,52.675,51.25,54.1,53.48,40.0,0.5210619183349607,329.82501220703125,0.04,0.0031529637
AAPL,call,325.0,0.09863013698630137,2026-11-06,15.274999999999999,14.85,15.7,15.15,10.0,0.3165961895751953,329.82501220703125,0.04,0.0031529637
AAPL,call,330.0,0.09863013698630137,2026-11-06,12.275,11.9,12.65,12.4,88.0,0.3043282458496094,329.82501220703125,0.04,0.0031529637
AAPL,call,335.0,0.09863013698630137,2026-11-06,9.825,9.45,10.2,9.8,30.0,0.2992318612670898,329.82501220703125,0.04,0.0031529637
AAPL,call,340.0,0.09863013698630137,2026-11-06,7.5,7.3,7.7,7.3,127.0,0.2851023638916015,329.82501220703125,0.04,0.0031529637
AAPL,call,345.0,0.09863013698630137,2026-11-06,5.675,5.5,5.85,5.66,29.0,0.2787852883911133,329.82501220703125,0.04,0.0031529637
AAPL,call,350.0,0.09863013698630137,2026-11-06,4.325,4.25,4.4,4.25,298.0,0.2749095947265625,329.82501220703125,0.04,0.0031529637
AAPL,call,355.0,0.09863013698630137,2026-11-06,3.035,2.87,3.2,2.92,32.0,0.2701489001464844,329.82501220703125,0.04,0.0031529637
AAPL,call,360.0,0.09863013698630137,2026-11-06,2.115,2.03,2.2,2.09,26.0,0.26306889282226564,329.82501220703125,0.04,0.0031529637
AAPL,call,365.0,0.09863013698630137,2026-11-06,1.48,1.36,1.6,1.49,15.0,0.2633130310058594,329.82501220703125,0.04,0.0031529637
AAPL,call,370.0,0.09863013698630137,2026-11-06,1.03,0.95,1.11,0.98,35.0,0.26148199462890626,329.82501220703125,0.04,0.0031529637
AAPL,call,375.0,0.09863013698630137,2026-11-06,0.73,0.65,0.81,0.67,75.0,0.26380130737304686,329.82501220703125,0.04,0.0031529637
AAPL,call,390.0,0.09863013698630137,2026-11-06,0.245,0.2,0.29,0.4,359.0,0.2688061401367187,329.82501220703125,0.04,0.0031529637
AAPL,call,395.0,0.09863013698630137,2026-11-06,0.175,0.09,0.26,0.24,15.0,0.28076891113281244,329.82501220703125,0.04,0.0031529637
AAPL,call,405.0,0.09863013698630137,2026-11-06,0.155,0.01,0.3,0.12,10.0,0.31958688232421867,329.82501220703125,0.04,0.0031529637
AAPL,put,270.0,0.09863013698630137,2026-11-06,0.295,0.16,0.43,0.33,23.0,0.34326828613281246,329.82501220703125,0.04,0.0031529637
AAPL,put,275.0,0.09863013698630137,2026-11-06,0.5349999999999999,0.49,0.58,0.52,20.0,0.33484551879882807,329.82501220703125,0.04,0.0031529637
AAPL,put,280.0,0.09863013698630137,2026-11-06,0.69,0.62,0.76,0.62,31.0,0.32483585327148434,329.82501220703125,0.04,0.0031529637
AAPL,put,290.0,0.09863013698630137,2026-11-06,1.19,1.1,1.28,1.13,20.0,0.3039620385742187,329.82501220703125,0.04,0.0031529637
AAPL,put,295.0,0.09863013698630137,2026-11-06,1.535,1.42,1.65,1.65,36.0,0.29321995849609367,329.82501220703125,0.04,0.0031529637
AAPL,put,300.0,0.09863013698630137,2026-11-06,2.005,1.86,2.15,2.04,21.0,0.2834544311523437,329.82501220703125,0.04,0.0031529637
AAPL,put,305.0,0.09863013698630137,2026-11-06,2.8049999999999997,2.61,3.0,2.9,27.0,0.2815013256835937,329.82501220703125,0.04,0.0031529637
AAPL,put,310.0,0.09863013698630137,2026-11-06,3.725,3.5,3.95,3.85,36.0,0.27503166381835936,329.82501220703125,0.04,0.0031529637
AAPL,put,315.0,0.09863013698630137,2026-11-06,4.824999999999999,4.55,5.1,5.01,29.0,0.2674023455810547,329.82501220703125,0.04,0.0031529637
AAPL,put,320.0,0.09863013698630137,2026-11-06,6.25,6.0,6.5,6.65,40.0,0.2592237164306641,329.82501220703125,0.04,0.0031529637
AAPL,put,325.0,0.09863013698630137,2026-11-06,7.9,7.65,8.15,8.25,24.0,0.24958025817871093,329.82501220703125,0.04,0.0031529637
AAPL,put,330.0,0.09863013698630137,2026-11-06,10.024999999999999,9.7,10.35,9.93,14.0,0.24469749450683598,329.82501220703125,0.04,0.0031529637
AAPL,put,335.0,0.09863013698630137,2026-11-06,12.4,12.05,12.75,12.38,127.0,0.2354202435302734,329.82501220703125,0.04,0.0031529637
AAPL,put,340.0,0.09863013698630137,2026-11-06,15.2,14.45,15.95,15.23,25.0,0.236061106262207,329.82501220703125,0.04,0.0031529637
AAPL,put,350.0,0.09863013698630137,2026-11-06,22.25,21.45,23.05,21.25,30.0,0.22754678710937498,329.82501220703125,0.04,0.0031529637
AAPL,put,365.0,0.09863013698630137,2026-11-06,34.95,33.6,36.3,25.4,10.0,0.23804472900390622,329.82501220703125,0.04,0.0031529637
AAPL,call,105.0,0.136986301369863,2026-11-20,157.5,155.9,159.1,158.6,12.0,1.0000000000000003e-05,329.82501220703125,0.04,0.0031529637
AAPL,call,110.0,0.136986301369863,2026-11-20,221.2,219.8,222.6,224.65,345.0,1.5927754736328121,329.82501220703125,0.04,0.0031529637
AAPL,call,140.0,0.136986301369863,2026-11-20,191.225,189.75,192.7,187.34,47.0,1.272464575195312,329.82501220703125,0.04,0.0031529637
AAPL,call,145.0,0.136986301369863,2026-11-20,186.5,184.9,188.1,171.02,15.0,1.2666052294921872,329.82501220703125,0.04,0.0031529637
AAPL,call,160.0,0.136986301369863,2026-11-20,171.325,170.05,172.6,174.29,75.0,1.107426337890625,329.82501220703125,0.04,0.0031529637
AAPL,call,205.0,0.136986301369863,2026-11-20,126.7,125.4,128.0,139.7,85.0,0.805666005859375,329.82501220703125,0.04,0.0031529637
AAPL,call,240.0,0.136986301369863,2026-11-20,92.2,90.9,93.5,98.0,10.0,0.611576149902344,329.82501220703125,0.04,0.0031529637
AAPL,call,245.0,0.136986301369863,2026-11-20,87.30000000000001,86.15,88.45,88.28,20.0,0.585941640625,329.82501220703125,0.04,0.0031529637
AAPL,call,255.0,0.136986301369863,2026-11-20,77.275,76.05,78.5,80.0,29.0,0.5220995056152342,329.82501220703125,0.04,0.0031529637
AAPL,call,280.0,0.136986301369863,2026-11-20,53.35,52.45,54.25,52.55,181.0,0.4491632232666015,329.82501220703125,0.04,0.0031529637
AAPL,call,285.0,0.136986301369863,2026-11-20,49.0,48.6,49.4,54.01,28.0,0.42102629760742194,329.82501220703125,0.04,0.0031529637
AAPL,call,290.0,0.136986301369863,2026-11-20,44.225,43.45,45.0,44.8,195.0,0.4066221447753906,329.82501220703125,0.04,0.0031529637
AAPL,call,300.0,0.136986301369863,2026-11-20,35.45,34.9,36.0,35.15,25.0,0.3653017572021484,329.82501220703125,0.04,0.0031529637
AAPL,call,305.0,0.136986301369863,2026-11-20,31.85,31.2,32.5,31.2,10.0,0.3670412417602539,329.82501220703125,0.04,0.0031529637
AAPL,call,310.0,0.136986301369863,2026-11-20,27.7,27.25,28.15,27.74,28.0,0.3436955279541015,329.82501220703125,0.04,0.0031529637
AAPL,call,315.0,0.136986301369863,2026-11-20,23.825000000000003,23.55,24.1,22.92,15.0,0.32459171508789053,329.82501220703125,0.04,0.0031529637
AAPL,call,320.0,0.136986301369863,2026-11-20,20.275,20.0,20.55,20.38,32.0,0.3128120477294921,329.82501220703125,0.04,0.0031529637
AAPL,call,325.0,0.136986301369863,2026-11-20,17.1,16.9,17.3,17.0,166.0,0.30274134765625,329.82501220703125,0.04,0.0031529637
AAPL,call,330.0,0.136986301369863,2026-11-20,14.225,14.1,14.35,14.25,982.0,0.29383030395507803,329.82501220703125,0.04,0.0031529637
AAPL,call,335.0,0.136986301369863,2026-11-20,11.55,11.45,11.65,11.35,274.0,0.28449201843261707,329.82501220703125,0.04,0.0031529637
AAPL,call,340.0,0.136986301369863,2026-11-20,9.25,9.2,9.3,9.3,239.0,0.27652701019287107,329.82501220703125,0.04,0.0031529637
AAPL,call,345.0,0.136986301369863,2026-11-20,7.4,7.25,7.55,7.37,377.0,0.2752758020019531,329.82501220703125,0.04,0.0031529637
AAPL,call,350.0,0.136986301369863,2026-11-20,5.800000000000001,5.7,5.9,5.9,1161.0,0.27033200378417965,329.82501220703125,0.04,0.0031529637
AAPL,call,355.0,0.136986301369863,2026-11-20,4.449999999999999,4.35,4.55,4.45,1488.0,0.26642579284667967,329.82501220703125,0.04,0.0031529637
AAPL,call,360.0,0.136986301369863,2026-11-20,3.375,3.3,3.45,3.4,319.0,0.26282475463867194,329.82501220703125,0.04,0.0031529637
AAPL,call,365.0,0.136986301369863,2026-11-20,2.51,2.47,2.55,2.56,179.0,0.25891854370117195,329.82501220703125,0.04,0.0031529637
AAPL,call,370.0,0.136986301369863,2026-11-20,1.88,1.83,1.93,1.88,390.0,0.2584913018798829,329.82501220703125,0.04,0.0031529637
AAPL,call,375.0,0.136986301369863,2026-11-20,1.375,1.31,1.44,1.44,227.0,0.25794199096679693,329.82501220703125,0.04,0.0031529637
AAPL,call,380.0,0.136986301369863,2026-11-20,1.03,0.99,1.07,1.01,104.0,0.257819921875,329.82501220703125,0.04,0.0031529637
AAPL,call,385.0,0.136986301369863,2026-11-20,0.77,0.74,0.8,0.91,15.0,0.25867440551757814,329.82501220703125,0.04,0.0031529637
AAPL,call,390.0,0.136986301369863,2026-11-20,0.575,0.54,0.61,0.58,21.0,0.2608716491699219,329.82501220703125,0.04,0.0031529637
AAPL,call,400.0,0.136986301369863,2026-11-20,0.33,0.32,0.34,0.32,113.0,0.26367923828125,329.82501220703125,0.04,0.0031529637
AAPL,call,405.0,0.136986301369863,2026-11-20,0.265,0.19,0.34,0.33,10.0,0.2775951147460937,329.82501220703125,0.04,0.0031529637
AAPL,call,410.0,0.136986301369863,2026-11-20,0.205,0.11,0.3,0.26,49.0,0.28565167480468745,329.82501220703125,0.04,0.0031529637
AAPL,call,440.0,0.136986301369863,2026-11-20,0.045,0.01,0.08,0.07,311.0,0.3051827294921875,329.82501220703125,0.04,0.0031529637
AAPL,call,510.0,0.136986301369863,2026-11-20,0.08,0.01,0.15,0.03,215.0,0.4687553125,329.82501220703125,0.04,0.0031529637
AAPL,put,160.0,0.136986301369863,2026-11-20,0.04,0.01,0.07,0.02,15.0,0.6835969140625001,329.82501220703125,0.04,0.0031529637
AAPL,put,205.0,0.136986301369863,2026-11-20,0.049999999999999996,0.01,0.09,0.05,48.0,0.5039112109375,329.82501220703125,0.04,0.0031529637
AAPL,put,225.0,0.136986301369863,2026-11-20,0.115,0.1,0.13,0.12,10.0,0.43164630859375,329.82501220703125,0.04,0.0031529637
AAPL,put,230.0,0.136986301369863,2026-11-20,0.16,0.1,0.22,0.13,30.0,0.43848217773437503,329.82501220703125,0.04,0.0031529637
AAPL,put,235.0,0.136986301369863,2026-11-20,0.18,0.16,0.2,0.16,25.0,0.4096738720703125,329.82501220703125,0.04,0.0031529637
AAPL,put,240.0,0.136986301369863,2026-11-20,0.20500000000000002,0.17,0.24,0.17,11.0,0.3969786865234375,329.82501220703125,0.04,0.0031529637
AAPL,put,245.0,0.136986301369863,2026-11-20,0.245,0.2,0.29,0.24,10.0,0.38477177734374995,329.82501220703125,0.04,0.0031529637
AAPL,put,270.0,0.136986301369863,2026-11-20,0.77,0.74,0.8,0.77,77.0,0.32910827148437494,329.82501220703125,0.04,0.0031529637
AAPL,put,275.0,0.136986301369863,2026-11-20,0.95,0.93,0.97,0.96,79.0,0.31726756958007807,329.82501220703125,0.04,0.0031529637
AAPL,put,280.0,0.136986301369863,2026-11-20,1.21,1.16,1.26,1.23,17.0,0.3104317004394531,329.82501220703125,0.04,0.0031529637
AAPL,put,285.0,0.136986301369863,2026-11-20,1.53,1.46,1.6,1.58,38.0,0.3021920367431641,329.82501220703125,0.04,0.0031529637
AAPL,put,290.0,0.136986301369863,2026-11-20,1.915,1.85,1.98,1.92,76.0,0.2921213366699218,329.82501220703125,0.04,0.0031529637
AAPL,put,295.0,0.136986301369863,2026-11-20,2.3899999999999997,2.32,2.46,2.45,217.0,0.28247787841796873,329.82501220703125,0.04,0.0031529637
AAPL,put,300.0,0.136986301369863,2026-11-20,3.075,3.0,3.15,3.1,157.0,0.27600821655273433,329.82501220703125,0.04,0.0031529637
AAPL,put,305.0,0.136986301369863,2026-11-20,3.875,3.8,3.95,3.95,77.0,0.268012691040039,329.82501220703125,0.04,0.0031529637
AAPL,put,310.0,0.136986301369863,2026-11-20,4.9,4.8,5.0,4.85,71.0,0.2618482019042969,329.82501220703125,0.04,0.0031529637
AAPL,put,315.0,0.136986301369863,2026-11-20,6.125,6.0,6.25,6.12,1158.0,0.2550733673095704,329.82501220703125,0.04,0.0031529637
AAPL,put,320.0,0.136986301369863,2026-11-20,7.625,7.5,7.75,7.65,936.0,0.2482374981689453,329.82501220703125,0.04,0.0031529637
AAPL,put,325.0,0.136986301369863,2026-11-20,9.425,9.3,9.55,9.45,622.0,0.2417068017578125,329.82501220703125,0.04,0.0031529637
AAPL,put,330.0,0.136986301369863,2026-11-20,11.5,11.35,11.65,11.57,81.0,0.23490144989013673,329.82501220703125,0.04,0.0031529637
AAPL,put,335.0,0.136986301369863,2026-11-20,13.975000000000001,13.8,14.15,14.15,62.0,0.2293167889404297,329.82501220703125,0.04,0.0031529637
AAPL,put,340.0,0.136986301369863,2026-11-20,16.674999999999997,16.45,16.9,17.2,71.0,0.22159591888427732,329.82501220703125,0.04,0.0031529637
AAPL,put,345.0,0.136986301369863,2026-11-20,19.8,19.55,20.05,21.0,13.0,0.21460746337890624,329.82501220703125,0.04,0.0031529637
AAPL,put,355.0,0.136986301369863,2026-11-20,26.925,26.6,27.25,25.0,29.0,0.19556468505859376,329.82501220703125,0.04,0.0031529637
AAPL,call,60.0,0.2136986301369863,2026-12-18,270.92499999999995,269.7,272.15,275.19,24.0,1.8833013647460937,329.82501220703125,0.04,0.0031529637
AAPL,call,80.0,0.2136986301369863,2026-12-18,251.325,249.75,252.9,260.42,15.0,1.6547868823242187,329.82501220703125,0.04,0.0031529637
AAPL,call,135.0,0.2136986301369863,2026-12-18,196.825,195.4,198.25,204.84,34.0,1.1345258117675785,329.82501220703125,0.04,0.0031529637
AAPL,call,140.0,0.2136986301369863,2026-12-18,191.7,190.45,192.95,199.51,74.0,1.0793503063964844,329.82501220703125,0.04,0.0031529637
AAPL,call,145.0,0.2136986301369863,2026-12-18,186.85,185.5,188.2,195.0,22.0,1.0554246447753908,329.82501220703125,0.04,0.0031529637
AAPL,call,150.0,0.2136986301369863,2026-12-18,181.85000000000002,180.55,183.15,189.56,11.0,1.0166064794921876,329.82501220703125,0.04,0.0031529637
AAPL,call,195.0,0.2136986301369863,2026-12-18,137.5,136.0,139.0,148.0,15.0,0.7609887182617189,329.82501220703125,0.04,0.0031529637
AAPL,call,220.0,0.2136986301369863,2026-12-18,112.80000000000001,111.45,114.15,112.0,10.0,0.6301306518554688,329.82501220703125,0.04,0.0031529637
AAPL,call,230.0,0.2136986301369863,2026-12-18,102.92500000000001,101.65,104.2,107.8,22.0,0.5802654278564454,329.82501220703125,0.04,0.0031529637
AAPL,call,250.0,0.2136986301369863,2026-12-18,83.7,82.75,84.65,82.37,190.0,0.5036670727539063,329.82501220703125,0.04,0.0031529637
AAPL,call,255.0,0.2136986301369863,2026-12-18,78.675,77.35,80.0,77.6,190.0,0.5214891601562499,329.82501220703125,0.04,0.0031529637
AAPL,call,260.0,0.2136986301369863,2026-12-18,73.85,72.6,75.1,73.26,52.0,0.4962818927001954,329.82501220703125,0.04,0.0031529637
AAPL,call,265.0,0.2136986301369863,2026-12-18,69.225,67.85,70.6,68.57,53.0,0.482976361694336,329.82501220703125,0.04,0.0031529637
AAPL,call,295.0,0.2136986301369863,2026-12-18,42.525000000000006,41.45,43.6,42.22,10.0,0.37937022003173826,329.82501220703125,0.04,0.0031529637
AAPL,call,300.0,0.2136986301369863,2026-12-18,38.225,37.35,39.1,38.35,62.0,0.35834381896972656,329.82501220703125,0.04,0.0031529637
AAPL,call,305.0,0.2136986301369863,2026-12-18,34.275,33.55,35.0,33.55,11.0,0.3438175970458984,329.82501220703125,0.04,0.0031529637
AAPL,call,315.0,0.2136986301369863,2026-12-18,26.775,26.2,27.35,26.86,15.0,0.3184882604980468,329.82501220703125,0.04,0.0031529637
AAPL,call,320.0,0.2136986301369863,2026-12-18,23.7,23.45,23.95,23.7,86.0,0.3093635958862304,329.82501220703125,0.04,0.0031529637
AAPL,call,330.0,0.2136986301369863,2026-12-18,17.75,17.6,17.9,17.69,161.0,0.2941354766845703,329.82501220703125,0.04,0.0031529637
AAPL,call,335.0,0.2136986301369863,2026-12-18,15.075,14.95,15.2,15.11,158.0,0.28671977935791015,329.82501220703125,0.04,0.0031529637
AAPL,call,340.0,0.2136986301369863,2026-12-18,12.7,12.55,12.85,12.67,135.0,0.28137925659179686,329.82501220703125,0.04,0.0031529637
AAPL,call,345.0,0.2136986301369863,2026-12-18,10.625,10.5,10.75,10.65,67.0,0.2764354583740234,329.82501220703125,0.04,0.0031529637
AAPL,call,350.0,0.2136986301369863,2026-12-18,8.725,8.6,8.85,8.77,235.0,0.27103390106201175,329.82501220703125,0.04,0.0031529637
AAPL,call,360.0,0.2136986301369863,2026-12-18,5.800000000000001,5.65,5.95,5.83,48.0,0.26489992919921873,329.82501220703125,0.04,0.0031529637
AAPL,call,365.0,0.2136986301369863,2026-12-18,4.699999999999999,4.6,4.8,4.6,17.0,0.26203130554199217,329.82501220703125,0.04,0.0031529637
AAPL,call,370.0,0.2136986301369863,2026-12-18,3.7,3.6,3.8,3.75,36.0,0.2585523364257813,329.82501220703125,0.04,0.0031529637
AAPL,call,375.0,0.2136986301369863,2026-12-18,2.94,2.83,3.05,2.89,61.0,0.2574537145996094,329.82501220703125,0.04,0.0031529637
AAPL,call,380.0,0.2136986301369863,2026-12-18,2.33,2.22,2.44,2.15,18.0,0.25678233459472655,329.82501220703125,0.04,0.0031529637
AAPL,call,385.0,0.2136986301369863,2026-12-18,1.7999999999999998,1.71,1.89,1.78,54.0,0.254463021850586,329.82501220703125,0.04,0.0031529637
AAPL,call,390.0,0.2136986301369863,2026-12-18,1.425,1.37,1.48,1.4,31.0,0.2536085382080079,329.82501220703125,0.04,0.0031529637
AAPL,call,395.0,0.2136986301369863,2026-12-18,1.0899999999999999,1.01,1.17,1.09,12.0,0.25379164184570313,329.82501220703125,0.04,0.0031529637
AAPL,call,400.0,0.2136986301369863,2026-12-18,0.885,0.86,0.91,0.89,292.0,0.2533033654785156,329.82501220703125,0.04,0.0031529637
AAPL,call,410.0,0.2136986301369863,2026-12-18,0.5249999999999999,0.48,0.57,0.73,30.0,0.25501233276367197,329.82501220703125,0.04,0.0031529637
AAPL,call,415.0,0.2136986301369863,2026-12-18,0.46,0.39,0.53,0.58,33.0,0.26306889282226564,329.82501220703125,0.04,0.0031529637
AAPL,call,420.0,0.2136986301369863,2026-12-18,0.32999999999999996,0.3,0.36,0.32,27.0,0.25757578369140627,329.82501220703125,0.04,0.0031529637
AAPL,call,470.0,0.2136986301369863,2026-12-18,0.07,0.01,0.13,0.07,15.0,0.3100654931640625,329.82501220703125,0.04,0.0031529637
AAPL,call,540.0,0.2136986301369863,2026-12-18,0.04,0.01,0.07,0.01,234.0,0.38672488281249995,329.82501220703125,0.04,0.0031529637
AAPL,put,135.0,0.2136986301369863,2026-12-18,0.045,0.01,0.08,0.03,14.0,0.6777375976562501,329.82501220703125,0.04,0.0031529637
AAPL,put,150.0,0.2136986301369863,2026-12-18,0.045,0.01,0.08,0.04,10.0,0.6015664843750002,329.82501220703125,0.04,0.0031529637
AAPL,put,170.0,0.2136986301369863,2026-12-18,0.049999999999999996,0.01,0.09,0.05,26.0,0.51758294921875,329.82501220703125,0.04,0.0031529637
AAPL,put,190.0,0.2136986301369863,2026-12-18,0.1,0.05,0.15,0.1,41.0,0.49170430175781255,329.82501220703125,0.04,0.0031529637
AAPL,put,195.0,0.2136986301369863,2026-12-18,0.095,0.01,0.18,0.09,48.0,0.481450498046875,329.82501220703125,0.04,0.0031529637
AAPL,put,200.0,0.2136986301369863,2026-12-18,0.12,0.05,0.19,0.12,58.0,0.4633842724609375,329.82501220703125,0.04,0.0031529637
AAPL,put,205.0,0.2136986301369863,2026-12-18,0.165,0.1,0.23,0.17,80.0,0.45361874511718747,329.82501220703125,0.04,0.0031529637
AAPL,put,210.0,0.2136986301369863,2026-12-18,0.165,0.06,0.27,0.16,38.0,0.44287666503906253,329.82501220703125,0.04,0.0031529637
AAPL,put,215.0,0.2136986301369863,2026-12-18,0.21999999999999997,0.15,0.29,0.24,36.0,0.42627526855468756,329.82501220703125,0.04,0.0031529637
AAPL,put,220.0,0.2136986301369863,2026-12-18,0.23,0.18,0.28,0.21,106.0,0.40381455566406255,329.82501220703125,0.04,0.0031529637
AAPL,put,230.0,0.2136986301369863,2026-12-18,0.35,0.27,0.43,0.3,68.0,0.38867798828125,329.82501220703125,0.04,0.0031529637
AAPL,put,235.0,0.2136986301369863,2026-12-18,0.435,0.38,0.49,0.35,49.0,0.3764710791015625,329.82501220703125,0.04,0.0031529637
AAPL,put,250.0,0.2136986301369863,2026-12-18,0.6950000000000001,0.64,0.75,0.71,21.0,0.34168138793945313,329.82501220703125,0.04,0.0031529637
AAPL,put,255.0,0.2136986301369863,2026-12-18,0.8200000000000001,0.79,0.85,0.69,35.0,0.32910827148437494,329.82501220703125,0.04,0.0031529637
AAPL,put,260.0,0.2136986301369863,2026-12-18,0.99,0.95,1.03,0.89,93.0,0.32080757324218745,329.82501220703125,0.04,0.0031529637
AAPL,put,265.0,0.2136986301369863,2026-12-18,1.2149999999999999,1.16,1.27,1.24,10.0,0.3139717041015625,329.82501220703125,0.04,0.0031529637
AAPL,put,275.0,0.2136986301369863,2026-12-18,1.79,1.73,1.85,1.75,1001.0,0.2978585839843749,329.82501220703125,0.04,0.0031529637
AAPL,put,280.0,0.2136986301369863,2026-12-18,2.21,2.11,2.31,2.2,1009.0,0.29279271667480455,329.82501220703125,0.04,0.0031529637
AAPL,put,285.0,0.2136986301369863,2026-12-18,2.63,2.52,2.74,2.66,22.0,0.28375960388183585,329.82501220703125,0.04,0.0031529637
AAPL,put,290.0,0.2136986301369863,2026-12-18,3.25,3.15,3.35,3.3,11.0,0.2776561492919921,329.82501220703125,0.04,0.0031529637
AAPL,put,295.0,0.2136986301369863,2026-12-18,3.9,3.8,4.0,4.15,11.0,0.2695385546875,329.82501220703125,0.04,0.0031529637
AAPL,put,300.0,0.2136986301369863,2026-12-18,4.75,4.65,4.85,4.8,296.0,0.26334354827880857,329.82501220703125,0.04,0.0031529637
AAPL,put,305.0,0.2136986301369863,2026-12-18,5.75,5.65,5.85,5.98,51.0,0.2570569900512696,329.82501220703125,0.04,0.0031529637
AAPL,put,310.0,0.2136986301369863,2026-12-18,6.975,6.85,7.1,6.92,487.0,0.25226577819824214,329.82501220703125,0.04,0.0031529637
AAPL,put,315.0,0.2136986301369863,2026-12-18,8.375,8.3,8.45,8.3,18.0,0.24552146087646481,329.82501220703125,0.04,0.0031529637
AAPL,put,320.0,0.2136986301369863,2026-12-18,9.875,9.8,9.95,9.9,48.0,0.2376480044555664,329.82501220703125,0.04,0.0031529637
AAPL,put,325.0,0.2136986301369863,2026-12-18,11.825,11.65,12.0,11.8,29.0,0.2350540362548828,329.82501220703125,0.04,0.0031529637
AAPL,put,330.0,0.2136986301369863,2026-12-18,13.975,13.75,14.2,14.25,83.0,0.23044592803955077,329.82501220703125,0.04,0.0031529637
AAPL,put,335.0,0.2136986301369863,2026-12-18,16.4,16.2,16.6,16.3,21.0,0.22458661163330074,329.82501220703125,0.04,0.0031529637
AAPL,put,340.0,0.2136986301369863,2026-12-18,19.174999999999997,18.95,19.4,19.27,29.0,0.2205888488769531,329.82501220703125,0.04,0.0031529637
AAPL,put,345.0,0.2136986301369863,2026-12-18,22.025,21.65,22.4,22.3,12.0,0.21509573974609375,329.82501220703125,0.04,0.0031529637
AAPL,put,355.0,0.2136986301369863,2026-12-18,29.1,28.25,29.95,24.57,85.0,0.21833057067871092,329.82501220703125,0.04,0.0031529637
AAPL,put,365.0,0.2136986301369863,2026-12-18,37.05,35.95,38.15,32.1,40.0,0.21869677795410153,329.82501220703125,0.04,0.0031529637
AAPL,call,40.0,0.29041095890410956,2027-01-15,261.1,259.2,263.0,218.8,10.0,1.0000000000000003e-05,329.82501220703125,0.04,0.0031529637
AAPL,call,125.0,0.29041095890410956,2027-01-15,207.35000000000002,205.55,209.15,195.65,10.0,1.1005904345703126,329.82501220703125,0.04,0.0031529637
AAPL,call,165.0,0.29041095890410956,2027-01-15,167.85,166.5,169.2,166.0,20.0,0.8494888098144531,329.82501220703125,0.04,0.0031529637
AAPL,call,170.0,0.29041095890410956,2027-01-15,162.95,161.55,164.35,162.0,42.0,0.8240984387207031,329.82501220703125,0.04,0.0031529637
AAPL,call,175.0,0.29041095890410956,2027-01-15,157.95,156.55,159.35,169.72,10.0,0.7933370275878906,329.82501220703125,0.04,0.0031529637
AAPL,call,205.0,0.29041095890410956,2027-01-15,128.525,127.15,129.9,137.9,10.0,0.6511265356445313,329.82501220703125,0.04,0.0031529637
AAPL,call,210.0,0.29041095890410956,2027-01-15,123.775,122.35,125.2,125.73,21.0,0.6351354846191408,329.82501220703125,0.04,0.0031529637
AAPL,call,230.0,0.29041095890410956,2027-01-15,104.375,103.3,105.45,108.38,51.0,0.5534712622070312,329.82501220703125,0.04,0.0031529637
AAPL,call,250.0,0.29041095890410956,2027-01-15,85.1,84.3,85.9,87.5,40.0,0.49823499816894534,329.82501220703125,0.04,0.0031529637
AAPL,call,270.0,0.29041095890410956,2027-01-15,66.44999999999999,65.3,67.6,65.7,100.0,0.4370173486328125,329.82501220703125,0.04,0.0031529637
AAPL,call,280.0,0.29041095890410956,2027-01-15,57.625,56.85,58.4,58.16,16.0,0.40155627746582034,329.82501220703125,0.04,0.0031529637
AAPL,call,300.0,0.29041095890410956,2027-01-15,41.224999999999994,40.8,41.65,40.8,50.0,0.351294328918457,329.82501220703125,0.04,0.0031529637
AAPL,call,310.0,0.29041095890410956,2027-01-15,33.474999999999994,33.05,33.9,33.22,25.0,0.32804016693115234,329.82501220703125,0.04,0.0031529637
AAPL,call,315.0,0.29041095890410956,2027-01-15,29.9,29.45,30.35,30.0,104.0,0.3187018814086914,329.82501220703125,0.04,0.0031529637
AAPL,call,320.0,0.29041095890410956,2027-01-15,26.674999999999997,26.45,26.9,26.7,270.0,0.30878376770019533,329.82501220703125,0.04,0.0031529637
AAPL,call,325.0,0.29041095890410956,2027-01-15,23.450000000000003,23.05,23.85,22.9,477.0,0.3023751403808594,329.82501220703125,0.04,0.0031529637
AAPL,call,330.0,0.29041095890410956,2027-01-15,20.7,20.5,20.9,20.44,174.0,0.2949594430541992,329.82501220703125,0.04,0.0031529637
AAPL,call,335.0,0.29041095890410956,2027-01-15,18.0,17.85,18.15,18.0,179.0,0.28778788391113275,329.82501220703125,0.04,0.0031529637
AAPL,call,340.0,0.29041095890410956,2027-01-15,15.65,15.5,15.8,15.65,51.0,0.2836070175170897,329.82501220703125,0.04,0.0031529637
AAPL,call,345.0,0.29041095890410956,2027-01-15,13.399999999999999,13.2,13.6,13.3,14.0,0.2788158056640625,329.82501220703125,0.04,0.0031529637
AAPL,call,350.0,0.29041095890410956,2027-01-15,11.55,11.45,11.65,11.56,462.0,0.2748790774536133,329.82501220703125,0.04,0.0031529637
AAPL,call,355.0,0.29041095890410956,2027-01-15,9.7,9.55,9.85,9.35,29.0,0.2703625210571289,329.82501220703125,0.04,0.0031529637
AAPL,call,360.0,0.29041095890410956,2027-01-15,8.125,7.95,8.3,8.05,340.0,0.2668530346679688,329.82501220703125,0.04,0.0031529637
AAPL,call,365.0,0.29041095890410956,2027-01-15,6.875,6.8,6.95,6.8,93.0,0.2637402728271484,329.82501220703125,0.04,0.0031529637
AAPL,call,370.0,0.29041095890410956,2027-01-15,5.65,5.5,5.8,5.5,15.0,0.26129889099121095,329.82501220703125,0.04,0.0031529637
AAPL,call,375.0,0.29041095890410956,2027-01-15,4.675,4.55,4.8,4.8,44.0,0.25891854370117195,329.82501220703125,0.04,0.0031529637
AAPL,call,380.0,0.29041095890410956,2027-01-15,3.9,3.8,4.0,3.89,255.0,0.2578809564208985,329.82501220703125,0.04,0.0031529637
AAPL,call,385.0,0.29041095890410956,2027-01-15,3.175,3.05,3.3,3.4,38.0,0.25659923095703124,329.82501220703125,0.04,0.0031529637
AAPL,call,395.0,0.29041095890410956,2027-01-15,2.125,2.01,2.24,2.61,170.0,0.2551954364013672,329.82501220703125,0.04,0.0031529637
AAPL,call,400.0,0.29041095890410956,2027-01-15,1.705,1.65,1.76,1.7,64.0,0.2520826745605469,329.82501220703125,0.04,0.0031529637
AAPL,call,410.0,0.29041095890410956,2027-01-15,1.12,1.08,1.16,1.12,18.0,0.2512281909179687,329.82501220703125,0.04,0.0031529637
AAPL,call,420.0,0.29041095890410956,2027-01-15,0.74,0.68,0.8,0.74,11.0,0.2534254345703125,329.82501220703125,0.04,0.0031529637
AAPL,call,440.0,0.29041095890410956,2027-01-15,0.32,0.22,0.42,0.37,11.0,0.26197027099609377,329.82501220703125,0.04,0.0031529637
AAPL,call,500.0,0.29041095890410956,2027-01-15,0.045000000000000005,0.02,0.07,0.05,113.0,0.28613995117187496,329.82501220703125,0.04,0.0031529637
AAPL,call,530.0,0.29041095890410956,2027-01-15,0.065,0.03,0.1,0.03,201.0,0.33301448242187504,329.82501220703125,0.04,0.0031529637
AAPL,call,550.0,0.29041095890410956,2027-01-15,0.035,0.02,0.05,0.03,504.0,0.3320379296875,329.82501220703125,0.04,0.0031529637
AAPL,call,560.0,0.29041095890410956,2027-01-15,0.07,0.01,0.13,0.02,15.0,0.37695935546875,329.82501220703125,0.04,0.0031529637
AAPL,call,570.0,0.29041095890410956,2027-01-15,0.030000000000000002,0.01,0.05,0.03,10.0,0.352545537109375,329.82501220703125,0.04,0.0031529637
AAPL,call,600.0,0.29041095890410956,2027-01-15,0.02,0.01,0.03,0.03,201.0,0.36524072265625,329.82501220703125,0.04,0.0031529637
AAPL,put,100.0,0.29041095890410956,2027-01-15,0.02,0.01,0.03,0.02,20.0,0.7187528125,329.82501220703125,0.04,0.0031529637
AAPL,put,170.0,0.29041095890410956,2027-01-15,0.085,0.04,0.13,0.07,10.0,0.49219257812500006,329.82501220703125,0.04,0.0031529637
AAPL,put,190.0,0.29041095890410956,2027-01-15,0.155,0.1,0.21,0.12,19.0,0.44043528320312497,329.82501220703125,0.04,0.0031529637
AAPL,put,200.0,0.29041095890410956,2027-01-15,0.165,0.08,0.25,0.15,10.0,0.41260353027343744,329.82501220703125,0.04,0.0031529637
AAPL,put,210.0,0.29041095890410956,2027-01-15,0.23,0.14,0.32,0.27,10.0,0.389654541015625,329.82501220703125,0.04,0.0031529637
AAPL,put,220.0,0.29041095890410956,2027-01-15,0.365,0.33,0.4,0.35,87.0,0.3657289990234375,329.82501220703125,0.04,0.0031529637
AAPL,put,235.0,0.29041095890410956,2027-01-15,0.595,0.57,0.62,0.6,11.0,0.3365544860839844,329.82501220703125,0.04,0.0031529637
AAPL,put,240.0,0.29041095890410956,2027-01-15,0.75,0.67,0.83,0.73,10.0,0.335944140625,329.82501220703125,0.04,0.0031529637
AAPL,put,245.0,0.29041095890410956,2027-01-15,0.865,0.82,0.91,0.81,10.0,0.3232489550781249,329.82501220703125,0.04,0.0031529637
AAPL,put,250.0,0.29041095890410956,2027-01-15,1.0150000000000001,0.99,1.04,1.08,27.0,0.3131172204589844,329.82501220703125,0.04,0.0031529637
AAPL,put,255.0,0.29041095890410956,2027-01-15,1.26,1.16,1.36,1.16,10.0,0.31201859863281245,329.82501220703125,0.04,0.0031529637
AAPL,put,260.0,0.29041095890410956,2027-01-15,1.505,1.44,1.57,1.49,12.0,0.30286341674804684,329.82501220703125,0.04,0.0031529637
AAPL,put,270.0,0.29041095890410956,2027-01-15,2.17,2.09,2.25,2.08,21.0,0.2901071966552734,329.82501220703125,0.04,0.0031529637
AAPL,put,275.0,0.29041095890410956,2027-01-15,2.615,2.5,2.73,2.53,27.0,0.2852244329833984,329.82501220703125,0.04,0.0031529637
AAPL,put,280.0,0.29041095890410956,2027-01-15,3.045,2.99,3.1,3.13,18.0,0.27497062927246096,329.82501220703125,0.04,0.0031529637
AAPL,put,285.0,0.29041095890410956,2027-01-15,3.725,3.6,3.85,3.9,44.0,0.27283442016601556,329.82501220703125,0.04,0.0031529637
AAPL,put,290.0,0.29041095890410956,2027-01-15,4.35,4.25,4.45,4.57,18.0,0.26438113555908205,329.82501220703125,0.04,0.0031529637
AAPL,put,295.0,0.29041095890410956,2027-01-15,5.15,5.05,5.25,5.5,13.0,0.2581250946044922,329.82501220703125,0.04,0.0031529637
AAPL,put,300.0,0.29041095890410956,2027-01-15,6.15,6.0,6.3,6.2,39.0,0.25418836639404296,329.82501220703125,0.04,0.0031529637
AAPL,put,310.0,0.29041095890410956,2027-01-15,8.6,8.5,8.7,8.8,526.0,0.2430495617675781,329.82501220703125,0.04,0.0031529637
AAPL,put,315.0,0.29041095890410956,2027-01-15,10.025,9.9,10.15,10.65,15.0,0.23728179718017578,329.82501220703125,0.04,0.0031529637
AAPL,put,320.0,0.29041095890410956,2027-01-15,11.7,11.55,11.85,11.85,63.0,0.2322464471435547,329.82501220703125,0.04,0.0031529637
AAPL,put,325.0,0.29041095890410956,2027-01-15,13.7,13.45,13.95,14.01,94.0,0.2298203239440918,329.82501220703125,0.04,0.0031529637
AAPL,put,330.0,0.29041095890410956,2027-01-15,15.725000000000001,15.55,15.9,16.36,30.0,0.2219316088867187,329.82501220703125,0.04,0.0031529637
AAPL,put,335.0,0.29041095890410956,2027-01-15,18.15,18.0,18.3,18.15,175.0,0.21695729339599606,329.82501220703125,0.04,0.0031529637
AAPL,put,340.0,0.29041095890410956,2027-01-15,20.8,20.5,21.1,20.9,62.0,0.2140581524658203,329.82501220703125,0.04,0.0031529637
AAPL,put,345.0,0.29041095890410956,2027-01-15,23.6,23.35,23.85,24.4,66.0,0.20667297241210933,329.82501220703125,0.04,0.0031529637
AAPL,put,350.0,0.29041095890410956,2027-01-15,26.725,26.45,27.0,26.83,12.0,0.2012103805541992,329.82501220703125,0.04,0.0031529637
AAPL,put,360.0,0.29041095890410956,2027-01-15,34.075,33.35,34.8,34.2,64.0,0.20368227966308594,329.82501220703125,0.04,0.0031529637
AAPL,put,420.0,0.29041095890410956,2027-01-15,99.875,98.35,101.4,81.55,10.0,0.5188036401367188,329.82501220703125,0.04,0.0031529637
AAPL,put,440.0,0.29041095890410956,2027-01-15,109.375,108.0,110.75,103.35,20.0,0.274421318359375,329.82501220703125,0.04,0.0031529637
AAPL,put,530.0,0.29041095890410956,2027-01-15,267.35,265.5,269.2,260.32,10.0,1.6545732603454588,329.82501220703125,0.04,0.0031529637
AAPL,call,125.0,0.3863013698630137,2027-02-19,207.64999999999998,206.2,209.1,204.36,14.0,0.9780275634765626,329.82501220703125,0.04,0.0031529637
AAPL,call,130.0,0.3863013698630137,2027-02-19,202.625,201.1,204.15,199.32,27.0,0.940552352294922,329.82501220703125,0.04,0.0031529637
AAPL,call,145.0,0.3863013698630137,2027-02-19,187.925,186.4,189.45,173.08,15.0,0.8604750280761719,329.82501220703125,0.04,0.0031529637
AAPL,call,160.0,0.3863013698630137,2027-02-19,173.275,171.8,174.75,179.52,20.0,0.7888815057373046,329.82501220703125,0.04,0.0031529637
AAPL,call,170.0,0.3863013698630137,2027-02-19,163.55,162.1,165.0,165.31,11.0,0.7454249090576173,329.82501220703125,0.04,0.0031529637
AAPL,call,175.0,0.3863013698630137,2027-02-19,158.60000000000002,157.15,160.05,170.35,10.0,0.7200955725097657,329.82501220703125,0.04,0.0031529637
AAPL,call,220.0,0.3863013698630137,2027-02-19,115.025,113.85,116.2,124.08,30.0,0.5460860821533204,329.82501220703125,0.04,0.0031529637
AAPL,call,270.0,0.3863013698630137,2027-02-19,68.675,67.5,69.85,68.1,27.0,0.4214230221557618,329.82501220703125,0.04,0.0031529637
AAPL,call,290.0,0.3863013698630137,2027-02-19,51.775000000000006,50.45,53.1,58.7,15.0,0.3767152172851562,329.82501220703125,0.04,0.0031529637
AAPL,call,300.0,0.3863013698630137,2027-02-19,44.45,43.7,45.2,43.0,17.0,0.35562778167724607,329.82501220703125,0.04,0.0031529637
AAPL,call,310.0,0.3863013698630137,2027-02-19,37.425,36.85,38.0,36.55,16.0,0.33920948883056634,329.82501220703125,0.04,0.0031529637
AAPL,call,330.0,0.3863013698630137,2027-02-19,25.025,24.85,25.2,24.6,24.0,0.3086006640625,329.82501220703125,0.04,0.0031529637
AAPL,call,340.0,0.3863013698630137,2027-02-19,19.825000000000003,19.6,20.05,19.4,19.0,0.2981942739868163,329.82501220703125,0.04,0.0031529637
AAPL,call,350.0,0.3863013698630137,2027-02-19,15.475,15.25,15.7,15.01,10.0,0.28992409301757804,329.82501220703125,0.04,0.0031529637
AAPL,call,360.0,0.3863013698630137,2027-02-19,11.850000000000001,11.65,12.05,11.9,79.0,0.2826304647827148,329.82501220703125,0.04,0.0031529637
AAPL,call,390.0,0.3863013698630137,2027-02-19,4.875,4.7,5.05,4.73,10.0,0.26972165832519535,329.82501220703125,0.04,0.0031529637
AAPL,call,400.0,0.3863013698630137,2027-02-19,3.575,3.5,3.65,3.5,31.0,0.26627320648193364,329.82501220703125,0.04,0.0031529637
AAPL,call,410.0,0.3863013698630137,2027-02-19,2.54,2.41,2.67,2.56,18.0,0.2651440673828125,329.82501220703125,0.04,0.0031529637
AAPL,call,430.0,0.3863013698630137,2027-02-19,1.33,1.25,1.41,1.25,10.0,0.2643506182861328,329.82501220703125,0.04,0.0031529637
AAPL,call,440.0,0.3863013698630137,2027-02-19,0.9550000000000001,0.86,1.05,1.27,60.0,0.26587648193359376,329.82501220703125,0.04,0.0031529637
AAPL,call,450.0,0.3863013698630137,2027-02-19,0.6950000000000001,0.62,0.77,0.81,67.0,0.2668530346679688,329.82501220703125,0.04,0.0031529637
AAPL,call,460.0,0.3863013698630137,2027-02-19,0.48,0.44,0.52,0.45,65.0,0.2644116528320312,329.82501220703125,0.04,0.0031529637
AAPL,call,580.0,0.3863013698630137,2027-02-19,0.14,0.01,0.27,0.03,31.0,0.37573866455078125,329.82501220703125,0.04,0.0031529637
AAPL,call,600.0,0.3863013698630137,2027-02-19,0.045,0.01,0.08,0.03,395.0,0.3461979443359374,329.82501220703125,0.04,0.0031529637
AAPL,put,220.0,0.3863013698630137,2027-02-19,0.685,0.66,0.71,0.65,63.0,0.3485172570800781,329.82501220703125,0.04,0.0031529637
AAPL,put,230.0,0.3863013698630137,2027-02-19,0.9550000000000001,0.92,0.99,0.95,33.0,0.33521172607421873,329.82501220703125,0.04,0.0031529637
AAPL,put,250.0,0.3863013698630137,2027-02-19,1.85,1.79,1.91,1.85,12.0,0.3109199768066406,329.82501220703125,0.04,0.0031529637
AAPL,put,260.0,0.3863013698630137,2027-02-19,2.555,2.47,2.64,2.58,11.0,0.2998727239990234,329.82501220703125,0.04,0.0031529637
AAPL,put,300.0,0.3863013698630137,2027-02-19,8.475000000000001,8.4,8.55,8.6,73.0,0.2560194027709961,329.82501220703125,0.04,0.0031529637
AAPL,put,310.0,0.3863013698630137,2027-02-19,11.225,11.1,11.35,9.53,21.0,0.24768818725585937,329.82501220703125,0.04,0.0031529637
AAPL,put,330.0,0.3863013698630137,2027-02-19,18.8,18.5,19.1,19.62,31.0,0.23172765350341795,329.82501220703125,0.04,0.0031529637
AAPL,put,340.0,0.3863013698630137,2027-02-19,23.7,23.4,24.0,21.5,12.0,0.22171798797607417,329.82501220703125,0.04,0.0031529637
AAPL,put,350.0,0.3863013698630137,2027-02-19,29.549999999999997,28.9,30.2,29.5,11.0,0.21741505249023438,329.82501220703125,0.04,0.0031529637
AAPL,put,370.0,0.3863013698630137,2027-02-19,43.875,42.8,44.95,43.09,78.0,0.20975521697998045,329.82501220703125,0.04,0.0031529637
AAPL,put,380.0,0.3863013698630137,2027-02-19,51.65,50.5,52.8,45.65,31.0,0.1955036505126953,329.82501220703125,0.04,0.0031529637
AAPL,put,390.0,0.3863013698630137,2027-02-19,60.725,59.6,61.85,53.14,57.0,0.1947102014160156,329.82501220703125,0.04,0.0031529637
AAPL,put,400.0,0.3863013698630137,2027-02-19,69.75,68.45,71.05,60.15,37.0,0.1870198486328125,329.82501220703125,0.04,0.0031529637
AAPL,call,85.0,0.46301369863013697,2027-03-19,246.925,245.3,248.55,233.32,30.0,1.1501507336425782,329.82501220703125,0.04,0.0031529637
AAPL,call,135.0,0.46301369863013697,2027-03-19,198.225,196.75,199.7,204.7,34.0,0.8642591699218749,329.82501220703125,0.04,0.0031529637
AAPL,call,140.0,0.46301369863013697,2027-03-19,193.375,191.8,194.95,201.08,74.0,0.8411881115722657,329.82501220703125,0.04,0.0031529637
AAPL,call,145.0,0.46301369863013697,2027-03-19,188.525,187.05,190.0,196.75,21.0,0.8186053295898437,329.82501220703125,0.04,0.0031529637
AAPL,call,150.0,0.46301369863013697,2027-03-19,183.625,182.2,185.05,189.9,11.0,0.7940694421386718,329.82501220703125,0.04,0.0031529637
AAPL,call,180.0,0.46301369863013697,2027-03-19,154.45,153.1,155.8,156.35,12.0,0.6667513793945314,329.82501220703125,0.04,0.0031529637
AAPL,call,195.0,0.46301369863013697,2027-03-19,140.47500000000002,139.3,141.65,148.04,12.0,0.6273230627441408,329.82501220703125,0.04,0.0031529637
AAPL,call,210.0,0.46301369863013697,2027-03-19,125.55,124.25,126.85,128.05,20.0,0.5585066122436525,329.82501220703125,0.04,0.0031529637
AAPL,call,300.0,0.46301369863013697,2027-03-19,46.525,45.5,47.55,46.08,25.0,0.35503269485473626,329.82501220703125,0.04,0.0031529637
AAPL,call,320.0,0.46301369863013697,2027-03-19,33.25,32.45,34.05,33.3,38.0,0.327155166015625,329.82501220703125,0.04,0.0031529637
AAPL,call,330.0,0.46301369863013697,2027-03-19,27.674999999999997,27.4,27.95,27.28,105.0,0.3128120477294921,329.82501220703125,0.04,0.0031529637
AAPL,call,340.0,0.46301369863013697,2027-03-19,22.625,22.35,22.9,21.82,11.0,0.30431298721313477,329.82501220703125,0.04,0.0031529637
AAPL,call,350.0,0.46301369863013697,2027-03-19,18.174999999999997,17.95,18.4,18.18,27.0,0.29575289215087885,329.82501220703125,0.04,0.0031529637
AAPL,call,360.0,0.46301369863013697,2027-03-19,14.325,14.05,14.6,14.1,20.0,0.2887796952819824,329.82501220703125,0.04,0.0031529637
AAPL,call,370.0,0.46301369863013697,2027-03-19,11.2,11.1,11.3,11.3,27.0,0.28125718749999995,329.82501220703125,0.04,0.0031529637
AAPL,call,380.0,0.46301369863013697,2027-03-19,8.8,8.7,8.9,8.75,173.0,0.2788463229370117,329.82501220703125,0.04,0.0031529637
AAPL,call,400.0,0.46301369863013697,2027-03-19,5.025,4.9,5.15,5.1,43.0,0.271217004699707,329.82501220703125,0.04,0.0031529637
AAPL,call,410.0,0.46301369863013697,2027-03-19,3.8,3.65,3.95,4.24,45.0,0.27020993469238286,329.82501220703125,0.04,0.0031529637
AAPL,call,440.0,0.46301369863013697,2027-03-19,1.58,1.51,1.65,1.9,34.0,0.26605958557128906,329.82501220703125,0.04,0.0031529637
AAPL,call,460.0,0.46301369863013697,2027-03-19,0.905,0.8,1.01,1.16,20.0,0.2701489001464844,329.82501220703125,0.04,0.0031529637
AAPL,call,470.0,0.46301369863013697,2027-03-19,0.69,0.59,0.79,0.65,100.0,0.27210200561523434,329.82501220703125,0.04,0.0031529637
AAPL,call,500.0,0.46301369863013697,2027-03-19,0.265,0.24,0.29,0.27,11.0,0.26782958740234375,329.82501220703125,0.04,0.0031529637
AAPL,call,510.0,0.46301369863013697,2027-03-19,0.195,0.06,0.33,0.39,12.0,0.28321029296874994,329.82501220703125,0.04,0.0031529637
AAPL,call,570.0,0.46301369863013697,2027-03-19,0.085,0.01,0.16,0.08,32.0,0.31445998046874996,329.82501220703125,0.04,0.0031529637
AAPL,put,135.0,0.46301369863013697,2027-03-19,0.08499999999999999,0.05,0.12,0.12,45.0,0.5107470800781251,329.82501220703125,0.04,0.0031529637
AAPL,put,175.0,0.46301369863013697,2027-03-19,0.235,0.09,0.38,0.29,36.0,0.4294490649414063,329.82501220703125,0.04,0.0031529637
AAPL,put,180.0,0.46301369863013697,2027-03-19,0.285,0.21,0.36,0.27,18.0,0.40918559570312496,329.82501220703125,0.04,0.0031529637
AAPL,put,185.0,0.46301369863013697,2027-03-19,0.33,0.23,0.43,0.36,18.0,0.40259386474609377,329.82501220703125,0.04,0.0031529637
AAPL,put,195.0,0.46301369863013697,2027-03-19,0.42000000000000004,0.38,0.46,0.44,13.0,0.37329728271484375,329.82501220703125,0.04,0.0031529637
AAPL,put,200.0,0.46301369863013697,2027-03-19,0.485,0.44,0.53,0.52,16.0,0.36524072265625,329.82501220703125,0.04,0.0031529637
AAPL,put,210.0,0.46301369863013697,2027-03-19,0.69,0.64,0.74,0.7,10.0,0.352545537109375,329.82501220703125,0.04,0.0031529637
AAPL,put,220.0,0.46301369863013697,2027-03-19,0.9550000000000001,0.92,0.99,0.94,11.0,0.3382634533691406,329.82501220703125,0.04,0.0031529637
AAPL,put,230.0,0.46301369863013697,2027-03-19,1.3050000000000002,1.24,1.37,1.3,10.0,0.32691102783203124,329.82501220703125,0.04,0.0031529637
AAPL,put,240.0,0.46301369863013697,2027-03-19,1.8,1.75,1.85,1.79,11.0,0.31488722229003896,329.82501220703125,0.04,0.0031529637
AAPL,put,250.0,0.46301369863013697,2027-03-19,2.4000000000000004,2.31,2.49,2.45,142.0,0.3035347967529296,329.82501220703125,0.04,0.0031529637
AAPL,put,260.0,0.46301369863013697,2027-03-19,3.325,3.2,3.45,2.9,169.0,0.29566134033203123,329.82501220703125,0.04,0.0031529637
AAPL,put,280.0,0.46301369863013697,2027-03-19,5.8,5.75,5.85,5.75,14.0,0.2722240747070312,329.82501220703125,0.04,0.0031529637
AAPL,put,300.0,0.46301369863013697,2027-03-19,9.925,9.85,10.0,9.95,845.0,0.2539747454833985,329.82501220703125,0.04,0.0031529637
AAPL,put,310.0,0.46301369863013697,2027-03-19,12.75,12.6,12.9,13.05,110.0,0.2456282713317871,329.82501220703125,0.04,0.0031529637
AAPL,put,330.0,0.46301369863013697,2027-03-19,20.5,20.3,20.7,20.3,34.0,0.2296829962158203,329.82501220703125,0.04,0.0031529637
AAPL,put,360.0,0.46301369863013697,2027-03-19,37.9,37.05,38.75,33.65,17.0,0.21509573974609375,329.82501220703125,0.04,0.0031529637
AAPL,put,370.0,0.46301369863013697,2027-03-19,44.925,44.05,45.8,42.95,34.0,0.20459779785156246,329.82501220703125,0.04,0.0031529637
AAPL,call,195.0,0.5397260273972603,2027-04-16,140.975,139.6,142.35,146.78,22.0,0.5955850988769531,329.82501220703125,0.04,0.0031529637
AAPL,call,225.0,0.5397260273972603,2027-04-16,112.75,111.6,113.9,113.72,567.0,0.5056201782226561,329.82501220703125,0.04,0.0031529637
AAPL,call,235.0,0.5397260273972603,2027-04-16,103.4,102.3,104.5,104.1,70.0,0.4975941354370118,329.82501220703125,0.04,0.0031529637
AAPL,call,245.0,0.5397260273972603,2027-04-16,94.1,92.8,95.4,81.14,10.0,0.47055583160400394,329.82501220703125,0.04,0.0031529637
AAPL,call,270.0,0.5397260273972603,2027-04-16,72.275,70.95,73.6,72.66,30.0,0.41235939208984373,329.82501220703125,0.04,0.0031529637
AAPL,call,285.0,0.5397260273972603,2027-04-16,60.1,58.75,61.45,60.3,10.0,0.3840698800659179,329.82501220703125,0.04,0.0031529637
AAPL,call,300.0,0.5397260273972603,2027-04-16,48.849999999999994,47.9,49.8,48.0,10.0,0.3552920916748046,329.82501220703125,0.04,0.0031529637
AAPL,call,320.0,0.5397260273972603,2027-04-16,35.875,35.1,36.65,38.0,10.0,0.33078672149658206,329.82501220703125,0.04,0.0031529637
AAPL,call,330.0,0.5397260273972603,2027-04-16,30.175,29.55,30.8,30.4,65.0,0.319419037322998,329.82501220703125,0.04,0.0031529637
AAPL,call,340.0,0.5397260273972603,2027-04-16,25.125,24.8,25.45,28.4,59.0,0.3082954913330078,329.82501220703125,0.04,0.0031529637
AAPL,call,355.0,0.5397260273972603,2027-04-16,18.525,18.25,18.8,17.75,10.0,0.2960122889709473,329.82501220703125,0.04,0.0031529637
AAPL,call,370.0,0.5397260273972603,2027-04-16,13.3,13.05,13.55,13.3,24.0,0.2865366757202148,329.82501220703125,0.04,0.0031529637
AAPL,call,395.0,0.5397260273972603,2027-04-16,7.375,7.2,7.55,7.37,151.0,0.2764354583740234,329.82501220703125,0.04,0.0031529637
AAPL,call,400.0,0.5397260273972603,2027-04-16,6.475,6.3,6.65,6.55,24.0,0.2745128701782227,329.82501220703125,0.04,0.0031529637
AAPL,call,410.0,0.5397260273972603,2027-04-16,4.975,4.8,5.15,5.95,18.0,0.2715526947021484,329.82501220703125,0.04,0.0031529637
AAPL,call,440.0,0.5397260273972603,2027-04-16,2.31,2.18,2.44,2.4,27.0,0.268989243774414,329.82501220703125,0.04,0.0031529637
AAPL,call,460.0,0.5397260273972603,2027-04-16,1.325,1.26,1.39,1.61,19.0,0.2657544128417969,329.82501220703125,0.04,0.0031529637
AAPL,call,470.0,0.5397260273972603,2027-04-16,1.0899999999999999,1.0,1.18,1.0,13.0,0.270515107421875,329.82501220703125,0.04,0.0031529637
AAPL,call,480.0,0.5397260273972603,2027-04-16,0.835,0.73,0.94,0.77,43.0,0.27197993652343744,329.82501220703125,0.04,0.0031529637
AAPL,call,490.0,0.5397260273972603,2027-04-16,0.62,0.55,0.69,0.61,22.0,0.26978269287109374,329.82501220703125,0.04,0.0031529637
AAPL,call,500.0,0.5397260273972603,2027-04-16,0.45999999999999996,0.41,0.51,0.58,38.0,0.2683178637695312,329.82501220703125,0.04,0.0031529637
AAPL,put,200.0,0.5397260273972603,2027-04-16,0.63,0.6,0.66,0.65,67.0,0.3505924316406249,329.82501220703125,0.04,0.0031529637
AAPL,put,210.0,0.5397260273972603,2027-04-16,0.87,0.83,0.91,0.74,10.0,0.33875172973632806,329.82501220703125,0.04,0.0031529637
AAPL,put,230.0,0.5397260273972603,2027-04-16,1.6099999999999999,1.49,1.73,1.65,11.0,0.31842722595214834,329.82501220703125,0.04,0.0031529637
AAPL,put,260.0,0.5397260273972603,2027-04-16,3.9749999999999996,3.85,4.1,3.65,64.0,0.28864236755371087,329.82501220703125,0.04,0.0031529637
AAPL,put,290.0,0.5397260273972603,2027-04-16,8.775,8.55,9.0,7.95,304.0,0.2620923400878906,329.82501220703125,0.04,0.0031529637
AAPL,put,300.0,0.5397260273972603,2027-04-16,11.2,11.0,11.4,10.3,16.0,0.2528150891113281,329.82501220703125,0.04,0.0031529637
AAPL,put,310.0,0.5397260273972603,2027-04-16,14.175,13.9,14.45,14.7,41.0,0.2452468054199219,329.82501220703125,0.04,0.0031529637
AAPL,put,325.0,0.5397260273972603,2027-04-16,19.725,19.4,20.05,17.6,14.0,0.2329025685119629,329.82501220703125,0.04,0.0031529637
AAPL,put,340.0,0.5397260273972603,2027-04-16,26.775,26.4,27.15,26.8,11.0,0.2205888488769531,329.82501220703125,0.04,0.0031529637
AAPL,put,345.0,0.5397260273972603,2027-04-16,29.450000000000003,29.05,29.85,26.7,24.0,0.2162248788452148,329.82501220703125,0.04,0.0031529637
AAPL,put,355.0,0.5397260273972603,2027-04-16,35.25,34.6,35.9,34.52,20.0,0.20850400878906244,329.82501220703125,0.04,0.0031529637
AAPL,put,360.0,0.5397260273972603,2027-04-16,38.85,38.1,39.6,38.43,38.0,0.20929745788574217,329.82501220703125,0.04,0.0031529637
AAPL,put,375.0,0.5397260273972603,2027-04-16,49.825,48.65,51.0,43.75,29.0,0.2049334878540039,329.82501220703125,0.04,0.0031529637
AAPL,put,390.0,0.5397260273972603,2027-04-16,61.6,60.45,62.75,54.3,16.0,0.18497519134521478,329.82501220703125,0.04,0.0031529637
AAPL,put,395.0,0.5397260273972603,2027-04-16,65.94999999999999,64.55,67.35,58.2,22.0,0.1860432958984375,329.82501220703125,0.04,0.0031529637
AAPL,call,15.0,0.7095890410958904,2027-06-17,305.525,304.0,307.05,291.6,10.0,1.0000000000000003e-05,329.82501220703125,0.04,0.0031529637
AAPL,call,85.0,0.7095890410958904,2027-06-17,220.0,218.05,221.95,203.49,76.0,1.0000000000000003e-05,329.82501220703125,0.04,0.0031529637
AAPL,call,185.0,0.7095890410958904,2027-06-17,152.275,150.8,153.75,165.73,12.0,0.5935404415893556,329.82501220703125,0.04,0.0031529637
AAPL,call,250.0,0.7095890410958904,2027-06-17,93.025,92.2,93.85,94.09,14.0,0.4412897668457031,329.82501220703125,0.04,0.0031529637
AAPL,call,280.0,0.7095890410958904,2027-06-17,68.725,67.85,69.6,68.38,20.0,0.39063109375,329.82501220703125,0.04,0.0031529637
AAPL,call,300.0,0.7095890410958904,2027-06-17,54.3,53.55,55.05,54.0,13.0,0.36298244445800787,329.82501220703125,0.04,0.0031529637
AAPL,call,310.0,0.7095890410958904,2027-06-17,47.425,46.5,48.35,46.99,19.0,0.3505771730041503,329.82501220703125,0.04,0.0031529637
AAPL,call,320.0,0.7095890410958904,2027-06-17,41.5,41.05,41.95,41.55,64.0,0.3378514701843262,329.82501220703125,0.04,0.0031529637
AAPL,call,330.0,0.7095890410958904,2027-06-17,35.775,35.3,36.25,35.72,15.0,0.32819275329589837,329.82501220703125,0.04,0.0031529637
AAPL,call,340.0,0.7095890410958904,2027-06-17,30.875,30.4,31.35,30.87,25.0,0.3221503332519531,329.82501220703125,0.04,0.0031529637
AAPL,call,350.0,0.7095890410958904,2027-06-17,26.225,25.95,26.5,26.0,50.0,0.3128120477294921,329.82501220703125,0.04,0.0031529637
AAPL,call,360.0,0.7095890410958904,2027-06-17,22.25,22.0,22.5,22.2,23.0,0.307349455871582,329.82501220703125,0.04,0.0031529637
AAPL,call,370.0,0.7095890410958904,2027-06-17,18.674999999999997,18.4,18.95,18.6,229.0,0.30228358856201176,329.82501220703125,0.04,0.0031529637
AAPL,call,380.0,0.7095890410958904,2027-06-17,15.649999999999999,15.45,15.85,15.45,210.0,0.29776703216552725,329.82501220703125,0.04,0.0031529637
AAPL,call,390.0,0.7095890410958904,2027-06-17,12.85,12.75,12.95,12.95,46.0,0.2914194393920897,329.82501220703125,0.04,0.0031529637
AAPL,call,400.0,0.7095890410958904,2027-06-17,10.525,10.25,10.8,10.45,126.0,0.2892832302856445,329.82501220703125,0.04,0.0031529637
AAPL,call,420.0,0.7095890410958904,2027-06-17,7.125,6.85,7.4,8.25,82.0,0.285590640258789,329.82501220703125,0.04,0.0031529637
AAPL,call,460.0,0.7095890410958904,2027-06-17,3.0999999999999996,3.05,3.15,3.1,10.0,0.2768321829223632,329.82501220703125,0.04,0.0031529637
AAPL,call,500.0,0.7095890410958904,2027-06-17,1.305,1.23,1.38,1.56,25.0,0.27558097473144527,329.82501220703125,0.04,0.0031529637
AAPL,call,510.0,0.7095890410958904,2027-06-17,1.105,1.06,1.15,1.06,69.0,0.27674063110351554,329.82501220703125,0.04,0.0031529637
AAPL,call,520.0,0.7095890410958904,2027-06-17,0.9450000000000001,0.85,1.04,0.88,13.0,0.28162339477539056,329.82501220703125,0.04,0.0031529637
AAPL,call,530.0,0.7095890410958904,2027-06-17,0.765,0.68,0.85,0.71,18.0,0.28162339477539056,329.82501220703125,0.04,0.0031529637
AAPL,put,90.0,0.7095890410958904,2027-06-17,0.07500000000000001,0.01,0.14,0.08,30.0,0.5625043750000001,329.82501220703125,0.04,0.0031529637
AAPL,put,100.0,0.7095890410958904,2027-06-17,0.1,0.05,0.15,0.09,180.0,0.53320779296875,329.82501220703125,0.04,0.0031529637
AAPL,put,110.0,0.7095890410958904,2027-06-17,0.1,0.01,0.19,0.1,11.0,0.5293015820312501,329.82501220703125,0.04,0.0031529637
AAPL,put,115.0,0.7095890410958904,2027-06-17,0.11,0.01,0.21,0.11,65.0,0.5151415673828125,329.82501220703125,0.04,0.0031529637
AAPL,put,130.0,0.7095890410958904,2027-06-17,0.185,0.08,0.29,0.14,14.0,0.4770560107421875,329.82501220703125,0.04,0.0031529637
AAPL,put,135.0,0.7095890410958904,2027-06-17,0.21500000000000002,0.1,0.33,0.18,12.0,0.46680220703125,329.82501220703125,0.04,0.0031529637
AAPL,put,150.0,0.7095890410958904,2027-06-17,0.28500000000000003,0.25,0.32,0.28,16.0,0.414068359375,329.82501220703125,0.04,0.0031529637
AAPL,put,155.0,0.7095890410958904,2027-06-17,0.395,0.3,0.49,0.3,35.0,0.42236905761718746,329.82501220703125,0.04,0.0031529637
AAPL,put,170.0,0.7095890410958904,2027-06-17,0.505,0.46,0.55,0.48,10.0,0.38184211914062494,329.82501220703125,0.04,0.0031529637
AAPL,put,180.0,0.7095890410958904,2027-06-17,0.6699999999999999,0.62,0.72,0.59,12.0,0.36743796630859377,329.82501220703125,0.04,0.0031529637
AAPL,put,185.0,0.7095890410958904,2027-06-17,0.7649999999999999,0.71,0.82,0.86,10.0,0.36035795898437495,329.82501220703125,0.04,0.0031529637
AAPL,put,210.0,0.7095890410958904,2027-06-17,1.57,1.52,1.62,1.36,12.0,0.33045103149414057,329.82501220703125,0.04,0.0031529637
AAPL,put,240.0,0.7095890410958904,2027-06-17,3.45,3.35,3.55,3.45,76.0,0.3001778967285156,329.82501220703125,0.04,0.0031529637
AAPL,put,250.0,0.7095890410958904,2027-06-17,4.449999999999999,4.35,4.55,4.5,26.0,0.2909616802978515,329.82501220703125,0.04,0.0031529637
AAPL,put,260.0,0.7095890410958904,2027-06-17,5.699999999999999,5.55,5.85,5.23,13.0,0.28305770660400387,329.82501220703125,0.04,0.0031529637
AAPL,put,290.0,0.7095890410958904,2027-06-17,11.275,10.9,11.65,11.4,23.0,0.2598340618896484,329.82501220703125,0.04,0.0031529637
AAPL,put,300.0,0.7095890410958904,2027-06-17,14.05,13.95,14.15,14.0,20.0,0.2499006895446777,329.82501220703125,0.04,0.0031529637
AAPL,put,310.0,0.7095890410958904,2027-06-17,17.075,16.7,17.45,17.35,323.0,0.24352257949829104,329.82501220703125,0.04,0.0031529637
AAPL,put,320.0,0.7095890410958904,2027-06-17,21.05,20.85,21.25,21.25,53.0,0.23685455535888672,329.82501220703125,0.04,0.0031529637
AAPL,put,330.0,0.7095890410958904,2027-06-17,25.25,24.9,25.6,25.25,17.0,0.23003394485473633,329.82501220703125,0.04,0.0031529637
AAPL,put,340.0,0.7095890410958904,2027-06-17,30.049999999999997,29.65,30.45,30.3,10.0,0.22235885070800776,329.82501220703125,0.04,0.0031529637
AAPL,put,420.0,0.7095890410958904,2027-06-17,89.8,88.5,91.1,80.6,26.0,0.16724465576171876,329.82501220703125,0.04,0.0031529637
AAPL,call,115.0,0.9616438356164384,2027-09-17,221.025,219.3,222.75,229.75,10.0,0.8059101440429688,329.82501220703125,0.04,0.0031529637
AAPL,call,125.0,0.9616438356164384,2027-09-17,211.27499999999998,209.7,212.85,219.15,48.0,0.7564721618652344,329.82501220703125,0.04,0.0031529637
AAPL,call,145.0,0.9616438356164384,2027-09-17,192.6,190.75,194.45,200.35,24.0,0.6899445068359377,329.82501220703125,0.04,0.0031529637
AAPL,call,155.0,0.9616438356164384,2027-09-17,183.175,181.35,185.0,173.98,10.0,0.6561618856811525,329.82501220703125,0.04,0.0031529637
AAPL,call,185.0,0.9616438356164384,2027-09-17,145.15,143.5,146.8,130.08,10.0,0.3654238262939453,329.82501220703125,0.04,0.0031529637
AAPL,call,190.0,0.9616438356164384,2027-09-17,150.52499999999998,149.1,151.95,154.17,26.0,0.552464192199707,329.82501220703125,0.04,0.0031529637
AAPL,call,210.0,0.9616438356164384,2027-09-17,132.35,130.95,133.75,139.19,60.0,0.5036365554809571,329.82501220703125,0.04,0.0031529637
AAPL,call,225.0,0.9616438356164384,2027-09-17,118.975,117.7,120.25,125.52,13.0,0.48730981445312505,329.82501220703125,0.04,0.0031529637
AAPL,call,305.0,0.9616438356164384,2027-09-17,57.325,56.0,58.65,55.9,59.0,0.3652712399291992,329.82501220703125,0.04,0.0031529637
AAPL,call,330.0,0.9616438356164384,2027-09-17,42.775,42.0,43.55,42.4,28.0,0.3391789715576171,329.82501220703125,0.04,0.0031529637
AAPL,call,335.0,0.9616438356164384,2027-09-17,40.525,40.0,41.05,39.94,56.0,0.33623405471801754,329.82501220703125,0.04,0.0031529637
AAPL,call,365.0,0.9616438356164384,2027-09-17,27.2,26.75,27.65,27.5,145.0,0.31722179367065423,329.82501220703125,0.04,0.0031529637
AAPL,call,370.0,0.9616438356164384,2027-09-17,25.225,24.9,25.55,25.65,11.0,0.31276627182006833,329.82501220703125,0.04,0.0031529637
AAPL,call,375.0,0.9616438356164384,2027-09-17,23.75,23.7,23.8,22.88,52.0,0.3104164418029785,329.82501220703125,0.04,0.0031529637
AAPL,call,380.0,0.9616438356164384,2027-09-17,21.825,21.5,22.15,21.45,286.0,0.30820393951416014,329.82501220703125,0.04,0.0031529637
AAPL,call,390.0,0.9616438356164384,2027-09-17,18.8,18.5,19.1,18.2,49.0,0.30391626266479493,329.82501220703125,0.04,0.0031529637
AAPL,call,395.0,0.9616438356164384,2027-09-17,17.4,17.1,17.7,18.86,79.0,0.3018563467407227,329.82501220703125,0.04,0.0031529637
AAPL,call,450.0,0.9616438356164384,2027-09-17,7.300000000000001,7.15,7.45,7.2,20.0,0.2880015048217772,329.82501220703125,0.04,0.0031529637
AAPL,call,460.0,0.9616438356164384,2027-09-17,6.2,5.95,6.45,6.0,12.0,0.2880625393676757,329.82501220703125,0.04,0.0031529637
AAPL,call,470.0,0.9616438356164384,2027-09-17,5.199999999999999,5.05,5.35,6.45,23.0,0.28482770843505856,329.82501220703125,0.04,0.0031529637
AAPL,call,480.0,0.9616438356164384,2027-09-17,4.425,4.25,4.6,5.5,15.0,0.2847361566162109,329.82501220703125,0.04,0.0031529637
AAPL,call,540.0,0.9616438356164384,2027-09-17,1.725,1.56,1.89,1.42,12.0,0.2863230548095703,329.82501220703125,0.04,0.0031529637
AAPL,call,560.0,0.9616438356164384,2027-09-17,1.205,1.13,1.28,1.4,50.0,0.28247787841796873,329.82501220703125,0.04,0.0031529637
AAPL,put,105.0,0.9616438356164384,2027-09-17,0.215,0.08,0.35,0.37,30.0,0.5107470800781251,329.82501220703125,0.04,0.0031529637
AAPL,put,145.0,0.9616438356164384,2027-09-17,0.435,0.37,0.5,0.49,32.0,0.393560751953125,329.82501220703125,0.04,0.0031529637
AAPL,put,150.0,0.9616438356164384,2027-09-17,0.53,0.48,0.58,0.56,12.0,0.3869690209960937,329.82501220703125,0.04,0.0031529637
AAPL,put,155.0,0.9616438356164384,2027-09-17,0.6100000000000001,0.56,0.66,0.6,26.0,0.37964487548828124,329.82501220703125,0.04,0.0031529637
AAPL,put,165.0,0.9616438356164384,2027-09-17,0.8049999999999999,0.75,0.86,0.75,16.0,0.36646141357421874,329.82501220703125,0.04,0.0031529637
AAPL,put,175.0,0.9616438356164384,2027-09-17,1.0550000000000002,1.0,1.11,1.05,20.0,0.35388829711914055,329.82501220703125,0.04,0.0031529637
AAPL,put,210.0,0.9616438356164384,2027-09-17,2.49,2.37,2.61,2.4,11.0,0.3154975677490234,329.82501220703125,0.04,0.0031529637
AAPL,put,270.0,0.9616438356164384,2027-09-17,9.6,9.35,9.85,8.65,11.0,0.2655255332946777,329.82501220703125,0.04,0.0031529637
AAPL,put,275.0,0.9616438356164384,2027-09-17,10.6,10.45,10.75,11.0,40.0,0.260398631439209,329.82501220703125,0.04,0.0031529637
AAPL,put,305.0,0.9616438356164384,2027-09-17,19.0,18.6,19.4,18.15,553.0,0.24361413131713866,329.82501220703125,0.04,0.0031529637
AAPL,put,315.0,0.9616438356164384,2027-09-17,22.5,22.2,22.8,21.6,110.0,0.23513032943725587,329.82501220703125,0.04,0.0031529637
AAPL,put,320.0,0.9616438356164384,2027-09-17,24.525,24.2,24.85,23.1,35.0,0.23233799896240231,329.82501220703125,0.04,0.0031529637
AAPL,put,325.0,0.9616438356164384,2027-09-17,26.5,26.25,26.75,24.7,22.0,0.2273789421081543,329.82501220703125,0.04,0.0031529637
AAPL,put,335.0,0.9616438356164384,2027-09-17,31.225,30.8,31.65,28.85,27.0,0.22309126525878903,329.82501220703125,0.04,0.0031529637
AAPL,put,340.0,0.9616438356164384,2027-09-17,33.725,33.25,34.2,31.63,39.0,0.22020738296508785,329.82501220703125,0.04,0.0031529637
AAPL,put,345.0,0.9616438356164384,2027-09-17,36.275,35.8,36.75,33.6,18.0,0.21627065475463864,329.82501220703125,0.04,0.0031529637
AAPL,put,350.0,0.9616438356164384,2027-09-17,38.975,38.5,39.45,36.05,23.0,0.21244073699951171,329.82501220703125,0.04,0.0031529637
AAPL,put,355.0,0.9616438356164384,2027-09-17,41.7,41.0,42.4,38.93,57.0,0.20949582015991208,329.82501220703125,0.04,0.0031529637
AAPL,put,360.0,0.9616438356164384,2027-09-17,45.05,44.35,45.75,41.2,20.0,0.20870237106323236,329.82501220703125,0.04,0.0031529637
AAPL,put,380.0,0.9616438356164384,2027-09-17,58.2,57.45,58.95,56.65,10.0,0.19265028549194335,329.82501220703125,0.04,0.0031529637
AAPL,put,385.0,0.9616438356164384,2027-09-17,61.900000000000006,60.7,63.1,60.48,27.0,0.19367261413574222,329.82501220703125,0.04,0.0031529637
AAPL,put,400.0,0.9616438356164384,2027-09-17,73.825,72.7,74.95,70.0,21.0,0.18399863861083982,329.82501220703125,0.04,0.0031529637
AAPL,put,430.0,0.9616438356164384,2027-09-17,99.85,98.5,101.2,104.8,10.0,0.15796740478515625,329.82501220703125,0.04,0.0031529637
AAPL,call,60.0,1.210958904109589,2027-12-17,273.9,272.15,275.65,277.0,10.0,1.0252734283447267,329.82501220703125,0.04,0.0031529637
AAPL,call,65.0,1.210958904109589,2027-12-17,268.42499999999995,266.45,270.4,246.9,12.0,0.9490971887207031,329.82501220703125,0.04,0.0031529637
AAPL,call,75.0,1.210958904109589,2027-12-17,259.9,258.15,261.65,268.55,60.0,0.93945373046875,329.82501220703125,0.04,0.0031529637
AAPL,call,85.0,1.210958904109589,2027-12-17,250.60000000000002,248.8,252.4,257.2,26.0,0.8908702319335937,329.82501220703125,0.04,0.0031529637
AAPL,call,90.0,1.210958904109589,2027-12-17,245.8,243.9,247.7,252.85,30.0,0.8625502026367188,329.82501220703125,0.04,0.0031529637
AAPL,call,110.0,1.210958904109589,2027-12-17,227.2,225.4,229.0,227.17,26.0,0.7810080493164062,329.82501220703125,0.04,0.0031529637
AAPL,call,135.0,1.210958904109589,2027-12-17,203.85,201.95,205.75,212.95,126.0,0.6897614031982424,329.82501220703125,0.04,0.0031529637
AAPL,call,155.0,1.210958904109589,2027-12-17,185.325,183.55,187.1,167.6,12.0,0.6277503045654298,329.82501220703125,0.04,0.0031529637
AAPL,call,200.0,1.210958904109589,2027-12-17,144.7,143.8,145.6,144.64,41.0,0.5162401892089843,329.82501220703125,0.04,0.0031529637
AAPL,call,225.0,1.210958904109589,2027-12-17,122.8,121.55,124.05,131.25,42.0,0.477895235748291,329.82501220703125,0.04,0.0031529637
AAPL,call,240.0,1.210958904109589,2027-12-17,110.425,109.1,111.75,117.32,15.0,0.4529473651123047,329.82501220703125,0.04,0.0031529637
AAPL,call,265.0,1.210958904109589,2027-12-17,90.975,89.85,92.1,91.53,19.0,0.41481603256225585,329.82501220703125,0.04,0.0031529637
AAPL,call,280.0,1.210958904109589,2027-12-17,80.175,79.3,81.05,79.65,19.0,0.39491877059936525,329.82501220703125,0.04,0.0031529637
AAPL,call,310.0,1.210958904109589,2027-12-17,60.325,59.2,61.45,64.0,15.0,0.3645998599243164,329.82501220703125,0.04,0.0031529637
AAPL,call,320.0,1.210958904109589,2027-12-17,54.95,54.35,55.55,54.2,180.0,0.3557040748596191,329.82501220703125,0.04,0.0031529637
AAPL,call,340.0,1.210958904109589,2027-12-17,44.349999999999994,43.65,45.05,47.39,20.0,0.3414143618011475,329.82501220703125,0.04,0.0031529637
AAPL,call,350.0,1.210958904109589,2027-12-17,40.0,39.35,40.65,39.63,15.0,0.3372258660888672,329.82501220703125,0.04,0.0031529637
AAPL,call,355.0,1.210958904109589,2027-12-17,37.55,37.15,37.95,38.7,184.0,0.3309393078613281,329.82501220703125,0.04,0.0031529637
AAPL,call,385.0,1.210958904109589,2027-12-17,26.15,25.75,26.55,25.95,36.0,0.3159858441162109,329.82501220703125,0.04,0.0031529637
AAPL,call,390.0,1.210958904109589,2027-12-17,24.6,24.25,24.95,27.35,12.0,0.31389541091918943,329.82501220703125,0.04,0.0031529637
AAPL,call,395.0,1.210958904109589,2027-12-17,23.25,22.8,23.7,25.55,71.0,0.3138801522827148,329.82501220703125,0.04,0.0031529637
AAPL,call,400.0,1.210958904109589,2027-12-17,21.7,21.4,22.0,23.65,21.0,0.31009601043701174,329.82501220703125,0.04,0.0031529637
AAPL,call,410.0,1.210958904109589,2027-12-17,19.1,18.75,19.45,21.1,10.0,0.307425749053955,329.82501220703125,0.04,0.0031529637
AAPL,call,440.0,1.210958904109589,2027-12-17,12.85,12.6,13.1,15.0,14.0,0.2990792749023437,329.82501220703125,0.04,0.0031529637
AAPL,call,520.0,1.210958904109589,2027-12-17,4.324999999999999,4.05,4.6,4.55,10.0,0.2907175421142577,329.82501220703125,0.04,0.0031529637
AAPL,call,550.0,1.210958904109589,2027-12-17,2.8600000000000003,2.75,2.97,3.79,10.0,0.2868113311767577,329.82501220703125,0.04,0.0031529637
AAPL,call,600.0,1.210958904109589,2027-12-17,1.475,1.39,1.56,1.4,28.0,0.2866282275390625,329.82501220703125,0.04,0.0031529637
AAPL,put,80.0,1.210958904109589,2027-12-17,0.18,0.1,0.26,0.17,10.0,0.514653291015625,329.82501220703125,0.04,0.0031529637
AAPL,put,100.0,1.210958904109589,2027-12-17,0.24,0.1,0.38,0.21,125.0,0.47876497802734375,329.82501220703125,0.04,0.0031529637
AAPL,put,110.0,1.210958904109589,2027-12-17,0.3,0.1,0.5,0.33,18.0,0.4594780615234375,329.82501220703125,0.04,0.0031529637
AAPL,put,115.0,1.210958904109589,2027-12-17,0.35000000000000003,0.14,0.56,0.32,11.0,0.44922425781249997,329.82501220703125,0.04,0.0031529637
AAPL,put,145.0,1.210958904109589,2027-12-17,0.755,0.7,0.81,0.78,11.0,0.37756970092773434,329.82501220703125,0.04,0.0031529637
AAPL,put,165.0,1.210958904109589,2027-12-17,1.1800000000000002,0.99,1.37,1.23,30.0,0.35455967712402336,329.82501220703125,0.04,0.0031529637
AAPL,put,170.0,1.210958904109589,2027-12-17,1.365,1.22,1.51,1.39,38.0,0.3473576007080078,329.82501220703125,0.04,0.0031529637
AAPL,put,215.0,1.210958904109589,2027-12-17,3.75,3.55,3.95,3.35,15.0,0.2987741021728515,329.82501220703125,0.04,0.0031529637
AAPL,put,220.0,1.210958904109589,2027-12-17,4.2,4.0,4.4,4.2,58.0,0.2945932357788086,329.82501220703125,0.04,0.0031529637
AAPL,put,250.0,1.210958904109589,2027-12-17,8.05,7.9,8.2,8.05,11.0,0.2720714883422851,329.82501220703125,0.04,0.0031529637
AAPL,put,260.0,1.210958904109589,2027-12-17,9.774999999999999,9.6,9.95,9.05,12.0,0.26511355010986326,329.82501220703125,0.04,0.0031529637
AAPL,put,265.0,1.210958904109589,2027-12-17,10.825,10.55,11.1,10.65,15.0,0.26343510009765625,329.82501220703125,0.04,0.0031529637
AAPL,put,290.0,1.210958904109589,2027-12-17,16.95,16.7,17.2,17.02,36.0,0.24643697906494144,329.82501220703125,0.04,0.0031529637
AAPL,put,295.0,1.210958904109589,2027-12-17,18.375,18.15,18.6,18.55,100.0,0.24245447494506833,329.82501220703125,0.04,0.0031529637
AAPL,put,315.0,1.210958904109589,2027-12-17,25.65,25.15,26.15,25.2,15.0,0.23394015579223632,329.82501220703125,0.04,0.0031529637
AAPL,put,320.0,1.210958904109589,2027-12-17,27.575,27.0,28.15,26.95,800.0,0.2306595489501953,329.82501220703125,0.04,0.0031529637
AAPL,put,345.0,1.210958904109589,2027-12-17,39.2,38.75,39.65,38.18,10.0,0.21299004791259768,329.82501220703125,0.04,0.0031529637
AAPL,put,355.0,1.210958904109589,2027-12-17,44.7,44.05,45.35,45.75,20.0,0.20778685287475585,329.82501220703125,0.04,0.0031529637
AAPL,put,365.0,1.210958904109589,2027-12-17,50.575,50.0,51.15,45.2,20.0,0.19976081008911134,329.82501220703125,0.04,0.0031529637
AAPL,put,395.0,1.210958904109589,2027-12-17,71.6,70.25,72.95,65.55,17.0,0.18726398681640627,329.82501220703125,0.04,0.0031529637
AAPL,call,30.0,1.3068493150684932,2028-01-21,271.5,269.0,274.0,229.09,10.0,1.0000000000000003e-05,329.82501220703125,0.04,0.0031529637
AAPL,call,50.0,1.3068493150684932,2028-01-21,283.575,281.7,285.45,289.0,10.0,1.0754440759277344,329.82501220703125,0.04,0.0031529637
AAPL,call,70.0,1.3068493150684932,2028-01-21,265.175,263.35,267.0,264.99,300.0,0.958740646972656,329.82501220703125,0.04,0.0031529637
AAPL,call,80.0,1.3068493150684932,2028-01-21,255.85,253.95,257.75,256.12,338.0,0.9046030047607423,329.82501220703125,0.04,0.0031529637
AAPL,call,90.0,1.3068493150684932,2028-01-21,246.475,244.7,248.25,247.36,108.0,0.8542495043945313,329.82501220703125,0.04,0.0031529637
AAPL,call,100.0,1.3068493150684932,2028-01-21,237.1,235.2,239.0,238.18,510.0,0.8085346295166016,329.82501220703125,0.04,0.0031529637
AAPL,call,110.0,1.3068493150684932,2028-01-21,227.825,225.9,229.75,228.57,198.0,0.7693504510498048,329.82501220703125,0.04,0.0031529637
AAPL,call,115.0,1.3068493150684932,2028-01-21,223.25,221.5,225.0,224.08,198.0,0.7523218127441407,329.82501220703125,0.04,0.0031529637
AAPL,call,120.0,1.3068493150684932,2028-01-21,218.625,216.85,220.4,219.32,594.0,0.7344997253417969,329.82501220703125,0.04,0.0031529637
AAPL,call,125.0,1.3068493150684932,2028-01-21,214.075,212.15,216.0,214.37,396.0,0.7188748815917969,329.82501220703125,0.04,0.0031529637
AAPL,call,130.0,1.3068493150684932,2028-01-21,209.45,207.65,211.25,210.5,496.0,0.7019072778320312,329.82501220703125,0.04,0.0031529637
AAPL,call,135.0,1.3068493150684932,2028-01-21,204.75,203.05,206.45,205.78,208.0,0.6837189831542969,329.82501220703125,0.04,0.0031529637
AAPL,call,145.0,1.3068493150684932,2028-01-21,195.4,193.75,197.05,196.64,198.0,0.6498753274536133,329.82501220703125,0.04,0.0031529637
AAPL,call,155.0,1.3068493150684932,2028-01-21,186.475,184.7,188.25,188.04,120.0,0.62540047454834,329.82501220703125,0.04,0.0031529637
AAPL,call,160.0,1.3068493150684932,2028-01-21,181.75,180.15,183.35,182.75,345.0,0.6086770089721681,329.82501220703125,0.04,0.0031529637
AAPL,call,190.0,1.3068493150684932,2028-01-21,154.525,153.25,155.8,160.46,158.0,0.531529342956543,329.82501220703125,0.04,0.0031529637
AAPL,call,220.0,1.3068493150684932,2028-01-21,128.825,127.75,129.9,140.85,13.0,0.4870504176330567,329.82501220703125,0.04,0.0031529637
AAPL,call,240.0,1.3068493150684932,2028-01-21,112.125,110.85,113.4,111.0,18.0,0.45216917465209966,329.82501220703125,0.04,0.0031529637
AAPL,call,280.0,1.3068493150684932,2028-01-21,82.35,81.7,83.0,88.1,15.0,0.39560540924072274,329.82501220703125,0.04,0.0031529637
AAPL,call,350.0,1.3068493150684932,2028-01-21,42.25,42.0,42.5,41.35,10.0,0.33693595199584964,329.82501220703125,0.04,0.0031529637
AAPL,call,370.0,1.3068493150684932,2028-01-21,33.625,33.25,34.0,37.35,13.0,0.3252478364562988,329.82501220703125,0.04,0.0031529637
AAPL,call,380.0,1.3068493150684932,2028-01-21,30.0,29.65,30.35,33.1,47.0,0.32070076278686516,329.82501220703125,0.04,0.0031529637
AAPL,call,410.0,1.3068493150684932,2028-01-21,20.85,20.5,21.2,22.4,14.0,0.30884480224609373,329.82501220703125,0.04,0.0031529637
AAPL,call,430.0,1.3068493150684932,2028-01-21,16.4,15.95,16.85,17.9,11.0,0.305320057220459,329.82501220703125,0.04,0.0031529637
AAPL,call,440.0,1.3068493150684932,2028-01-21,14.4,14.0,14.8,16.15,19.0,0.3021920367431641,329.82501220703125,0.04,0.0031529637
AAPL,call,450.0,1.3068493150684932,2028-01-21,12.600000000000001,12.3,12.9,12.95,28.0,0.2986672917175292,329.82501220703125,0.04,0.0031529637
AAPL,call,460.0,1.3068493150684932,2028-01-21,11.125,10.9,11.35,12.8,84.0,0.2966684103393554,329.82501220703125,0.04,0.0031529637
AAPL,call,470.0,1.3068493150684932,2028-01-21,9.85,9.45,10.25,11.6,39.0,0.29752289398193354,329.82501220703125,0.04,0.0031529637
AAPL,call,480.0,1.3068493150684932,2028-01-21,8.65,8.25,9.05,8.5,37.0,0.29621065124511714,329.82501220703125,0.04,0.0031529637
AAPL,call,500.0,1.3068493150684932,2028-01-21,6.75,6.6,6.9,6.6,21.0,0.29230444030761704,329.82501220703125,0.04,0.0031529637
AAPL,call,520.0,1.3068493150684932,2028-01-21,5.175,4.85,5.5,6.08,20.0,0.29254857849121085,329.82501220703125,0.04,0.0031529637
AAPL,call,550.0,1.3068493150684932,2028-01-21,3.425,3.2,3.65,3.95,23.0,0.28848978118896473,329.82501220703125,0.04,0.0031529637
AAPL,call,570.0,1.3068493150684932,2028-01-21,2.8049999999999997,2.56,3.05,3.6,16.0,0.29193823303222644,329.82501220703125,0.04,0.0031529637
AAPL,put,50.0,1.3068493150684932,2028-01-21,0.075,0.04,0.11,0.06,12.0,0.5996133789062501,329.82501220703125,0.04,0.0031529637
AAPL,put,100.0,1.3068493150684932,2028-01-21,0.325,0.2,0.45,0.24,190.0,0.471684970703125,329.82501220703125,0.04,0.0031529637
AAPL,put,120.0,1.3068493150684932,2028-01-21,0.395,0.3,0.49,0.47,769.0,0.40808697387695314,329.82501220703125,0.04,0.0031529637
AAPL,put,130.0,1.3068493150684932,2028-01-21,0.565,0.5,0.63,0.61,58.0,0.3920959228515625,329.82501220703125,0.04,0.0031529637
AAPL,put,135.0,1.3068493150684932,2028-01-21,0.6599999999999999,0.6,0.72,0.66,53.0,0.38513798461914056,329.82501220703125,0.04,0.0031529637
AAPL,put,150.0,1.3068493150684932,2028-01-21,0.97,0.89,1.05,0.87,75.0,0.36524072265625,329.82501220703125,0.04,0.0031529637
AAPL,put,155.0,1.3068493150684932,2028-01-21,1.065,0.96,1.17,1.12,26.0,0.3582827844238281,329.82501220703125,0.04,0.0031529637
AAPL,put,185.0,1.3068493150684932,2028-01-21,2.165,2.05,2.28,2.12,100.0,0.323126885986328,329.82501220703125,0.04,0.0031529637
AAPL,put,190.0,1.3068493150684932,2028-01-21,2.4450000000000003,2.35,2.54,2.4,27.0,0.3178779150390625,329.82501220703125,0.04,0.0031529637
AAPL,put,195.0,1.3068493150684932,2028-01-21,2.73,2.62,2.84,2.44,286.0,0.31320877227783206,329.82501220703125,0.04,0.0031529637
AAPL,put,230.0,1.3068493150684932,2028-01-21,5.775,5.6,5.95,5.65,59.0,0.28363753479003895,329.82501220703125,0.04,0.0031529637
AAPL,put,270.0,1.3068493150684932,2028-01-21,12.55,12.3,12.8,12.2,20.0,0.2563398341369629,329.82501220703125,0.04,0.0031529637
AAPL,put,290.0,1.3068493150684932,2028-01-21,17.799999999999997,17.4,18.2,15.9,76.0,0.24523154678344727,329.82501220703125,0.04,0.0031529637
AAPL,put,360.0,1.3068493150684932,2028-01-21,48.5,47.9,49.1,47.6,152.0,0.20247684738159177,329.82501220703125,0.04,0.0031529637
AAPL,put,380.0,1.3068493150684932,2028-01-21,61.175,60.6,61.75,59.5,128.0,0.1878285563659668,329.82501220703125,0.04,0.0031529637
AAPL,put,460.0,1.3068493150684932,2028-01-21,129.325,128.0,130.65,120.97,12.0,0.1447229083251953,329.82501220703125,0.04,0.0031529637
AAPL,put,530.0,1.3068493150684932,2028-01-21,267.5,265.0,270.0,253.67,10.0,0.7842123629760743,329.82501220703125,0.04,0.0031529637
AAPL,call,110.0,1.4602739726027398,2028-03-17,228.375,226.0,230.75,228.21,13.0,0.7420069744873046,329.82501220703125,0.04,0.0031529637
AAPL,call,140.0,1.4602739726027398,2028-03-17,200.75,198.5,203.0,208.94,80.0,0.6436192864990236,329.82501220703125,0.04,0.0031529637
AAPL,call,145.0,1.4602739726027398,2028-03-17,196.15,194.0,198.3,181.05,12.0,0.6286963400268556,329.82501220703125,0.04,0.0031529637
AAPL,call,150.0,1.4602739726027398,2028-03-17,191.75,189.5,194.0,199.82,80.0,0.6175575354003908,329.82501220703125,0.04,0.0031529637
AAPL,call,170.0,1.4602739726027398,2028-03-17,173.5,171.5,175.5,181.43,84.0,0.5634198931884766,329.82501220703125,0.04,0.0031529637
AAPL,call,180.0,1.4602739726027398,2028-03-17,165.05,163.15,166.95,173.1,80.0,0.5468184967041017,329.82501220703125,0.04,0.0031529637
AAPL,call,185.0,1.4602739726027398,2028-03-17,160.5,158.5,162.5,171.79,16.0,0.5339707247924804,329.82501220703125,0.04,0.0031529637
AAPL,call,190.0,1.4602739726027398,2028-03-17,156.125,154.65,157.6,163.55,102.0,0.5234880415344239,329.82501220703125,0.04,0.0031529637
AAPL,call,195.0,1.4602739726027398,2028-03-17,151.75,150.0,153.5,156.91,10.0,0.5130053582763672,329.82501220703125,0.04,0.0031529637
AAPL,call,250.0,1.4602739726027398,2028-03-17,106.975,106.0,107.95,106.21,15.0,0.43457596679687505,329.82501220703125,0.04,0.0031529637
AAPL,call,330.0,1.4602739726027398,2028-03-17,55.599999999999994,54.9,56.3,60.55,22.0,0.35682558464050285,329.82501220703125,0.04,0.0031529637
AAPL,call,350.0,1.4602739726027398,2028-03-17,45.675,45.0,46.35,48.24,11.0,0.34298600135803226,329.82501220703125,0.04,0.0031529637
AAPL,call,420.0,1.4602739726027398,2028-03-17,21.275,20.35,22.2,23.5,16.0,0.3136054968261719,329.82501220703125,0.04,0.0031529637
AAPL,call,440.0,1.4602739726027398,2028-03-17,17.075,16.4,17.75,21.63,10.0,0.3083870431518554,329.82501220703125,0.04,0.0031529637
AAPL,call,450.0,1.4602739726027398,2028-03-17,15.3,15.0,15.6,17.6,36.0,0.3042214353942871,329.82501220703125,0.04,0.0031529637
AAPL,call,510.0,1.4602739726027398,2028-03-17,7.6,7.2,8.0,9.87,50.0,0.29740082489013664,329.82501220703125,0.04,0.0031529637
AAPL,call,530.0,1.4602739726027398,2028-03-17,6.1,5.8,6.4,7.97,52.0,0.2960275476074219,329.82501220703125,0.04,0.0031529637
AAPL,call,550.0,1.4602739726027398,2028-03-17,4.825,4.5,5.15,5.38,56.0,0.295356167602539,329.82501220703125,0.04,0.0031529637
AAPL,call,580.0,1.4602739726027398,2028-03-17,3.4,3.15,3.65,4.25,117.0,0.29340306213378897,329.82501220703125,0.04,0.0031529637
AAPL,put,100.0,1.4602739726027398,2028-03-17,0.31,0.1,0.52,0.24,210.0,0.45532771240234376,329.82501220703125,0.04,0.0031529637
AAPL,put,105.0,1.4602739726027398,2028-03-17,0.33499999999999996,0.1,0.57,0.45,30.0,0.44336494140625,329.82501220703125,0.04,0.0031529637
AAPL,put,430.0,1.4602739726027398,2028-03-17,101.75,100.0,103.5,95.78,18.0,0.16733620758056644,329.82501220703125,0.04,0.0031529637
AAPL,put,480.0,1.4602739726027398,2028-03-17,169.5,167.0,172.0,148.0,10.0,0.38638919281005857,329.82501220703125,0.04,0.0031529637
