ticker,kind,strike,expiry,expiry_date,mid,bid,ask,last_price,volume,implied_volatility_yf,S,r,q
GLD,call,370.0,0.0027397260273972603,2026-09-29,8.15,7.75,8.55,8.36,27.0,1.0000000000000003e-05,378.760009765625,0.04065000057220459,0.0
GLD,call,375.0,0.0027397260273972603,2026-09-29,3.925,3.75,4.1,3.8,49.0,0.13868048828125001,378.760009765625,0.04065000057220459,0.0
GLD,call,377.0,0.0027397260273972603,2026-09-29,2.5700000000000003,2.45,2.69,2.39,69.0,0.14917843017578125,378.760009765625,0.04065000057220459,0.0
GLD,call,381.0,0.0027397260273972603,2026-09-29,0.88,0.85,0.91,0.89,455.0,0.16162947753906248,378.760009765625,0.04065000057220459,0.0
GLD,call,382.0,0.0027397260273972603,2026-09-29,0.6399999999999999,0.59,0.69,0.68,482.0,0.16773293212890628,378.760009765625,0.04065000057220459,0.0
GLD,call,384.0,0.0027397260273972603,2026-09-29,0.355,0.33,0.38,0.36,148.0,0.1772543212890625,378.760009765625,0.04065000057220459,0.0
GLD,call,385.0,0.0027397260273972603,2026-09-29,0.26,0.24,0.28,0.27,499.0,0.18164880859375,378.760009765625,0.04065000057220459,0.0
GLD,call,386.0,0.0027397260273972603,2026-09-29,0.195,0.16,0.23,0.17,234.0,0.19190261230468753,378.760009765625,0.04065000057220459,0.0
GLD,call,387.0,0.0027397260273972603,2026-09-29,0.15000000000000002,0.13,0.17,0.16,242.0,0.196297099609375,378.760009765625,0.04065000057220459,0.0
GLD,call,388.0,0.0027397260273972603,2026-09-29,0.115,0.09,0.14,0.09,125.0,0.20508607421874997,378.760009765625,0.04065000057220459,0.0
GLD,call,389.0,0.0027397260273972603,2026-09-29,0.09,0.07,0.11,0.1,77.0,0.21192194335937498,378.760009765625,0.04065000057220459,0.0
GLD,call,390.0,0.0027397260273972603,2026-09-29,0.075,0.06,0.09,0.08,346.0,0.21973436523437498,378.760009765625,0.04065000057220459,0.0
GLD,call,391.0,0.0027397260273972603,2026-09-29,0.065,0.04,0.09,0.07,29.0,0.23535920898437498,378.760009765625,0.04065000057220459,0.0
GLD,call,392.0,0.0027397260273972603,2026-09-29,0.05,0.03,0.07,0.09,22.0,0.24024197265624997,378.760009765625,0.04065000057220459,0.0
GLD,call,393.0,0.0027397260273972603,2026-09-29,0.035,0.03,0.04,0.04,147.0,0.23438265625,378.760009765625,0.04065000057220459,0.0
GLD,call,394.0,0.0027397260273972603,2026-09-29,0.035,0.02,0.05,0.04,14.0,0.25586681640625003,378.760009765625,0.04065000057220459,0.0
GLD,call,395.0,0.0027397260273972603,2026-09-29,0.025,0.01,0.04,0.04,46.0,0.2617261328125,378.760009765625,0.04065000057220459,0.0
GLD,call,396.0,0.0027397260273972603,2026-09-29,0.025,0.02,0.03,0.02,63.0,0.26563234375,378.760009765625,0.04065000057220459,0.0
GLD,call,397.0,0.0027397260273972603,2026-09-29,0.025,0.02,0.03,0.03,12.0,0.27735097656249996,378.760009765625,0.04065000057220459,0.0
GLD,call,398.0,0.0027397260273972603,2026-09-29,0.015,0.01,0.02,0.03,63.0,0.27735097656249996,378.760009765625,0.04065000057220459,0.0
GLD,call,399.0,0.0027397260273972603,2026-09-29,0.015,0.01,0.02,0.01,47.0,0.2890696093749999,378.760009765625,0.04065000057220459,0.0
GLD,call,400.0,0.0027397260273972603,2026-09-29,0.015,0.01,0.02,0.01,50.0,0.3007882421875,378.760009765625,0.04065000057220459,0.0
GLD,call,401.0,0.0027397260273972603,2026-09-29,0.015,0.01,0.02,0.02,61.0,0.31250687499999996,378.760009765625,0.04065000057220459,0.0
GLD,call,407.0,0.0027397260273972603,2026-09-29,0.015,0.01,0.02,0.01,53.0,0.38281867187499996,378.760009765625,0.04065000057220459,0.0
GLD,call,411.0,0.0027397260273972603,2026-09-29,0.015,0.01,0.02,0.02,236.0,0.42969320312500003,378.760009765625,0.04065000057220459,0.0
GLD,put,350.0,0.0027397260273972603,2026-09-29,0.015,0.01,0.02,0.01,41.0,0.42188078125,378.760009765625,0.04065000057220459,0.0
GLD,put,355.0,0.0027397260273972603,2026-09-29,0.04,0.01,0.07,0.07,115.0,0.414068359375,378.760009765625,0.04065000057220459,0.0
GLD,put,360.0,0.0027397260273972603,2026-09-29,0.045,0.03,0.06,0.05,12.0,0.32813171874999997,378.760009765625,0.04065000057220459,0.0
GLD,put,365.0,0.0027397260273972603,2026-09-29,0.095,0.08,0.11,0.1,88.0,0.278327529296875,378.760009765625,0.04065000057220459,0.0
GLD,put,370.0,0.0027397260273972603,2026-09-29,0.24,0.22,0.26,0.22,724.0,0.2329178271484375,378.760009765625,0.04065000057220459,0.0
GLD,put,375.0,0.0027397260273972603,2026-09-29,0.8899999999999999,0.82,0.96,0.92,282.0,0.21411918701171873,378.760009765625,0.04065000057220459,0.0
GLD,put,376.0,0.0027397260273972603,2026-09-29,1.135,1.09,1.18,1.13,209.0,0.20655090332031245,378.760009765625,0.04065000057220459,0.0
GLD,put,377.0,0.0027397260273972603,2026-09-29,1.525,1.43,1.62,1.55,170.0,0.2148516015625,378.760009765625,0.04065000057220459,0.0
GLD,put,378.0,0.0027397260273972603,2026-09-29,1.915,1.87,1.96,1.97,453.0,0.20764952514648435,378.760009765625,0.04065000057220459,0.0
GLD,put,379.0,0.0027397260273972603,2026-09-29,2.5300000000000002,2.4,2.66,2.35,170.0,0.2268143725585937,378.760009765625,0.04065000057220459,0.0
GLD,put,380.0,0.0027397260273972603,2026-09-29,3.08,2.96,3.2,3.0,319.0,0.2260819580078125,378.760009765625,0.04065000057220459,0.0
GLD,put,381.0,0.0027397260273972603,2026-09-29,3.875,3.65,4.1,4.04,43.0,0.25318129638671877,378.760009765625,0.04065000057220459,0.0
GLD,put,382.0,0.0027397260273972603,2026-09-29,4.6,4.4,4.8,4.93,15.0,0.257819921875,378.760009765625,0.04065000057220459,0.0
GLD,put,383.0,0.0027397260273972603,2026-09-29,5.4,5.15,5.65,5.77,43.0,0.273444765625,378.760009765625,0.04065000057220459,0.0
GLD,put,384.0,0.0027397260273972603,2026-09-29,6.3,6.05,6.55,6.4,19.0,0.29175512939453113,378.760009765625,0.04065000057220459,0.0
GLD,put,385.0,0.0027397260273972603,2026-09-29,7.225,7.05,7.4,7.02,148.0,0.30225307128906254,378.760009765625,0.04065000057220459,0.0
GLD,put,386.0,0.0027397260273972603,2026-09-29,8.15,7.9,8.4,8.08,49.0,0.3283758569335937,378.760009765625,0.04065000057220459,0.0
GLD,put,387.0,0.0027397260273972603,2026-09-29,9.125,8.85,9.4,9.45,18.0,0.3537662280273437,378.760009765625,0.04065000057220459,0.0
GLD,put,388.0,0.0027397260273972603,2026-09-29,10.05,9.8,10.3,10.03,42.0,0.3657289990234375,378.760009765625,0.04065000057220459,0.0
GLD,put,389.0,0.0027397260273972603,2026-09-29,11.1,10.75,11.45,11.13,33.0,0.40918559570312496,378.760009765625,0.04065000057220459,0.0
GLD,put,390.0,0.0027397260273972603,2026-09-29,12.175,11.8,12.55,12.22,33.0,0.446294599609375,378.760009765625,0.04065000057220459,0.0
GLD,put,392.0,0.0027397260273972603,2026-09-29,14.225,13.75,14.7,13.86,15.0,0.5134326000976561,378.760009765625,0.04065000057220459,0.0
GLD,put,393.0,0.0027397260273972603,2026-09-29,15.2,14.75,15.65,14.99,34.0,0.5300339965820313,378.760009765625,0.04065000057220459,0.0
GLD,put,394.0,0.0027397260273972603,2026-09-29,16.15,15.5,16.8,16.34,26.0,0.5734905932617188,378.760009765625,0.04065000057220459,0.0
GLD,put,395.0,0.0027397260273972603,2026-09-29,17.225,16.7,17.75,15.75,19.0,0.5112353564453125,378.760009765625,0.04065000057220459,0.0
GLD,put,400.0,0.0027397260273972603,2026-09-29,22.3,21.75,22.85,22.3,14.0,0.6259803027343751,378.760009765625,0.04065000057220459,0.0
GLD,put,406.0,0.0027397260273972603,2026-09-29,28.200000000000003,27.55,28.85,9.52,24.0,0.7231472998046875,378.760009765625,0.04065000057220459,0.0
GLD,put,414.0,0.0027397260273972603,2026-09-29,36.175,35.4,36.95,36.19,20.0,0.86132951171875,378.760009765625,0.04065000057220459,0.0
GLD,call,320.0,0.005479452054794521,2026-09-30,57.95,57.25,58.65,79.2,11.0,1.0000000000000003e-05,378.760009765625,0.04065000057220459,0.0
GLD,call,331.0,0.005479452054794521,2026-09-30,47.125,46.3,47.95,73.3,100.0,0.73633076171875,378.760009765625,0.04065000057220459,0.0
GLD,call,336.0,0.005479452054794521,2026-09-30,134.625,132.85,136.4,100.85,20.0,8.907475135955808,378.760009765625,0.04065000057220459,0.0
GLD,call,350.0,0.005479452054794521,2026-09-30,27.925,27.3,28.55,28.24,17.0,1.0000000000000003e-05,378.760009765625,0.04065000057220459,0.0
GLD,call,369.0,0.005479452054794521,2026-09-30,9.525,9.25,9.8,9.57,54.0,0.14258669921875,378.760009765625,0.04065000057220459,0.0
GLD,call,370.0,0.005479452054794521,2026-09-30,8.6,8.35,8.85,8.17,49.0,0.15039912109375003,378.760009765625,0.04065000057220459,0.0
GLD,call,376.0,0.005479452054794521,2026-09-30,3.925,3.75,4.1,3.86,13.0,0.18164880859375,378.760009765625,0.04065000057220459,0.0
GLD,call,377.0,0.005479452054794521,2026-09-30,3.325,3.2,3.45,3.15,454.0,0.18079432495117187,378.760009765625,0.04065000057220459,0.0
GLD,call,378.0,0.005479452054794521,2026-09-30,2.735,2.69,2.78,2.77,173.0,0.1739584558105469,378.760009765625,0.04065000057220459,0.0
GLD,call,379.0,0.005479452054794521,2026-09-30,2.3,2.21,2.39,2.3,72.0,0.1829915686035156,378.760009765625,0.04065000057220459,0.0
GLD,call,380.0,0.005479452054794521,2026-09-30,1.855,1.82,1.89,1.82,1731.0,0.17932949584960936,378.760009765625,0.04065000057220459,0.0
GLD,call,381.0,0.005479452054794521,2026-09-30,1.5150000000000001,1.48,1.55,1.52,106.0,0.1828694995117187,378.760009765625,0.04065000057220459,0.0
GLD,call,382.0,0.005479452054794521,2026-09-30,1.205,1.18,1.23,1.22,101.0,0.18360191406249998,378.760009765625,0.04065000057220459,0.0
GLD,call,383.0,0.005479452054794521,2026-09-30,0.97,0.95,0.99,0.96,374.0,0.18677571044921876,378.760009765625,0.04065000057220459,0.0
GLD,call,384.0,0.005479452054794521,2026-09-30,0.765,0.74,0.79,0.8,33.0,0.18970536865234378,378.760009765625,0.04065000057220459,0.0
GLD,call,385.0,0.005479452054794521,2026-09-30,0.615,0.58,0.65,0.6,524.0,0.19507640869140624,378.760009765625,0.04065000057220459,0.0
GLD,call,386.0,0.005479452054794521,2026-09-30,0.495,0.44,0.55,0.52,40.0,0.2024005541992187,378.760009765625,0.04065000057220459,0.0
GLD,call,387.0,0.005479452054794521,2026-09-30,0.395,0.37,0.42,0.4,66.0,0.20288883056640622,378.760009765625,0.04065000057220459,0.0
GLD,call,388.0,0.005479452054794521,2026-09-30,0.32,0.3,0.34,0.33,53.0,0.20728331787109372,378.760009765625,0.04065000057220459,0.0
GLD,call,389.0,0.005479452054794521,2026-09-30,0.265,0.24,0.29,0.28,25.0,0.21436332519531248,378.760009765625,0.04065000057220459,0.0
GLD,call,390.0,0.005479452054794521,2026-09-30,0.22499999999999998,0.21,0.24,0.21,1668.0,0.21949022705078125,378.760009765625,0.04065000057220459,0.0
GLD,call,391.0,0.005479452054794521,2026-09-30,0.185,0.16,0.21,0.16,39.0,0.22705851074218747,378.760009765625,0.04065000057220459,0.0
GLD,call,392.0,0.005479452054794521,2026-09-30,0.16,0.14,0.18,0.15,26.0,0.233406103515625,378.760009765625,0.04065000057220459,0.0
GLD,call,393.0,0.005479452054794521,2026-09-30,0.14,0.12,0.16,0.16,21.0,0.241218525390625,378.760009765625,0.04065000057220459,0.0
GLD,call,394.0,0.005479452054794521,2026-09-30,0.12000000000000001,0.1,0.14,0.1,106.0,0.24805439453125,378.760009765625,0.04065000057220459,0.0
GLD,call,395.0,0.005479452054794521,2026-09-30,0.1,0.09,0.11,0.09,108.0,0.2500075,378.760009765625,0.04065000057220459,0.0
GLD,call,396.0,0.005479452054794521,2026-09-30,0.09,0.07,0.11,0.11,13.0,0.26270268554687504,378.760009765625,0.04065000057220459,0.0
GLD,call,397.0,0.005479452054794521,2026-09-30,0.08,0.06,0.1,0.08,17.0,0.270515107421875,378.760009765625,0.04065000057220459,0.0
GLD,call,398.0,0.005479452054794521,2026-09-30,0.07,0.05,0.09,0.06,17.0,0.27735097656249996,378.760009765625,0.04065000057220459,0.0
GLD,call,399.0,0.005479452054794521,2026-09-30,0.065,0.04,0.09,0.07,37.0,0.2890696093749999,378.760009765625,0.04065000057220459,0.0
GLD,call,400.0,0.005479452054794521,2026-09-30,0.060000000000000005,0.05,0.07,0.07,794.0,0.2890696093749999,378.760009765625,0.04065000057220459,0.0
GLD,call,401.0,0.005479452054794521,2026-09-30,0.05,0.03,0.07,0.06,10.0,0.3007882421875,378.760009765625,0.04065000057220459,0.0
GLD,call,402.0,0.005479452054794521,2026-09-30,0.045,0.03,0.06,0.04,11.0,0.304694453125,378.760009765625,0.04065000057220459,0.0
GLD,call,405.0,0.005479452054794521,2026-09-30,0.04,0.03,0.05,0.03,80.0,0.32813171874999997,378.760009765625,0.04065000057220459,0.0
GLD,call,408.0,0.005479452054794521,2026-09-30,0.02,0.01,0.03,0.03,31.0,0.33789724609375,378.760009765625,0.04065000057220459,0.0
GLD,call,409.0,0.005479452054794521,2026-09-30,0.02,0.01,0.03,0.02,51.0,0.34766277343749996,378.760009765625,0.04065000057220459,0.0
GLD,call,410.0,0.005479452054794521,2026-09-30,0.02,0.01,0.03,0.02,33.0,0.35742830078125,378.760009765625,0.04065000057220459,0.0
GLD,call,411.0,0.005479452054794521,2026-09-30,0.015,0.01,0.02,0.02,10.0,0.35156898437499995,378.760009765625,0.04065000057220459,0.0
GLD,call,412.0,0.005479452054794521,2026-09-30,0.02,0.01,0.03,0.02,14.0,0.37500625,378.760009765625,0.04065000057220459,0.0
GLD,call,415.0,0.005479452054794521,2026-09-30,0.015,0.01,0.02,0.02,66.0,0.38672488281249995,378.760009765625,0.04065000057220459,0.0
GLD,call,425.0,0.005479452054794521,2026-09-30,0.015,0.01,0.02,0.01,63.0,0.476567734375,378.760009765625,0.04065000057220459,0.0
GLD,put,332.0,0.005479452054794521,2026-09-30,0.025,0.01,0.04,0.13,14.0,0.5546919531250001,378.760009765625,0.04065000057220459,0.0
GLD,put,344.0,0.005479452054794521,2026-09-30,0.030000000000000002,0.01,0.05,0.03,17.0,0.45508357421875,378.760009765625,0.04065000057220459,0.0
GLD,put,349.0,0.005479452054794521,2026-09-30,0.05,0.03,0.07,0.05,30.0,0.414068359375,378.760009765625,0.04065000057220459,0.0
GLD,put,350.0,0.005479452054794521,2026-09-30,0.045,0.03,0.06,0.04,14.0,0.39258419921875,378.760009765625,0.04065000057220459,0.0
GLD,put,354.0,0.005479452054794521,2026-09-30,0.065,0.05,0.08,0.03,13.0,0.35742830078125,378.760009765625,0.04065000057220459,0.0
GLD,put,355.0,0.005479452054794521,2026-09-30,0.07,0.05,0.09,0.09,30.0,0.35156898437499995,378.760009765625,0.04065000057220459,0.0
GLD,put,360.0,0.005479452054794521,2026-09-30,0.115,0.1,0.13,0.11,232.0,0.30371790039062496,378.760009765625,0.04065000057220459,0.0
GLD,put,361.0,0.005479452054794521,2026-09-30,0.135,0.12,0.15,0.12,15.0,0.2978585839843749,378.760009765625,0.04065000057220459,0.0
GLD,put,365.0,0.005479452054794521,2026-09-30,0.22999999999999998,0.21,0.25,0.21,18.0,0.26758544921875,378.760009765625,0.04065000057220459,0.0
GLD,put,366.0,0.005479452054794521,2026-09-30,0.28,0.23,0.33,0.31,13.0,0.2690502783203125,378.760009765625,0.04065000057220459,0.0
GLD,put,368.0,0.005479452054794521,2026-09-30,0.4,0.35,0.45,0.39,28.0,0.25659923095703124,378.760009765625,0.04065000057220459,0.0
GLD,put,369.0,0.005479452054794521,2026-09-30,0.485,0.43,0.54,0.5,35.0,0.25220474365234374,378.760009765625,0.04065000057220459,0.0
GLD,put,370.0,0.005479452054794521,2026-09-30,0.55,0.53,0.57,0.56,294.0,0.23780059082031246,378.760009765625,0.04065000057220459,0.0
GLD,put,371.0,0.005479452054794521,2026-09-30,0.69,0.63,0.75,0.69,27.0,0.2406081799316406,378.760009765625,0.04065000057220459,0.0
GLD,put,372.0,0.005479452054794521,2026-09-30,0.8400000000000001,0.78,0.9,0.8,44.0,0.23633576171874998,378.760009765625,0.04065000057220459,0.0
GLD,put,373.0,0.005479452054794521,2026-09-30,1.0150000000000001,0.95,1.08,1.02,176.0,0.23242955078125,378.760009765625,0.04065000057220459,0.0
GLD,put,374.0,0.005479452054794521,2026-09-30,1.22,1.19,1.25,1.3,1789.0,0.22473919799804684,378.760009765625,0.04065000057220459,0.0
GLD,put,375.0,0.005479452054794521,2026-09-30,1.495,1.46,1.53,1.5,405.0,0.22364057617187497,378.760009765625,0.04065000057220459,0.0
GLD,put,376.0,0.005479452054794521,2026-09-30,1.8399999999999999,1.75,1.93,1.92,113.0,0.22840127075195313,378.760009765625,0.04065000057220459,0.0
GLD,put,377.0,0.005479452054794521,2026-09-30,2.215,2.18,2.25,2.27,648.0,0.22315229980468748,378.760009765625,0.04065000057220459,0.0
GLD,put,378.0,0.005479452054794521,2026-09-30,2.6100000000000003,2.56,2.66,2.94,337.0,0.2210771252441406,378.760009765625,0.04065000057220459,0.0
GLD,put,379.0,0.005479452054794521,2026-09-30,3.15,3.05,3.25,3.1,87.0,0.22827920166015625,378.760009765625,0.04065000057220459,0.0
GLD,put,380.0,0.005479452054794521,2026-09-30,3.75,3.6,3.9,3.76,1726.0,0.23633576171874998,378.760009765625,0.04065000057220459,0.0
GLD,put,381.0,0.005479452054794521,2026-09-30,4.425,4.25,4.6,4.53,107.0,0.24463645996093752,378.760009765625,0.04065000057220459,0.0
GLD,put,382.0,0.005479452054794521,2026-09-30,5.050000000000001,4.9,5.2,5.6,17.0,0.242195078125,378.760009765625,0.04065000057220459,0.0
GLD,put,383.0,0.005479452054794521,2026-09-30,5.875,5.65,6.1,5.88,22.0,0.26050544189453123,378.760009765625,0.04065000057220459,0.0
GLD,put,384.0,0.005479452054794521,2026-09-30,6.675000000000001,6.45,6.9,4.3,25.0,0.26868407104492187,378.760009765625,0.04065000057220459,0.0
GLD,put,385.0,0.005479452054794521,2026-09-30,7.5,7.3,7.7,7.67,272.0,0.274421318359375,378.760009765625,0.04065000057220459,0.0
GLD,put,386.0,0.005479452054794521,2026-09-30,8.45,8.25,8.65,8.51,220.0,0.2921213366699218,378.760009765625,0.04065000057220459,0.0
GLD,put,387.0,0.005479452054794521,2026-09-30,9.325,9.05,9.6,7.9,73.0,0.3087227331542969,378.760009765625,0.04065000057220459,0.0
GLD,put,388.0,0.005479452054794521,2026-09-30,10.225,10.0,10.45,9.97,58.0,0.3142158422851562,378.760009765625,0.04065000057220459,0.0
GLD,put,389.0,0.005479452054794521,2026-09-30,11.225,10.95,11.5,11.14,35.0,0.3394841442871094,378.760009765625,0.04065000057220459,0.0
GLD,put,390.0,0.005479452054794521,2026-09-30,12.149999999999999,11.85,12.45,12.28,111.0,0.3536441589355468,378.760009765625,0.04065000057220459,0.0
GLD,put,392.0,0.005479452054794521,2026-09-30,14.075,13.75,14.4,14.46,22.0,0.3857483300781249,378.760009765625,0.04065000057220459,0.0
GLD,put,393.0,0.005479452054794521,2026-09-30,15.2,14.8,15.6,14.83,66.0,0.4272518212890626,378.760009765625,0.04065000057220459,0.0
GLD,put,394.0,0.005479452054794521,2026-09-30,16.025,15.8,16.25,16.45,40.0,0.40332627929687503,378.760009765625,0.04065000057220459,0.0
GLD,put,395.0,0.005479452054794521,2026-09-30,17.225,16.8,17.65,17.15,43.0,0.46973186523437505,378.760009765625,0.04065000057220459,0.0
GLD,put,396.0,0.005479452054794521,2026-09-30,18.2,17.65,18.75,18.48,13.0,0.4996387927246094,378.760009765625,0.04065000057220459,0.0
GLD,put,400.0,0.005479452054794521,2026-09-30,22.05,21.85,22.25,22.07,25.0,0.5041553491210937,378.760009765625,0.04065000057220459,0.0
GLD,put,401.0,0.005479452054794521,2026-09-30,23.175,22.6,23.75,22.5,10.0,0.5090381127929688,378.760009765625,0.04065000057220459,0.0
GLD,put,405.0,0.005479452054794521,2026-09-30,27.15,26.7,27.6,27.38,12.0,0.5668988623046876,378.760009765625,0.04065000057220459,0.0
GLD,put,410.0,0.005479452054794521,2026-09-30,32.175,31.65,32.7,29.35,30.0,0.6457554956054687,378.760009765625,0.04065000057220459,0.0
GLD,put,420.0,0.005479452054794521,2026-09-30,42.275000000000006,41.7,42.85,27.0,60.0,0.8061542822265625,378.760009765625,0.04065000057220459,0.0
GLD,put,423.0,0.005479452054794521,2026-09-30,45.25,44.65,45.85,29.4,751.0,0.8422867333984375,378.760009765625,0.04065000057220459,0.0
GLD,put,425.0,0.005479452054794521,2026-09-30,47.275000000000006,46.7,47.85,27.4,113.0,0.8742688354492187,378.760009765625,0.04065000057220459,0.0
GLD,put,435.0,0.005479452054794521,2026-09-30,57.25,56.7,57.8,41.8,55.0,0.9995117236328125,378.760009765625,0.04065000057220459,0.0
GLD,put,445.0,0.005479452054794521,2026-09-30,67.175,66.6,67.75,51.42,23.0,1.1049849438476564,378.760009765625,0.04065000057220459,0.0
GLD,put,465.0,0.005479452054794521,2026-09-30,41.0,40.4,41.6,92.85,120.0,1.0000000000000003e-05,378.760009765625,0.04065000057220459,0.0
GLD,put,510.0,0.005479452054794521,2026-09-30,83.4,81.5,85.3,138.84,14.0,1.0000000000000003e-05,378.760009765625,0.04065000057220459,0.0
GLD,put,560.0,0.005479452054794521,2026-09-30,133.3,131.15,135.45,188.83,14.0,1.0000000000000003e-05,378.760009765625,0.04065000057220459,0.0
GLD,call,385.0,0.00821917808219178,2026-10-01,0.99,0.94,1.04,0.94,148.0,0.20386538330078124,378.760009765625,0.04065000057220459,0.0
GLD,call,386.0,0.00821917808219178,2026-10-01,0.81,0.74,0.88,0.87,16.0,0.20764952514648435,378.760009765625,0.04065000057220459,0.0
GLD,call,388.0,0.00821917808219178,2026-10-01,0.5800000000000001,0.53,0.63,0.62,22.0,0.2153398779296875,378.760009765625,0.04065000057220459,0.0
GLD,call,390.0,0.00821917808219178,2026-10-01,0.405,0.38,0.43,0.4,97.0,0.2199785034179687,378.760009765625,0.04065000057220459,0.0
GLD,call,391.0,0.00821917808219178,2026-10-01,0.35,0.31,0.39,0.4,101.0,0.2280350634765625,378.760009765625,0.04065000057220459,0.0
GLD,call,393.0,0.00821917808219178,2026-10-01,0.31,0.23,0.39,0.37,114.0,0.2546461254882813,378.760009765625,0.04065000057220459,0.0
GLD,call,395.0,0.00821917808219178,2026-10-01,0.195,0.17,0.22,0.19,27.0,0.247077841796875,378.760009765625,0.04065000057220459,0.0
GLD,call,396.0,0.00821917808219178,2026-10-01,0.16999999999999998,0.15,0.19,0.16,11.0,0.2514723291015625,378.760009765625,0.04065000057220459,0.0
GLD,call,400.0,0.00821917808219178,2026-10-01,0.11,0.1,0.12,0.12,57.0,0.27295648925781246,378.760009765625,0.04065000057220459,0.0
GLD,call,403.0,0.00821917808219178,2026-10-01,0.075,0.06,0.09,0.07,30.0,0.29004616210937495,378.760009765625,0.04065000057220459,0.0
GLD,call,405.0,0.00821917808219178,2026-10-01,0.07,0.06,0.08,0.07,57.0,0.304694453125,378.760009765625,0.04065000057220459,0.0
GLD,call,410.0,0.00821917808219178,2026-10-01,0.045,0.03,0.06,0.03,14.0,0.33789724609375,378.760009765625,0.04065000057220459,0.0
GLD,call,413.0,0.00821917808219178,2026-10-01,0.04,0.02,0.06,0.18,50.0,0.3632876171875,378.760009765625,0.04065000057220459,0.0
GLD,call,415.0,0.00821917808219178,2026-10-01,0.02,0.01,0.03,0.03,20.0,0.35156898437499995,378.760009765625,0.04065000057220459,0.0
GLD,call,420.0,0.00821917808219178,2026-10-01,0.02,0.01,0.03,0.05,10.0,0.39063109375,378.760009765625,0.04065000057220459,0.0
GLD,put,360.0,0.00821917808219178,2026-10-01,0.23,0.2,0.26,0.23,27.0,0.3002999658203125,378.760009765625,0.04065000057220459,0.0
GLD,put,365.0,0.00821917808219178,2026-10-01,0.42000000000000004,0.38,0.46,0.42,29.0,0.26856200195312496,378.760009765625,0.04065000057220459,0.0
GLD,put,370.0,0.00821917808219178,2026-10-01,0.895,0.86,0.93,0.9,169.0,0.24378197631835938,378.760009765625,0.04065000057220459,0.0
GLD,put,375.0,0.00821917808219178,2026-10-01,2.0300000000000002,2.0,2.06,2.04,741.0,0.2309647216796875,378.760009765625,0.04065000057220459,0.0
GLD,put,377.0,0.00821917808219178,2026-10-01,2.74,2.62,2.86,2.91,183.0,0.23279575805664063,378.760009765625,0.04065000057220459,0.0
GLD,put,378.0,0.00821917808219178,2026-10-01,3.175,3.05,3.3,3.28,263.0,0.23206334350585936,378.760009765625,0.04065000057220459,0.0
GLD,put,379.0,0.00821917808219178,2026-10-01,3.7249999999999996,3.55,3.9,3.4,39.0,0.2387771435546875,378.760009765625,0.04065000057220459,0.0
GLD,put,380.0,0.00821917808219178,2026-10-01,4.275,4.1,4.45,4.16,62.0,0.23975369628906246,378.760009765625,0.04065000057220459,0.0
GLD,put,381.0,0.00821917808219178,2026-10-01,4.9,4.7,5.1,5.0,56.0,0.24439232177734377,378.760009765625,0.04065000057220459,0.0
GLD,put,385.0,0.00821917808219178,2026-10-01,7.875,7.65,8.1,7.3,126.0,0.26807372558593745,378.760009765625,0.04065000057220459,0.0
GLD,put,388.0,0.00821917808219178,2026-10-01,10.45,10.2,10.7,9.86,37.0,0.29395237304687494,378.760009765625,0.04065000057220459,0.0
GLD,put,390.0,0.00821917808219178,2026-10-01,12.3,12.0,12.6,12.43,16.0,0.32019722778320303,378.760009765625,0.04065000057220459,0.0
GLD,put,392.0,0.00821917808219178,2026-10-01,14.2,13.9,14.5,14.08,14.0,0.34400070068359373,378.760009765625,0.04065000057220459,0.0
GLD,call,340.0,0.010958904109589041,2026-10-02,38.625,38.15,39.1,53.13,14.0,0.5219774365234374,378.760009765625,0.04065000057220459,0.0
GLD,call,359.0,0.010958904109589041,2026-10-02,19.575000000000003,19.3,19.85,34.85,23.0,0.231452998046875,378.760009765625,0.04065000057220459,0.0
GLD,call,370.0,0.010958904109589041,2026-10-02,9.6,9.35,9.85,9.25,22.0,0.23157506713867188,378.760009765625,0.04065000057220459,0.0
GLD,call,373.0,0.010958904109589041,2026-10-02,7.275,7.05,7.5,7.3,10.0,0.22632609619140626,378.760009765625,0.04065000057220459,0.0
GLD,call,375.0,0.010958904109589041,2026-10-02,5.9,5.75,6.05,6.05,138.0,0.22071091796874998,378.760009765625,0.04065000057220459,0.0
GLD,call,376.0,0.010958904109589041,2026-10-02,5.35,5.2,5.5,18.19,10.0,0.22522747436523435,378.760009765625,0.04065000057220459,0.0
GLD,call,377.0,0.010958904109589041,2026-10-02,4.725,4.6,4.85,4.75,151.0,0.22144333251953124,378.760009765625,0.04065000057220459,0.0
GLD,call,378.0,0.010958904109589041,2026-10-02,4.199999999999999,4.1,4.3,4.13,101.0,0.2211991943359375,378.760009765625,0.04065000057220459,0.0
GLD,call,379.0,0.010958904109589041,2026-10-02,3.7,3.6,3.8,3.65,180.0,0.22150436706542967,378.760009765625,0.04065000057220459,0.0
GLD,call,380.0,0.010958904109589041,2026-10-02,3.2750000000000004,3.2,3.35,3.2,797.0,0.22235885070800776,378.760009765625,0.04065000057220459,0.0
GLD,call,381.0,0.010958904109589041,2026-10-02,2.8200000000000003,2.73,2.91,2.88,167.0,0.22144333251953124,378.760009765625,0.04065000057220459,0.0
GLD,call,382.0,0.010958904109589041,2026-10-02,2.445,2.36,2.53,2.48,111.0,0.22180953979492185,378.760009765625,0.04065000057220459,0.0
GLD,call,383.0,0.010958904109589041,2026-10-02,2.14,2.08,2.2,2.12,60.0,0.22290816162109373,378.760009765625,0.04065000057220459,0.0
GLD,call,384.0,0.010958904109589041,2026-10-02,1.825,1.76,1.89,1.8,92.0,0.2230302307128906,378.760009765625,0.04065000057220459,0.0
GLD,call,385.0,0.010958904109589041,2026-10-02,1.58,1.55,1.61,1.57,2012.0,0.22290816162109373,378.760009765625,0.04065000057220459,0.0
GLD,call,386.0,0.010958904109589041,2026-10-02,1.355,1.29,1.42,1.37,75.0,0.2269364416503906,378.760009765625,0.04065000057220459,0.0
GLD,call,387.0,0.010958904109589041,2026-10-02,1.1749999999999998,1.14,1.21,1.17,516.0,0.22766885620117186,378.760009765625,0.04065000057220459,0.0
GLD,call,388.0,0.010958904109589041,2026-10-02,1.0150000000000001,0.97,1.06,1.0,315.0,0.23120885986328127,378.760009765625,0.04065000057220459,0.0
GLD,call,389.0,0.010958904109589041,2026-10-02,0.865,0.84,0.89,0.93,307.0,0.23120885986328127,378.760009765625,0.04065000057220459,0.0
GLD,call,390.0,0.010958904109589041,2026-10-02,0.75,0.73,0.77,0.74,2127.0,0.23413851806640623,378.760009765625,0.04065000057220459,0.0
GLD,call,391.0,0.010958904109589041,2026-10-02,0.6599999999999999,0.63,0.69,0.71,249.0,0.23938748901367185,378.760009765625,0.04065000057220459,0.0
GLD,call,392.0,0.010958904109589041,2026-10-02,0.56,0.52,0.6,0.58,78.0,0.24243921630859372,378.760009765625,0.04065000057220459,0.0
GLD,call,393.0,0.010958904109589041,2026-10-02,0.485,0.46,0.51,0.49,158.0,0.24390404541015626,378.760009765625,0.04065000057220459,0.0
GLD,call,394.0,0.010958904109589041,2026-10-02,0.435,0.39,0.48,0.45,57.0,0.25220474365234374,378.760009765625,0.04065000057220459,0.0
GLD,call,395.0,0.010958904109589041,2026-10-02,0.365,0.35,0.38,0.37,589.0,0.24927508544921873,378.760009765625,0.04065000057220459,0.0
GLD,call,396.0,0.010958904109589041,2026-10-02,0.32999999999999996,0.31,0.35,0.33,49.0,0.25586681640625003,378.760009765625,0.04065000057220459,0.0
GLD,call,397.0,0.010958904109589041,2026-10-02,0.30000000000000004,0.26,0.34,0.3,29.0,0.2651440673828125,378.760009765625,0.04065000057220459,0.0
GLD,call,398.0,0.010958904109589041,2026-10-02,0.265,0.23,0.3,0.28,259.0,0.26856200195312496,378.760009765625,0.04065000057220459,0.0
GLD,call,399.0,0.010958904109589041,2026-10-02,0.24,0.21,0.27,0.23,66.0,0.27295648925781246,378.760009765625,0.04065000057220459,0.0
GLD,call,400.0,0.010958904109589041,2026-10-02,0.21000000000000002,0.2,0.22,0.21,5102.0,0.2722240747070312,378.760009765625,0.04065000057220459,0.0
GLD,call,401.0,0.010958904109589041,2026-10-02,0.18,0.16,0.2,0.19,80.0,0.27735097656249996,378.760009765625,0.04065000057220459,0.0
GLD,call,402.0,0.010958904109589041,2026-10-02,0.16999999999999998,0.15,0.19,0.17,77.0,0.2841868457031249,378.760009765625,0.04065000057220459,0.0
GLD,call,403.0,0.010958904109589041,2026-10-02,0.15000000000000002,0.13,0.17,0.16,259.0,0.2880930566406249,378.760009765625,0.04065000057220459,0.0
GLD,call,404.0,0.010958904109589041,2026-10-02,0.135,0.12,0.15,0.14,204.0,0.2910227148437499,378.760009765625,0.04065000057220459,0.0
GLD,call,405.0,0.010958904109589041,2026-10-02,0.12,0.11,0.13,0.12,2245.0,0.2929758203124999,378.760009765625,0.04065000057220459,0.0
GLD,call,406.0,0.010958904109589041,2026-10-02,0.115,0.1,0.13,0.11,50.0,0.30225307128906254,378.760009765625,0.04065000057220459,0.0
GLD,call,407.0,0.010958904109589041,2026-10-02,0.1,0.09,0.11,0.11,742.0,0.30274134765625,378.760009765625,0.04065000057220459,0.0
GLD,call,408.0,0.010958904109589041,2026-10-02,0.1,0.09,0.11,0.1,439.0,0.31153032226562494,378.760009765625,0.04065000057220459,0.0
GLD,call,409.0,0.010958904109589041,2026-10-02,0.085,0.07,0.1,0.08,838.0,0.3154365332031249,378.760009765625,0.04065000057220459,0.0
GLD,call,410.0,0.010958904109589041,2026-10-02,0.08,0.07,0.09,0.08,321.0,0.3193427441406249,378.760009765625,0.04065000057220459,0.0
GLD,call,411.0,0.010958904109589041,2026-10-02,0.07,0.06,0.08,0.08,47.0,0.32227240234374993,378.760009765625,0.04065000057220459,0.0
GLD,call,412.0,0.010958904109589041,2026-10-02,0.07,0.06,0.08,0.08,22.0,0.33008482421874996,378.760009765625,0.04065000057220459,0.0
GLD,call,413.0,0.010958904109589041,2026-10-02,0.065,0.05,0.08,0.06,80.0,0.33789724609375,378.760009765625,0.04065000057220459,0.0
GLD,call,414.0,0.010958904109589041,2026-10-02,0.065,0.05,0.08,0.05,107.0,0.34668622070312494,378.760009765625,0.04065000057220459,0.0
GLD,call,415.0,0.010958904109589041,2026-10-02,0.05500000000000001,0.04,0.07,0.06,156.0,0.34766277343749996,378.760009765625,0.04065000057220459,0.0
GLD,call,416.0,0.010958904109589041,2026-10-02,0.07,0.04,0.1,0.08,51.0,0.37402969726562496,378.760009765625,0.04065000057220459,0.0
GLD,call,417.0,0.010958904109589041,2026-10-02,0.05,0.04,0.06,0.04,368.0,0.35645174804687496,378.760009765625,0.04065000057220459,0.0
GLD,call,420.0,0.010958904109589041,2026-10-02,0.04,0.03,0.05,0.04,71.0,0.3711000390625,378.760009765625,0.04065000057220459,0.0
GLD,call,422.0,0.010958904109589041,2026-10-02,0.04,0.03,0.05,0.04,17.0,0.38672488281249995,378.760009765625,0.04065000057220459,0.0
GLD,call,424.0,0.010958904109589041,2026-10-02,0.030000000000000002,0.01,0.05,0.03,47.0,0.40039662109375,378.760009765625,0.04065000057220459,0.0
GLD,call,426.0,0.010958904109589041,2026-10-02,0.02,0.01,0.03,0.05,31.0,0.39063109375,378.760009765625,0.04065000057220459,0.0
GLD,call,430.0,0.010958904109589041,2026-10-02,0.02,0.01,0.03,0.02,18.0,0.41797457031249996,378.760009765625,0.04065000057220459,0.0
GLD,call,440.0,0.010958904109589041,2026-10-02,0.02,0.01,0.03,0.02,14.0,0.48438015625,378.760009765625,0.04065000057220459,0.0
GLD,call,445.0,0.010958904109589041,2026-10-02,0.02,0.01,0.03,0.02,33.0,0.51758294921875,378.760009765625,0.04065000057220459,0.0
GLD,put,290.0,0.010958904109589041,2026-10-02,0.02,0.01,0.03,0.02,57.0,0.8007832421875,378.760009765625,0.04065000057220459,0.0
GLD,put,330.0,0.010958904109589041,2026-10-02,0.04,0.03,0.05,0.04,25.0,0.48438015625,378.760009765625,0.04065000057220459,0.0
GLD,put,345.0,0.010958904109589041,2026-10-02,0.105,0.09,0.12,0.12,50.0,0.387701435546875,378.760009765625,0.04065000057220459,0.0
GLD,put,346.0,0.010958904109589041,2026-10-02,0.10500000000000001,0.08,0.13,0.09,36.0,0.38281867187499996,378.760009765625,0.04065000057220459,0.0
GLD,put,348.0,0.010958904109589041,2026-10-02,0.13,0.11,0.15,0.11,13.0,0.370123486328125,378.760009765625,0.04065000057220459,0.0
GLD,put,349.0,0.010958904109589041,2026-10-02,0.135,0.11,0.16,0.12,39.0,0.3632876171875,378.760009765625,0.04065000057220459,0.0
GLD,put,350.0,0.010958904109589041,2026-10-02,0.14500000000000002,0.12,0.17,0.14,166.0,0.35596347167968745,378.760009765625,0.04065000057220459,0.0
GLD,put,351.0,0.010958904109589041,2026-10-02,0.175,0.13,0.22,0.16,15.0,0.36133451171875,378.760009765625,0.04065000057220459,0.0
GLD,put,352.0,0.010958904109589041,2026-10-02,0.185,0.14,0.23,0.21,14.0,0.3530338134765625,378.760009765625,0.04065000057220459,0.0
GLD,put,353.0,0.010958904109589041,2026-10-02,0.20500000000000002,0.15,0.26,0.14,10.0,0.34961587890624996,378.760009765625,0.04065000057220459,0.0
GLD,put,354.0,0.010958904109589041,2026-10-02,0.21000000000000002,0.17,0.25,0.21,12.0,0.3354558642578125,378.760009765625,0.04065000057220459,0.0
GLD,put,355.0,0.010958904109589041,2026-10-02,0.225,0.2,0.25,0.23,192.0,0.3242255078124999,378.760009765625,0.04065000057220459,0.0
GLD,put,356.0,0.010958904109589041,2026-10-02,0.315,0.21,0.42,0.06,27.0,0.348639326171875,378.760009765625,0.04065000057220459,0.0
GLD,put,357.0,0.010958904109589041,2026-10-02,0.275,0.23,0.32,0.06,27.0,0.31690136230468746,378.760009765625,0.04065000057220459,0.0
GLD,put,358.0,0.010958904109589041,2026-10-02,0.305,0.26,0.35,0.31,36.0,0.3107979077148437,378.760009765625,0.04065000057220459,0.0
GLD,put,359.0,0.010958904109589041,2026-10-02,0.33999999999999997,0.3,0.38,0.3,42.0,0.3042061767578125,378.760009765625,0.04065000057220459,0.0
GLD,put,360.0,0.010958904109589041,2026-10-02,0.355,0.34,0.37,0.36,885.0,0.29004616210937495,378.760009765625,0.04065000057220459,0.0
GLD,put,361.0,0.010958904109589041,2026-10-02,0.425,0.38,0.47,0.3,28.0,0.29395237304687494,378.760009765625,0.04065000057220459,0.0
GLD,put,362.0,0.010958904109589041,2026-10-02,0.48,0.43,0.53,0.53,215.0,0.28955788574218744,378.760009765625,0.04065000057220459,0.0
GLD,put,363.0,0.010958904109589041,2026-10-02,0.54,0.49,0.59,0.57,89.0,0.28443098388671867,378.760009765625,0.04065000057220459,0.0
GLD,put,364.0,0.010958904109589041,2026-10-02,0.61,0.57,0.65,0.58,44.0,0.278327529296875,378.760009765625,0.04065000057220459,0.0
GLD,put,365.0,0.010958904109589041,2026-10-02,0.69,0.64,0.74,0.71,250.0,0.27466545654296876,378.760009765625,0.04065000057220459,0.0
GLD,put,366.0,0.010958904109589041,2026-10-02,0.7749999999999999,0.73,0.82,0.86,16.0,0.2688061401367187,378.760009765625,0.04065000057220459,0.0
GLD,put,367.0,0.010958904109589041,2026-10-02,0.88,0.84,0.92,0.9,27.0,0.26380130737304686,378.760009765625,0.04065000057220459,0.0
GLD,put,368.0,0.010958904109589041,2026-10-02,1.005,0.96,1.05,1.01,102.0,0.2603833728027344,378.760009765625,0.04065000057220459,0.0
GLD,put,369.0,0.010958904109589041,2026-10-02,1.185,1.14,1.23,1.17,64.0,0.25977302734375,378.760009765625,0.04065000057220459,0.0
GLD,put,370.0,0.010958904109589041,2026-10-02,1.33,1.29,1.37,1.51,1225.0,0.2541578491210938,378.760009765625,0.04065000057220459,0.0
GLD,put,371.0,0.010958904109589041,2026-10-02,1.5550000000000002,1.5,1.61,1.54,126.0,0.2546461254882813,378.760009765625,0.04065000057220459,0.0
GLD,put,372.0,0.010958904109589041,2026-10-02,1.79,1.73,1.85,1.74,197.0,0.2530592272949219,378.760009765625,0.04065000057220459,0.0
GLD,put,373.0,0.010958904109589041,2026-10-02,2.05,1.98,2.12,2.04,383.0,0.2515943981933594,378.760009765625,0.04065000057220459,0.0
GLD,put,374.0,0.010958904109589041,2026-10-02,2.335,2.27,2.4,2.36,150.0,0.24890887817382812,378.760009765625,0.04065000057220459,0.0
GLD,put,375.0,0.010958904109589041,2026-10-02,2.64,2.6,2.68,2.65,2084.0,0.24439232177734377,378.760009765625,0.04065000057220459,0.0
GLD,put,376.0,0.010958904109589041,2026-10-02,3.045,2.99,3.1,3.0,245.0,0.24634542724609376,378.760009765625,0.04065000057220459,0.0
GLD,put,377.0,0.010958904109589041,2026-10-02,3.4749999999999996,3.4,3.55,3.52,375.0,0.24793232543945312,378.760009765625,0.04065000057220459,0.0
GLD,put,378.0,0.010958904109589041,2026-10-02,3.875,3.8,3.95,3.9,209.0,0.24451439086914065,378.760009765625,0.04065000057220459,0.0
GLD,put,379.0,0.010958904109589041,2026-10-02,4.35,4.3,4.4,4.4,262.0,0.2418899053955078,378.760009765625,0.04065000057220459,0.0
GLD,put,380.0,0.010958904109589041,2026-10-02,4.949999999999999,4.85,5.05,5.03,1411.0,0.2485426708984375,378.760009765625,0.04065000057220459,0.0
GLD,put,381.0,0.010958904109589041,2026-10-02,5.525,5.35,5.7,5.57,77.0,0.25324233093261717,378.760009765625,0.04065000057220459,0.0
GLD,put,382.0,0.010958904109589041,2026-10-02,6.275,6.1,6.45,6.5,43.0,0.26197027099609377,378.760009765625,0.04065000057220459,0.0
GLD,put,383.0,0.010958904109589041,2026-10-02,6.975,6.75,7.2,6.65,95.0,0.2690502783203125,378.760009765625,0.04065000057220459,0.0
GLD,put,384.0,0.010958904109589041,2026-10-02,7.65,7.5,7.8,7.37,139.0,0.26538820556640624,378.760009765625,0.04065000057220459,0.0
GLD,put,385.0,0.010958904109589041,2026-10-02,8.399999999999999,8.2,8.6,8.32,174.0,0.27234614379882804,378.760009765625,0.04065000057220459,0.0
GLD,put,386.0,0.010958904109589041,2026-10-02,9.2,9.0,9.4,9.42,51.0,0.2779613220214844,378.760009765625,0.04065000057220459,0.0
GLD,put,387.0,0.010958904109589041,2026-10-02,10.0,9.8,10.2,9.9,17.0,0.282233740234375,378.760009765625,0.04065000057220459,0.0
GLD,put,388.0,0.010958904109589041,2026-10-02,10.850000000000001,10.65,11.05,10.77,108.0,0.28882547119140617,378.760009765625,0.04065000057220459,0.0
GLD,put,389.0,0.010958904109589041,2026-10-02,11.725,11.5,11.95,12.41,87.0,0.29798065307617183,378.760009765625,0.04065000057220459,0.0
GLD,put,390.0,0.010958904109589041,2026-10-02,12.625,12.4,12.85,12.43,1524.0,0.3062813513183594,378.760009765625,0.04065000057220459,0.0
GLD,put,391.0,0.010958904109589041,2026-10-02,13.55,13.25,13.85,14.16,39.0,0.3217841259765625,378.760009765625,0.04065000057220459,0.0
GLD,put,392.0,0.010958904109589041,2026-10-02,14.475000000000001,14.15,14.8,14.7,218.0,0.33301448242187504,378.760009765625,0.04065000057220459,0.0
GLD,put,393.0,0.010958904109589041,2026-10-02,15.350000000000001,15.05,15.65,15.25,86.0,0.33521172607421873,378.760009765625,0.04065000057220459,0.0
GLD,put,394.0,0.010958904109589041,2026-10-02,16.325000000000003,16.05,16.6,16.6,13.0,0.3452213916015625,378.760009765625,0.04065000057220459,0.0
GLD,put,395.0,0.010958904109589041,2026-10-02,17.225,17.05,17.4,17.47,29.0,0.34058276611328125,378.760009765625,0.04065000057220459,0.0
GLD,put,398.0,0.010958904109589041,2026-10-02,20.125,19.45,20.8,19.95,33.0,0.4194393994140625,378.760009765625,0.04065000057220459,0.0
GLD,put,400.0,0.010958904109589041,2026-10-02,22.075000000000003,21.8,22.35,22.1,178.0,0.4014952429199219,378.760009765625,0.04065000057220459,0.0
GLD,put,401.0,0.010958904109589041,2026-10-02,23.3,22.75,23.85,19.99,11.0,0.4650932397460938,378.760009765625,0.04065000057220459,0.0
GLD,put,402.0,0.010958904109589041,2026-10-02,24.05,23.75,24.35,23.96,42.0,0.42676354492187507,378.760009765625,0.04065000057220459,0.0
GLD,put,403.0,0.010958904109589041,2026-10-02,25.225,24.85,25.6,24.85,131.0,0.46631393066406257,378.760009765625,0.04065000057220459,0.0
GLD,put,405.0,0.010958904109589041,2026-10-02,27.200000000000003,26.8,27.6,27.2,35.0,0.49170430175781255,378.760009765625,0.04065000057220459,0.0
GLD,put,410.0,0.010958904109589041,2026-10-02,32.05,31.85,32.25,32.22,17.0,0.5102588037109376,378.760009765625,0.04065000057220459,0.0
GLD,put,412.0,0.010958904109589041,2026-10-02,34.275000000000006,33.7,34.85,34.51,19.0,0.5363815893554689,378.760009765625,0.04065000057220459,0.0
GLD,put,415.0,0.010958904109589041,2026-10-02,36.974999999999994,36.3,37.65,37.24,14.0,0.5251512329101562,378.760009765625,0.04065000057220459,0.0
GLD,put,420.0,0.010958904109589041,2026-10-02,42.275000000000006,41.7,42.85,26.8,36.0,0.6245154736328126,378.760009765625,0.04065000057220459,0.0
GLD,put,427.0,0.010958904109589041,2026-10-02,49.0,48.15,49.85,29.0,20.0,0.6513706738281251,378.760009765625,0.04065000057220459,0.0
GLD,put,428.0,0.010958904109589041,2026-10-02,49.875,48.9,50.85,29.9,20.0,0.6372106591796876,378.760009765625,0.04065000057220459,0.0
GLD,put,430.0,0.010958904109589041,2026-10-02,52.25,51.7,52.8,36.85,75.0,0.7246121289062499,378.760009765625,0.04065000057220459,0.0
GLD,put,450.0,0.010958904109589041,2026-10-02,72.225,71.7,72.75,70.04,12.0,0.9116219775390625,378.760009765625,0.04065000057220459,0.0
GLD,call,377.0,0.019178082191780823,2026-10-05,5.275,5.15,5.4,5.15,11.0,0.2000812414550781,378.760009765625,0.04065000057220459,0.0
GLD,call,380.0,0.019178082191780823,2026-10-05,3.7750000000000004,3.7,3.85,3.78,179.0,0.198250205078125,378.760009765625,0.04065000057220459,0.0
GLD,call,381.0,0.019178082191780823,2026-10-05,3.35,3.25,3.45,3.33,80.0,0.1997150341796875,378.760009765625,0.04065000057220459,0.0
GLD,call,383.0,0.019178082191780823,2026-10-05,2.58,2.51,2.65,2.56,40.0,0.19788399780273438,378.760009765625,0.04065000057220459,0.0
GLD,call,385.0,0.019178082191780823,2026-10-05,1.98,1.91,2.05,1.9,109.0,0.19947089599609374,378.760009765625,0.04065000057220459,0.0
GLD,call,388.0,0.019178082191780823,2026-10-05,1.33,1.26,1.4,1.34,39.0,0.20423159057617185,378.760009765625,0.04065000057220459,0.0
GLD,call,389.0,0.019178082191780823,2026-10-05,1.1600000000000001,1.12,1.2,1.15,19.0,0.2039874523925781,378.760009765625,0.04065000057220459,0.0
GLD,call,390.0,0.019178082191780823,2026-10-05,1.03,1.0,1.06,1.07,261.0,0.2063067651367187,378.760009765625,0.04065000057220459,0.0
GLD,call,392.0,0.019178082191780823,2026-10-05,0.79,0.73,0.85,0.82,10.0,0.21289849609375,378.760009765625,0.04065000057220459,0.0
GLD,call,395.0,0.019178082191780823,2026-10-05,0.55,0.51,0.59,0.56,725.0,0.22022264160156246,378.760009765625,0.04065000057220459,0.0
GLD,call,396.0,0.019178082191780823,2026-10-05,0.505,0.46,0.55,0.48,53.0,0.225593681640625,378.760009765625,0.04065000057220459,0.0
GLD,call,397.0,0.019178082191780823,2026-10-05,0.455,0.39,0.52,0.44,107.0,0.23169713623046873,378.760009765625,0.04065000057220459,0.0
GLD,call,398.0,0.019178082191780823,2026-10-05,0.41000000000000003,0.34,0.48,0.4,27.0,0.23633576171874998,378.760009765625,0.04065000057220459,0.0
GLD,call,400.0,0.019178082191780823,2026-10-05,0.315,0.3,0.33,0.32,282.0,0.23365024169921872,378.760009765625,0.04065000057220459,0.0
GLD,call,401.0,0.019178082191780823,2026-10-05,0.28,0.25,0.31,0.28,59.0,0.2387771435546875,378.760009765625,0.04065000057220459,0.0
GLD,call,402.0,0.019178082191780823,2026-10-05,0.275,0.22,0.33,0.3,14.0,0.25025163818359375,378.760009765625,0.04065000057220459,0.0
GLD,call,404.0,0.019178082191780823,2026-10-05,0.23,0.18,0.28,0.24,13.0,0.257819921875,378.760009765625,0.04065000057220459,0.0
GLD,call,405.0,0.019178082191780823,2026-10-05,0.19,0.16,0.22,0.19,12.0,0.25391371093750004,378.760009765625,0.04065000057220459,0.0
GLD,call,406.0,0.019178082191780823,2026-10-05,0.18,0.15,0.21,0.19,43.0,0.25928475097656256,378.760009765625,0.04065000057220459,0.0
GLD,call,407.0,0.019178082191780823,2026-10-05,0.175,0.14,0.21,0.18,21.0,0.266608896484375,378.760009765625,0.04065000057220459,0.0
GLD,call,410.0,0.019178082191780823,2026-10-05,0.125,0.1,0.15,0.13,10.0,0.27295648925781246,378.760009765625,0.04065000057220459,0.0
GLD,call,411.0,0.019178082191780823,2026-10-05,0.12000000000000001,0.1,0.14,0.12,45.0,0.27686270019531245,378.760009765625,0.04065000057220459,0.0
GLD,call,416.0,0.019178082191780823,2026-10-05,0.12000000000000001,0.07,0.17,0.13,17.0,0.32031929687499994,378.760009765625,0.04065000057220459,0.0
GLD,call,420.0,0.019178082191780823,2026-10-05,0.08,0.06,0.1,0.07,75.0,0.32129584960937496,378.760009765625,0.04065000057220459,0.0
GLD,put,330.0,0.019178082191780823,2026-10-05,0.07,0.04,0.1,0.1,21.0,0.418951123046875,378.760009765625,0.04065000057220459,0.0
GLD,put,360.0,0.019178082191780823,2026-10-05,0.5549999999999999,0.5,0.61,0.55,101.0,0.25879647460937505,378.760009765625,0.04065000057220459,0.0
GLD,put,365.0,0.019178082191780823,2026-10-05,0.98,0.9,1.06,0.95,59.0,0.24341576904296874,378.760009765625,0.04065000057220459,0.0
GLD,put,370.0,0.019178082191780823,2026-10-05,1.76,1.67,1.85,1.78,60.0,0.22937782348632813,378.760009765625,0.04065000057220459,0.0
GLD,put,375.0,0.019178082191780823,2026-10-05,3.175,3.05,3.3,3.35,77.0,0.22260298889160152,378.760009765625,0.04065000057220459,0.0
GLD,put,376.0,0.019178082191780823,2026-10-05,3.525,3.4,3.65,3.7,180.0,0.22022264160156246,378.760009765625,0.04065000057220459,0.0
GLD,put,377.0,0.019178082191780823,2026-10-05,4.0,3.9,4.1,3.97,47.0,0.22095505615234373,378.760009765625,0.04065000057220459,0.0
GLD,put,378.0,0.019178082191780823,2026-10-05,4.425,4.3,4.55,4.43,95.0,0.22022264160156246,378.760009765625,0.04065000057220459,0.0
GLD,put,379.0,0.019178082191780823,2026-10-05,4.949999999999999,4.8,5.1,5.0,157.0,0.2225419543457031,378.760009765625,0.04065000057220459,0.0
GLD,put,380.0,0.019178082191780823,2026-10-05,5.375,5.25,5.5,5.45,213.0,0.2166826379394531,378.760009765625,0.04065000057220459,0.0
GLD,put,384.0,0.019178082191780823,2026-10-05,8.1,7.85,8.35,8.14,15.0,0.23645783081054686,378.760009765625,0.04065000057220459,0.0
GLD,put,385.0,0.019178082191780823,2026-10-05,8.725,8.5,8.95,7.4,31.0,0.23279575805664063,378.760009765625,0.04065000057220459,0.0
GLD,put,386.0,0.019178082191780823,2026-10-05,9.5,9.25,9.75,9.52,10.0,0.23792265991210934,378.760009765625,0.04065000057220459,0.0
GLD,put,387.0,0.019178082191780823,2026-10-05,10.375,10.1,10.65,8.59,19.0,0.24732197998046873,378.760009765625,0.04065000057220459,0.0
GLD,put,397.0,0.019178082191780823,2026-10-05,19.125,18.85,19.4,7.86,248.0,0.2906565075683593,378.760009765625,0.04065000057220459,0.0
GLD,put,405.0,0.019178082191780823,2026-10-05,26.9,25.95,27.85,15.1,10.0,0.40930766479492187,378.760009765625,0.04065000057220459,0.0
GLD,put,407.0,0.019178082191780823,2026-10-05,28.875,28.15,29.6,14.8,33.0,0.40845318115234375,378.760009765625,0.04065000057220459,0.0
GLD,put,409.0,0.019178082191780823,2026-10-05,31.2,30.4,32.0,31.47,20.0,0.4616753051757813,378.760009765625,0.04065000057220459,0.0
GLD,call,381.0,0.021917808219178082,2026-10-06,3.65,3.55,3.75,3.63,37.0,0.20117986328124998,378.760009765625,0.04065000057220459,0.0
GLD,call,384.0,0.021917808219178082,2026-10-06,2.605,2.52,2.69,2.99,129.0,0.20374331420898437,378.760009765625,0.04065000057220459,0.0
GLD,call,385.0,0.021917808219178082,2026-10-06,2.31,2.22,2.4,2.3,151.0,0.2048419360351562,378.760009765625,0.04065000057220459,0.0
GLD,call,387.0,0.021917808219178082,2026-10-06,1.795,1.72,1.87,2.68,22.0,0.20569641967773436,378.760009765625,0.04065000057220459,0.0
GLD,call,397.0,0.021917808219178082,2026-10-06,0.5449999999999999,0.52,0.57,0.61,10.0,0.22364057617187497,378.760009765625,0.04065000057220459,0.0
GLD,call,400.0,0.021917808219178082,2026-10-06,0.42000000000000004,0.38,0.46,0.42,13.0,0.23706817626953125,378.760009765625,0.04065000057220459,0.0
GLD,call,405.0,0.021917808219178082,2026-10-06,0.255,0.22,0.29,0.28,24.0,0.25220474365234374,378.760009765625,0.04065000057220459,0.0
GLD,put,375.0,0.021917808219178082,2026-10-06,3.475,3.35,3.6,3.9,11.0,0.22315229980468748,378.760009765625,0.04065000057220459,0.0
GLD,put,377.0,0.021917808219178082,2026-10-06,4.300000000000001,4.2,4.4,4.0,38.0,0.2210771252441406,378.760009765625,0.04065000057220459,0.0
GLD,put,378.0,0.021917808219178082,2026-10-06,4.775,4.65,4.9,3.33,34.0,0.2224198852539062,378.760009765625,0.04065000057220459,0.0
GLD,put,379.0,0.021917808219178082,2026-10-06,5.25,5.1,5.4,4.95,25.0,0.2224198852539062,378.760009765625,0.04065000057220459,0.0
GLD,put,380.0,0.021917808219178082,2026-10-06,5.725,5.65,5.8,5.69,12.0,0.2169878106689453,378.760009765625,0.04065000057220459,0.0
GLD,put,381.0,0.021917808219178082,2026-10-06,6.300000000000001,6.15,6.45,5.05,15.0,0.22083298706054685,378.760009765625,0.04065000057220459,0.0
GLD,put,389.0,0.021917808219178082,2026-10-06,12.2,11.9,12.5,2.66,11.0,0.25171646728515623,378.760009765625,0.04065000057220459,0.0
GLD,put,392.0,0.021917808219178082,2026-10-06,14.775,14.5,15.05,4.75,34.0,0.26319096191406255,378.760009765625,0.04065000057220459,0.0
GLD,put,393.0,0.021917808219178082,2026-10-06,15.649999999999999,15.35,15.95,15.8,13.0,0.26868407104492187,378.760009765625,0.04065000057220459,0.0
GLD,put,410.0,0.021917808219178082,2026-10-06,32.125,31.9,32.35,32.05,17.0,0.3898986791992188,378.760009765625,0.04065000057220459,0.0
GLD,call,384.0,0.024657534246575342,2026-10-07,2.945,2.84,3.05,3.1,105.0,0.20887021606445308,378.760009765625,0.04065000057220459,0.0
GLD,call,399.0,0.024657534246575342,2026-10-07,0.575,0.49,0.66,3.15,51.0,0.23743438354492186,378.760009765625,0.04065000057220459,0.0
GLD,call,400.0,0.024657534246575342,2026-10-07,0.56,0.44,0.68,0.52,19.0,0.24768818725585937,378.760009765625,0.04065000057220459,0.0
GLD,call,401.0,0.024657534246575342,2026-10-07,0.545,0.42,0.67,2.59,78.0,0.25501233276367197,378.760009765625,0.04065000057220459,0.0
GLD,call,403.0,0.024657534246575342,2026-10-07,0.47,0.33,0.61,2.07,26.0,0.2651440673828125,378.760009765625,0.04065000057220459,0.0
GLD,call,410.0,0.024657534246575342,2026-10-07,0.235,0.18,0.29,0.23,10.0,0.2739330419921875,378.760009765625,0.04065000057220459,0.0
GLD,call,415.0,0.024657534246575342,2026-10-07,0.215,0.12,0.31,0.49,76.0,0.3110420458984374,378.760009765625,0.04065000057220459,0.0
GLD,call,416.0,0.024657534246575342,2026-10-07,0.245,0.11,0.38,0.43,10.0,0.33008482421874996,378.760009765625,0.04065000057220459,0.0
GLD,call,420.0,0.024657534246575342,2026-10-07,0.215,0.08,0.35,0.33,10.0,0.35108070800781244,378.760009765625,0.04065000057220459,0.0
GLD,put,275.0,0.024657534246575342,2026-10-07,0.030000000000000002,0.01,0.05,0.01,10.0,0.6953155468750001,378.760009765625,0.04065000057220459,0.0
GLD,put,300.0,0.024657534246575342,2026-10-07,0.105,0.02,0.19,0.04,101.0,0.5996133789062501,378.760009765625,0.04065000057220459,0.0
GLD,put,370.0,0.024657534246575342,2026-10-07,2.25,2.18,2.32,2.22,26.0,0.2287064434814453,378.760009765625,0.04065000057220459,0.0
GLD,put,376.0,0.024657534246575342,2026-10-07,4.175,4.05,4.3,4.5,13.0,0.22364057617187497,378.760009765625,0.04065000057220459,0.0
GLD,put,377.0,0.024657534246575342,2026-10-07,4.6,4.5,4.7,4.65,23.0,0.22187057434082028,378.760009765625,0.04065000057220459,0.0
GLD,put,378.0,0.024657534246575342,2026-10-07,5.075,4.95,5.2,5.65,41.0,0.2230302307128906,378.760009765625,0.04065000057220459,0.0
GLD,put,379.0,0.024657534246575342,2026-10-07,5.575,5.45,5.7,5.85,41.0,0.2230302307128906,378.760009765625,0.04065000057220459,0.0
GLD,put,380.0,0.024657534246575342,2026-10-07,6.1,5.95,6.25,6.4,10.0,0.2238847143554687,378.760009765625,0.04065000057220459,0.0
GLD,put,410.0,0.024657534246575342,2026-10-07,32.225,31.6,32.85,32.15,25.0,0.4107724938964844,378.760009765625,0.04065000057220459,0.0
GLD,call,387.0,0.0273972602739726,2026-10-08,2.355,2.27,2.44,3.25,26.0,0.21216608154296873,378.760009765625,0.04065000057220459,0.0
GLD,call,390.0,0.0273972602739726,2026-10-08,1.69,1.63,1.75,1.7,40.0,0.21375297973632812,378.760009765625,0.04065000057220459,0.0
GLD,call,394.0,0.0273972602739726,2026-10-08,1.1099999999999999,1.03,1.19,5.35,131.0,0.22229781616210934,378.760009765625,0.04065000057220459,0.0
GLD,call,401.0,0.0273972602739726,2026-10-08,0.62,0.49,0.75,2.9,13.0,0.25025163818359375,378.760009765625,0.04065000057220459,0.0
GLD,call,402.0,0.0273972602739726,2026-10-08,0.58,0.45,0.71,2.61,10.0,0.2546461254882813,378.760009765625,0.04065000057220459,0.0
GLD,call,410.0,0.0273972602739726,2026-10-08,0.265,0.22,0.31,0.3,10.0,0.2644116528320312,378.760009765625,0.04065000057220459,0.0
GLD,put,370.0,0.0273972602739726,2026-10-08,2.5300000000000002,2.44,2.62,2.05,24.0,0.23194127441406248,378.760009765625,0.04065000057220459,0.0
GLD,put,376.0,0.0273972602739726,2026-10-08,4.550000000000001,4.45,4.65,4.47,88.0,0.2268143725585937,378.760009765625,0.04065000057220459,0.0
GLD,put,378.0,0.0273972602739726,2026-10-08,5.425,5.3,5.55,5.9,18.0,0.22602092346191405,378.760009765625,0.04065000057220459,0.0
GLD,put,379.0,0.0273972602739726,2026-10-08,5.9,5.75,6.05,5.05,14.0,0.22602092346191405,378.760009765625,0.04065000057220459,0.0
GLD,put,380.0,0.0273972602739726,2026-10-08,6.4,6.25,6.55,5.46,12.0,0.22492230163574217,378.760009765625,0.04065000057220459,0.0
GLD,put,382.0,0.0273972602739726,2026-10-08,7.6,7.4,7.8,1.85,34.0,0.22937782348632813,378.760009765625,0.04065000057220459,0.0
GLD,put,383.0,0.0273972602739726,2026-10-08,8.25,8.0,8.5,1.78,68.0,0.23316196533203126,378.760009765625,0.04065000057220459,0.0
GLD,put,385.0,0.0273972602739726,2026-10-08,9.575,9.3,9.85,10.0,12.0,0.23596955444335935,378.760009765625,0.04065000057220459,0.0
GLD,put,390.0,0.0273972602739726,2026-10-08,13.375,13.1,13.65,13.65,11.0,0.24622335815429688,378.760009765625,0.04065000057220459,0.0
GLD,put,391.0,0.0273972602739726,2026-10-08,14.275,14.0,14.55,4.01,22.0,0.25269302001953126,378.760009765625,0.04065000057220459,0.0
GLD,put,392.0,0.0273972602739726,2026-10-08,15.1,14.85,15.35,15.13,11.0,0.2536695727539063,378.760009765625,0.04065000057220459,0.0
GLD,call,370.0,0.030136986301369864,2026-10-09,11.225,11.0,11.45,11.4,59.0,0.22504437072753902,378.760009765625,0.04065000057220459,0.0
GLD,call,375.0,0.030136986301369864,2026-10-09,7.925000000000001,7.8,8.05,7.88,174.0,0.2194291925048828,378.760009765625,0.04065000057220459,0.0
GLD,call,376.0,0.030136986301369864,2026-10-09,7.300000000000001,7.2,7.4,7.28,190.0,0.21680470703125,378.760009765625,0.04065000057220459,0.0
GLD,call,377.0,0.030136986301369864,2026-10-09,6.775,6.65,6.9,6.5,84.0,0.21869677795410153,378.760009765625,0.04065000057220459,0.0
GLD,call,378.0,0.030136986301369864,2026-10-09,6.199999999999999,6.1,6.3,6.21,20.0,0.2160112579345703,378.760009765625,0.04065000057220459,0.0
GLD,call,379.0,0.030136986301369864,2026-10-09,5.65,5.55,5.75,5.59,10.0,0.21411918701171873,378.760009765625,0.04065000057220459,0.0
GLD,call,380.0,0.030136986301369864,2026-10-09,5.199999999999999,5.1,5.3,5.16,643.0,0.21497367065429687,378.760009765625,0.04065000057220459,0.0
GLD,call,381.0,0.030136986301369864,2026-10-09,4.75,4.7,4.8,4.7,30.0,0.21295953063964845,378.760009765625,0.04065000057220459,0.0
GLD,call,382.0,0.030136986301369864,2026-10-09,4.325,4.2,4.45,4.3,57.0,0.2155229815673828,378.760009765625,0.04065000057220459,0.0
GLD,call,383.0,0.030136986301369864,2026-10-09,3.95,3.85,4.05,4.45,15.0,0.21521780883789063,378.760009765625,0.04065000057220459,0.0
GLD,call,384.0,0.030136986301369864,2026-10-09,3.55,3.45,3.65,4.28,11.0,0.21399711791992188,378.760009765625,0.04065000057220459,0.0
GLD,call,385.0,0.030136986301369864,2026-10-09,3.2249999999999996,3.15,3.3,3.19,451.0,0.2136919451904297,378.760009765625,0.04065000057220459,0.0
GLD,call,386.0,0.030136986301369864,2026-10-09,2.9050000000000002,2.82,2.99,2.85,23.0,0.21399711791992188,378.760009765625,0.04065000057220459,0.0
GLD,call,388.0,0.030136986301369864,2026-10-09,2.375,2.31,2.44,2.42,17.0,0.21472953247070312,378.760009765625,0.04065000057220459,0.0
GLD,call,390.0,0.030136986301369864,2026-10-09,1.95,1.9,2.0,1.91,190.0,0.2166826379394531,378.760009765625,0.04065000057220459,0.0
GLD,call,391.0,0.030136986301369864,2026-10-09,1.72,1.7,1.74,1.74,61.0,0.21436332519531248,378.760009765625,0.04065000057220459,0.0
GLD,call,393.0,0.030136986301369864,2026-10-09,1.43,1.38,1.48,1.4,139.0,0.22022264160156246,378.760009765625,0.04065000057220459,0.0
GLD,call,394.0,0.030136986301369864,2026-10-09,1.275,1.21,1.34,1.3,11.0,0.22168747070312497,378.760009765625,0.04065000057220459,0.0
GLD,call,395.0,0.030136986301369864,2026-10-09,1.145,1.09,1.2,1.21,98.0,0.22229781616210934,378.760009765625,0.04065000057220459,0.0
GLD,call,396.0,0.030136986301369864,2026-10-09,1.0350000000000001,0.98,1.09,0.99,53.0,0.22412885253906245,378.760009765625,0.04065000057220459,0.0
GLD,call,398.0,0.030136986301369864,2026-10-09,0.855,0.81,0.9,0.98,18.0,0.22779092529296874,378.760009765625,0.04065000057220459,0.0
GLD,call,400.0,0.030136986301369864,2026-10-09,0.6950000000000001,0.67,0.72,0.69,489.0,0.229499892578125,378.760009765625,0.04065000057220459,0.0
GLD,call,401.0,0.030136986301369864,2026-10-09,0.665,0.62,0.71,0.68,23.0,0.23633576171874998,378.760009765625,0.04065000057220459,0.0
GLD,call,403.0,0.030136986301369864,2026-10-09,0.56,0.5,0.62,0.58,41.0,0.24292749267578123,378.760009765625,0.04065000057220459,0.0
GLD,call,405.0,0.030136986301369864,2026-10-09,0.44,0.43,0.45,0.45,33.0,0.23926541992187497,378.760009765625,0.04065000057220459,0.0
GLD,call,409.0,0.030136986301369864,2026-10-09,0.33499999999999996,0.3,0.37,0.33,16.0,0.2556226782226563,378.760009765625,0.04065000057220459,0.0
GLD,call,410.0,0.030136986301369864,2026-10-09,0.28500000000000003,0.28,0.29,0.3,230.0,0.2500075,378.760009765625,0.04065000057220459,0.0
GLD,call,412.0,0.030136986301369864,2026-10-09,0.265,0.24,0.29,0.28,41.0,0.2622144091796875,378.760009765625,0.04065000057220459,0.0
GLD,call,413.0,0.030136986301369864,2026-10-09,0.28,0.22,0.34,0.23,32.0,0.27637442382812494,378.760009765625,0.04065000057220459,0.0
GLD,call,414.0,0.030136986301369864,2026-10-09,0.22999999999999998,0.21,0.25,0.21,14.0,0.26709717285156254,378.760009765625,0.04065000057220459,0.0
GLD,call,415.0,0.030136986301369864,2026-10-09,0.21000000000000002,0.2,0.22,0.2,123.0,0.26709717285156254,378.760009765625,0.04065000057220459,0.0
GLD,call,419.0,0.030136986301369864,2026-10-09,0.195,0.14,0.25,0.55,41.0,0.2963937548828125,378.760009765625,0.04065000057220459,0.0
GLD,call,420.0,0.030136986301369864,2026-10-09,0.155,0.15,0.16,0.15,586.0,0.28125718749999995,378.760009765625,0.04065000057220459,0.0
GLD,call,421.0,0.030136986301369864,2026-10-09,0.15000000000000002,0.13,0.17,0.15,42.0,0.2890696093749999,378.760009765625,0.04065000057220459,0.0
GLD,call,422.0,0.030136986301369864,2026-10-09,0.18,0.1,0.26,0.38,10.0,0.3154365332031249,378.760009765625,0.04065000057220459,0.0
GLD,call,423.0,0.030136986301369864,2026-10-09,0.18,0.11,0.25,0.42,14.0,0.3193427441406249,378.760009765625,0.04065000057220459,0.0
GLD,call,425.0,0.030136986301369864,2026-10-09,0.13,0.11,0.15,0.13,16.0,0.304694453125,378.760009765625,0.04065000057220459,0.0
GLD,call,430.0,0.030136986301369864,2026-10-09,0.1,0.08,0.12,0.13,112.0,0.32031929687499994,378.760009765625,0.04065000057220459,0.0
GLD,call,435.0,0.030136986301369864,2026-10-09,0.08,0.06,0.1,0.09,24.0,0.336920693359375,378.760009765625,0.04065000057220459,0.0
GLD,call,440.0,0.030136986301369864,2026-10-09,0.07500000000000001,0.05,0.1,0.06,133.0,0.36035795898437495,378.760009765625,0.04065000057220459,0.0
GLD,call,450.0,0.030136986301369864,2026-10-09,0.05,0.03,0.07,0.07,18.0,0.389654541015625,378.760009765625,0.04065000057220459,0.0
GLD,call,455.0,0.030136986301369864,2026-10-09,0.04,0.02,0.06,0.09,23.0,0.40430283203125,378.760009765625,0.04065000057220459,0.0
GLD,call,500.0,0.030136986301369864,2026-10-09,0.055,0.01,0.1,0.03,17.0,0.57617611328125,378.760009765625,0.04065000057220459,0.0
GLD,call,505.0,0.030136986301369864,2026-10-09,0.055,0.01,0.1,0.05,69.0,0.5937540625000001,378.760009765625,0.04065000057220459,0.0
GLD,call,520.0,0.030136986301369864,2026-10-09,0.049999999999999996,0.01,0.09,0.05,248.0,0.64062859375,378.760009765625,0.04065000057220459,0.0
GLD,call,545.0,0.030136986301369864,2026-10-09,0.02,0.01,0.03,0.02,250.0,0.6640658593750002,378.760009765625,0.04065000057220459,0.0
GLD,put,250.0,0.030136986301369864,2026-10-09,0.025,0.01,0.04,0.02,11.0,0.7929708203125,378.760009765625,0.04065000057220459,0.0
GLD,put,310.0,0.030136986301369864,2026-10-09,0.07500000000000001,0.05,0.1,0.1,35.0,0.47461462890625,378.760009765625,0.04065000057220459,0.0
GLD,put,330.0,0.030136986301369864,2026-10-09,0.14,0.13,0.15,0.16,21.0,0.3618227880859375,378.760009765625,0.04065000057220459,0.0
GLD,put,335.0,0.030136986301369864,2026-10-09,0.19,0.17,0.21,0.2,13.0,0.3452213916015625,378.760009765625,0.04065000057220459,0.0
GLD,put,345.0,0.030136986301369864,2026-10-09,0.32999999999999996,0.3,0.36,0.33,126.0,0.30225307128906254,378.760009765625,0.04065000057220459,0.0
GLD,put,355.0,0.030136986301369864,2026-10-09,0.7050000000000001,0.67,0.74,0.7,71.0,0.266608896484375,378.760009765625,0.04065000057220459,0.0
GLD,put,360.0,0.030136986301369864,2026-10-09,1.085,1.04,1.13,1.1,1683.0,0.25196060546875,378.760009765625,0.04065000057220459,0.0
GLD,put,362.0,0.030136986301369864,2026-10-09,1.29,1.24,1.34,1.2,42.0,0.2461012890625,378.760009765625,0.04065000057220459,0.0
GLD,put,363.0,0.030136986301369864,2026-10-09,1.405,1.37,1.44,1.4,13.0,0.2420730090332031,378.760009765625,0.04065000057220459,0.0
GLD,put,365.0,0.030136986301369864,2026-10-09,1.7,1.66,1.74,1.75,525.0,0.23798369445800777,378.760009765625,0.04065000057220459,0.0
GLD,put,366.0,0.030136986301369864,2026-10-09,1.87,1.82,1.92,1.86,1451.0,0.23645783081054686,378.760009765625,0.04065000057220459,0.0
GLD,put,367.0,0.030136986301369864,2026-10-09,2.05,1.99,2.11,2.08,114.0,0.23462679443359374,378.760009765625,0.04065000057220459,0.0
GLD,put,368.0,0.030136986301369864,2026-10-09,2.25,2.19,2.31,2.23,79.0,0.23242955078125,378.760009765625,0.04065000057220459,0.0
GLD,put,369.0,0.030136986301369864,2026-10-09,2.48,2.41,2.55,2.43,67.0,0.23133092895507812,378.760009765625,0.04065000057220459,0.0
GLD,put,370.0,0.030136986301369864,2026-10-09,2.73,2.67,2.79,2.77,272.0,0.22943885803222658,378.760009765625,0.04065000057220459,0.0
GLD,put,372.0,0.030136986301369864,2026-10-09,3.3,3.2,3.4,3.25,185.0,0.22846230529785155,378.760009765625,0.04065000057220459,0.0
GLD,put,373.0,0.030136986301369864,2026-10-09,3.625,3.55,3.7,3.55,55.0,0.2264481652832031,378.760009765625,0.04065000057220459,0.0
GLD,put,374.0,0.030136986301369864,2026-10-09,4.0,3.9,4.1,3.9,82.0,0.2274247180175781,378.760009765625,0.04065000057220459,0.0
GLD,put,375.0,0.030136986301369864,2026-10-09,4.325,4.25,4.4,4.41,200.0,0.22364057617187497,378.760009765625,0.04065000057220459,0.0
GLD,put,376.0,0.030136986301369864,2026-10-09,4.699999999999999,4.6,4.8,4.71,106.0,0.22278609252929685,378.760009765625,0.04065000057220459,0.0
GLD,put,377.0,0.030136986301369864,2026-10-09,5.15,5.05,5.25,5.1,306.0,0.22278609252929685,378.760009765625,0.04065000057220459,0.0
GLD,put,378.0,0.030136986301369864,2026-10-09,5.65,5.55,5.75,5.62,63.0,0.22376264526367184,378.760009765625,0.04065000057220459,0.0
GLD,put,379.0,0.030136986301369864,2026-10-09,6.125,6.05,6.2,6.1,54.0,0.22187057434082028,378.760009765625,0.04065000057220459,0.0
GLD,put,380.0,0.030136986301369864,2026-10-09,6.65,6.55,6.75,6.61,335.0,0.22266402343749997,378.760009765625,0.04065000057220459,0.0
GLD,put,381.0,0.030136986301369864,2026-10-09,7.199999999999999,7.05,7.35,7.1,56.0,0.2243729907226562,378.760009765625,0.04065000057220459,0.0
GLD,put,382.0,0.030136986301369864,2026-10-09,7.75,7.6,7.9,8.01,18.0,0.22339643798828124,378.760009765625,0.04065000057220459,0.0
GLD,put,383.0,0.030136986301369864,2026-10-09,8.425,8.25,8.6,8.3,10.0,0.22699747619628902,378.760009765625,0.04065000057220459,0.0
GLD,put,384.0,0.030136986301369864,2026-10-09,9.05,8.85,9.25,9.19,92.0,0.22791299438476562,378.760009765625,0.04065000057220459,0.0
GLD,put,385.0,0.030136986301369864,2026-10-09,9.725000000000001,9.55,9.9,9.71,43.0,0.22791299438476562,378.760009765625,0.04065000057220459,0.0
GLD,put,386.0,0.030136986301369864,2026-10-09,10.399999999999999,10.2,10.6,10.5,42.0,0.22901161621093752,378.760009765625,0.04065000057220459,0.0
GLD,put,388.0,0.030136986301369864,2026-10-09,11.9,11.65,12.15,10.8,26.0,0.23499300170898438,378.760009765625,0.04065000057220459,0.0
GLD,put,390.0,0.030136986301369864,2026-10-09,13.475,13.25,13.7,13.41,118.0,0.23804472900390622,378.760009765625,0.04065000057220459,0.0
GLD,put,391.0,0.030136986301369864,2026-10-09,14.275,14.05,14.5,14.5,26.0,0.23963162719726558,378.760009765625,0.04065000057220459,0.0
GLD,put,393.0,0.030136986301369864,2026-10-09,15.975,15.75,16.2,16.27,47.0,0.24549094360351562,378.760009765625,0.04065000057220459,0.0
GLD,put,397.0,0.030136986301369864,2026-10-09,19.525,19.3,19.75,19.87,44.0,0.25891854370117195,378.760009765625,0.04065000057220459,0.0
GLD,put,398.0,0.030136986301369864,2026-10-09,20.45,20.2,20.7,20.3,11.0,0.2647778601074219,378.760009765625,0.04065000057220459,0.0
GLD,put,400.0,0.030136986301369864,2026-10-09,22.450000000000003,22.05,22.85,22.71,34.0,0.2915109912109374,378.760009765625,0.04065000057220459,0.0
GLD,put,402.0,0.030136986301369864,2026-10-09,24.45,24.0,24.9,24.04,127.0,0.31201859863281245,378.760009765625,0.04065000057220459,0.0
GLD,put,405.0,0.030136986301369864,2026-10-09,27.35,26.85,27.85,26.97,160.0,0.33423517333984376,378.760009765625,0.04065000057220459,0.0
GLD,put,410.0,0.030136986301369864,2026-10-09,32.3,31.9,32.7,32.09,16.0,0.36438623901367195,378.760009765625,0.04065000057220459,0.0
GLD,put,415.0,0.030136986301369864,2026-10-09,37.2,36.75,37.65,37.21,15.0,0.39893179199218753,378.760009765625,0.04065000057220459,0.0
GLD,put,432.0,0.030136986301369864,2026-10-09,53.974999999999994,53.15,54.8,38.5,58.0,0.5330857238769531,378.760009765625,0.04065000057220459,0.0
GLD,call,300.0,0.049315068493150684,2026-10-16,78.82499999999999,77.85,79.8,101.75,10.0,0.6264685791015626,378.760009765625,0.04065000057220459,0.0
GLD,call,325.0,0.049315068493150684,2026-10-16,53.95,53.2,54.7,65.47,10.0,0.43628493408203123,378.760009765625,0.04065000057220459,0.0
GLD,call,330.0,0.049315068493150684,2026-10-16,49.325,48.25,50.4,72.59,10.0,0.45972219970703126,378.760009765625,0.04065000057220459,0.0
GLD,call,343.0,0.049315068493150684,2026-10-16,36.575,36.2,36.95,62.53,10.0,0.3298406860351562,378.760009765625,0.04065000057220459,0.0
GLD,call,355.0,0.049315068493150684,2026-10-16,25.125,24.85,25.4,24.8,38.0,0.266608896484375,378.760009765625,0.04065000057220459,0.0
GLD,call,356.0,0.049315068493150684,2026-10-16,24.225,23.95,24.5,25.12,14.0,0.26380130737304686,378.760009765625,0.04065000057220459,0.0
GLD,call,357.0,0.049315068493150684,2026-10-16,23.275,23.05,23.5,23.3,15.0,0.2556226782226563,378.760009765625,0.04065000057220459,0.0
GLD,call,365.0,0.049315068493150684,2026-10-16,16.575000000000003,16.35,16.8,16.63,41.0,0.24036404174804685,378.760009765625,0.04065000057220459,0.0
GLD,call,369.0,0.049315068493150684,2026-10-16,13.525,13.3,13.75,13.53,99.0,0.2331009307861328,378.760009765625,0.04065000057220459,0.0
GLD,call,370.0,0.049315068493150684,2026-10-16,12.8,12.7,12.9,12.8,30.0,0.22724161437988277,378.760009765625,0.04065000057220459,0.0
GLD,call,371.0,0.049315068493150684,2026-10-16,12.100000000000001,11.9,12.3,12.37,13.0,0.22901161621093752,378.760009765625,0.04065000057220459,0.0
GLD,call,374.0,0.049315068493150684,2026-10-16,10.2,10.05,10.35,10.15,22.0,0.2258988543701172,378.760009765625,0.04065000057220459,0.0
GLD,call,375.0,0.049315068493150684,2026-10-16,9.575,9.5,9.65,9.58,351.0,0.2222367816162109,378.760009765625,0.04065000057220459,0.0
GLD,call,376.0,0.049315068493150684,2026-10-16,8.975,8.85,9.1,9.12,112.0,0.2224198852539062,378.760009765625,0.04065000057220459,0.0
GLD,call,377.0,0.049315068493150684,2026-10-16,8.425,8.3,8.55,8.38,37.0,0.22205367797851558,378.760009765625,0.04065000057220459,0.0
GLD,call,378.0,0.049315068493150684,2026-10-16,7.875,7.75,8.0,8.0,100.0,0.2210771252441406,378.760009765625,0.04065000057220459,0.0
GLD,call,379.0,0.049315068493150684,2026-10-16,7.4,7.3,7.5,7.43,221.0,0.22095505615234373,378.760009765625,0.04065000057220459,0.0
GLD,call,380.0,0.049315068493150684,2026-10-16,6.925,6.85,7.0,6.85,2727.0,0.22022264160156246,378.760009765625,0.04065000057220459,0.0
GLD,call,381.0,0.049315068493150684,2026-10-16,6.425,6.3,6.55,6.35,20.0,0.22028367614746092,378.760009765625,0.04065000057220459,0.0
GLD,call,382.0,0.049315068493150684,2026-10-16,5.975,5.85,6.1,6.0,19.0,0.2197953997802734,378.760009765625,0.04065000057220459,0.0
GLD,call,383.0,0.049315068493150684,2026-10-16,5.575,5.45,5.7,6.38,37.0,0.220161607055664,378.760009765625,0.04065000057220459,0.0
GLD,call,384.0,0.049315068493150684,2026-10-16,5.15,5.05,5.25,5.63,20.0,0.21845263977050777,378.760009765625,0.04065000057220459,0.0
GLD,call,385.0,0.049315068493150684,2026-10-16,4.75,4.7,4.8,4.77,485.0,0.21607229248046872,378.760009765625,0.04065000057220459,0.0
GLD,call,387.0,0.049315068493150684,2026-10-16,4.1,4.0,4.2,4.35,49.0,0.21869677795410153,378.760009765625,0.04065000057220459,0.0
GLD,call,389.0,0.049315068493150684,2026-10-16,3.55,3.45,3.65,3.65,16.0,0.22077195251464843,378.760009765625,0.04065000057220459,0.0
GLD,call,390.0,0.049315068493150684,2026-10-16,3.2249999999999996,3.15,3.3,3.2,519.0,0.21839160522460935,378.760009765625,0.04065000057220459,0.0
GLD,call,391.0,0.049315068493150684,2026-10-16,3.015,2.93,3.1,2.99,1021.0,0.2205888488769531,378.760009765625,0.04065000057220459,0.0
GLD,call,392.0,0.049315068493150684,2026-10-16,2.7800000000000002,2.71,2.85,2.88,122.0,0.22046677978515622,378.760009765625,0.04065000057220459,0.0
GLD,call,393.0,0.049315068493150684,2026-10-16,2.565,2.5,2.63,2.57,180.0,0.22095505615234373,378.760009765625,0.04065000057220459,0.0
GLD,call,394.0,0.049315068493150684,2026-10-16,2.37,2.3,2.44,2.39,98.0,0.2219316088867187,378.760009765625,0.04065000057220459,0.0
GLD,call,395.0,0.049315068493150684,2026-10-16,2.18,2.14,2.22,2.19,3217.0,0.22132126342773437,378.760009765625,0.04065000057220459,0.0
GLD,call,396.0,0.049315068493150684,2026-10-16,2.01,1.95,2.07,2.07,36.0,0.22290816162109373,378.760009765625,0.04065000057220459,0.0
GLD,call,397.0,0.049315068493150684,2026-10-16,1.845,1.78,1.91,1.85,94.0,0.22364057617187497,378.760009765625,0.04065000057220459,0.0
GLD,call,398.0,0.049315068493150684,2026-10-16,1.7149999999999999,1.63,1.8,1.71,37.0,0.22620402709960938,378.760009765625,0.04065000057220459,0.0
GLD,call,399.0,0.049315068493150684,2026-10-16,1.56,1.5,1.62,1.64,55.0,0.22510540527343748,378.760009765625,0.04065000057220459,0.0
GLD,call,400.0,0.049315068493150684,2026-10-16,1.45,1.43,1.47,1.46,2989.0,0.22473919799804684,378.760009765625,0.04065000057220459,0.0
GLD,call,402.0,0.049315068493150684,2026-10-16,1.25,1.19,1.31,1.26,48.0,0.2299881689453125,378.760009765625,0.04065000057220459,0.0
GLD,call,403.0,0.049315068493150684,2026-10-16,1.1549999999999998,1.13,1.18,1.16,31.0,0.22925575439453127,378.760009765625,0.04065000057220459,0.0
GLD,call,404.0,0.049315068493150684,2026-10-16,1.065,1.04,1.09,1.08,66.0,0.23035437622070312,378.760009765625,0.04065000057220459,0.0
GLD,call,405.0,0.049315068493150684,2026-10-16,0.99,0.96,1.02,1.02,737.0,0.23230748168945312,378.760009765625,0.04065000057220459,0.0
GLD,call,406.0,0.049315068493150684,2026-10-16,0.9299999999999999,0.87,0.99,0.93,19.0,0.23645783081054686,378.760009765625,0.04065000057220459,0.0
GLD,call,407.0,0.049315068493150684,2026-10-16,0.865,0.81,0.92,0.89,30.0,0.23792265991210934,378.760009765625,0.04065000057220459,0.0
GLD,call,408.0,0.049315068493150684,2026-10-16,0.815,0.77,0.86,0.82,43.0,0.23963162719726558,378.760009765625,0.04065000057220459,0.0
GLD,call,410.0,0.049315068493150684,2026-10-16,0.685,0.67,0.7,0.69,3528.0,0.23902128173828124,378.760009765625,0.04065000057220459,0.0
GLD,call,412.0,0.049315068493150684,2026-10-16,0.605,0.58,0.63,0.6,127.0,0.24414818359375,378.760009765625,0.04065000057220459,0.0
GLD,call,414.0,0.049315068493150684,2026-10-16,0.5349999999999999,0.5,0.57,0.56,20.0,0.24927508544921873,378.760009765625,0.04065000057220459,0.0
GLD,call,415.0,0.049315068493150684,2026-10-16,0.51,0.5,0.52,0.51,877.0,0.24976336181640624,378.760009765625,0.04065000057220459,0.0
GLD,call,416.0,0.049315068493150684,2026-10-16,0.48,0.45,0.51,0.48,11.0,0.25379164184570313,378.760009765625,0.04065000057220459,0.0
GLD,call,418.0,0.049315068493150684,2026-10-16,0.42000000000000004,0.39,0.45,0.43,17.0,0.2573316455078125,378.760009765625,0.04065000057220459,0.0
GLD,call,419.0,0.049315068493150684,2026-10-16,0.39,0.37,0.41,0.39,27.0,0.25757578369140627,378.760009765625,0.04065000057220459,0.0
GLD,call,420.0,0.049315068493150684,2026-10-16,0.36,0.35,0.37,0.37,1509.0,0.2573316455078125,378.760009765625,0.04065000057220459,0.0
GLD,call,422.0,0.049315068493150684,2026-10-16,0.33499999999999996,0.31,0.36,0.37,10.0,0.26563234375,378.760009765625,0.04065000057220459,0.0
GLD,call,425.0,0.049315068493150684,2026-10-16,0.28500000000000003,0.28,0.29,0.29,318.0,0.2690502783203125,378.760009765625,0.04065000057220459,0.0
GLD,call,428.0,0.049315068493150684,2026-10-16,0.25,0.23,0.27,0.26,25.0,0.27930408203124996,378.760009765625,0.04065000057220459,0.0
GLD,call,430.0,0.049315068493150684,2026-10-16,0.22,0.21,0.23,0.22,225.0,0.2805247729492187,378.760009765625,0.04065000057220459,0.0
GLD,call,434.0,0.049315068493150684,2026-10-16,0.175,0.15,0.2,0.41,69.0,0.2910227148437499,378.760009765625,0.04065000057220459,0.0
GLD,call,435.0,0.049315068493150684,2026-10-16,0.18,0.17,0.19,0.2,136.0,0.2929758203124999,378.760009765625,0.04065000057220459,0.0
GLD,call,440.0,0.049315068493150684,2026-10-16,0.155,0.15,0.16,0.15,1098.0,0.305671005859375,378.760009765625,0.04065000057220459,0.0
GLD,call,445.0,0.049315068493150684,2026-10-16,0.125,0.12,0.13,0.13,325.0,0.31592480957031244,378.760009765625,0.04065000057220459,0.0
GLD,call,450.0,0.049315068493150684,2026-10-16,0.10500000000000001,0.1,0.11,0.1,544.0,0.327155166015625,378.760009765625,0.04065000057220459,0.0
GLD,call,455.0,0.049315068493150684,2026-10-16,0.1,0.09,0.11,0.1,38.0,0.3452213916015625,378.760009765625,0.04065000057220459,0.0
GLD,call,460.0,0.049315068493150684,2026-10-16,0.09,0.07,0.11,0.09,47.0,0.3627993408203125,378.760009765625,0.04065000057220459,0.0
GLD,call,470.0,0.049315068493150684,2026-10-16,0.07,0.06,0.08,0.08,32.0,0.38281867187499996,378.760009765625,0.04065000057220459,0.0
GLD,call,475.0,0.049315068493150684,2026-10-16,0.065,0.05,0.08,0.07,25.0,0.398443515625,378.760009765625,0.04065000057220459,0.0
GLD,call,480.0,0.049315068493150684,2026-10-16,0.05500000000000001,0.04,0.07,0.05,16.0,0.40820904296875,378.760009765625,0.04065000057220459,0.0
GLD,call,485.0,0.049315068493150684,2026-10-16,0.04,0.02,0.06,0.05,393.0,0.41699801757812494,378.760009765625,0.04065000057220459,0.0
GLD,call,490.0,0.049315068493150684,2026-10-16,0.04,0.03,0.05,0.05,13.0,0.42383388671875,378.760009765625,0.04065000057220459,0.0
GLD,call,505.0,0.049315068493150684,2026-10-16,0.04,0.02,0.06,0.04,10.0,0.476567734375,378.760009765625,0.04065000057220459,0.0
GLD,call,520.0,0.049315068493150684,2026-10-16,0.025,0.01,0.04,0.03,12.0,0.49805189453125004,378.760009765625,0.04065000057220459,0.0
GLD,call,615.0,0.049315068493150684,2026-10-16,0.030000000000000002,0.01,0.05,0.08,52.0,0.7070341796875,378.760009765625,0.04065000057220459,0.0
GLD,put,235.0,0.049315068493150684,2026-10-16,0.045,0.01,0.08,0.01,10.0,0.7578149218750001,378.760009765625,0.04065000057220459,0.0
GLD,put,245.0,0.049315068493150684,2026-10-16,0.025,0.01,0.04,0.01,14.0,0.6601596484375001,378.760009765625,0.04065000057220459,0.0
GLD,put,250.0,0.049315068493150684,2026-10-16,0.034999999999999996,0.01,0.06,0.01,20.0,0.6523472265625001,378.760009765625,0.04065000057220459,0.0
GLD,put,255.0,0.049315068493150684,2026-10-16,0.04,0.01,0.07,0.01,32.0,0.6289099609375001,378.760009765625,0.04065000057220459,0.0
GLD,put,275.0,0.049315068493150684,2026-10-16,0.049999999999999996,0.01,0.09,0.01,14.0,0.5312546875,378.760009765625,0.04065000057220459,0.0
GLD,put,300.0,0.049315068493150684,2026-10-16,0.08,0.07,0.09,0.07,133.0,0.42578699218750005,378.760009765625,0.04065000057220459,0.0
GLD,put,315.0,0.049315068493150684,2026-10-16,0.14500000000000002,0.13,0.16,0.15,247.0,0.37354142089843745,378.760009765625,0.04065000057220459,0.0
GLD,put,320.0,0.049315068493150684,2026-10-16,0.18,0.16,0.2,0.17,15.0,0.35742830078125,378.760009765625,0.04065000057220459,0.0
GLD,put,325.0,0.049315068493150684,2026-10-16,0.22999999999999998,0.21,0.25,0.23,265.0,0.3403386279296875,378.760009765625,0.04065000057220459,0.0
GLD,put,330.0,0.049315068493150684,2026-10-16,0.29000000000000004,0.27,0.31,0.28,32.0,0.3227606787109374,378.760009765625,0.04065000057220459,0.0
GLD,put,340.0,0.049315068493150684,2026-10-16,0.51,0.48,0.54,0.52,77.0,0.29321995849609367,378.760009765625,0.04065000057220459,0.0
GLD,put,347.0,0.049315068493150684,2026-10-16,0.78,0.73,0.83,0.79,10.0,0.2740551110839844,378.760009765625,0.04065000057220459,0.0
GLD,put,350.0,0.049315068493150684,2026-10-16,0.915,0.9,0.93,0.93,1131.0,0.260749580078125,378.760009765625,0.04065000057220459,0.0
GLD,put,352.0,0.049315068493150684,2026-10-16,1.07,1.03,1.11,1.08,32.0,0.25879647460937505,378.760009765625,0.04065000057220459,0.0
GLD,put,355.0,0.049315068493150684,2026-10-16,1.31,1.27,1.35,1.28,180.0,0.25086198364257806,378.760009765625,0.04065000057220459,0.0
GLD,put,357.0,0.049315068493150684,2026-10-16,1.52,1.47,1.57,1.25,51.0,0.247077841796875,378.760009765625,0.04065000057220459,0.0
GLD,put,359.0,0.049315068493150684,2026-10-16,1.74,1.7,1.78,1.74,63.0,0.24134059448242187,378.760009765625,0.04065000057220459,0.0
GLD,put,360.0,0.049315068493150684,2026-10-16,1.88,1.83,1.93,1.99,626.0,0.24005886901855467,378.760009765625,0.04065000057220459,0.0
GLD,put,361.0,0.049315068493150684,2026-10-16,2.03,1.97,2.09,2.14,90.0,0.23871610900878903,378.760009765625,0.04065000057220459,0.0
GLD,put,362.0,0.049315068493150684,2026-10-16,2.21,2.13,2.29,2.23,110.0,0.23853300537109373,378.760009765625,0.04065000057220459,0.0
GLD,put,363.0,0.049315068493150684,2026-10-16,2.375,2.29,2.46,2.5,104.0,0.2366409344482422,378.760009765625,0.04065000057220459,0.0
GLD,put,364.0,0.049315068493150684,2026-10-16,2.545,2.48,2.61,2.69,62.0,0.23346713806152342,378.760009765625,0.04065000057220459,0.0
GLD,put,365.0,0.049315068493150684,2026-10-16,2.74,2.67,2.81,2.74,632.0,0.2318192053222656,378.760009765625,0.04065000057220459,0.0
GLD,put,366.0,0.049315068493150684,2026-10-16,2.965,2.88,3.05,2.97,112.0,0.2310867907714844,378.760009765625,0.04065000057220459,0.0
GLD,put,367.0,0.049315068493150684,2026-10-16,3.175,3.1,3.25,3.18,109.0,0.22846230529785155,378.760009765625,0.04065000057220459,0.0
GLD,put,368.0,0.049315068493150684,2026-10-16,3.425,3.35,3.5,3.45,217.0,0.22711954528808592,378.760009765625,0.04065000057220459,0.0
GLD,put,369.0,0.049315068493150684,2026-10-16,3.7,3.6,3.8,3.71,100.0,0.22687540710449217,378.760009765625,0.04065000057220459,0.0
GLD,put,370.0,0.049315068493150684,2026-10-16,3.95,3.9,4.0,3.95,798.0,0.22278609252929685,378.760009765625,0.04065000057220459,0.0
GLD,put,371.0,0.049315068493150684,2026-10-16,4.300000000000001,4.2,4.4,4.25,92.0,0.22461712890624996,378.760009765625,0.04065000057220459,0.0
GLD,put,372.0,0.049315068493150684,2026-10-16,4.625,4.5,4.75,4.64,113.0,0.22425092163085933,378.760009765625,0.04065000057220459,0.0
GLD,put,373.0,0.049315068493150684,2026-10-16,4.949999999999999,4.85,5.05,4.95,451.0,0.2217485052490234,378.760009765625,0.04065000057220459,0.0
GLD,put,374.0,0.049315068493150684,2026-10-16,5.35,5.2,5.5,5.35,456.0,0.22321333435058593,378.760009765625,0.04065000057220459,0.0
GLD,put,375.0,0.049315068493150684,2026-10-16,5.725,5.6,5.85,5.78,477.0,0.2210771252441406,378.760009765625,0.04065000057220459,0.0
GLD,put,376.0,0.049315068493150684,2026-10-16,6.125,6.0,6.25,6.15,70.0,0.21985643432617186,378.760009765625,0.04065000057220459,0.0
GLD,put,377.0,0.049315068493150684,2026-10-16,6.625,6.5,6.75,6.62,190.0,0.22095505615234373,378.760009765625,0.04065000057220459,0.0
GLD,put,378.0,0.049315068493150684,2026-10-16,7.125,7.05,7.2,7.05,555.0,0.2199785034179687,378.760009765625,0.04065000057220459,0.0
GLD,put,379.0,0.049315068493150684,2026-10-16,7.525,7.45,7.6,7.5,50.0,0.21692677612304687,378.760009765625,0.04065000057220459,0.0
GLD,put,380.0,0.049315068493150684,2026-10-16,8.075,8.0,8.15,8.1,1484.0,0.2176591906738281,378.760009765625,0.04065000057220459,0.0
GLD,put,381.0,0.049315068493150684,2026-10-16,8.625,8.45,8.8,8.73,197.0,0.22064988342285152,378.760009765625,0.04065000057220459,0.0
GLD,put,382.0,0.049315068493150684,2026-10-16,9.175,9.0,9.35,9.1,225.0,0.220161607055664,378.760009765625,0.04065000057220459,0.0
GLD,put,383.0,0.049315068493150684,2026-10-16,9.8,9.65,9.95,9.75,34.0,0.22052781433105467,378.760009765625,0.04065000057220459,0.0
GLD,put,384.0,0.049315068493150684,2026-10-16,10.399999999999999,10.2,10.6,10.4,22.0,0.22180953979492185,378.760009765625,0.04065000057220459,0.0
GLD,put,385.0,0.049315068493150684,2026-10-16,11.024999999999999,10.85,11.2,11.15,503.0,0.22101609069824218,378.760009765625,0.04065000057220459,0.0
GLD,put,386.0,0.049315068493150684,2026-10-16,11.725000000000001,11.55,11.9,11.6,15.0,0.22266402343749997,378.760009765625,0.04065000057220459,0.0
GLD,put,387.0,0.049315068493150684,2026-10-16,12.425,12.25,12.6,12.25,27.0,0.22382367980957027,378.760009765625,0.04065000057220459,0.0
GLD,put,388.0,0.049315068493150684,2026-10-16,13.0,12.85,13.15,13.21,88.0,0.2196122961425781,378.760009765625,0.04065000057220459,0.0
GLD,put,389.0,0.049315068493150684,2026-10-16,13.725000000000001,13.55,13.9,13.73,37.0,0.22113815979003904,378.760009765625,0.04065000057220459,0.0
GLD,put,390.0,0.049315068493150684,2026-10-16,14.425,14.3,14.55,14.52,847.0,0.21881884704589843,378.760009765625,0.04065000057220459,0.0
GLD,put,391.0,0.049315068493150684,2026-10-16,15.3,15.15,15.45,13.05,36.0,0.22449505981445309,378.760009765625,0.04065000057220459,0.0
GLD,put,392.0,0.049315068493150684,2026-10-16,16.025,15.85,16.2,16.1,162.0,0.22449505981445309,378.760009765625,0.04065000057220459,0.0
GLD,put,393.0,0.049315068493150684,2026-10-16,16.85,16.7,17.0,16.88,42.0,0.22583781982421874,378.760009765625,0.04065000057220459,0.0
GLD,put,394.0,0.049315068493150684,2026-10-16,17.674999999999997,17.45,17.9,17.87,15.0,0.23041541076660155,378.760009765625,0.04065000057220459,0.0
GLD,put,395.0,0.049315068493150684,2026-10-16,18.525,18.3,18.75,18.48,333.0,0.23279575805664063,378.760009765625,0.04065000057220459,0.0
GLD,put,397.0,0.049315068493150684,2026-10-16,20.2,20.0,20.4,20.35,21.0,0.23438265625,378.760009765625,0.04065000057220459,0.0
GLD,put,398.0,0.049315068493150684,2026-10-16,21.1,20.9,21.3,19.48,36.0,0.23767852172851558,378.760009765625,0.04065000057220459,0.0
GLD,put,399.0,0.049315068493150684,2026-10-16,22.025,21.8,22.25,21.95,16.0,0.24292749267578123,378.760009765625,0.04065000057220459,0.0
GLD,put,400.0,0.049315068493150684,2026-10-16,22.85,22.6,23.1,22.86,189.0,0.24341576904296874,378.760009765625,0.04065000057220459,0.0
GLD,put,403.0,0.049315068493150684,2026-10-16,25.6,25.3,25.9,12.27,25.0,0.25476819458007816,378.760009765625,0.04065000057220459,0.0
GLD,put,405.0,0.049315068493150684,2026-10-16,27.475,27.3,27.65,27.55,33.0,0.25501233276367197,378.760009765625,0.04065000057220459,0.0
GLD,put,406.0,0.049315068493150684,2026-10-16,28.4,28.15,28.65,29.01,13.0,0.26148199462890626,378.760009765625,0.04065000057220459,0.0
GLD,put,410.0,0.049315068493150684,2026-10-16,32.175,32.0,32.35,32.2,41.0,0.26843993286132806,378.760009765625,0.04065000057220459,0.0
GLD,put,414.0,0.049315068493150684,2026-10-16,36.05,35.25,36.85,36.38,11.0,0.32300481689453114,378.760009765625,0.04065000057220459,0.0
GLD,put,415.0,0.049315068493150684,2026-10-16,37.099999999999994,36.9,37.3,37.26,21.0,0.2941965112304687,378.760009765625,0.04065000057220459,0.0
GLD,put,420.0,0.049315068493150684,2026-10-16,42.150000000000006,41.45,42.85,42.32,26.0,0.3590151989746094,378.760009765625,0.04065000057220459,0.0
GLD,put,425.0,0.049315068493150684,2026-10-16,46.925,46.1,47.75,47.24,14.0,0.38147591186523433,378.760009765625,0.04065000057220459,0.0
GLD,put,426.0,0.049315068493150684,2026-10-16,48.1,46.7,49.5,28.85,36.0,0.4325007922363281,378.760009765625,0.04065000057220459,0.0
GLD,put,430.0,0.049315068493150684,2026-10-16,52.05,50.65,53.45,36.67,75.0,0.45325253784179687,378.760009765625,0.04065000057220459,0.0
GLD,put,435.0,0.049315068493150684,2026-10-16,56.825,55.5,58.15,43.6,3000.0,0.4633842724609375,378.760009765625,0.04065000057220459,0.0
GLD,put,440.0,0.049315068493150684,2026-10-16,62.375,60.9,63.85,46.0,15.0,0.5335740002441407,378.760009765625,0.04065000057220459,0.0
GLD,put,465.0,0.049315068493150684,2026-10-16,86.94999999999999,85.05,88.85,73.0,60.0,0.5034229345703125,378.760009765625,0.04065000057220459,0.0
GLD,put,470.0,0.049315068493150684,2026-10-16,91.925,90.05,93.8,78.0,105.0,0.5210008837890624,378.760009765625,0.04065000057220459,0.0
GLD,put,495.0,0.049315068493150684,2026-10-16,116.95,115.65,118.25,70.24,11.0,0.6235389208984375,378.760009765625,0.04065000057220459,0.0
GLD,put,505.0,0.049315068493150684,2026-10-16,132.725,130.75,134.7,118.5,52.0,1.0828903277587891,378.760009765625,0.04065000057220459,0.0
GLD,put,585.0,0.049315068493150684,2026-10-16,127.175,125.15,129.2,130.47,100.0,1.0000000000000003e-05,378.760009765625,0.04065000057220459,0.0
GLD,put,650.0,0.049315068493150684,2026-10-16,223.35,221.45,225.25,273.56,10.0,1.0000000000000003e-05,378.760009765625,0.04065000057220459,0.0
GLD,put,655.0,0.049315068493150684,2026-10-16,228.35,226.45,230.25,278.73,20.0,1.0000000000000003e-05,378.760009765625,0.04065000057220459,0.0
GLD,call,370.0,0.0684931506849315,2026-10-23,14.05,13.85,14.25,13.95,12.0,0.23117834259033204,378.760009765625,0.04065000057220459,0.0
GLD,call,373.0,0.0684931506849315,2026-10-23,12.1,11.95,12.25,12.1,13.0,0.22687540710449217,378.760009765625,0.04065000057220459,0.0
GLD,call,375.0,0.0684931506849315,2026-10-23,10.9,10.75,11.05,11.2,17.0,0.22541057800292968,378.760009765625,0.04065000057220459,0.0
GLD,call,377.0,0.0684931506849315,2026-10-23,9.75,9.65,9.85,9.57,86.0,0.2222367816162109,378.760009765625,0.04065000057220459,0.0
GLD,call,380.0,0.0684931506849315,2026-10-23,8.2,8.1,8.3,8.23,13.0,0.22046677978515622,378.760009765625,0.04065000057220459,0.0
GLD,call,382.0,0.0684931506849315,2026-10-23,7.325,7.2,7.45,7.29,28.0,0.22165695343017577,378.760009765625,0.04065000057220459,0.0
GLD,call,384.0,0.0684931506849315,2026-10-23,6.475,6.35,6.6,13.95,11.0,0.2210771252441406,378.760009765625,0.04065000057220459,0.0
GLD,call,385.0,0.0684931506849315,2026-10-23,6.075,5.95,6.2,6.55,41.0,0.22077195251464843,378.760009765625,0.04065000057220459,0.0
GLD,call,387.0,0.0684931506849315,2026-10-23,5.35,5.25,5.45,5.36,29.0,0.220161607055664,378.760009765625,0.04065000057220459,0.0
GLD,call,388.0,0.0684931506849315,2026-10-23,5.0,4.9,5.1,5.04,17.0,0.21985643432617186,378.760009765625,0.04065000057220459,0.0
GLD,call,390.0,0.0684931506849315,2026-10-23,4.4,4.3,4.5,4.45,113.0,0.22064988342285152,378.760009765625,0.04065000057220459,0.0
GLD,call,391.0,0.0684931506849315,2026-10-23,4.1,4.0,4.2,4.05,304.0,0.22040574523925777,378.760009765625,0.04065000057220459,0.0
GLD,call,392.0,0.0684931506849315,2026-10-23,3.85,3.75,3.95,3.85,15.0,0.2211991943359375,378.760009765625,0.04065000057220459,0.0
GLD,call,393.0,0.0684931506849315,2026-10-23,3.575,3.45,3.7,3.63,100.0,0.2215654016113281,378.760009765625,0.04065000057220459,0.0
GLD,call,395.0,0.0684931506849315,2026-10-23,3.125,3.05,3.2,3.2,26.0,0.22113815979003904,378.760009765625,0.04065000057220459,0.0
GLD,call,398.0,0.0684931506849315,2026-10-23,2.54,2.45,2.63,2.55,28.0,0.22327436889648436,378.760009765625,0.04065000057220459,0.0
GLD,call,399.0,0.0684931506849315,2026-10-23,2.37,2.29,2.45,2.84,37.0,0.22357954162597654,378.760009765625,0.04065000057220459,0.0
GLD,call,400.0,0.0684931506849315,2026-10-23,2.245,2.2,2.29,2.21,533.0,0.22425092163085933,378.760009765625,0.04065000057220459,0.0
GLD,call,402.0,0.0684931506849315,2026-10-23,1.935,1.87,2.0,1.99,198.0,0.22565471618652344,378.760009765625,0.04065000057220459,0.0
GLD,call,405.0,0.0684931506849315,2026-10-23,1.5899999999999999,1.53,1.65,1.61,45.0,0.22876747802734376,378.760009765625,0.04065000057220459,0.0
GLD,call,407.0,0.0684931506849315,2026-10-23,1.4,1.35,1.45,1.41,10.0,0.23084265258789063,378.760009765625,0.04065000057220459,0.0
GLD,call,410.0,0.0684931506849315,2026-10-23,1.1600000000000001,1.12,1.2,1.16,21.0,0.23419955261230468,378.760009765625,0.04065000057220459,0.0
GLD,call,415.0,0.0684931506849315,2026-10-23,0.85,0.83,0.87,0.84,419.0,0.2395095581054687,378.760009765625,0.04065000057220459,0.0
GLD,call,416.0,0.0684931506849315,2026-10-23,0.8300000000000001,0.78,0.88,0.81,60.0,0.24488059814453128,378.760009765625,0.04065000057220459,0.0
GLD,call,417.0,0.0684931506849315,2026-10-23,0.7849999999999999,0.73,0.84,0.77,58.0,0.24683370361328127,378.760009765625,0.04065000057220459,0.0
GLD,call,418.0,0.0684931506849315,2026-10-23,0.74,0.69,0.79,0.7,204.0,0.24793232543945312,378.760009765625,0.04065000057220459,0.0
GLD,call,419.0,0.0684931506849315,2026-10-23,0.6950000000000001,0.66,0.73,0.68,172.0,0.24805439453125,378.760009765625,0.04065000057220459,0.0
GLD,call,420.0,0.0684931506849315,2026-10-23,0.655,0.63,0.68,0.65,353.0,0.2486647399902344,378.760009765625,0.04065000057220459,0.0
GLD,call,421.0,0.0684931506849315,2026-10-23,0.63,0.59,0.67,0.61,21.0,0.25220474365234374,378.760009765625,0.04065000057220459,0.0
GLD,call,422.0,0.0684931506849315,2026-10-23,0.595,0.56,0.63,0.58,22.0,0.2534254345703125,378.760009765625,0.04065000057220459,0.0
GLD,call,425.0,0.0684931506849315,2026-10-23,0.51,0.48,0.54,0.51,23.0,0.2580640600585938,378.760009765625,0.04065000057220459,0.0
GLD,call,426.0,0.0684931506849315,2026-10-23,0.485,0.4,0.57,0.48,30.0,0.2650219982910156,378.760009765625,0.04065000057220459,0.0
GLD,call,428.0,0.0684931506849315,2026-10-23,0.47,0.41,0.53,1.0,10.0,0.2695385546875,378.760009765625,0.04065000057220459,0.0
GLD,call,430.0,0.0684931506849315,2026-10-23,0.405,0.38,0.43,0.44,16.0,0.2668530346679688,378.760009765625,0.04065000057220459,0.0
GLD,call,433.0,0.0684931506849315,2026-10-23,0.385,0.33,0.44,0.72,49.0,0.2797923583984374,378.760009765625,0.04065000057220459,0.0
GLD,call,435.0,0.0684931506849315,2026-10-23,0.33999999999999997,0.31,0.37,0.35,13.0,0.2788158056640625,378.760009765625,0.04065000057220459,0.0
GLD,call,440.0,0.0684931506849315,2026-10-23,0.28,0.25,0.31,0.28,14.0,0.28882547119140617,378.760009765625,0.04065000057220459,0.0
GLD,call,450.0,0.0684931506849315,2026-10-23,0.185,0.15,0.22,0.18,53.0,0.30762411132812495,378.760009765625,0.04065000057220459,0.0
GLD,call,460.0,0.0684931506849315,2026-10-23,0.15500000000000003,0.14,0.17,0.16,229.0,0.32813171874999997,378.760009765625,0.04065000057220459,0.0
GLD,call,495.0,0.0684931506849315,2026-10-23,0.1,0.06,0.14,0.09,40.0,0.42090422851562503,378.760009765625,0.04065000057220459,0.0
GLD,call,500.0,0.0684931506849315,2026-10-23,0.075,0.06,0.09,0.07,20.0,0.41309180664062495,378.760009765625,0.04065000057220459,0.0
GLD,call,505.0,0.0684931506849315,2026-10-23,0.07,0.05,0.09,0.06,20.0,0.42578699218750005,378.760009765625,0.04065000057220459,0.0
GLD,call,520.0,0.0684931506849315,2026-10-23,0.065,0.03,0.1,0.05,233.0,0.4687553125,378.760009765625,0.04065000057220459,0.0
GLD,call,525.0,0.0684931506849315,2026-10-23,0.030000000000000002,0.01,0.05,0.06,40.0,0.44727115234375,378.760009765625,0.04065000057220459,0.0
GLD,call,585.0,0.0684931506849315,2026-10-23,0.030000000000000002,0.01,0.05,0.05,371.0,0.5507857421875001,378.760009765625,0.04065000057220459,0.0
GLD,call,605.0,0.0684931506849315,2026-10-23,0.030000000000000002,0.01,0.05,0.05,35.0,0.585941640625,378.760009765625,0.04065000057220459,0.0
GLD,put,295.0,0.0684931506849315,2026-10-23,0.14,0.08,0.2,0.05,305.0,0.43018147949218755,378.760009765625,0.04065000057220459,0.0
GLD,put,340.0,0.0684931506849315,2026-10-23,0.775,0.75,0.8,0.79,17.0,0.2732006274414062,378.760009765625,0.04065000057220459,0.0
GLD,put,350.0,0.0684931506849315,2026-10-23,1.375,1.33,1.42,1.42,90.0,0.25061784545898436,378.760009765625,0.04065000057220459,0.0
GLD,put,355.0,0.0684931506849315,2026-10-23,1.87,1.83,1.91,1.87,125.0,0.23987576538085933,378.760009765625,0.04065000057220459,0.0
GLD,put,360.0,0.0684931506849315,2026-10-23,2.56,2.5,2.62,2.56,190.0,0.2309647216796875,378.760009765625,0.04065000057220459,0.0
GLD,put,365.0,0.0684931506849315,2026-10-23,3.6500000000000004,3.6,3.7,3.6,1366.0,0.22602092346191405,378.760009765625,0.04065000057220459,0.0
GLD,put,370.0,0.0684931506849315,2026-10-23,4.95,4.9,5.0,4.95,210.0,0.2179643634033203,378.760009765625,0.04065000057220459,0.0
GLD,put,371.0,0.0684931506849315,2026-10-23,5.300000000000001,5.2,5.4,5.3,24.0,0.21894091613769529,378.760009765625,0.04065000057220459,0.0
GLD,put,372.0,0.0684931506849315,2026-10-23,5.65,5.55,5.75,5.65,11.0,0.2181474670410156,378.760009765625,0.04065000057220459,0.0
GLD,put,373.0,0.0684931506849315,2026-10-23,6.050000000000001,5.95,6.15,6.37,47.0,0.2181779843139648,378.760009765625,0.04065000057220459,0.0
GLD,put,375.0,0.0684931506849315,2026-10-23,6.775,6.65,6.9,6.9,95.0,0.2156450506591797,378.760009765625,0.04065000057220459,0.0
GLD,put,376.0,0.0684931506849315,2026-10-23,7.199999999999999,7.1,7.3,7.64,11.0,0.21433280792236326,378.760009765625,0.04065000057220459,0.0
GLD,put,377.0,0.0684931506849315,2026-10-23,7.675,7.55,7.8,7.9,12.0,0.21509573974609375,378.760009765625,0.04065000057220459,0.0
GLD,put,378.0,0.0684931506849315,2026-10-23,8.1,8.0,8.2,8.2,34.0,0.21289849609375,378.760009765625,0.04065000057220459,0.0
GLD,put,379.0,0.0684931506849315,2026-10-23,8.625,8.5,8.75,8.56,15.0,0.21399711791992188,378.760009765625,0.04065000057220459,0.0
GLD,put,380.0,0.0684931506849315,2026-10-23,9.125,9.0,9.25,9.12,72.0,0.2133562551879883,378.760009765625,0.04065000057220459,0.0
GLD,put,383.0,0.0684931506849315,2026-10-23,10.8,10.7,10.9,8.95,25.0,0.21247125427246094,378.760009765625,0.04065000057220459,0.0
GLD,put,384.0,0.0684931506849315,2026-10-23,11.375,11.2,11.55,11.5,17.0,0.21381401428222657,378.760009765625,0.04065000057220459,0.0
GLD,put,385.0,0.0684931506849315,2026-10-23,11.975,11.85,12.1,11.99,150.0,0.21216608154296873,378.760009765625,0.04065000057220459,0.0
GLD,put,390.0,0.0684931506849315,2026-10-23,15.325,15.15,15.5,15.76,38.0,0.2140581524658203,378.760009765625,0.04065000057220459,0.0
GLD,put,392.0,0.0684931506849315,2026-10-23,16.75,16.5,17.0,16.8,13.0,0.21576711975097657,378.760009765625,0.04065000057220459,0.0
GLD,put,394.0,0.0684931506849315,2026-10-23,18.3,18.05,18.55,8.41,43.0,0.21741505249023438,378.760009765625,0.04065000057220459,0.0
GLD,put,395.0,0.0684931506849315,2026-10-23,19.174999999999997,18.95,19.4,19.52,12.0,0.2199785034179687,378.760009765625,0.04065000057220459,0.0
GLD,put,400.0,0.0684931506849315,2026-10-23,23.3,23.1,23.5,23.7,17.0,0.22327436889648436,378.760009765625,0.04065000057220459,0.0
GLD,put,404.0,0.0684931506849315,2026-10-23,26.8,26.55,27.05,14.65,40.0,0.2299881689453125,378.760009765625,0.04065000057220459,0.0
GLD,put,422.0,0.0684931506849315,2026-10-23,43.975,43.0,44.95,30.08,26.0,0.32221136779785153,378.760009765625,0.04065000057220459,0.0
GLD,call,350.0,0.08767123287671233,2026-10-30,31.299999999999997,31.15,31.45,31.3,342.0,0.272895454711914,378.760009765625,0.04065000057220459,0.0
GLD,call,355.0,0.08767123287671233,2026-10-30,26.925,26.75,27.1,26.91,345.0,0.26154302917480465,378.760009765625,0.04065000057220459,0.0
GLD,call,360.0,0.08767123287671233,2026-10-30,22.8,22.6,23.0,22.65,14.0,0.25263198547363286,378.760009765625,0.04065000057220459,0.0
GLD,call,365.0,0.08767123287671233,2026-10-30,19.0,18.8,19.2,18.95,27.0,0.24567404724121095,378.760009765625,0.04065000057220459,0.0
GLD,call,372.0,0.08767123287671233,2026-10-30,14.175,14.0,14.35,16.3,13.0,0.23578645080566402,378.760009765625,0.04065000057220459,0.0
GLD,call,374.0,0.08767123287671233,2026-10-30,12.95,12.8,13.1,12.98,39.0,0.233406103515625,378.760009765625,0.04065000057220459,0.0
GLD,call,375.0,0.08767123287671233,2026-10-30,12.375,12.2,12.55,12.36,53.0,0.233406103515625,378.760009765625,0.04065000057220459,0.0
GLD,call,376.0,0.08767123287671233,2026-10-30,11.8,11.65,11.95,11.95,15.0,0.23200230895996093,378.760009765625,0.04065000057220459,0.0
GLD,call,377.0,0.08767123287671233,2026-10-30,11.25,11.1,11.4,11.38,74.0,0.23133092895507812,378.760009765625,0.04065000057220459,0.0
GLD,call,378.0,0.08767123287671233,2026-10-30,10.7,10.55,10.85,10.9,35.0,0.23035437622070312,378.760009765625,0.04065000057220459,0.0
GLD,call,379.0,0.08767123287671233,2026-10-30,10.2,10.05,10.35,10.25,16.0,0.23014075531005856,378.760009765625,0.04065000057220459,0.0
GLD,call,380.0,0.08767123287671233,2026-10-30,9.75,9.65,9.85,9.73,149.0,0.22962196166992188,378.760009765625,0.04065000057220459,0.0
GLD,call,381.0,0.08767123287671233,2026-10-30,9.275,9.15,9.4,9.27,20.0,0.22980506530761718,378.760009765625,0.04065000057220459,0.0
GLD,call,383.0,0.08767123287671233,2026-10-30,8.35,8.2,8.5,8.4,11.0,0.2292862716674805,378.760009765625,0.04065000057220459,0.0
GLD,call,384.0,0.08767123287671233,2026-10-30,7.925,7.85,8.0,7.95,14.0,0.2273942007446289,378.760009765625,0.04065000057220459,0.0
GLD,call,385.0,0.08767123287671233,2026-10-30,7.525,7.4,7.65,7.5,175.0,0.22852333984375,378.760009765625,0.04065000057220459,0.0
GLD,call,390.0,0.08767123287671233,2026-10-30,5.699999999999999,5.6,5.8,5.7,63.0,0.22705851074218747,378.760009765625,0.04065000057220459,0.0
GLD,call,391.0,0.08767123287671233,2026-10-30,5.4,5.3,5.5,5.42,49.0,0.2274247180175781,378.760009765625,0.04065000057220459,0.0
GLD,call,393.0,0.08767123287671233,2026-10-30,4.85,4.75,4.95,4.85,22.0,0.22846230529785155,378.760009765625,0.04065000057220459,0.0
GLD,call,394.0,0.08767123287671233,2026-10-30,4.550000000000001,4.45,4.65,4.66,17.0,0.22791299438476562,378.760009765625,0.04065000057220459,0.0
GLD,call,395.0,0.08767123287671233,2026-10-30,4.275,4.2,4.35,4.4,170.0,0.22699747619628902,378.760009765625,0.04065000057220459,0.0
GLD,call,396.0,0.08767123287671233,2026-10-30,4.125,4.0,4.25,4.18,11.0,0.23102575622558597,378.760009765625,0.04065000057220459,0.0
GLD,call,398.0,0.08767123287671233,2026-10-30,3.65,3.55,3.75,3.65,11.0,0.23041541076660155,378.760009765625,0.04065000057220459,0.0
GLD,call,399.0,0.08767123287671233,2026-10-30,3.45,3.35,3.55,3.53,18.0,0.23102575622558597,378.760009765625,0.04065000057220459,0.0
GLD,call,400.0,0.08767123287671233,2026-10-30,3.25,3.15,3.35,3.25,215.0,0.23136144622802735,378.760009765625,0.04065000057220459,0.0
GLD,call,402.0,0.08767123287671233,2026-10-30,2.915,2.84,2.99,2.89,23.0,0.23236851623535154,378.760009765625,0.04065000057220459,0.0
GLD,call,403.0,0.08767123287671233,2026-10-30,2.75,2.68,2.82,2.73,28.0,0.23279575805664063,378.760009765625,0.04065000057220459,0.0
GLD,call,405.0,0.08767123287671233,2026-10-30,2.445,2.38,2.51,2.5,96.0,0.2337723107910156,378.760009765625,0.04065000057220459,0.0
GLD,call,406.0,0.08767123287671233,2026-10-30,2.295,2.24,2.35,2.31,15.0,0.23371127624511717,378.760009765625,0.04065000057220459,0.0
GLD,call,410.0,0.08767123287671233,2026-10-30,1.865,1.81,1.92,1.86,81.0,0.23841093627929685,378.760009765625,0.04065000057220459,0.0
GLD,call,412.0,0.08767123287671233,2026-10-30,1.685,1.61,1.76,1.72,120.0,0.24176783630371096,378.760009765625,0.04065000057220459,0.0
GLD,call,414.0,0.08767123287671233,2026-10-30,1.5150000000000001,1.44,1.59,1.64,14.0,0.24402611450195313,378.760009765625,0.04065000057220459,0.0
GLD,call,415.0,0.08767123287671233,2026-10-30,1.415,1.37,1.46,1.44,173.0,0.24274438903808593,378.760009765625,0.04065000057220459,0.0
GLD,call,418.0,0.08767123287671233,2026-10-30,1.21,1.16,1.26,1.23,16.0,0.24646749633789064,378.760009765625,0.04065000057220459,0.0
GLD,call,420.0,0.08767123287671233,2026-10-30,1.085,1.06,1.11,1.08,51.0,0.247077841796875,378.760009765625,0.04065000057220459,0.0
GLD,call,425.0,0.08767123287671233,2026-10-30,0.86,0.83,0.89,0.89,84.0,0.25452405639648445,378.760009765625,0.04065000057220459,0.0
GLD,call,429.0,0.08767123287671233,2026-10-30,0.73,0.69,0.77,0.73,53.0,0.2618482019042969,378.760009765625,0.04065000057220459,0.0
GLD,call,430.0,0.08767123287671233,2026-10-30,0.69,0.66,0.72,0.7,61.0,0.2618482019042969,378.760009765625,0.04065000057220459,0.0
GLD,call,435.0,0.08767123287671233,2026-10-30,0.565,0.54,0.59,0.57,14.0,0.2695385546875,378.760009765625,0.04065000057220459,0.0
GLD,call,440.0,0.08767123287671233,2026-10-30,0.46499999999999997,0.45,0.48,0.46,38.0,0.27637442382812494,378.760009765625,0.04065000057220459,0.0
GLD,call,445.0,0.08767123287671233,2026-10-30,0.395,0.37,0.42,0.39,24.0,0.28626202026367187,378.760009765625,0.04065000057220459,0.0
GLD,call,450.0,0.08767123287671233,2026-10-30,0.33499999999999996,0.31,0.36,0.33,17.0,0.2946847875976562,378.760009765625,0.04065000057220459,0.0
GLD,call,470.0,0.08767123287671233,2026-10-30,0.275,0.16,0.39,0.31,21.0,0.35938140625,378.760009765625,0.04065000057220459,0.0
GLD,call,475.0,0.08767123287671233,2026-10-30,0.26,0.15,0.37,0.33,529.0,0.37085590087890624,378.760009765625,0.04065000057220459,0.0
GLD,call,590.0,0.08767123287671233,2026-10-30,0.11,0.01,0.21,0.05,12.0,0.5625043750000001,378.760009765625,0.04065000057220459,0.0
GLD,call,595.0,0.08767123287671233,2026-10-30,0.11,0.01,0.21,0.07,11.0,0.5722699023437501,378.760009765625,0.04065000057220459,0.0
GLD,put,235.0,0.08767123287671233,2026-10-30,0.08,0.01,0.15,0.03,22.0,0.6113320117187502,378.760009765625,0.04065000057220459,0.0
GLD,put,245.0,0.08767123287671233,2026-10-30,0.095,0.02,0.17,0.05,22.0,0.5722699023437501,378.760009765625,0.04065000057220459,0.0
GLD,put,255.0,0.08767123287671233,2026-10-30,0.105,0.03,0.18,0.07,20.0,0.5302781347656251,378.760009765625,0.04065000057220459,0.0
GLD,put,260.0,0.08767123287671233,2026-10-30,0.12000000000000001,0.04,0.2,0.06,22.0,0.514653291015625,378.760009765625,0.04065000057220459,0.0
GLD,put,270.0,0.08767123287671233,2026-10-30,0.125,0.03,0.22,0.07,22.0,0.50586431640625,378.760009765625,0.04065000057220459,0.0
GLD,put,315.0,0.08767123287671233,2026-10-30,0.375,0.35,0.4,0.37,21.0,0.327155166015625,378.760009765625,0.04065000057220459,0.0
GLD,put,320.0,0.08767123287671233,2026-10-30,0.43999999999999995,0.41,0.47,0.45,111.0,0.3122627368164062,378.760009765625,0.04065000057220459,0.0
GLD,put,330.0,0.08767123287671233,2026-10-30,0.7050000000000001,0.67,0.74,0.71,13.0,0.2893137475585937,378.760009765625,0.04065000057220459,0.0
GLD,put,340.0,0.08767123287671233,2026-10-30,1.13,1.1,1.16,1.16,114.0,0.2652661364746094,378.760009765625,0.04065000057220459,0.0
GLD,put,345.0,0.08767123287671233,2026-10-30,1.4649999999999999,1.43,1.5,1.48,49.0,0.2551344018554688,378.760009765625,0.04065000057220459,0.0
GLD,put,350.0,0.08767123287671233,2026-10-30,1.94,1.89,1.99,1.92,61.0,0.24695577270507812,378.760009765625,0.04065000057220459,0.0
GLD,put,355.0,0.08767123287671233,2026-10-30,2.575,2.52,2.63,2.58,65.0,0.23883817810058594,378.760009765625,0.04065000057220459,0.0
GLD,put,360.0,0.08767123287671233,2026-10-30,3.375,3.35,3.4,3.4,340.0,0.22901161621093752,378.760009765625,0.04065000057220459,0.0
GLD,put,365.0,0.08767123287671233,2026-10-30,4.6,4.5,4.7,4.6,370.0,0.227272131652832,378.760009765625,0.04065000057220459,0.0
GLD,put,370.0,0.08767123287671233,2026-10-30,6.1,6.0,6.2,6.07,180.0,0.22235885070800776,378.760009765625,0.04065000057220459,0.0
GLD,put,373.0,0.08767123287671233,2026-10-30,7.175,7.05,7.3,7.18,21.0,0.220161607055664,378.760009765625,0.04065000057220459,0.0
GLD,put,375.0,0.08767123287671233,2026-10-30,8.0,7.9,8.1,8.1,186.0,0.21851367431640623,378.760009765625,0.04065000057220459,0.0
GLD,put,378.0,0.08767123287671233,2026-10-30,9.35,9.2,9.5,9.38,15.0,0.2178422943115234,378.760009765625,0.04065000057220459,0.0
GLD,put,380.0,0.08767123287671233,2026-10-30,10.375,10.25,10.5,10.37,62.0,0.2171098797607422,378.760009765625,0.04065000057220459,0.0
GLD,put,381.0,0.08767123287671233,2026-10-30,10.875,10.7,11.05,10.9,11.0,0.21735401794433595,378.760009765625,0.04065000057220459,0.0
GLD,put,382.0,0.08767123287671233,2026-10-30,11.45,11.3,11.6,11.3,85.0,0.21720143157958982,378.760009765625,0.04065000057220459,0.0
GLD,put,384.0,0.08767123287671233,2026-10-30,12.55,12.35,12.75,5.3,13.0,0.2169878106689453,378.760009765625,0.04065000057220459,0.0
GLD,put,385.0,0.08767123287671233,2026-10-30,13.175,13.0,13.35,13.26,55.0,0.21689625885009767,378.760009765625,0.04065000057220459,0.0
GLD,put,387.0,0.08767123287671233,2026-10-30,14.475,14.25,14.7,6.65,10.0,0.21912401977539062,378.760009765625,0.04065000057220459,0.0
GLD,put,390.0,0.08767123287671233,2026-10-30,16.45,16.25,16.65,16.45,120.0,0.2183000534057617,378.760009765625,0.04065000057220459,0.0
GLD,put,391.0,0.08767123287671233,2026-10-30,17.125,16.9,17.35,17.07,12.0,0.21851367431640623,378.760009765625,0.04065000057220459,0.0
GLD,put,393.0,0.08767123287671233,2026-10-30,18.625,18.35,18.9,18.52,24.0,0.22180953979492185,378.760009765625,0.04065000057220459,0.0
GLD,put,394.0,0.08767123287671233,2026-10-30,19.375,19.15,19.6,19.41,115.0,0.2210771252441406,378.760009765625,0.04065000057220459,0.0
GLD,put,395.0,0.08767123287671233,2026-10-30,20.1,19.8,20.4,20.26,48.0,0.22266402343749997,378.760009765625,0.04065000057220459,0.0
GLD,put,396.0,0.08767123287671233,2026-10-30,20.924999999999997,20.7,21.15,20.0,103.0,0.22260298889160152,378.760009765625,0.04065000057220459,0.0
GLD,put,399.0,0.08767123287671233,2026-10-30,23.25,23.05,23.45,23.48,12.0,0.2219316088867187,378.760009765625,0.04065000057220459,0.0
GLD,put,400.0,0.08767123287671233,2026-10-30,24.0,23.8,24.2,24.13,15.0,0.22052781433105467,378.760009765625,0.04065000057220459,0.0
GLD,put,404.0,0.08767123287671233,2026-10-30,27.475,27.15,27.8,25.53,10.0,0.2307816180419922,378.760009765625,0.04065000057220459,0.0
GLD,put,410.0,0.08767123287671233,2026-10-30,32.875,32.65,33.1,32.84,31.0,0.2370071417236328,378.760009765625,0.04065000057220459,0.0
GLD,put,414.0,0.08767123287671233,2026-10-30,36.6,36.35,36.85,20.71,20.0,0.24585715087890625,378.760009765625,0.04065000057220459,0.0
GLD,put,416.0,0.08767123287671233,2026-10-30,38.675,37.3,40.05,22.24,20.0,0.3024361749267578,378.760009765625,0.04065000057220459,0.0
GLD,put,417.0,0.08767123287671233,2026-10-30,39.625,38.25,41.0,22.35,10.0,0.30560997131347656,378.760009765625,0.04065000057220459,0.0
GLD,put,418.0,0.08767123287671233,2026-10-30,40.325,40.15,40.5,40.4,89.0,0.24768818725585937,378.760009765625,0.04065000057220459,0.0
GLD,put,424.0,0.08767123287671233,2026-10-30,46.425,45.1,47.75,32.05,36.0,0.32996275512695306,378.760009765625,0.04065000057220459,0.0
GLD,put,425.0,0.08767123287671233,2026-10-30,46.825,46.0,47.65,32.95,18.0,0.2854075366210937,378.760009765625,0.04065000057220459,0.0
GLD,put,426.0,0.08767123287671233,2026-10-30,48.35,47.0,49.7,34.5,36.0,0.3372258660888672,378.760009765625,0.04065000057220459,0.0
GLD,call,380.0,0.10684931506849316,2026-11-06,11.075,11.05,11.1,11.1,57.0,0.23352817260742187,378.760009765625,0.04065000057220459,0.0
GLD,call,382.0,0.10684931506849316,2026-11-06,10.025,9.9,10.15,10.15,37.0,0.23270420623779298,378.760009765625,0.04065000057220459,0.0
GLD,call,383.0,0.10684931506849316,2026-11-06,9.575,9.45,9.7,9.7,33.0,0.23239903350830077,378.760009765625,0.04065000057220459,0.0
GLD,call,390.0,0.10684931506849316,2026-11-06,6.85,6.75,6.95,6.83,67.0,0.23081213531494144,378.760009765625,0.04065000057220459,0.0
GLD,call,395.0,0.10684931506849316,2026-11-06,5.375,5.25,5.5,5.35,21.0,0.23279575805664063,378.760009765625,0.04065000057220459,0.0
GLD,call,398.0,0.10684931506849316,2026-11-06,4.65,4.55,4.75,4.62,23.0,0.2338028280639648,378.760009765625,0.04065000057220459,0.0
GLD,call,400.0,0.10684931506849316,2026-11-06,4.199999999999999,4.1,4.3,4.22,43.0,0.23450472534179687,378.760009765625,0.04065000057220459,0.0
GLD,call,405.0,0.10684931506849316,2026-11-06,3.2750000000000004,3.2,3.35,3.27,13.0,0.23670196899414062,378.760009765625,0.04065000057220459,0.0
GLD,call,410.0,0.10684931506849316,2026-11-06,2.51,2.44,2.58,2.61,26.0,0.23859403991699218,378.760009765625,0.04065000057220459,0.0
GLD,call,411.0,0.10684931506849316,2026-11-06,2.385,2.31,2.46,2.69,18.0,0.23944852355957028,378.760009765625,0.04065000057220459,0.0
GLD,call,415.0,0.10684931506849316,2026-11-06,1.98,1.93,2.03,2.0,20.0,0.24262231994628902,378.760009765625,0.04065000057220459,0.0
GLD,call,418.0,0.10684931506849316,2026-11-06,1.71,1.66,1.76,1.73,15.0,0.24518577087402343,378.760009765625,0.04065000057220459,0.0
GLD,call,420.0,0.10684931506849316,2026-11-06,1.565,1.53,1.6,1.58,20.0,0.24683370361328127,378.760009765625,0.04065000057220459,0.0
GLD,call,429.0,0.10684931506849316,2026-11-06,1.075,1.02,1.13,2.14,20.0,0.2590406127929688,378.760009765625,0.04065000057220459,0.0
GLD,call,595.0,0.10684931506849316,2026-11-06,0.08,0.01,0.15,0.08,11.0,0.5029346582031251,378.760009765625,0.04065000057220459,0.0
GLD,put,285.0,0.10684931506849316,2026-11-06,0.19,0.13,0.25,0.08,52.0,0.4008848974609375,378.760009765625,0.04065000057220459,0.0
GLD,put,320.0,0.10684931506849316,2026-11-06,0.615,0.54,0.69,0.3,60.0,0.30493859130859374,378.760009765625,0.04065000057220459,0.0
GLD,put,345.0,0.10684931506849316,2026-11-06,1.865,1.82,1.91,1.87,89.0,0.24890887817382812,378.760009765625,0.04065000057220459,0.0
GLD,put,350.0,0.10684931506849316,2026-11-06,2.42,2.38,2.46,2.44,62.0,0.24091335266113278,378.760009765625,0.04065000057220459,0.0
GLD,put,355.0,0.10684931506849316,2026-11-06,3.175,3.1,3.25,3.24,90.0,0.2356033471679687,378.760009765625,0.04065000057220459,0.0
GLD,put,360.0,0.10684931506849316,2026-11-06,4.125,4.05,4.2,4.15,126.0,0.22901161621093752,378.760009765625,0.04065000057220459,0.0
GLD,put,365.0,0.10684931506849316,2026-11-06,5.35,5.3,5.4,5.45,65.0,0.22278609252929685,378.760009765625,0.04065000057220459,0.0
GLD,put,370.0,0.10684931506849316,2026-11-06,6.949999999999999,6.85,7.05,6.96,91.0,0.220161607055664,378.760009765625,0.04065000057220459,0.0
GLD,put,371.0,0.10684931506849316,2026-11-06,7.300000000000001,7.2,7.4,7.25,18.0,0.21921557159423827,378.760009765625,0.04065000057220459,0.0
GLD,put,373.0,0.10684931506849316,2026-11-06,8.075,7.95,8.2,8.06,24.0,0.21857470886230468,378.760009765625,0.04065000057220459,0.0
GLD,put,374.0,0.10684931506849316,2026-11-06,8.45,8.35,8.55,8.75,11.0,0.21677418975830076,378.760009765625,0.04065000057220459,0.0
GLD,put,375.0,0.10684931506849316,2026-11-06,8.925,8.8,9.05,9.25,86.0,0.21778125976562498,378.760009765625,0.04065000057220459,0.0
GLD,put,376.0,0.10684931506849316,2026-11-06,9.35,9.25,9.45,9.35,37.0,0.21643849975585935,378.760009765625,0.04065000057220459,0.0
GLD,put,377.0,0.10684931506849316,2026-11-06,9.775,9.65,9.9,10.05,27.0,0.215828154296875,378.760009765625,0.04065000057220459,0.0
GLD,put,380.0,0.10684931506849316,2026-11-06,11.275,11.15,11.4,11.58,71.0,0.21521780883789063,378.760009765625,0.04065000057220459,0.0
GLD,put,381.0,0.10684931506849316,2026-11-06,11.825,11.65,12.0,12.0,54.0,0.21643849975585935,378.760009765625,0.04065000057220459,0.0
GLD,put,382.0,0.10684931506849316,2026-11-06,12.3,12.15,12.45,11.35,45.0,0.21436332519531248,378.760009765625,0.04065000057220459,0.0
GLD,put,386.0,0.10684931506849316,2026-11-06,14.675,14.55,14.8,7.16,55.0,0.21411918701171873,378.760009765625,0.04065000057220459,0.0
GLD,put,388.0,0.10684931506849316,2026-11-06,15.9,15.7,16.1,15.25,11.0,0.2148516015625,378.760009765625,0.04065000057220459,0.0
GLD,put,390.0,0.10684931506849316,2026-11-06,17.2,17.0,17.4,16.4,22.0,0.21448539428710936,378.760009765625,0.04065000057220459,0.0
GLD,put,392.0,0.10684931506849316,2026-11-06,18.625,18.4,18.85,9.73,81.0,0.21625539611816402,378.760009765625,0.04065000057220459,0.0
GLD,put,393.0,0.10684931506849316,2026-11-06,19.325000000000003,19.1,19.55,10.15,49.0,0.2161943615722656,378.760009765625,0.04065000057220459,0.0
GLD,put,400.0,0.10684931506849316,2026-11-06,24.65,24.45,24.85,13.91,31.0,0.21759815612792968,378.760009765625,0.04065000057220459,0.0
GLD,put,424.0,0.10684931506849316,2026-11-06,46.525,45.15,47.9,31.95,22.0,0.3050606604003906,378.760009765625,0.04065000057220459,0.0
GLD,put,428.0,0.10684931506849316,2026-11-06,50.4,49.05,51.75,36.7,11.0,0.3164741204833984,378.760009765625,0.04065000057220459,0.0
GLD,call,310.0,0.14520547945205478,2026-11-20,70.675,69.85,71.5,88.42,39.0,0.4144345666503906,378.760009765625,0.04065000057220459,0.0
GLD,call,330.0,0.14520547945205478,2026-11-20,51.5,51.25,51.75,65.25,39.0,0.32343205871582026,378.760009765625,0.04065000057220459,0.0
GLD,call,340.0,0.14520547945205478,2026-11-20,42.3,42.1,42.5,45.03,40.0,0.2951120294189453,378.760009765625,0.04065000057220459,0.0
GLD,call,350.0,0.14520547945205478,2026-11-20,33.55,33.35,33.75,33.4,29.0,0.27246821289062495,378.760009765625,0.04065000057220459,0.0
GLD,call,365.0,0.14520547945205478,2026-11-20,22.025,21.85,22.2,21.9,18.0,0.2500075,378.760009765625,0.04065000057220459,0.0
GLD,call,370.0,0.14520547945205478,2026-11-20,18.725,18.55,18.9,18.67,17.0,0.24506370178222658,378.760009765625,0.04065000057220459,0.0
GLD,call,375.0,0.14520547945205478,2026-11-20,15.8,15.65,15.95,15.7,246.0,0.24173731903076173,378.760009765625,0.04065000057220459,0.0
GLD,call,378.0,0.14520547945205478,2026-11-20,14.15,14.05,14.25,14.07,46.0,0.2386855917358398,378.760009765625,0.04065000057220459,0.0
GLD,call,380.0,0.14520547945205478,2026-11-20,13.149999999999999,13.1,13.2,13.19,375.0,0.23709869354248048,378.760009765625,0.04065000057220459,0.0
GLD,call,382.0,0.14520547945205478,2026-11-20,12.175,12.1,12.25,12.42,16.0,0.23645783081054686,378.760009765625,0.04065000057220459,0.0
GLD,call,383.0,0.14520547945205478,2026-11-20,11.775,11.65,11.9,11.72,39.0,0.238014211730957,378.760009765625,0.04065000057220459,0.0
GLD,call,385.0,0.14520547945205478,2026-11-20,10.9,10.8,11.0,10.82,359.0,0.23706817626953125,378.760009765625,0.04065000057220459,0.0
GLD,call,386.0,0.14520547945205478,2026-11-20,10.475,10.35,10.6,10.56,21.0,0.23715972808837887,378.760009765625,0.04065000057220459,0.0
GLD,call,387.0,0.14520547945205478,2026-11-20,10.075,9.95,10.2,10.1,30.0,0.23706817626953125,378.760009765625,0.04065000057220459,0.0
GLD,call,388.0,0.14520547945205478,2026-11-20,9.65,9.55,9.75,10.1,16.0,0.23590851989746092,378.760009765625,0.04065000057220459,0.0
GLD,call,389.0,0.14520547945205478,2026-11-20,9.3,9.2,9.4,9.3,12.0,0.23630524444580076,378.760009765625,0.04065000057220459,0.0
GLD,call,390.0,0.14520547945205478,2026-11-20,8.925,8.8,9.05,8.9,617.0,0.23651886535644528,378.760009765625,0.04065000057220459,0.0
GLD,call,394.0,0.14520547945205478,2026-11-20,7.6,7.5,7.7,7.53,13.0,0.23645783081054686,378.760009765625,0.04065000057220459,0.0
GLD,call,395.0,0.14520547945205478,2026-11-20,7.275,7.2,7.35,7.27,233.0,0.2357254162597656,378.760009765625,0.04065000057220459,0.0
GLD,call,399.0,0.14520547945205478,2026-11-20,6.15,6.05,6.25,6.16,21.0,0.2366409344482422,378.760009765625,0.04065000057220459,0.0
GLD,call,400.0,0.14520547945205478,2026-11-20,5.925,5.85,6.0,5.95,2565.0,0.23694610717773437,378.760009765625,0.04065000057220459,0.0
GLD,call,402.0,0.14520547945205478,2026-11-20,5.449999999999999,5.35,5.55,5.43,11.0,0.238014211730957,378.760009765625,0.04065000057220459,0.0
GLD,call,404.0,0.14520547945205478,2026-11-20,5.0,4.9,5.1,9.1,40.0,0.23844145355224605,378.760009765625,0.04065000057220459,0.0
GLD,call,405.0,0.14520547945205478,2026-11-20,4.825,4.75,4.9,4.7,225.0,0.2389602471923828,378.760009765625,0.04065000057220459,0.0
GLD,call,407.0,0.14520547945205478,2026-11-20,4.4,4.3,4.5,4.76,12.0,0.23944852355957028,378.760009765625,0.04065000057220459,0.0
GLD,call,409.0,0.14520547945205478,2026-11-20,4.050000000000001,3.95,4.15,4.02,19.0,0.24048611083984373,378.760009765625,0.04065000057220459,0.0
GLD,call,410.0,0.14520547945205478,2026-11-20,3.875,3.8,3.95,3.88,798.0,0.24018093811035152,378.760009765625,0.04065000057220459,0.0
GLD,call,411.0,0.14520547945205478,2026-11-20,3.7249999999999996,3.65,3.8,3.75,26.0,0.24091335266113278,378.760009765625,0.04065000057220459,0.0
GLD,call,412.0,0.14520547945205478,2026-11-20,3.55,3.45,3.65,3.56,174.0,0.24149318084716798,378.760009765625,0.04065000057220459,0.0
GLD,call,415.0,0.14520547945205478,2026-11-20,3.175,3.1,3.25,3.17,362.0,0.24372094177246095,378.760009765625,0.04065000057220459,0.0
GLD,call,418.0,0.14520547945205478,2026-11-20,2.77,2.7,2.84,2.79,69.0,0.24439232177734377,378.760009765625,0.04065000057220459,0.0
GLD,call,419.0,0.14520547945205478,2026-11-20,2.67,2.61,2.73,2.67,13.0,0.2450942190551758,378.760009765625,0.04065000057220459,0.0
GLD,call,420.0,0.14520547945205478,2026-11-20,2.565,2.53,2.6,2.56,435.0,0.24506370178222658,378.760009765625,0.04065000057220459,0.0
GLD,call,422.0,0.14520547945205478,2026-11-20,2.35,2.29,2.41,2.43,33.0,0.2467116345214844,378.760009765625,0.04065000057220459,0.0
GLD,call,423.0,0.14520547945205478,2026-11-20,2.27,2.2,2.34,2.42,10.0,0.24817646362304688,378.760009765625,0.04065000057220459,0.0
GLD,call,425.0,0.14520547945205478,2026-11-20,2.105,2.08,2.13,2.11,248.0,0.24848163635253906,378.760009765625,0.04065000057220459,0.0
GLD,call,428.0,0.14520547945205478,2026-11-20,1.87,1.81,1.93,1.88,12.0,0.25196060546875,378.760009765625,0.04065000057220459,0.0
GLD,call,430.0,0.14520547945205478,2026-11-20,1.745,1.72,1.77,1.75,721.0,0.2528150891113281,378.760009765625,0.04065000057220459,0.0
GLD,call,435.0,0.14520547945205478,2026-11-20,1.435,1.4,1.47,1.43,215.0,0.2569654382324219,378.760009765625,0.04065000057220459,0.0
GLD,call,440.0,0.14520547945205478,2026-11-20,1.21,1.2,1.22,1.21,602.0,0.26093268371582035,378.760009765625,0.04065000057220459,0.0
GLD,call,445.0,0.14520547945205478,2026-11-20,1.025,1.0,1.05,1.02,355.0,0.2668530346679688,378.760009765625,0.04065000057220459,0.0
GLD,call,450.0,0.14520547945205478,2026-11-20,0.885,0.85,0.92,0.87,2094.0,0.27332269653320307,378.760009765625,0.04065000057220459,0.0
GLD,call,455.0,0.14520547945205478,2026-11-20,0.76,0.75,0.77,0.76,146.0,0.2771068383789062,378.760009765625,0.04065000057220459,0.0
GLD,call,460.0,0.14520547945205478,2026-11-20,0.66,0.64,0.68,0.66,111.0,0.2834544311523437,378.760009765625,0.04065000057220459,0.0
GLD,call,465.0,0.14520547945205478,2026-11-20,0.585,0.57,0.6,0.56,39.0,0.28955788574218744,378.760009765625,0.04065000057220459,0.0
GLD,call,470.0,0.14520547945205478,2026-11-20,0.52,0.5,0.54,0.53,162.0,0.2962716857910156,378.760009765625,0.04065000057220459,0.0
GLD,call,475.0,0.14520547945205478,2026-11-20,0.47,0.46,0.48,0.47,116.0,0.3020089331054688,378.760009765625,0.04065000057220459,0.0
GLD,call,480.0,0.14520547945205478,2026-11-20,0.43,0.42,0.44,0.42,37.0,0.3090889404296875,378.760009765625,0.04065000057220459,0.0
GLD,call,485.0,0.14520547945205478,2026-11-20,0.385,0.37,0.4,0.4,15.0,0.3156806713867187,378.760009765625,0.04065000057220459,0.0
GLD,call,490.0,0.14520547945205478,2026-11-20,0.36,0.35,0.37,0.37,125.0,0.3225165405273437,378.760009765625,0.04065000057220459,0.0
GLD,call,495.0,0.14520547945205478,2026-11-20,0.33499999999999996,0.32,0.35,0.34,23.0,0.3303289624023437,378.760009765625,0.04065000057220459,0.0
GLD,call,500.0,0.14520547945205478,2026-11-20,0.31,0.3,0.32,0.32,234.0,0.3364324169921875,378.760009765625,0.04065000057220459,0.0
GLD,call,505.0,0.14520547945205478,2026-11-20,0.29500000000000004,0.28,0.31,0.3,37.0,0.34497725341796875,378.760009765625,0.04065000057220459,0.0
GLD,call,510.0,0.14520547945205478,2026-11-20,0.275,0.26,0.29,0.28,28.0,0.35156898437499995,378.760009765625,0.04065000057220459,0.0
GLD,call,520.0,0.14520547945205478,2026-11-20,0.21500000000000002,0.17,0.26,0.26,13.0,0.36524072265625,378.760009765625,0.04065000057220459,0.0
GLD,call,535.0,0.14520547945205478,2026-11-20,0.215,0.19,0.24,0.22,23.0,0.38892212646484375,378.760009765625,0.04065000057220459,0.0
GLD,call,545.0,0.14520547945205478,2026-11-20,0.205,0.12,0.29,0.24,58.0,0.4165097412109374,378.760009765625,0.04065000057220459,0.0
GLD,call,560.0,0.14520547945205478,2026-11-20,0.21000000000000002,0.15,0.27,0.2,11.0,0.4387263159179688,378.760009765625,0.04065000057220459,0.0
GLD,call,565.0,0.14520547945205478,2026-11-20,0.165,0.14,0.19,0.16,65.0,0.4282283740234375,378.760009765625,0.04065000057220459,0.0
GLD,call,570.0,0.14520547945205478,2026-11-20,0.195,0.13,0.26,0.18,60.0,0.45313046875,378.760009765625,0.04065000057220459,0.0
GLD,call,600.0,0.14520547945205478,2026-11-20,0.115,0.09,0.14,0.13,55.0,0.46680220703125,378.760009765625,0.04065000057220459,0.0
GLD,call,610.0,0.14520547945205478,2026-11-20,0.14,0.09,0.19,0.17,13.0,0.4975636181640626,378.760009765625,0.04065000057220459,0.0
GLD,call,650.0,0.14520547945205478,2026-11-20,0.095,0.06,0.13,0.08,12.0,0.514653291015625,378.760009765625,0.04065000057220459,0.0
GLD,call,670.0,0.14520547945205478,2026-11-20,0.095,0.03,0.16,0.17,300.0,0.5400436621093752,378.760009765625,0.04065000057220459,0.0
GLD,call,685.0,0.14520547945205478,2026-11-20,0.08,0.02,0.14,0.29,17.0,0.5488326367187502,378.760009765625,0.04065000057220459,0.0
GLD,call,740.0,0.14520547945205478,2026-11-20,0.065,0.01,0.12,0.12,20.0,0.5996133789062501,378.760009765625,0.04065000057220459,0.0
GLD,call,750.0,0.14520547945205478,2026-11-20,0.065,0.01,0.12,0.06,41.0,0.6103554589843752,378.760009765625,0.04065000057220459,0.0
GLD,call,755.0,0.14520547945205478,2026-11-20,0.065,0.01,0.12,0.06,10.0,0.6152382226562501,378.760009765625,0.04065000057220459,0.0
GLD,call,760.0,0.14520547945205478,2026-11-20,0.06,0.01,0.11,0.05,1103.0,0.6162147753906251,378.760009765625,0.04065000057220459,0.0
GLD,call,780.0,0.14520547945205478,2026-11-20,0.06,0.01,0.11,0.04,20.0,0.6367223828125,378.760009765625,0.04065000057220459,0.0
GLD,call,800.0,0.14520547945205478,2026-11-20,0.055,0.01,0.1,0.04,70.0,0.65039412109375,378.760009765625,0.04065000057220459,0.0
GLD,call,870.0,0.14520547945205478,2026-11-20,0.049999999999999996,0.01,0.09,0.03,28.0,0.70898728515625,378.760009765625,0.04065000057220459,0.0
GLD,call,890.0,0.14520547945205478,2026-11-20,0.049999999999999996,0.01,0.09,0.03,10.0,0.726565234375,378.760009765625,0.04065000057220459,0.0
GLD,call,900.0,0.14520547945205478,2026-11-20,0.025,0.01,0.04,0.01,178.0,0.6953155468750001,378.760009765625,0.04065000057220459,0.0
GLD,put,220.0,0.14520547945205478,2026-11-20,0.04,0.02,0.06,0.03,10.0,0.5019581054687501,378.760009765625,0.04065000057220459,0.0
GLD,put,275.0,0.14520547945205478,2026-11-20,0.225,0.2,0.25,0.22,278.0,0.38281867187499996,378.760009765625,0.04065000057220459,0.0
GLD,put,300.0,0.14520547945205478,2026-11-20,0.485,0.47,0.5,0.48,131.0,0.32398136962890617,378.760009765625,0.04065000057220459,0.0
GLD,put,310.0,0.14520547945205478,2026-11-20,0.6599999999999999,0.62,0.7,0.6,10.0,0.30335169311523436,378.760009765625,0.04065000057220459,0.0
GLD,put,315.0,0.14520547945205478,2026-11-20,0.785,0.76,0.81,0.78,19.0,0.2916330603027343,378.760009765625,0.04065000057220459,0.0
GLD,put,320.0,0.14520547945205478,2026-11-20,0.9450000000000001,0.91,0.98,0.96,83.0,0.2823558093261719,378.760009765625,0.04065000057220459,0.0
GLD,put,325.0,0.14520547945205478,2026-11-20,1.115,1.06,1.17,1.13,680.0,0.2722240747070312,378.760009765625,0.04065000057220459,0.0
GLD,put,330.0,0.14520547945205478,2026-11-20,1.38,1.34,1.42,1.37,105.0,0.2629468237304688,378.760009765625,0.04065000057220459,0.0
GLD,put,335.0,0.14520547945205478,2026-11-20,1.7,1.66,1.74,1.72,86.0,0.25427991821289064,378.760009765625,0.04065000057220459,0.0
GLD,put,340.0,0.14520547945205478,2026-11-20,2.105,2.07,2.14,2.14,178.0,0.2459181854248047,378.760009765625,0.04065000057220459,0.0
GLD,put,345.0,0.14520547945205478,2026-11-20,2.64,2.6,2.68,2.64,66.0,0.2389602471923828,378.760009765625,0.04065000057220459,0.0
GLD,put,350.0,0.14520547945205478,2026-11-20,3.3499999999999996,3.3,3.4,3.32,261.0,0.233406103515625,378.760009765625,0.04065000057220459,0.0
GLD,put,352.0,0.14520547945205478,2026-11-20,3.6500000000000004,3.6,3.7,3.65,35.0,0.23035437622070312,378.760009765625,0.04065000057220459,0.0
GLD,put,354.0,0.14520547945205478,2026-11-20,4.0,3.95,4.05,4.05,18.0,0.22791299438476562,378.760009765625,0.04065000057220459,0.0
GLD,put,355.0,0.14520547945205478,2026-11-20,4.225,4.15,4.3,4.2,169.0,0.22815713256835937,378.760009765625,0.04065000057220459,0.0
GLD,put,357.0,0.14520547945205478,2026-11-20,4.625,4.55,4.7,4.64,32.0,0.2257767852783203,378.760009765625,0.04065000057220459,0.0
GLD,put,358.0,0.14520547945205478,2026-11-20,4.875,4.8,4.95,4.91,32.0,0.22541057800292968,378.760009765625,0.04065000057220459,0.0
GLD,put,360.0,0.14520547945205478,2026-11-20,5.35,5.3,5.4,5.43,358.0,0.22296919616699218,378.760009765625,0.04065000057220459,0.0
GLD,put,361.0,0.14520547945205478,2026-11-20,5.575,5.5,5.65,5.67,47.0,0.22202316070556638,378.760009765625,0.04065000057220459,0.0
GLD,put,363.0,0.14520547945205478,2026-11-20,6.125,6.05,6.2,6.16,41.0,0.22052781433105467,378.760009765625,0.04065000057220459,0.0
GLD,put,365.0,0.14520547945205478,2026-11-20,6.75,6.65,6.85,6.83,998.0,0.22013108978271478,378.760009765625,0.04065000057220459,0.0
GLD,put,366.0,0.14520547945205478,2026-11-20,7.050000000000001,6.95,7.15,7.25,11.0,0.21915453704833981,378.760009765625,0.04065000057220459,0.0
GLD,put,367.0,0.14520547945205478,2026-11-20,7.35,7.25,7.45,7.48,10.0,0.2179643634033203,378.760009765625,0.04065000057220459,0.0
GLD,put,370.0,0.14520547945205478,2026-11-20,8.45,8.35,8.55,8.47,1064.0,0.21683522430419921,378.760009765625,0.04065000057220459,0.0
GLD,put,372.0,0.14520547945205478,2026-11-20,9.175,9.1,9.25,9.51,12.0,0.21442435974121093,378.760009765625,0.04065000057220459,0.0
GLD,put,373.0,0.14520547945205478,2026-11-20,9.625,9.55,9.7,9.6,131.0,0.2146684979248047,378.760009765625,0.04065000057220459,0.0
GLD,put,375.0,0.14520547945205478,2026-11-20,10.475000000000001,10.4,10.55,10.53,866.0,0.21363091064453127,378.760009765625,0.04065000057220459,0.0
GLD,put,376.0,0.14520547945205478,2026-11-20,10.925,10.85,11.0,11.0,10.0,0.2132036688232422,378.760009765625,0.04065000057220459,0.0
GLD,put,377.0,0.14520547945205478,2026-11-20,11.399999999999999,11.35,11.45,11.46,18.0,0.21256280609130856,378.760009765625,0.04065000057220459,0.0
GLD,put,378.0,0.14520547945205478,2026-11-20,11.825,11.7,11.95,11.85,42.0,0.21256280609130856,378.760009765625,0.04065000057220459,0.0
GLD,put,379.0,0.14520547945205478,2026-11-20,12.375,12.3,12.45,12.35,24.0,0.21234918518066404,378.760009765625,0.04065000057220459,0.0
GLD,put,380.0,0.14520547945205478,2026-11-20,12.95,12.9,13.0,12.9,576.0,0.21277642700195312,378.760009765625,0.04065000057220459,0.0
GLD,put,381.0,0.14520547945205478,2026-11-20,13.35,13.25,13.45,13.85,45.0,0.21125056335449216,378.760009765625,0.04065000057220459,0.0
GLD,put,382.0,0.14520547945205478,2026-11-20,13.925,13.8,14.05,13.91,73.0,0.21210504699707028,378.760009765625,0.04065000057220459,0.0
GLD,put,383.0,0.14520547945205478,2026-11-20,14.575,14.55,14.6,14.5,48.0,0.21186090881347652,378.760009765625,0.04065000057220459,0.0
GLD,put,384.0,0.14520547945205478,2026-11-20,15.075,15.0,15.15,14.0,42.0,0.21140314971923824,378.760009765625,0.04065000057220459,0.0
GLD,put,385.0,0.14520547945205478,2026-11-20,15.6,15.45,15.75,15.82,293.0,0.21158625335693354,378.760009765625,0.04065000057220459,0.0
GLD,put,389.0,0.14520547945205478,2026-11-20,18.049999999999997,17.9,18.2,18.34,20.0,0.21109797698974608,378.760009765625,0.04065000057220459,0.0
GLD,put,390.0,0.14520547945205478,2026-11-20,18.75,18.7,18.8,18.84,316.0,0.21021297607421874,378.760009765625,0.04065000057220459,0.0
GLD,put,393.0,0.14520547945205478,2026-11-20,20.725,20.55,20.9,19.7,24.0,0.21170832244873045,378.760009765625,0.04065000057220459,0.0
GLD,put,395.0,0.14520547945205478,2026-11-20,22.174999999999997,21.95,22.4,22.55,241.0,0.21363091064453127,378.760009765625,0.04065000057220459,0.0
GLD,put,398.0,0.14520547945205478,2026-11-20,24.325,24.15,24.5,24.92,16.0,0.2121355642700195,378.760009765625,0.04065000057220459,0.0
GLD,put,400.0,0.14520547945205478,2026-11-20,25.85,25.65,26.05,26.35,69.0,0.21314263427734376,378.760009765625,0.04065000057220459,0.0
GLD,put,405.0,0.14520547945205478,2026-11-20,29.825,29.65,30.0,29.88,21.0,0.21399711791992188,378.760009765625,0.04065000057220459,0.0
GLD,put,410.0,0.14520547945205478,2026-11-20,33.95,33.7,34.2,34.1,15.0,0.2161943615722656,378.760009765625,0.04065000057220459,0.0
GLD,put,413.0,0.14520547945205478,2026-11-20,36.55,36.35,36.75,25.2,10.0,0.2161943615722656,378.760009765625,0.04065000057220459,0.0
GLD,put,414.0,0.14520547945205478,2026-11-20,37.45,37.2,37.7,25.66,13.0,0.21869677795410153,378.760009765625,0.04065000057220459,0.0
GLD,put,415.0,0.14520547945205478,2026-11-20,38.325,38.15,38.5,38.46,10.0,0.2166826379394531,378.760009765625,0.04065000057220459,0.0
GLD,put,420.0,0.14520547945205478,2026-11-20,42.900000000000006,42.7,43.1,43.32,32.0,0.22248091979980467,378.760009765625,0.04065000057220459,0.0
GLD,put,422.0,0.14520547945205478,2026-11-20,44.75,44.55,44.95,41.9,13.0,0.22431195617675775,378.760009765625,0.04065000057220459,0.0
GLD,put,424.0,0.14520547945205478,2026-11-20,46.575,46.3,46.85,46.9,41.0,0.22754678710937498,378.760009765625,0.04065000057220459,0.0
GLD,put,425.0,0.14520547945205478,2026-11-20,47.55,47.35,47.75,47.95,65.0,0.22718057983398435,378.760009765625,0.04065000057220459,0.0
GLD,put,427.0,0.14520547945205478,2026-11-20,49.625,49.2,50.05,46.6,19.0,0.24518577087402343,378.760009765625,0.04065000057220459,0.0
GLD,put,428.0,0.14520547945205478,2026-11-20,50.525000000000006,50.1,50.95,47.5,37.0,0.24488059814453128,378.760009765625,0.04065000057220459,0.0
GLD,put,435.0,0.14520547945205478,2026-11-20,57.3,56.85,57.75,55.22,12.0,0.25977302734375,378.760009765625,0.04065000057220459,0.0
GLD,put,440.0,0.14520547945205478,2026-11-20,62.325,61.8,62.85,47.2,15.0,0.27973132385253896,378.760009765625,0.04065000057220459,0.0
GLD,put,450.0,0.14520547945205478,2026-11-20,71.95,71.15,72.75,72.81,11.0,0.305671005859375,378.760009765625,0.04065000057220459,0.0
GLD,put,455.0,0.14520547945205478,2026-11-20,77.225,75.45,79.0,63.38,13.0,0.3712221081542969,378.760009765625,0.04065000057220459,0.0
GLD,put,465.0,0.14520547945205478,2026-11-20,87.075,85.15,89.0,71.0,50.0,0.4019835192871094,378.760009765625,0.04065000057220459,0.0
GLD,put,475.0,0.14520547945205478,2026-11-20,96.8,95.55,98.05,75.58,27.0,0.39063109375,378.760009765625,0.04065000057220459,0.0
GLD,put,495.0,0.14520547945205478,2026-11-20,117.0,115.05,118.95,102.0,44.0,0.48505153625488284,378.760009765625,0.04065000057220459,0.0
GLD,put,500.0,0.14520547945205478,2026-11-20,121.94999999999999,120.05,123.85,108.4,10.0,0.4940236145019532,378.760009765625,0.04065000057220459,0.0
GLD,put,510.0,0.14520547945205478,2026-11-20,137.85,135.5,140.2,127.3,10.0,0.6611972357177736,378.760009765625,0.04065000057220459,0.0
GLD,put,580.0,0.14520547945205478,2026-11-20,136.15,134.55,137.75,117.05,20.0,1.0000000000000003e-05,378.760009765625,0.04065000057220459,0.0
GLD,call,215.0,0.2219178082191781,2026-12-18,214.47500000000002,212.55,216.4,158.45,38.0,2.1860396911621094,378.760009765625,0.04065000057220459,0.0
GLD,call,235.0,0.2219178082191781,2026-12-18,145.3,143.7,146.9,163.69,14.0,0.5920450952148439,378.760009765625,0.04065000057220459,0.0
GLD,call,255.0,0.2219178082191781,2026-12-18,175.2,173.3,177.1,119.95,36.0,1.7666637643432614,378.760009765625,0.04065000057220459,0.0
GLD,call,350.0,0.2219178082191781,2026-12-18,36.25,36.0,36.5,36.25,15.0,0.27149166015625,378.760009765625,0.04065000057220459,0.0
GLD,call,370.0,0.2219178082191781,2026-12-18,22.125,21.95,22.3,21.9,38.0,0.24814594635009768,378.760009765625,0.04065000057220459,0.0
GLD,call,375.0,0.2219178082191781,2026-12-18,19.25,19.1,19.4,19.11,30.0,0.24485008087158205,378.760009765625,0.04065000057220459,0.0
GLD,call,376.0,0.2219178082191781,2026-12-18,18.725,18.6,18.85,27.5,14.0,0.2442549940490723,378.760009765625,0.04065000057220459,0.0
GLD,call,379.0,0.2219178082191781,2026-12-18,17.15,17.05,17.25,17.2,22.0,0.2423781817626953,378.760009765625,0.04065000057220459,0.0
GLD,call,380.0,0.2219178082191781,2026-12-18,16.65,16.55,16.75,16.55,297.0,0.2419814572143555,378.760009765625,0.04065000057220459,0.0
GLD,call,385.0,0.2219178082191781,2026-12-18,14.375,14.25,14.5,14.37,24.0,0.2415236981201172,378.760009765625,0.04065000057220459,0.0
GLD,call,390.0,0.2219178082191781,2026-12-18,12.325,12.25,12.4,12.36,70.0,0.24002835174560544,378.760009765625,0.04065000057220459,0.0
GLD,call,392.0,0.2219178082191781,2026-12-18,11.575,11.45,11.7,12.25,27.0,0.24054714538574218,378.760009765625,0.04065000057220459,0.0
GLD,call,394.0,0.2219178082191781,2026-12-18,10.85,10.75,10.95,11.5,21.0,0.23987576538085933,378.760009765625,0.04065000057220459,0.0
GLD,call,395.0,0.2219178082191781,2026-12-18,10.525,10.4,10.65,10.53,51.0,0.2404555935668945,378.760009765625,0.04065000057220459,0.0
GLD,call,400.0,0.2219178082191781,2026-12-18,9.025,9.0,9.05,9.0,704.0,0.2401199035644531,378.760009765625,0.04065000057220459,0.0
GLD,call,403.0,0.2219178082191781,2026-12-18,8.125,8.0,8.25,13.8,15.0,0.24100490447998046,378.760009765625,0.04065000057220459,0.0
GLD,call,405.0,0.2219178082191781,2026-12-18,7.65,7.55,7.75,7.65,81.0,0.24155421539306643,378.760009765625,0.04065000057220459,0.0
GLD,call,409.0,0.2219178082191781,2026-12-18,6.699999999999999,6.6,6.8,6.95,13.0,0.2421645608520508,378.760009765625,0.04065000057220459,0.0
GLD,call,410.0,0.2219178082191781,2026-12-18,6.5,6.45,6.55,6.55,344.0,0.24182887084960938,378.760009765625,0.04065000057220459,0.0
GLD,call,415.0,0.2219178082191781,2026-12-18,5.574999999999999,5.55,5.6,5.57,91.0,0.2438430108642578,378.760009765625,0.04065000057220459,0.0
GLD,call,417.0,0.2219178082191781,2026-12-18,5.175,5.05,5.3,5.27,23.0,0.2454299090576172,378.760009765625,0.04065000057220459,0.0
GLD,call,418.0,0.2219178082191781,2026-12-18,5.0,4.9,5.1,8.2,40.0,0.2451552536010742,378.760009765625,0.04065000057220459,0.0
GLD,call,420.0,0.2219178082191781,2026-12-18,4.7,4.65,4.75,4.71,817.0,0.2452468054199219,378.760009765625,0.04065000057220459,0.0
GLD,call,424.0,0.2219178082191781,2026-12-18,4.125,4.05,4.2,4.4,55.0,0.2472609454345703,378.760009765625,0.04065000057220459,0.0
GLD,call,425.0,0.2219178082191781,2026-12-18,4.025,3.95,4.1,4.06,292.0,0.2483595672607422,378.760009765625,0.04065000057220459,0.0
GLD,call,429.0,0.2219178082191781,2026-12-18,3.5250000000000004,3.45,3.6,3.75,50.0,0.2498243963623047,378.760009765625,0.04065000057220459,0.0
GLD,call,430.0,0.2219178082191781,2026-12-18,3.45,3.4,3.5,3.45,1953.0,0.2505568109130859,378.760009765625,0.04065000057220459,0.0
GLD,call,431.0,0.2219178082191781,2026-12-18,3.325,3.25,3.4,5.5,10.0,0.2512281909179687,378.760009765625,0.04065000057220459,0.0
GLD,call,432.0,0.2219178082191781,2026-12-18,3.2249999999999996,3.15,3.3,5.4,13.0,0.25180801910400386,378.760009765625,0.04065000057220459,0.0
GLD,call,435.0,0.2219178082191781,2026-12-18,2.93,2.87,2.99,2.92,230.0,0.25284560638427733,378.760009765625,0.04065000057220459,0.0
GLD,call,440.0,0.2219178082191781,2026-12-18,2.5300000000000002,2.49,2.57,2.53,150.0,0.25559216094970705,378.760009765625,0.04065000057220459,0.0
GLD,call,444.0,0.2219178082191781,2026-12-18,2.245,2.19,2.3,3.85,13.0,0.25843026733398444,378.760009765625,0.04065000057220459,0.0
GLD,call,445.0,0.2219178082191781,2026-12-18,2.165,2.12,2.21,2.15,136.0,0.25830819824218754,378.760009765625,0.04065000057220459,0.0
GLD,call,450.0,0.2219178082191781,2026-12-18,1.8650000000000002,1.86,1.87,1.87,4006.0,0.2599561309814453,378.760009765625,0.04065000057220459,0.0
GLD,call,455.0,0.2219178082191781,2026-12-18,1.615,1.58,1.65,1.64,60.0,0.26416751464843746,378.760009765625,0.04065000057220459,0.0
GLD,call,460.0,0.2219178082191781,2026-12-18,1.4449999999999998,1.4,1.49,1.47,262.0,0.2695385546875,378.760009765625,0.04065000057220459,0.0
GLD,call,470.0,0.2219178082191781,2026-12-18,1.11,1.1,1.12,1.1,131.0,0.27503166381835936,378.760009765625,0.04065000057220459,0.0
GLD,call,475.0,0.2219178082191781,2026-12-18,1.0,0.97,1.03,1.0,92.0,0.28089098022460934,378.760009765625,0.04065000057220459,0.0
GLD,call,480.0,0.2219178082191781,2026-12-18,0.9099999999999999,0.88,0.94,0.89,75.0,0.28601788208007806,378.760009765625,0.04065000057220459,0.0
GLD,call,485.0,0.2219178082191781,2026-12-18,0.835,0.82,0.85,0.82,77.0,0.29041236938476556,378.760009765625,0.04065000057220459,0.0
GLD,call,490.0,0.2219178082191781,2026-12-18,0.77,0.74,0.8,0.78,18.0,0.2967599621582031,378.760009765625,0.04065000057220459,0.0
GLD,call,500.0,0.2219178082191781,2026-12-18,0.655,0.65,0.66,0.64,333.0,0.3051827294921875,378.760009765625,0.04065000057220459,0.0
GLD,call,505.0,0.2219178082191781,2026-12-18,0.615,0.59,0.64,0.62,26.0,0.31238480590820306,378.760009765625,0.04065000057220459,0.0
GLD,call,515.0,0.2219178082191781,2026-12-18,0.55,0.5,0.6,0.77,51.0,0.3263006823730469,378.760009765625,0.04065000057220459,0.0
GLD,call,525.0,0.2219178082191781,2026-12-18,0.5,0.45,0.55,0.47,26.0,0.33838552246093745,378.760009765625,0.04065000057220459,0.0
GLD,call,535.0,0.2219178082191781,2026-12-18,0.455,0.4,0.51,0.58,12.0,0.35034829345703117,378.760009765625,0.04065000057220459,0.0
GLD,call,565.0,0.2219178082191781,2026-12-18,0.36,0.29,0.43,0.73,46.0,0.3859924682617187,378.760009765625,0.04065000057220459,0.0
GLD,call,600.0,0.2219178082191781,2026-12-18,0.26,0.24,0.28,0.26,23.0,0.4106504248046875,378.760009765625,0.04065000057220459,0.0
GLD,call,605.0,0.2219178082191781,2026-12-18,0.29,0.22,0.36,0.31,422.0,0.43018147949218755,378.760009765625,0.04065000057220459,0.0
GLD,call,615.0,0.2219178082191781,2026-12-18,0.255,0.16,0.35,0.29,311.0,0.4414118359375,378.760009765625,0.04065000057220459,0.0
GLD,call,630.0,0.2219178082191781,2026-12-18,0.185,0.14,0.23,0.23,452.0,0.43677321044921874,378.760009765625,0.04065000057220459,0.0
GLD,call,635.0,0.2219178082191781,2026-12-18,0.225,0.13,0.32,0.36,26.0,0.46045461425781253,378.760009765625,0.04065000057220459,0.0
GLD,call,645.0,0.2219178082191781,2026-12-18,0.215,0.12,0.31,0.34,102.0,0.47046427978515626,378.760009765625,0.04065000057220459,0.0
GLD,call,650.0,0.2219178082191781,2026-12-18,0.21,0.12,0.3,0.24,70.0,0.47412635253906255,378.760009765625,0.04065000057220459,0.0
GLD,call,655.0,0.2219178082191781,2026-12-18,0.19999999999999998,0.11,0.29,0.32,13.0,0.47803256347656253,378.760009765625,0.04065000057220459,0.0
GLD,call,660.0,0.2219178082191781,2026-12-18,0.22499999999999998,0.16,0.29,0.36,22.0,0.4836477416992188,378.760009765625,0.04065000057220459,0.0
GLD,call,665.0,0.2219178082191781,2026-12-18,0.19,0.1,0.28,0.42,59.0,0.48730981445312505,378.760009765625,0.04065000057220459,0.0
GLD,call,680.0,0.2219178082191781,2026-12-18,0.2,0.13,0.27,0.36,61.0,0.5014698291015626,378.760009765625,0.04065000057220459,0.0
GLD,call,700.0,0.2219178082191781,2026-12-18,0.2,0.14,0.26,0.13,35.0,0.5048877636718749,378.760009765625,0.04065000057220459,0.0
GLD,call,800.0,0.2219178082191781,2026-12-18,0.13,0.07,0.19,0.1,69.0,0.5722699023437501,378.760009765625,0.04065000057220459,0.0
GLD,call,810.0,0.2219178082191781,2026-12-18,0.11499999999999999,0.05,0.18,0.17,30.0,0.5732464550781251,378.760009765625,0.04065000057220459,0.0
GLD,call,890.0,0.2219178082191781,2026-12-18,0.045,0.01,0.08,0.07,33.0,0.5839885351562499,378.760009765625,0.04065000057220459,0.0
GLD,call,900.0,0.2219178082191781,2026-12-18,0.07,0.06,0.08,0.07,25.0,0.6132851171875001,378.760009765625,0.04065000057220459,0.0
GLD,put,205.0,0.2219178082191781,2026-12-18,0.065,0.03,0.1,0.06,117.0,0.5009815527343751,378.760009765625,0.04065000057220459,0.0
GLD,put,275.0,0.2219178082191781,2026-12-18,0.42500000000000004,0.4,0.45,0.4,12.0,0.3393620751953125,378.760009765625,0.04065000057220459,0.0
GLD,put,295.0,0.2219178082191781,2026-12-18,0.715,0.69,0.74,0.72,79.0,0.2990792749023437,378.760009765625,0.04065000057220459,0.0
GLD,put,300.0,0.2219178082191781,2026-12-18,0.815,0.78,0.85,0.83,123.0,0.2898020239257812,378.760009765625,0.04065000057220459,0.0
GLD,put,320.0,0.2219178082191781,2026-12-18,1.53,1.46,1.6,1.56,10.0,0.2567213000488281,378.760009765625,0.04065000057220459,0.0
GLD,put,325.0,0.2219178082191781,2026-12-18,1.835,1.78,1.89,1.69,180.0,0.24890887817382812,378.760009765625,0.04065000057220459,0.0
GLD,put,330.0,0.2219178082191781,2026-12-18,2.19,2.13,2.25,2.33,35.0,0.24158473266601563,378.760009765625,0.04065000057220459,0.0
GLD,put,340.0,0.2219178082191781,2026-12-18,3.2249999999999996,3.15,3.3,3.26,849.0,0.2296829962158203,378.760009765625,0.04065000057220459,0.0
GLD,put,345.0,0.2219178082191781,2026-12-18,3.95,3.9,4.0,3.92,11.0,0.22412885253906245,378.760009765625,0.04065000057220459,0.0
GLD,put,350.0,0.2219178082191781,2026-12-18,4.875,4.8,4.95,4.92,1679.0,0.22083298706054685,378.760009765625,0.04065000057220459,0.0
GLD,put,355.0,0.2219178082191781,2026-12-18,5.925,5.85,6.0,5.95,101.0,0.2161943615722656,378.760009765625,0.04065000057220459,0.0
GLD,put,360.0,0.2219178082191781,2026-12-18,7.25,7.15,7.35,7.3,47.0,0.21341728973388674,378.760009765625,0.04065000057220459,0.0
GLD,put,365.0,0.2219178082191781,2026-12-18,8.825,8.75,8.9,8.85,131.0,0.21033504516601562,378.760009765625,0.04065000057220459,0.0
GLD,put,370.0,0.2219178082191781,2026-12-18,10.65,10.55,10.75,10.67,148.0,0.20813780151367184,378.760009765625,0.04065000057220459,0.0
GLD,put,375.0,0.2219178082191781,2026-12-18,12.775,12.65,12.9,12.97,42.0,0.20658142059326168,378.760009765625,0.04065000057220459,0.0
GLD,put,380.0,0.2219178082191781,2026-12-18,15.225000000000001,15.15,15.3,15.25,326.0,0.204811418762207,378.760009765625,0.04065000057220459,0.0
GLD,put,381.0,0.2219178082191781,2026-12-18,15.75,15.65,15.85,14.19,11.0,0.2049640051269531,378.760009765625,0.04065000057220459,0.0
GLD,put,383.0,0.2219178082191781,2026-12-18,16.825,16.7,16.95,9.72,12.0,0.20487245330810544,378.760009765625,0.04065000057220459,0.0
GLD,put,385.0,0.2219178082191781,2026-12-18,17.925,17.8,18.05,18.12,124.0,0.2041705560302734,378.760009765625,0.04065000057220459,0.0
GLD,put,389.0,0.2219178082191781,2026-12-18,20.275,20.15,20.4,20.82,20.0,0.20307193420410152,378.760009765625,0.04065000057220459,0.0
GLD,put,390.0,0.2219178082191781,2026-12-18,20.9,20.7,21.1,21.0,56.0,0.20404848693847655,378.760009765625,0.04065000057220459,0.0
GLD,put,391.0,0.2219178082191781,2026-12-18,21.549999999999997,21.4,21.7,13.17,10.0,0.20343814147949218,378.760009765625,0.04065000057220459,0.0
GLD,put,393.0,0.2219178082191781,2026-12-18,22.9,22.8,23.0,14.19,17.0,0.20325503784179685,378.760009765625,0.04065000057220459,0.0
GLD,put,395.0,0.2219178082191781,2026-12-18,24.225,24.05,24.4,24.32,50.0,0.20395693511962887,378.760009765625,0.04065000057220459,0.0
GLD,put,399.0,0.2219178082191781,2026-12-18,27.0,26.75,27.25,27.57,11.0,0.20456728057861323,378.760009765625,0.04065000057220459,0.0
GLD,put,400.0,0.2219178082191781,2026-12-18,27.725,27.55,27.9,28.06,243.0,0.2033465896606445,378.760009765625,0.04065000057220459,0.0
GLD,put,405.0,0.2219178082191781,2026-12-18,31.475,31.25,31.7,31.48,12.0,0.20414003875732417,378.760009765625,0.04065000057220459,0.0
GLD,put,408.0,0.2219178082191781,2026-12-18,33.85,33.6,34.1,33.73,11.0,0.2051165914916992,378.760009765625,0.04065000057220459,0.0
GLD,put,410.0,0.2219178082191781,2026-12-18,35.5,35.25,35.75,35.57,21.0,0.20609314422607417,378.760009765625,0.04065000057220459,0.0
GLD,put,430.0,0.2219178082191781,2026-12-18,52.95,52.7,53.2,52.96,95.0,0.21173883972167967,378.760009765625,0.04065000057220459,0.0
GLD,put,434.0,0.2219178082191781,2026-12-18,56.675,56.5,56.85,54.4,50.0,0.21167780517578122,378.760009765625,0.04065000057220459,0.0
GLD,put,435.0,0.2219178082191781,2026-12-18,57.575,57.35,57.8,54.71,41.0,0.2125933233642578,378.760009765625,0.04065000057220459,0.0
GLD,put,438.0,0.2219178082191781,2026-12-18,60.375,59.65,61.1,57.35,30.0,0.2301712725830078,378.760009765625,0.04065000057220459,0.0
GLD,put,439.0,0.2219178082191781,2026-12-18,61.35,60.6,62.1,58.25,16.0,0.23279575805664063,378.760009765625,0.04065000057220459,0.0
GLD,put,440.0,0.2219178082191781,2026-12-18,62.325,61.65,63.0,62.41,11.0,0.23212437805175778,378.760009765625,0.04065000057220459,0.0
GLD,put,442.0,0.2219178082191781,2026-12-18,64.5,64.0,65.0,50.8,34.0,0.23725127990722655,378.760009765625,0.04065000057220459,0.0
GLD,put,443.0,0.2219178082191781,2026-12-18,65.65,64.85,66.45,52.0,14.0,0.25403578002929694,378.760009765625,0.04065000057220459,0.0
GLD,put,444.0,0.2219178082191781,2026-12-18,66.32499999999999,65.85,66.8,52.9,56.0,0.23535920898437498,378.760009765625,0.04065000057220459,0.0
GLD,put,446.0,0.2219178082191781,2026-12-18,67.92500000000001,66.95,68.9,54.5,23.0,0.2438430108642578,378.760009765625,0.04065000057220459,0.0
GLD,put,447.0,0.2219178082191781,2026-12-18,69.125,67.95,70.3,56.85,46.0,0.2597119927978516,378.760009765625,0.04065000057220459,0.0
GLD,put,448.0,0.2219178082191781,2026-12-18,70.30000000000001,69.9,70.7,57.8,13.0,0.24146266357421875,378.760009765625,0.04065000057220459,0.0
GLD,put,449.0,0.2219178082191781,2026-12-18,70.75,69.85,71.65,56.0,62.0,0.24195093994140626,378.760009765625,0.04065000057220459,0.0
GLD,put,450.0,0.2219178082191781,2026-12-18,72.30000000000001,71.9,72.7,72.13,41.0,0.2462843927001953,378.760009765625,0.04065000057220459,0.0
GLD,put,455.0,0.2219178082191781,2026-12-18,77.75,76.75,78.75,62.25,146.0,0.2938913385009765,378.760009765625,0.04065000057220459,0.0
GLD,put,460.0,0.2219178082191781,2026-12-18,82.30000000000001,80.9,83.7,68.3,14.0,0.30475548767089844,378.760009765625,0.04065000057220459,0.0
GLD,put,475.0,0.2219178082191781,2026-12-18,96.95,94.95,98.95,80.85,50.0,0.348639326171875,378.760009765625,0.04065000057220459,0.0
GLD,put,480.0,0.2219178082191781,2026-12-18,102.025,100.05,104.0,85.8,200.0,0.36188382263183594,378.760009765625,0.04065000057220459,0.0
GLD,put,500.0,0.2219178082191781,2026-12-18,122.075,120.15,124.0,107.4,20.0,0.4062559375,378.760009765625,0.04065000057220459,0.0
GLD,put,520.0,0.2219178082191781,2026-12-18,147.60000000000002,145.65,149.55,137.35,33.0,0.5535017794799805,378.760009765625,0.04065000057220459,0.0
GLD,put,525.0,0.2219178082191781,2026-12-18,147.14999999999998,145.45,148.85,98.5,108.0,0.45203184692382814,378.760009765625,0.04065000057220459,0.0
GLD,put,580.0,0.2219178082191781,2026-12-18,101.45,99.95,102.95,118.25,42.0,1.0000000000000003e-05,378.760009765625,0.04065000057220459,0.0
GLD,put,595.0,0.2219178082191781,2026-12-18,114.05,112.5,115.6,127.3,114.0,1.0000000000000003e-05,378.760009765625,0.04065000057220459,0.0
GLD,put,605.0,0.2219178082191781,2026-12-18,122.65,121.1,124.2,141.2,30.0,1.0000000000000003e-05,378.760009765625,0.04065000057220459,0.0
GLD,call,295.0,0.25753424657534246,2026-12-31,87.15,86.35,87.95,102.0,10.0,0.41644870666503897,378.760009765625,0.04065000057220459,0.0
GLD,call,320.0,0.25753424657534246,2026-12-31,63.425,63.1,63.75,85.7,14.0,0.33246517150878907,378.760009765625,0.04065000057220459,0.0
GLD,call,325.0,0.25753424657534246,2026-12-31,58.875,58.55,59.2,58.5,25.0,0.3213263668823242,378.760009765625,0.04065000057220459,0.0
GLD,call,350.0,0.25753424657534246,2026-12-31,37.4,37.15,37.65,38.45,29.0,0.27075924560546877,378.760009765625,0.04065000057220459,0.0
GLD,call,374.0,0.25753424657534246,2026-12-31,21.175,21.05,21.3,21.2,14.0,0.24567404724121095,378.760009765625,0.04065000057220459,0.0
GLD,call,375.0,0.25753424657534246,2026-12-31,20.625,20.45,20.8,20.77,16.0,0.24582663360595702,378.760009765625,0.04065000057220459,0.0
GLD,call,379.0,0.25753424657534246,2026-12-31,18.549999999999997,18.4,18.7,18.64,28.0,0.24402611450195313,378.760009765625,0.04065000057220459,0.0
GLD,call,380.0,0.25753424657534246,2026-12-31,18.075,17.95,18.2,17.92,36.0,0.24361413131713866,378.760009765625,0.04065000057220459,0.0
GLD,call,385.0,0.25753424657534246,2026-12-31,15.725000000000001,15.55,15.9,15.55,25.0,0.2425918026733398,378.760009765625,0.04065000057220459,0.0
GLD,call,387.0,0.25753424657534246,2026-12-31,14.85,14.7,15.0,15.65,120.0,0.24167628448486328,378.760009765625,0.04065000057220459,0.0
GLD,call,389.0,0.25753424657534246,2026-12-31,14.024999999999999,13.85,14.2,14.7,10.0,0.24164576721191405,378.760009765625,0.04065000057220459,0.0
GLD,call,390.0,0.25753424657534246,2026-12-31,13.6,13.5,13.7,13.7,28.0,0.2401504208374023,378.760009765625,0.04065000057220459,0.0
GLD,call,395.0,0.25753424657534246,2026-12-31,11.8,11.65,11.95,11.9,31.0,0.24100490447998046,378.760009765625,0.04065000057220459,0.0
GLD,call,396.0,0.25753424657534246,2026-12-31,11.475,11.35,11.6,16.88,121.0,0.24088283538818356,378.760009765625,0.04065000057220459,0.0
GLD,call,400.0,0.25753424657534246,2026-12-31,10.225000000000001,10.15,10.3,10.21,139.0,0.24066921447753903,378.760009765625,0.04065000057220459,0.0
GLD,call,402.0,0.25753424657534246,2026-12-31,9.575,9.45,9.7,10.0,122.0,0.24066921447753903,378.760009765625,0.04065000057220459,0.0
GLD,call,405.0,0.25753424657534246,2026-12-31,8.725,8.6,8.85,8.79,43.0,0.2406081799316406,378.760009765625,0.04065000057220459,0.0
GLD,call,408.0,0.25753424657534246,2026-12-31,8.0,7.85,8.15,8.45,12.0,0.24192042266845704,378.760009765625,0.04065000057220459,0.0
GLD,call,410.0,0.25753424657534246,2026-12-31,7.575,7.5,7.65,7.57,21.0,0.24182887084960938,378.760009765625,0.04065000057220459,0.0
GLD,call,413.0,0.25753424657534246,2026-12-31,6.875,6.75,7.0,10.5,21.0,0.2425612854003906,378.760009765625,0.04065000057220459,0.0
GLD,call,414.0,0.25753424657534246,2026-12-31,6.675,6.55,6.8,10.0,61.0,0.24286645812988278,378.760009765625,0.04065000057220459,0.0
GLD,call,415.0,0.25753424657534246,2026-12-31,6.475,6.35,6.6,6.52,41.0,0.24314111358642576,378.760009765625,0.04065000057220459,0.0
GLD,call,419.0,0.25753424657534246,2026-12-31,5.725,5.6,5.85,5.8,12.0,0.24408714904785156,378.760009765625,0.04065000057220459,0.0
GLD,call,420.0,0.25753424657534246,2026-12-31,5.575,5.45,5.7,5.65,25.0,0.2447585290527344,378.760009765625,0.04065000057220459,0.0
GLD,call,425.0,0.25753424657534246,2026-12-31,4.825,4.75,4.9,4.82,60.0,0.2461012890625,378.760009765625,0.04065000057220459,0.0
GLD,call,428.0,0.25753424657534246,2026-12-31,4.4,4.3,4.5,7.15,201.0,0.24750508361816403,378.760009765625,0.04065000057220459,0.0
GLD,call,430.0,0.25753424657534246,2026-12-31,4.15,4.05,4.25,4.2,26.0,0.24839008453369144,378.760009765625,0.04065000057220459,0.0
GLD,call,435.0,0.25753424657534246,2026-12-31,3.6,3.5,3.7,3.6,20.0,0.25098405273437496,378.760009765625,0.04065000057220459,0.0
GLD,call,440.0,0.25753424657534246,2026-12-31,3.125,3.05,3.2,3.15,31.0,0.25299819274902346,378.760009765625,0.04065000057220459,0.0
GLD,call,445.0,0.25753424657534246,2026-12-31,2.725,2.66,2.79,2.84,18.0,0.2556531954956055,378.760009765625,0.04065000057220459,0.0
GLD,call,450.0,0.25753424657534246,2026-12-31,2.355,2.34,2.37,2.36,1060.0,0.2564771618652344,378.760009765625,0.04065000057220459,0.0
GLD,call,460.0,0.25753424657534246,2026-12-31,1.825,1.77,1.88,1.82,330.0,0.26416751464843746,378.760009765625,0.04065000057220459,0.0
GLD,call,465.0,0.25753424657534246,2026-12-31,1.63,1.6,1.66,1.65,21.0,0.2672802764892578,378.760009765625,0.04065000057220459,0.0
GLD,call,470.0,0.25753424657534246,2026-12-31,1.455,1.39,1.52,1.45,60.0,0.2724071783447265,378.760009765625,0.04065000057220459,0.0
GLD,call,475.0,0.25753424657534246,2026-12-31,1.2850000000000001,1.25,1.32,1.29,12.0,0.27423821472167964,378.760009765625,0.04065000057220459,0.0
GLD,call,500.0,0.25753424657534246,2026-12-31,0.8300000000000001,0.8,0.86,0.83,315.0,0.2966378930664062,378.760009765625,0.04065000057220459,0.0
GLD,call,520.0,0.25753424657534246,2026-12-31,0.6499999999999999,0.61,0.69,0.65,11.0,0.3178779150390625,378.760009765625,0.04065000057220459,0.0
GLD,call,540.0,0.25753424657534246,2026-12-31,0.525,0.49,0.56,0.53,10.0,0.33740896972656254,378.760009765625,0.04065000057220459,0.0
GLD,call,550.0,0.25753424657534246,2026-12-31,0.43,0.35,0.51,0.48,153.0,0.3469303588867187,378.760009765625,0.04065000057220459,0.0
GLD,call,555.0,0.25753424657534246,2026-12-31,0.45499999999999996,0.34,0.57,0.66,103.0,0.35962554443359374,378.760009765625,0.04065000057220459,0.0
GLD,call,565.0,0.25753424657534246,2026-12-31,0.42000000000000004,0.38,0.46,0.41,10.0,0.36206692626953124,378.760009765625,0.04065000057220459,0.0
GLD,call,655.0,0.25753424657534246,2026-12-31,0.28500000000000003,0.2,0.37,0.24,205.0,0.45752495605468757,378.760009765625,0.04065000057220459,0.0
GLD,put,270.0,0.25753424657534246,2026-12-31,0.46499999999999997,0.43,0.5,0.45,22.0,0.3364324169921875,378.760009765625,0.04065000057220459,0.0
GLD,put,275.0,0.25753424657534246,2026-12-31,0.525,0.5,0.55,0.5,52.0,0.32569033691406246,378.760009765625,0.04065000057220459,0.0
GLD,put,290.0,0.25753424657534246,2026-12-31,0.7649999999999999,0.71,0.82,0.73,80.0,0.29944548217773437,378.760009765625,0.04065000057220459,0.0
GLD,put,295.0,0.25753424657534246,2026-12-31,0.8500000000000001,0.81,0.89,0.84,63.0,0.28784891845703114,378.760009765625,0.04065000057220459,0.0
GLD,put,300.0,0.25753424657534246,2026-12-31,0.9750000000000001,0.93,1.02,0.96,17.0,0.2791820129394531,378.760009765625,0.04065000057220459,0.0
GLD,put,305.0,0.25753424657534246,2026-12-31,1.12,1.07,1.17,1.13,60.0,0.2706371765136719,378.760009765625,0.04065000057220459,0.0
GLD,put,310.0,0.25753424657534246,2026-12-31,1.3050000000000002,1.25,1.36,1.32,80.0,0.26282475463867194,378.760009765625,0.04065000057220459,0.0
GLD,put,325.0,0.25753424657534246,2026-12-31,2.125,2.06,2.19,2.16,233.0,0.24073024902343748,378.760009765625,0.04065000057220459,0.0
GLD,put,335.0,0.25753424657534246,2026-12-31,3.0700000000000003,2.99,3.15,3.0,75.0,0.2293167889404297,378.760009765625,0.04065000057220459,0.0
GLD,put,340.0,0.25753424657534246,2026-12-31,3.675,3.6,3.75,3.75,36.0,0.22327436889648436,378.760009765625,0.04065000057220459,0.0
GLD,put,350.0,0.25753424657534246,2026-12-31,5.425,5.35,5.5,5.45,56.0,0.21491263610839845,378.760009765625,0.04065000057220459,0.0
GLD,put,360.0,0.25753424657534246,2026-12-31,7.95,7.85,8.05,8.05,31.0,0.20880918151855465,378.760009765625,0.04065000057220459,0.0
GLD,put,365.0,0.25753424657534246,2026-12-31,9.575,9.5,9.65,9.75,14.0,0.20600159240722654,378.760009765625,0.04065000057220459,0.0
GLD,put,366.0,0.25753424657534246,2026-12-31,9.925,9.85,10.0,9.25,20.0,0.2054827987670898,378.760009765625,0.04065000057220459,0.0
GLD,put,369.0,0.25753424657534246,2026-12-31,11.025,10.9,11.15,7.42,19.0,0.204536763305664,378.760009765625,0.04065000057220459,0.0
GLD,put,370.0,0.25753424657534246,2026-12-31,11.45,11.35,11.55,11.65,24.0,0.20420107330322262,378.760009765625,0.04065000057220459,0.0
GLD,put,371.0,0.25753424657534246,2026-12-31,11.875,11.75,12.0,6.65,21.0,0.20438417694091793,378.760009765625,0.04065000057220459,0.0
GLD,put,375.0,0.25753424657534246,2026-12-31,13.625,13.5,13.75,13.7,127.0,0.20310245147705075,378.760009765625,0.04065000057220459,0.0
GLD,put,378.0,0.25753424657534246,2026-12-31,15.05,14.9,15.2,15.1,22.0,0.20255314056396478,378.760009765625,0.04065000057220459,0.0
GLD,put,379.0,0.25753424657534246,2026-12-31,15.525,15.4,15.65,15.45,228.0,0.2016681396484375,378.760009765625,0.04065000057220459,0.0
GLD,put,380.0,0.25753424657534246,2026-12-31,16.0,15.9,16.1,15.99,263.0,0.20066106964111324,378.760009765625,0.04065000057220459,0.0
GLD,put,385.0,0.25753424657534246,2026-12-31,18.725,18.6,18.85,18.9,128.0,0.20014227600097656,378.760009765625,0.04065000057220459,0.0
GLD,put,386.0,0.25753424657534246,2026-12-31,19.299999999999997,19.2,19.4,17.47,20.0,0.19962348236083982,378.760009765625,0.04065000057220459,0.0
GLD,put,388.0,0.25753424657534246,2026-12-31,20.5,20.4,20.6,12.75,24.0,0.19956244781494142,378.760009765625,0.04065000057220459,0.0
GLD,put,390.0,0.25753424657534246,2026-12-31,21.725,21.6,21.85,21.81,20.0,0.19962348236083982,378.760009765625,0.04065000057220459,0.0
GLD,put,394.0,0.25753424657534246,2026-12-31,24.275,24.15,24.4,16.86,20.0,0.19889106781005855,378.760009765625,0.04065000057220459,0.0
GLD,put,395.0,0.25753424657534246,2026-12-31,24.950000000000003,24.8,25.1,24.27,15.0,0.19925727508544921,378.760009765625,0.04065000057220459,0.0
GLD,put,400.0,0.25753424657534246,2026-12-31,28.45,28.2,28.7,28.24,56.0,0.20069158691406247,378.760009765625,0.04065000057220459,0.0
GLD,put,407.0,0.25753424657534246,2026-12-31,33.675,33.4,33.95,24.35,21.0,0.20096624237060545,378.760009765625,0.04065000057220459,0.0
GLD,put,420.0,0.25753424657534246,2026-12-31,44.3,44.05,44.55,32.25,26.0,0.20063055236816402,378.760009765625,0.04065000057220459,0.0
GLD,put,425.0,0.25753424657534246,2026-12-31,48.7,48.5,48.9,45.73,10.0,0.20087469055175777,378.760009765625,0.04065000057220459,0.0
GLD,put,432.0,0.25753424657534246,2026-12-31,62.175,61.75,62.6,53.52,21.0,0.34534346069335936,378.760009765625,0.04065000057220459,0.0
GLD,put,433.0,0.25753424657534246,2026-12-31,55.95,55.75,56.15,53.1,12.0,0.20294986511230467,378.760009765625,0.04065000057220459,0.0
GLD,put,435.0,0.25753424657534246,2026-12-31,57.8,57.55,58.05,55.75,14.0,0.20508607421874997,378.760009765625,0.04065000057220459,0.0
GLD,put,438.0,0.25753424657534246,2026-12-31,60.575,60.35,60.8,58.55,12.0,0.20471986694335934,378.760009765625,0.04065000057220459,0.0
GLD,put,450.0,0.25753424657534246,2026-12-31,72.275,71.0,73.55,57.4,79.0,0.2556531954956055,378.760009765625,0.04065000057220459,0.0
GLD,put,455.0,0.25753424657534246,2026-12-31,76.85,75.7,78.0,62.55,161.0,0.25025163818359375,378.760009765625,0.04065000057220459,0.0
GLD,put,525.0,0.25753424657534246,2026-12-31,152.75,150.8,154.7,138.65,52.0,0.5281419256591797,378.760009765625,0.04065000057220459,0.0
GLD,call,197.0,0.29863013698630136,2027-01-15,205.825,203.5,208.15,241.19,12.0,1.450625305480957,378.760009765625,0.04065000057220459,0.0
GLD,call,242.0,0.29863013698630136,2027-01-15,139.35,137.75,140.95,155.04,10.0,0.5409591802978517,378.760009765625,0.04065000057220459,0.0
GLD,call,245.0,0.29863013698630136,2027-01-15,136.625,135.25,138.0,152.08,10.0,0.5411422839355471,378.760009765625,0.04065000057220459,0.0
GLD,call,282.0,0.29863013698630136,2027-01-15,129.875,128.5,131.25,99.2,70.0,1.0046741661071776,378.760009765625,0.04065000057220459,0.0
GLD,call,287.0,0.29863013698630136,2027-01-15,145.10000000000002,143.3,146.9,90.21,12.0,1.2970616201782224,378.760009765625,0.04065000057220459,0.0
GLD,call,301.0,0.29863013698630136,2027-01-15,131.52499999999998,129.7,133.35,74.52,71.0,1.1973001560974121,378.760009765625,0.04065000057220459,0.0
GLD,call,306.0,0.29863013698630136,2027-01-15,77.35,76.0,78.7,98.8,12.0,0.3860535028076171,378.760009765625,0.04065000057220459,0.0
GLD,call,320.0,0.29863013698630136,2027-01-15,64.525,64.25,64.8,77.3,12.0,0.3308782733154296,378.760009765625,0.04065000057220459,0.0
GLD,call,325.0,0.29863013698630136,2027-01-15,60.0,59.75,60.25,72.55,12.0,0.319220675048828,378.760009765625,0.04065000057220459,0.0
GLD,call,344.0,0.29863013698630136,2027-01-15,43.55,43.3,43.8,62.3,18.0,0.2810130493164062,378.760009765625,0.04065000057220459,0.0
GLD,call,345.0,0.29863013698630136,2027-01-15,42.775,42.5,43.05,42.7,51.0,0.2803416693115234,378.760009765625,0.04065000057220459,0.0
GLD,call,350.0,0.29863013698630136,2027-01-15,38.775,38.55,39.0,39.19,73.0,0.27136959106445313,378.760009765625,0.04065000057220459,0.0
GLD,call,351.0,0.29863013698630136,2027-01-15,38.025,37.75,38.3,38.31,24.0,0.2709728665161133,378.760009765625,0.04065000057220459,0.0
GLD,call,356.0,0.29863013698630136,2027-01-15,34.35,34.1,34.6,35.6,31.0,0.26496096374511713,378.760009765625,0.04065000057220459,0.0
GLD,call,360.0,0.29863013698630136,2027-01-15,31.525,31.3,31.75,31.17,11.0,0.2602613037109375,378.760009765625,0.04065000057220459,0.0
GLD,call,375.0,0.29863013698630136,2027-01-15,22.225,22.05,22.4,22.3,56.0,0.24793232543945312,378.760009765625,0.04065000057220459,0.0
GLD,call,380.0,0.29863013698630136,2027-01-15,19.725,19.6,19.85,19.73,168.0,0.2462843927001953,378.760009765625,0.04065000057220459,0.0
GLD,call,385.0,0.29863013698630136,2027-01-15,17.325,17.15,17.5,17.3,99.0,0.2447585290527344,378.760009765625,0.04065000057220459,0.0
GLD,call,390.0,0.29863013698630136,2027-01-15,15.175,15.05,15.3,15.05,195.0,0.2427138717651367,378.760009765625,0.04065000057220459,0.0
GLD,call,395.0,0.29863013698630136,2027-01-15,13.225000000000001,13.15,13.3,13.25,123.0,0.24082180084228516,378.760009765625,0.04065000057220459,0.0
GLD,call,400.0,0.29863013698630136,2027-01-15,11.575,11.5,11.65,11.65,681.0,0.2410354217529297,378.760009765625,0.04065000057220459,0.0
GLD,call,405.0,0.29863013698630136,2027-01-15,10.125,10.05,10.2,10.13,92.0,0.2417068017578125,378.760009765625,0.04065000057220459,0.0
GLD,call,410.0,0.29863013698630136,2027-01-15,8.825,8.75,8.9,8.82,315.0,0.24228662994384764,378.760009765625,0.04065000057220459,0.0
GLD,call,415.0,0.29863013698630136,2027-01-15,7.699999999999999,7.6,7.8,7.7,47.0,0.24375145904541018,378.760009765625,0.04065000057220459,0.0
GLD,call,420.0,0.29863013698630136,2027-01-15,6.725,6.65,6.8,6.72,308.0,0.2447890463256836,378.760009765625,0.04065000057220459,0.0
GLD,call,425.0,0.29863013698630136,2027-01-15,5.875,5.8,5.95,5.85,93.0,0.24640646179199222,378.760009765625,0.04065000057220459,0.0
GLD,call,430.0,0.29863013698630136,2027-01-15,5.1,5.05,5.15,5.08,181.0,0.2471083590698242,378.760009765625,0.04065000057220459,0.0
GLD,call,435.0,0.29863013698630136,2027-01-15,4.5,4.4,4.6,4.45,56.0,0.2506788800048828,378.760009765625,0.04065000057220459,0.0
GLD,call,440.0,0.29863013698630136,2027-01-15,3.95,3.85,4.05,3.91,132.0,0.252937158203125,378.760009765625,0.04065000057220459,0.0
GLD,call,445.0,0.29863013698630136,2027-01-15,3.4749999999999996,3.4,3.55,3.47,41.0,0.2548292291259766,378.760009765625,0.04065000057220459,0.0
GLD,call,450.0,0.29863013698630136,2027-01-15,3.05,3.0,3.1,3.05,7890.0,0.25641612731933594,378.760009765625,0.04065000057220459,0.0
GLD,call,455.0,0.29863013698630136,2027-01-15,2.715,2.63,2.8,2.72,26.0,0.2603833728027344,378.760009765625,0.04065000057220459,0.0
GLD,call,460.0,0.29863013698630136,2027-01-15,2.39,2.33,2.45,2.37,250.0,0.26203130554199217,378.760009765625,0.04065000057220459,0.0
GLD,call,465.0,0.29863013698630136,2027-01-15,2.125,2.07,2.18,2.23,25.0,0.2647778601074219,378.760009765625,0.04065000057220459,0.0
GLD,call,470.0,0.29863013698630136,2027-01-15,1.88,1.84,1.92,1.88,6180.0,0.26673096557617193,378.760009765625,0.04065000057220459,0.0
GLD,call,475.0,0.29863013698630136,2027-01-15,1.7149999999999999,1.66,1.77,1.7,30.0,0.2714306256103516,378.760009765625,0.04065000057220459,0.0
GLD,call,480.0,0.29863013698630136,2027-01-15,1.53,1.5,1.56,1.56,5154.0,0.2732616619873046,378.760009765625,0.04065000057220459,0.0
GLD,call,485.0,0.29863013698630136,2027-01-15,1.3849999999999998,1.38,1.39,1.39,36.0,0.2756420092773437,378.760009765625,0.04065000057220459,0.0
GLD,call,490.0,0.29863013698630136,2027-01-15,1.2850000000000001,1.25,1.32,1.28,69.0,0.2815013256835937,378.760009765625,0.04065000057220459,0.0
GLD,call,495.0,0.29863013698630136,2027-01-15,1.1749999999999998,1.14,1.21,1.17,114.0,0.28516339843749994,378.760009765625,0.04065000057220459,0.0
GLD,call,500.0,0.29863013698630136,2027-01-15,1.09,1.08,1.1,1.1,7748.0,0.28833719482421866,378.760009765625,0.04065000057220459,0.0
GLD,call,510.0,0.29863013698630136,2027-01-15,0.9550000000000001,0.93,0.98,0.98,61.0,0.2981027221679687,378.760009765625,0.04065000057220459,0.0
GLD,call,520.0,0.29863013698630136,2027-01-15,0.8200000000000001,0.76,0.88,0.83,52.0,0.30774618041992186,378.760009765625,0.04065000057220459,0.0
GLD,call,530.0,0.29863013698630136,2027-01-15,0.835,0.71,0.96,0.96,14.0,0.3272772351074219,378.760009765625,0.04065000057220459,0.0
GLD,call,540.0,0.29863013698630136,2027-01-15,0.765,0.64,0.89,1.03,40.0,0.33740896972656254,378.760009765625,0.04065000057220459,0.0
GLD,call,550.0,0.29863013698630136,2027-01-15,0.625,0.6,0.65,0.62,23.0,0.33423517333984376,378.760009765625,0.04065000057220459,0.0
GLD,call,595.0,0.29863013698630136,2027-01-15,0.53,0.41,0.65,0.72,12.0,0.39111937011718745,378.760009765625,0.04065000057220459,0.0
GLD,call,600.0,0.29863013698630136,2027-01-15,0.43000000000000005,0.4,0.46,0.43,47.0,0.3781800463867187,378.760009765625,0.04065000057220459,0.0
GLD,call,660.0,0.29863013698630136,2027-01-15,0.385,0.27,0.5,0.4,148.0,0.44727115234375,378.760009765625,0.04065000057220459,0.0
GLD,call,665.0,0.29863013698630136,2027-01-15,0.3,0.25,0.35,0.3,30.0,0.4321345849609375,378.760009765625,0.04065000057220459,0.0
GLD,call,675.0,0.29863013698630136,2027-01-15,0.36,0.24,0.48,0.33,51.0,0.45972219970703126,378.760009765625,0.04065000057220459,0.0
GLD,call,680.0,0.29863013698630136,2027-01-15,0.28500000000000003,0.24,0.33,0.3,50.0,0.44336494140625,378.760009765625,0.04065000057220459,0.0
GLD,call,695.0,0.29863013698630136,2027-01-15,0.355,0.25,0.46,0.39,29.0,0.476567734375,378.760009765625,0.04065000057220459,0.0
GLD,call,700.0,0.29863013698630136,2027-01-15,0.265,0.23,0.3,0.27,30.0,0.45654840332031255,378.760009765625,0.04065000057220459,0.0
GLD,call,750.0,0.29863013698630136,2027-01-15,0.275,0.15,0.4,0.24,26.0,0.5170946728515625,378.760009765625,0.04065000057220459,0.0
GLD,call,760.0,0.29863013698630136,2027-01-15,0.29000000000000004,0.18,0.4,0.24,26.0,0.50586431640625,378.760009765625,0.04065000057220459,0.0
GLD,call,900.0,0.29863013698630136,2027-01-15,0.13,0.11,0.15,0.12,80.0,0.56055126953125,378.760009765625,0.04065000057220459,0.0
GLD,put,150.0,0.29863013698630136,2027-01-15,0.034999999999999996,0.01,0.06,0.07,32.0,0.5742230078125,378.760009765625,0.04065000057220459,0.0
GLD,put,155.0,0.29863013698630136,2027-01-15,0.034999999999999996,0.01,0.06,0.1,11.0,0.5546919531250001,378.760009765625,0.04065000057220459,0.0
GLD,put,160.0,0.29863013698630136,2027-01-15,0.04,0.01,0.07,0.04,10.0,0.5429733203125001,378.760009765625,0.04065000057220459,0.0
GLD,put,220.0,0.29863013698630136,2027-01-15,0.245,0.14,0.35,0.21,54.0,0.4506890869140625,378.760009765625,0.04065000057220459,0.0
GLD,put,225.0,0.29863013698630136,2027-01-15,0.28,0.18,0.38,0.23,54.0,0.4387263159179688,378.760009765625,0.04065000057220459,0.0
GLD,put,240.0,0.29863013698630136,2027-01-15,0.30000000000000004,0.27,0.33,0.3,20.0,0.3820862573242187,378.760009765625,0.04065000057220459,0.0
GLD,put,250.0,0.29863013698630136,2027-01-15,0.41000000000000003,0.32,0.5,0.26,57.0,0.3737855590820312,378.760009765625,0.04065000057220459,0.0
GLD,put,259.0,0.29863013698630136,2027-01-15,0.51,0.4,0.62,0.36,11.0,0.3580386462402344,378.760009765625,0.04065000057220459,0.0
GLD,put,270.0,0.29863013698630136,2027-01-15,0.56,0.52,0.6,0.55,20.0,0.3220282641601562,378.760009765625,0.04065000057220459,0.0
GLD,put,271.0,0.29863013698630136,2027-01-15,0.635,0.53,0.74,0.4,24.0,0.33081723876953123,378.760009765625,0.04065000057220459,0.0
GLD,put,276.0,0.29863013698630136,2027-01-15,0.7050000000000001,0.6,0.81,0.62,71.0,0.32044136596679684,378.760009765625,0.04065000057220459,0.0
GLD,put,277.0,0.29863013698630136,2027-01-15,0.715,0.61,0.82,0.62,38.0,0.31799998413085934,378.760009765625,0.04065000057220459,0.0
GLD,put,278.0,0.29863013698630136,2027-01-15,0.73,0.62,0.84,0.6,71.0,0.31629101684570304,378.760009765625,0.04065000057220459,0.0
GLD,put,282.0,0.29863013698630136,2027-01-15,0.78,0.66,0.9,0.72,19.0,0.3078682495117187,378.760009765625,0.04065000057220459,0.0
GLD,put,300.0,0.29863013698630136,2027-01-15,1.18,1.14,1.22,1.2,21.0,0.26935545104980463,378.760009765625,0.04065000057220459,0.0
GLD,put,303.0,0.29863013698630136,2027-01-15,1.31,1.23,1.39,0.8,200.0,0.2675244146728516,378.760009765625,0.04065000057220459,0.0
GLD,put,310.0,0.29863013698630136,2027-01-15,1.57,1.52,1.62,1.54,11.0,0.25440198730468755,378.760009765625,0.04065000057220459,0.0
GLD,put,313.0,0.29863013698630136,2027-01-15,1.725,1.66,1.79,1.02,201.0,0.2507399145507812,378.760009765625,0.04065000057220459,0.0
GLD,put,315.0,0.29863013698630136,2027-01-15,1.8399999999999999,1.78,1.9,1.03,10.0,0.24793232543945312,378.760009765625,0.04065000057220459,0.0
GLD,put,317.0,0.29863013698630136,2027-01-15,1.9499999999999997,1.89,2.01,1.76,12.0,0.2449416326904297,378.760009765625,0.04065000057220459,0.0
GLD,put,320.0,0.29863013698630136,2027-01-15,2.1849999999999996,2.09,2.28,2.19,234.0,0.24311059631347653,378.760009765625,0.04065000057220459,0.0
GLD,put,323.0,0.29863013698630136,2027-01-15,2.38,2.31,2.45,2.46,36.0,0.237739556274414,378.760009765625,0.04065000057220459,0.0
GLD,put,330.0,0.29863013698630136,2027-01-15,3.065,2.98,3.15,3.04,84.0,0.23102575622558597,378.760009765625,0.04065000057220459,0.0
GLD,put,339.0,0.29863013698630136,2027-01-15,4.15,4.05,4.25,2.38,83.0,0.2211076425170898,378.760009765625,0.04065000057220459,0.0
GLD,put,340.0,0.29863013698630136,2027-01-15,4.325,4.25,4.4,4.25,249.0,0.220161607055664,378.760009765625,0.04065000057220459,0.0
GLD,put,341.0,0.29863013698630136,2027-01-15,4.5,4.4,4.6,2.55,11.0,0.22003953796386716,378.760009765625,0.04065000057220459,0.0
GLD,put,345.0,0.29863013698630136,2027-01-15,5.199999999999999,5.1,5.3,5.13,12.0,0.21674367248535154,378.760009765625,0.04065000057220459,0.0
GLD,put,346.0,0.29863013698630136,2027-01-15,5.375,5.3,5.45,5.3,40.0,0.21524832611083983,378.760009765625,0.04065000057220459,0.0
GLD,put,349.0,0.29863013698630136,2027-01-15,6.0,5.9,6.1,3.4,17.0,0.21360039337158204,378.760009765625,0.04065000057220459,0.0
GLD,put,350.0,0.29863013698630136,2027-01-15,6.199999999999999,6.1,6.3,6.23,68.0,0.21256280609130856,378.760009765625,0.04065000057220459,0.0
GLD,put,354.0,0.29863013698630136,2027-01-15,7.15,7.05,7.25,4.05,20.0,0.20978573425292968,378.760009765625,0.04065000057220459,0.0
GLD,put,358.0,0.29863013698630136,2027-01-15,8.225,8.1,8.35,5.0,58.0,0.20752745605468748,378.760009765625,0.04065000057220459,0.0
GLD,put,359.0,0.29863013698630136,2027-01-15,8.525,8.4,8.65,5.15,33.0,0.20705443832397458,378.760009765625,0.04065000057220459,0.0
GLD,put,360.0,0.29863013698630136,2027-01-15,8.825,8.7,8.95,8.84,334.0,0.20645935150146477,378.760009765625,0.04065000057220459,0.0
GLD,put,365.0,0.29863013698630136,2027-01-15,10.425,10.35,10.5,10.6,93.0,0.20255314056396478,378.760009765625,0.04065000057220459,0.0
GLD,put,370.0,0.29863013698630136,2027-01-15,12.325,12.2,12.45,12.45,158.0,0.2010272769165039,378.760009765625,0.04065000057220459,0.0
GLD,put,375.0,0.29863013698630136,2027-01-15,14.5,14.4,14.6,14.5,218.0,0.1991046887207031,378.760009765625,0.04065000057220459,0.0
GLD,put,380.0,0.29863013698630136,2027-01-15,16.975,16.8,17.15,17.0,346.0,0.19915046463012692,378.760009765625,0.04065000057220459,0.0
GLD,put,385.0,0.29863013698630136,2027-01-15,19.6,19.35,19.85,19.87,41.0,0.1981128773498535,378.760009765625,0.04065000057220459,0.0
GLD,put,390.0,0.29863013698630136,2027-01-15,22.675,22.5,22.85,23.35,207.0,0.19788399780273438,378.760009765625,0.04065000057220459,0.0
GLD,put,395.0,0.29863013698630136,2027-01-15,25.85,25.65,26.05,26.55,33.0,0.19733468688964845,378.760009765625,0.04065000057220459,0.0
GLD,put,400.0,0.29863013698630136,2027-01-15,29.3,29.05,29.55,29.4,208.0,0.1979450323486328,378.760009765625,0.04065000057220459,0.0
GLD,put,405.0,0.29863013698630136,2027-01-15,32.925,32.75,33.1,31.6,157.0,0.19654123779296873,378.760009765625,0.04065000057220459,0.0
GLD,put,420.0,0.29863013698630136,2027-01-15,44.900000000000006,44.6,45.2,45.2,19.0,0.19849434326171872,378.760009765625,0.04065000057220459,0.0
GLD,put,430.0,0.29863013698630136,2027-01-15,53.55,53.25,53.85,50.9,58.0,0.198250205078125,378.760009765625,0.04065000057220459,0.0
GLD,put,435.0,0.29863013698630136,2027-01-15,58.175,57.85,58.5,55.25,14.0,0.20218693328857418,378.760009765625,0.04065000057220459,0.0
GLD,put,455.0,0.29863013698630136,2027-01-15,77.175,76.85,77.5,76.87,16.0,0.21588918884277342,378.760009765625,0.04065000057220459,0.0
GLD,put,460.0,0.29863013698630136,2027-01-15,82.425,81.75,83.1,81.74,48.0,0.2459181854248047,378.760009765625,0.04065000057220459,0.0
GLD,put,480.0,0.29863013698630136,2027-01-15,102.5,101.05,103.95,86.9,31.0,0.3111335977172851,378.760009765625,0.04065000057220459,0.0
GLD,put,485.0,0.29863013698630136,2027-01-15,107.025,105.05,109.0,91.6,40.0,0.3223944714355468,378.760009765625,0.04065000057220459,0.0
GLD,put,500.0,0.29863013698630136,2027-01-15,122.0,120.4,123.6,106.65,202.0,0.33850759155273435,378.760009765625,0.04065000057220459,0.0
GLD,put,535.0,0.29863013698630136,2027-01-15,156.97500000000002,155.15,158.8,108.45,60.0,0.4054014538574219,378.760009765625,0.04065000057220459,0.0
GLD,put,540.0,0.29863013698630136,2027-01-15,114.30000000000001,113.7,114.9,159.25,12.0,1.0000000000000003e-05,378.760009765625,0.04065000057220459,0.0
GLD,put,580.0,0.29863013698630136,2027-01-15,124.575,122.4,126.75,108.26,90.0,1.0000000000000003e-05,378.760009765625,0.04065000057220459,0.0
GLD,put,600.0,0.29863013698630136,2027-01-15,193.225,191.1,195.35,225.8,10.0,1.0000000000000003e-05,378.760009765625,0.04065000057220459,0.0
GLD,put,625.0,0.29863013698630136,2027-01-15,165.77499999999998,163.6,167.95,145.87,21.0,1.0000000000000003e-05,378.760009765625,0.04065000057220459,0.0
GLD,call,330.0,0.39452054794520547,2027-02-19,57.849999999999994,57.65,58.05,58.11,42.0,0.30286341674804684,378.760009765625,0.04065000057220459,0.0
GLD,call,340.0,0.39452054794520547,2027-02-19,49.575,49.25,49.9,60.75,16.0,0.28876443664550777,378.760009765625,0.04065000057220459,0.0
GLD,call,365.0,0.39452054794520547,2027-02-19,31.5,31.25,31.75,42.75,29.0,0.2594373373413086,378.760009765625,0.04065000057220459,0.0
GLD,call,370.0,0.39452054794520547,2027-02-19,28.525,28.3,28.75,28.6,23.0,0.2562635409545898,378.760009765625,0.04065000057220459,0.0
GLD,call,375.0,0.39452054794520547,2027-02-19,25.7,25.5,25.9,25.67,29.0,0.2530439686584473,378.760009765625,0.04065000057220459,0.0
GLD,call,380.0,0.39452054794520547,2027-02-19,23.1,22.95,23.25,23.0,15.0,0.25025163818359375,378.760009765625,0.04065000057220459,0.0
GLD,call,385.0,0.39452054794520547,2027-02-19,20.725,20.55,20.9,20.8,30.0,0.2488936195373535,378.760009765625,0.04065000057220459,0.0
GLD,call,390.0,0.39452054794520547,2027-02-19,18.575,18.45,18.7,18.55,35.0,0.2473982731628418,378.760009765625,0.04065000057220459,0.0
GLD,call,395.0,0.39452054794520547,2027-02-19,16.525,16.4,16.65,16.65,44.0,0.24578085769653318,378.760009765625,0.04065000057220459,0.0
GLD,call,400.0,0.39452054794520547,2027-02-19,14.725,14.6,14.85,14.85,78.0,0.24517051223754882,378.760009765625,0.04065000057220459,0.0
GLD,call,405.0,0.39452054794520547,2027-02-19,13.175,13.1,13.25,13.25,50.0,0.245124736328125,378.760009765625,0.04065000057220459,0.0
GLD,call,410.0,0.39452054794520547,2027-02-19,11.7,11.6,11.8,11.63,12.0,0.24520102951049805,378.760009765625,0.04065000057220459,0.0
GLD,call,415.0,0.39452054794520547,2027-02-19,10.4,10.25,10.55,10.5,29.0,0.2460860304260254,378.760009765625,0.04065000057220459,0.0
GLD,call,420.0,0.39452054794520547,2027-02-19,9.275,9.15,9.4,9.24,28.0,0.2467421517944336,378.760009765625,0.04065000057220459,0.0
GLD,call,425.0,0.39452054794520547,2027-02-19,8.2,8.05,8.35,8.22,10.0,0.2472609454345703,378.760009765625,0.04065000057220459,0.0
GLD,call,430.0,0.39452054794520547,2027-02-19,7.325,7.2,7.45,7.35,45.0,0.24839008453369144,378.760009765625,0.04065000057220459,0.0
GLD,call,440.0,0.39452054794520547,2027-02-19,5.800000000000001,5.65,5.95,6.05,10.0,0.25119767364501955,378.760009765625,0.04065000057220459,0.0
GLD,call,450.0,0.39452054794520547,2027-02-19,4.65,4.55,4.75,4.65,25.0,0.2540968145751954,378.760009765625,0.04065000057220459,0.0
GLD,call,475.0,0.39452054794520547,2027-02-19,2.795,2.71,2.88,2.83,35.0,0.2655102746582031,378.760009765625,0.04065000057220459,0.0
GLD,call,480.0,0.39452054794520547,2027-02-19,2.545,2.46,2.63,2.65,14.0,0.2681347601318359,378.760009765625,0.04065000057220459,0.0
GLD,call,500.0,0.39452054794520547,2027-02-19,1.8199999999999998,1.76,1.88,1.83,16.0,0.27948718566894526,378.760009765625,0.04065000057220459,0.0
GLD,call,525.0,0.39452054794520547,2027-02-19,1.33,1.23,1.43,1.31,10.0,0.2995675512695312,378.760009765625,0.04065000057220459,0.0
GLD,call,575.0,0.39452054794520547,2027-02-19,0.8600000000000001,0.79,0.93,1.85,48.0,0.3375920733642578,378.760009765625,0.04065000057220459,0.0
GLD,call,615.0,0.39452054794520547,2027-02-19,0.6699999999999999,0.59,0.75,0.96,15.0,0.36865865722656255,378.760009765625,0.04065000057220459,0.0
GLD,call,620.0,0.39452054794520547,2027-02-19,0.6499999999999999,0.57,0.73,1.28,28.0,0.37219866088867193,378.760009765625,0.04065000057220459,0.0
GLD,call,625.0,0.39452054794520547,2027-02-19,0.635,0.55,0.72,0.97,28.0,0.3763490100097656,378.760009765625,0.04065000057220459,0.0
GLD,put,210.0,0.39452054794520547,2027-02-19,0.24,0.13,0.35,0.23,27.0,0.4226131958007812,378.760009765625,0.04065000057220459,0.0
GLD,put,215.0,0.39452054794520547,2027-02-19,0.255,0.16,0.35,0.29,24.0,0.407232490234375,378.760009765625,0.04065000057220459,0.0
GLD,put,235.0,0.39452054794520547,2027-02-19,0.36,0.27,0.45,0.3,20.0,0.362311064453125,378.760009765625,0.04065000057220459,0.0
GLD,put,275.0,0.39452054794520547,2027-02-19,0.8500000000000001,0.77,0.93,0.86,24.0,0.2890696093749999,378.760009765625,0.04065000057220459,0.0
GLD,put,305.0,0.39452054794520547,2027-02-19,1.9100000000000001,1.83,1.99,1.5,17.0,0.2475661181640625,378.760009765625,0.04065000057220459,0.0
GLD,put,315.0,0.39452054794520547,2027-02-19,2.5549999999999997,2.46,2.65,1.73,10.0,0.23600007171630855,378.760009765625,0.04065000057220459,0.0
GLD,put,320.0,0.39452054794520547,2027-02-19,2.995,2.89,3.1,1.85,15.0,0.2312698944091797,378.760009765625,0.04065000057220459,0.0
GLD,put,325.0,0.39452054794520547,2027-02-19,3.475,3.35,3.6,3.18,12.0,0.22611247528076173,378.760009765625,0.04065000057220459,0.0
GLD,put,330.0,0.39452054794520547,2027-02-19,4.1,4.0,4.2,4.1,44.0,0.22144333251953124,378.760009765625,0.04065000057220459,0.0
GLD,put,345.0,0.39452054794520547,2027-02-19,6.675,6.55,6.8,6.95,39.0,0.21057918334960937,378.760009765625,0.04065000057220459,0.0
GLD,put,365.0,0.39452054794520547,2027-02-19,12.45,12.3,12.6,11.81,26.0,0.20005072418212888,378.760009765625,0.04065000057220459,0.0
GLD,put,370.0,0.39452054794520547,2027-02-19,14.375,14.25,14.5,14.47,131.0,0.19736520416259767,378.760009765625,0.04065000057220459,0.0
GLD,put,375.0,0.39452054794520547,2027-02-19,16.549999999999997,16.4,16.7,16.66,36.0,0.19571727142333983,378.760009765625,0.04065000057220459,0.0
GLD,put,380.0,0.39452054794520547,2027-02-19,19.0,18.8,19.2,18.96,19.0,0.1950153741455078,378.760009765625,0.04065000057220459,0.0
GLD,put,385.0,0.39452054794520547,2027-02-19,21.65,21.45,21.85,20.65,38.0,0.193642096862793,378.760009765625,0.04065000057220459,0.0
GLD,put,415.0,0.39452054794520547,2027-02-19,41.875,41.6,42.15,41.89,28.0,0.18805743591308594,378.760009765625,0.04065000057220459,0.0
GLD,put,430.0,0.39452054794520547,2027-02-19,54.349999999999994,54.05,54.65,54.2,40.0,0.1874776077270508,378.760009765625,0.04065000057220459,0.0
GLD,put,455.0,0.39452054794520547,2027-02-19,77.30000000000001,76.15,78.45,64.25,182.0,0.21411918701171873,378.760009765625,0.04065000057220459,0.0
GLD,put,460.0,0.39452054794520547,2027-02-19,82.175,81.05,83.3,67.55,32.0,0.21955126159667968,378.760009765625,0.04065000057220459,0.0
GLD,put,470.0,0.39452054794520547,2027-02-19,92.07499999999999,90.1,94.05,76.9,26.0,0.25580578186035163,378.760009765625,0.04065000057220459,0.0
GLD,put,475.0,0.39452054794520547,2027-02-19,97.19999999999999,95.35,99.05,82.45,90.0,0.2647778601074219,378.760009765625,0.04065000057220459,0.0
GLD,put,480.0,0.39452054794520547,2027-02-19,102.0,100.0,104.0,86.62,33.0,0.2723156265258788,378.760009765625,0.04065000057220459,0.0
GLD,put,490.0,0.39452054794520547,2027-02-19,112.025,110.05,114.0,100.3,33.0,0.2893137475585937,378.760009765625,0.04065000057220459,0.0
GLD,put,500.0,0.39452054794520547,2027-02-19,122.025,120.05,124.0,122.25,18.0,0.30573204040527346,378.760009765625,0.04065000057220459,0.0
GLD,put,525.0,0.39452054794520547,2027-02-19,147.025,145.05,149.0,125.66,31.0,0.3443669079589844,378.760009765625,0.04065000057220459,0.0
GLD,call,250.0,0.4712328767123288,2027-03-19,133.825,132.65,135.0,153.61,20.0,0.5100757000732423,378.760009765625,0.04065000057220459,0.0
GLD,call,350.0,0.4712328767123288,2027-03-19,44.349999999999994,44.05,44.65,44.6,12.0,0.2795634788513183,378.760009765625,0.04065000057220459,0.0
GLD,call,370.0,0.4712328767123288,2027-03-19,31.275,31.1,31.45,32.4,12.0,0.2612073391723633,378.760009765625,0.04065000057220459,0.0
GLD,call,380.0,0.4712328767123288,2027-03-19,25.9,25.7,26.1,25.79,106.0,0.25653819641113285,378.760009765625,0.04065000057220459,0.0
GLD,call,385.0,0.4712328767123288,2027-03-19,23.475,23.3,23.65,23.33,65.0,0.25427991821289064,378.760009765625,0.04065000057220459,0.0
GLD,call,390.0,0.4712328767123288,2027-03-19,21.25,21.05,21.45,21.35,19.0,0.2530287100219727,378.760009765625,0.04065000057220459,0.0
GLD,call,395.0,0.4712328767123288,2027-03-19,19.175,19.0,19.35,19.0,17.0,0.25135026000976557,378.760009765625,0.04065000057220459,0.0
GLD,call,400.0,0.4712328767123288,2027-03-19,17.4,17.3,17.5,17.4,207.0,0.2507399145507812,378.760009765625,0.04065000057220459,0.0
GLD,call,405.0,0.4712328767123288,2027-03-19,15.625,15.45,15.8,15.58,22.0,0.250282155456543,378.760009765625,0.04065000057220459,0.0
GLD,call,410.0,0.4712328767123288,2027-03-19,14.075,13.9,14.25,14.15,77.0,0.2500227586364746,378.760009765625,0.04065000057220459,0.0
GLD,call,420.0,0.4712328767123288,2027-03-19,11.425,11.25,11.6,11.45,94.0,0.2504652590942382,378.760009765625,0.04065000057220459,0.0
GLD,call,425.0,0.4712328767123288,2027-03-19,10.3,10.15,10.45,10.32,14.0,0.2508009490966796,378.760009765625,0.04065000057220459,0.0
GLD,call,430.0,0.4712328767123288,2027-03-19,9.274999999999999,9.1,9.45,9.27,146.0,0.2517469845581054,378.760009765625,0.04065000057220459,0.0
GLD,call,435.0,0.4712328767123288,2027-03-19,8.325,8.15,8.5,8.32,12.0,0.2521742263793946,378.760009765625,0.04065000057220459,0.0
GLD,call,440.0,0.4712328767123288,2027-03-19,7.525,7.35,7.7,7.6,21.0,0.25345595184326175,378.760009765625,0.04065000057220459,0.0
GLD,call,445.0,0.4712328767123288,2027-03-19,6.8,6.6,7.0,6.77,13.0,0.25510388458251965,378.760009765625,0.04065000057220459,0.0
GLD,call,450.0,0.4712328767123288,2027-03-19,6.15,6.05,6.25,6.12,116.0,0.25510388458251965,378.760009765625,0.04065000057220459,0.0
GLD,call,475.0,0.4712328767123288,2027-03-19,3.8,3.7,3.9,3.8,12.0,0.2634656173706055,378.760009765625,0.04065000057220459,0.0
GLD,call,480.0,0.4712328767123288,2027-03-19,3.5,3.4,3.6,3.47,125.0,0.26605958557128906,378.760009765625,0.04065000057220459,0.0
GLD,call,485.0,0.4712328767123288,2027-03-19,3.225,3.1,3.35,3.45,77.0,0.2690807955932617,378.760009765625,0.04065000057220459,0.0
GLD,call,490.0,0.4712328767123288,2027-03-19,2.9850000000000003,2.87,3.1,4.23,23.0,0.27161372924804683,378.760009765625,0.04065000057220459,0.0
GLD,call,495.0,0.4712328767123288,2027-03-19,2.745,2.64,2.85,2.93,39.0,0.27362786926269533,378.760009765625,0.04065000057220459,0.0
GLD,call,500.0,0.4712328767123288,2027-03-19,2.525,2.5,2.55,2.54,371.0,0.2738109729003906,378.760009765625,0.04065000057220459,0.0
GLD,call,525.0,0.4712328767123288,2027-03-19,1.8599999999999999,1.73,1.99,1.8,15.0,0.292853751220703,378.760009765625,0.04065000057220459,0.0
GLD,call,550.0,0.4712328767123288,2027-03-19,1.38,1.32,1.44,1.37,54.0,0.304694453125,378.760009765625,0.04065000057220459,0.0
GLD,call,565.0,0.4712328767123288,2027-03-19,1.1800000000000002,0.99,1.37,3.2,10.0,0.3189765368652343,378.760009765625,0.04065000057220459,0.0
GLD,call,585.0,0.4712328767123288,2027-03-19,1.08,0.97,1.19,1.99,30.0,0.3325262060546875,378.760009765625,0.04065000057220459,0.0
GLD,call,600.0,0.4712328767123288,2027-03-19,1.0,0.91,1.09,0.96,22.0,0.34290207885742185,378.760009765625,0.04065000057220459,0.0
GLD,call,650.0,0.4712328767123288,2027-03-19,0.7250000000000001,0.67,0.78,0.74,30.0,0.3707338317871094,378.760009765625,0.04065000057220459,0.0
GLD,call,665.0,0.4712328767123288,2027-03-19,0.73,0.62,0.84,2.07,385.0,0.387701435546875,378.760009765625,0.04065000057220459,0.0
GLD,call,700.0,0.4712328767123288,2027-03-19,0.5449999999999999,0.49,0.6,0.6,19.0,0.39722282470703124,378.760009765625,0.04065000057220459,0.0
GLD,call,710.0,0.4712328767123288,2027-03-19,0.58,0.45,0.71,0.64,22.0,0.4141904284667969,378.760009765625,0.04065000057220459,0.0
GLD,call,800.0,0.4712328767123288,2027-03-19,0.41000000000000003,0.26,0.56,0.47,83.0,0.4633842724609375,378.760009765625,0.04065000057220459,0.0
GLD,call,900.0,0.4712328767123288,2027-03-19,0.275,0.18,0.37,0.32,82.0,0.4982960327148438,378.760009765625,0.04065000057220459,0.0
GLD,put,265.0,0.4712328767123288,2027-03-19,0.885,0.79,0.98,0.88,100.0,0.29321995849609367,378.760009765625,0.04065000057220459,0.0
GLD,put,300.0,0.4712328767123288,2027-03-19,2.12,2.02,2.22,2.02,11.0,0.24665059997558597,378.760009765625,0.04065000057220459,0.0
GLD,put,305.0,0.4712328767123288,2027-03-19,2.42,2.32,2.52,1.72,82.0,0.24079128356933593,378.760009765625,0.04065000057220459,0.0
GLD,put,350.0,0.4712328767123288,2027-03-19,9.175,9.05,9.3,9.12,21.0,0.20581848876953124,378.760009765625,0.04065000057220459,0.0
GLD,put,355.0,0.4712328767123288,2027-03-19,10.575,10.45,10.7,10.05,10.0,0.2030108996582031,378.760009765625,0.04065000057220459,0.0
GLD,put,360.0,0.4712328767123288,2027-03-19,12.15,12.0,12.3,12.13,34.0,0.2006000350952148,378.760009765625,0.04065000057220459,0.0
GLD,put,370.0,0.4712328767123288,2027-03-19,15.925,15.75,16.1,16.05,14.0,0.19655649642944334,378.760009765625,0.04065000057220459,0.0
GLD,put,375.0,0.4712328767123288,2027-03-19,18.075000000000003,17.85,18.3,18.52,29.0,0.1947407186889648,378.760009765625,0.04065000057220459,0.0
GLD,put,380.0,0.4712328767123288,2027-03-19,20.35,20.05,20.65,20.81,97.0,0.19249769912719727,378.760009765625,0.04065000057220459,0.0
GLD,put,455.0,0.4712328767123288,2027-03-19,77.575,77.25,77.9,64.7,39.0,0.18317467224121092,378.760009765625,0.04065000057220459,0.0
GLD,put,480.0,0.4712328767123288,2027-03-19,102.25,100.5,104.0,87.45,19.0,0.2493971545410156,378.760009765625,0.04065000057220459,0.0
GLD,put,505.0,0.4712328767123288,2027-03-19,127.3,125.65,128.95,112.15,12.0,0.2860789166259765,378.760009765625,0.04065000057220459,0.0
GLD,put,535.0,0.4712328767123288,2027-03-19,162.75,160.5,165.0,150.7,10.0,0.44351752777099607,378.760009765625,0.04065000057220459,0.0
GLD,put,540.0,0.4712328767123288,2027-03-19,167.60000000000002,165.65,169.55,153.45,52.0,0.4440973559570312,378.760009765625,0.04065000057220459,0.0
GLD,call,360.0,0.5041095890410959,2027-03-31,38.425,38.1,38.75,38.4,15.0,0.2708507974243164,378.760009765625,0.04065000057220459,0.0
GLD,call,380.0,0.5041095890410959,2027-03-31,26.85,26.55,27.15,26.9,29.0,0.25786569778442386,378.760009765625,0.04065000057220459,0.0
GLD,call,390.0,0.5041095890410959,2027-03-31,22.2,22.0,22.4,21.8,19.0,0.25354750366210943,378.760009765625,0.04065000057220459,0.0
GLD,call,400.0,0.5041095890410959,2027-03-31,18.25,18.05,18.45,18.3,15.0,0.2515181050109863,378.760009765625,0.04065000057220459,0.0
GLD,call,402.0,0.5041095890410959,2027-03-31,17.5,17.3,17.7,29.15,33.0,0.25087724227905267,378.760009765625,0.04065000057220459,0.0
GLD,call,416.0,0.5041095890410959,2027-03-31,13.275,13.05,13.5,22.2,10.0,0.2512129322814941,378.760009765625,0.04065000057220459,0.0
GLD,call,421.0,0.5041095890410959,2027-03-31,12.0,11.8,12.2,30.62,20.0,0.2511671563720703,378.760009765625,0.04065000057220459,0.0
GLD,call,423.0,0.5041095890410959,2027-03-31,11.5,11.3,11.7,20.0,18.0,0.2510298286437988,378.760009765625,0.04065000057220459,0.0
GLD,call,450.0,0.5041095890410959,2027-03-31,6.725,6.55,6.9,6.75,27.0,0.2555311264038086,378.760009765625,0.04065000057220459,0.0
GLD,call,463.0,0.5041095890410959,2027-03-31,5.25,5.05,5.45,14.75,18.0,0.2596814755249024,378.760009765625,0.04065000057220459,0.0
GLD,call,464.0,0.5041095890410959,2027-03-31,5.15,4.95,5.35,7.5,65.0,0.25998664825439455,378.760009765625,0.04065000057220459,0.0
GLD,call,500.0,0.5041095890410959,2027-03-31,2.81,2.66,2.96,2.83,41.0,0.27426873199462887,378.760009765625,0.04065000057220459,0.0
GLD,call,550.0,0.5041095890410959,2027-03-31,1.595,1.48,1.71,1.53,24.0,0.3043282458496094,378.760009765625,0.04065000057220459,0.0
GLD,call,560.0,0.5041095890410959,2027-03-31,1.375,1.17,1.58,4.07,12.0,0.3110420458984374,378.760009765625,0.04065000057220459,0.0
GLD,put,285.0,0.5041095890410959,2027-03-31,1.5350000000000001,1.35,1.72,1.35,20.0,0.26306889282226564,378.760009765625,0.04065000057220459,0.0
GLD,put,295.0,0.5041095890410959,2027-03-31,2.0,1.82,2.18,1.69,12.0,0.2508009490966796,378.760009765625,0.04065000057220459,0.0
GLD,put,305.0,0.5041095890410959,2027-03-31,2.6,2.47,2.73,1.76,19.0,0.23786162536621092,378.760009765625,0.04065000057220459,0.0
GLD,put,315.0,0.5041095890410959,2027-03-31,3.4749999999999996,3.3,3.65,3.45,18.0,0.229499892578125,378.760009765625,0.04065000057220459,0.0
GLD,put,335.0,0.5041095890410959,2027-03-31,6.25,6.1,6.4,4.95,23.0,0.2134783242797852,378.760009765625,0.04065000057220459,0.0
GLD,put,380.0,0.5041095890410959,2027-03-31,21.05,20.85,21.25,21.26,16.0,0.19173476730346684,378.760009765625,0.04065000057220459,0.0
GLD,put,382.0,0.5041095890410959,2027-03-31,22.075000000000003,21.85,22.3,15.82,13.0,0.1913838186645508,378.760009765625,0.04065000057220459,0.0
GLD,put,384.0,0.5041095890410959,2027-03-31,23.1,22.85,23.35,16.55,24.0,0.1907429559326172,378.760009765625,0.04065000057220459,0.0
GLD,put,390.0,0.5041095890410959,2027-03-31,26.5,26.25,26.75,19.82,100.0,0.18947648910522463,378.760009765625,0.04065000057220459,0.0
GLD,put,393.0,0.5041095890410959,2027-03-31,28.075,27.75,28.4,20.95,10.0,0.18741657318115235,378.760009765625,0.04065000057220459,0.0
GLD,put,394.0,0.5041095890410959,2027-03-31,28.700000000000003,28.35,29.05,20.79,12.0,0.1875386422729492,378.760009765625,0.04065000057220459,0.0
GLD,put,402.0,0.5041095890410959,2027-03-31,34.0,33.8,34.2,25.67,10.0,0.18553976089477536,378.760009765625,0.04065000057220459,0.0
GLD,put,409.0,0.5041095890410959,2027-03-31,33.35,32.25,34.45,22.08,12.0,0.1311732391357422,378.760009765625,0.04065000057220459,0.0
GLD,put,413.0,0.5041095890410959,2027-03-31,48.95,46.85,51.05,45.1,10.0,0.27628287200927726,378.760009765625,0.04065000057220459,0.0
GLD,put,422.0,0.5041095890410959,2027-03-31,48.775000000000006,48.35,49.2,32.54,16.0,0.18375450042724606,378.760009765625,0.04065000057220459,0.0
GLD,put,427.0,0.5041095890410959,2027-03-31,28.475,28.05,28.9,63.0,220.0,1.0000000000000003e-05,378.760009765625,0.04065000057220459,0.0
GLD,put,453.0,0.5041095890410959,2027-03-31,61.775,60.8,62.75,45.35,110.0,1.0000000000000003e-05,378.760009765625,0.04065000057220459,0.0
GLD,put,495.0,0.5041095890410959,2027-03-31,117.0,115.0,119.0,105.1,150.0,0.26355716918945316,378.760009765625,0.04065000057220459,0.0
GLD,call,155.0,0.7178082191780822,2027-06-17,228.075,226.15,230.0,198.8,312.0,0.7090483197021484,378.760009765625,0.04065000057220459,0.0
GLD,call,200.0,0.7178082191780822,2027-06-17,185.0,183.0,187.0,203.5,16.0,0.5833171551513672,378.760009765625,0.04065000057220459,0.0
GLD,call,300.0,0.7178082191780822,2027-06-17,91.775,91.45,92.1,104.54,14.0,0.3621737367248535,378.760009765625,0.04065000057220459,0.0
GLD,call,350.0,0.7178082191780822,2027-06-17,52.125,51.9,52.35,52.3,23.0,0.29375401077270497,378.760009765625,0.04065000057220459,0.0
GLD,call,355.0,0.7178082191780822,2027-06-17,48.975,48.5,49.45,59.08,10.0,0.29312840667724605,378.760009765625,0.04065000057220459,0.0
GLD,call,375.0,0.7178082191780822,2027-06-17,36.825,36.5,37.15,36.95,105.0,0.2765422688293457,378.760009765625,0.04065000057220459,0.0
GLD,call,380.0,0.7178082191780822,2027-06-17,34.224999999999994,33.9,34.55,34.1,51.0,0.27416192153930663,378.760009765625,0.04065000057220459,0.0
GLD,call,385.0,0.7178082191780822,2027-06-17,31.725,31.45,32.0,31.84,102.0,0.2713238151550293,378.760009765625,0.04065000057220459,0.0
GLD,call,390.0,0.7178082191780822,2027-06-17,29.375,29.1,29.65,29.5,51.0,0.269187606048584,378.760009765625,0.04065000057220459,0.0
GLD,call,395.0,0.7178082191780822,2027-06-17,27.174999999999997,26.9,27.45,27.23,16.0,0.2673870869445801,378.760009765625,0.04065000057220459,0.0
GLD,call,400.0,0.7178082191780822,2027-06-17,25.05,25.0,25.1,25.18,202.0,0.26354191055297854,378.760009765625,0.04065000057220459,0.0
GLD,call,405.0,0.7178082191780822,2027-06-17,23.25,22.95,23.55,23.24,28.0,0.2651593260192871,378.760009765625,0.04065000057220459,0.0
GLD,call,415.0,0.7178082191780822,2027-06-17,19.825000000000003,19.55,20.1,19.8,11.0,0.2632367378234864,378.760009765625,0.04065000057220459,0.0
GLD,call,420.0,0.7178082191780822,2027-06-17,18.35,18.05,18.65,18.28,25.0,0.263328289642334,378.760009765625,0.04065000057220459,0.0
GLD,call,425.0,0.7178082191780822,2027-06-17,16.875,16.7,17.05,16.92,119.0,0.26139044281005863,378.760009765625,0.04065000057220459,0.0
GLD,call,430.0,0.7178082191780822,2027-06-17,15.625,15.4,15.85,15.63,143.0,0.2620923400878906,378.760009765625,0.04065000057220459,0.0
GLD,call,435.0,0.7178082191780822,2027-06-17,14.399999999999999,14.2,14.6,14.42,41.0,0.26163458099365233,378.760009765625,0.04065000057220459,0.0
GLD,call,440.0,0.7178082191780822,2027-06-17,13.3,13.15,13.45,13.2,21.0,0.2613446669006348,378.760009765625,0.04065000057220459,0.0
GLD,call,450.0,0.7178082191780822,2027-06-17,11.274999999999999,11.2,11.35,11.4,369.0,0.26052070053100584,378.760009765625,0.04065000057220459,0.0
GLD,call,475.0,0.7178082191780822,2027-06-17,7.875,7.7,8.05,7.95,68.0,0.2675701905822754,378.760009765625,0.04065000057220459,0.0
GLD,call,485.0,0.7178082191780822,2027-06-17,6.875,6.65,7.1,8.85,39.0,0.27115597015380855,378.760009765625,0.04065000057220459,0.0
GLD,call,500.0,0.7178082191780822,2027-06-17,5.475,5.35,5.6,5.6,377.0,0.272193557434082,378.760009765625,0.04065000057220459,0.0
GLD,call,510.0,0.7178082191780822,2027-06-17,4.875,4.65,5.1,4.9,15.0,0.2778392529296875,378.760009765625,0.04065000057220459,0.0
GLD,call,525.0,0.7178082191780822,2027-06-17,4.175,4.0,4.35,4.05,59.0,0.2841868457031249,378.760009765625,0.04065000057220459,0.0
GLD,call,535.0,0.7178082191780822,2027-06-17,3.675,3.45,3.9,4.75,24.0,0.2878794357299803,378.760009765625,0.04065000057220459,0.0
GLD,call,540.0,0.7178082191780822,2027-06-17,3.475,3.25,3.7,4.3,401.0,0.2897409893798828,378.760009765625,0.04065000057220459,0.0
GLD,call,550.0,0.7178082191780822,2027-06-17,3.0700000000000003,2.99,3.15,3.14,13.0,0.28967995483398434,378.760009765625,0.04065000057220459,0.0
GLD,call,555.0,0.7178082191780822,2027-06-17,2.995,2.79,3.2,3.8,25.0,0.29587496124267576,378.760009765625,0.04065000057220459,0.0
GLD,call,600.0,0.7178082191780822,2027-06-17,2.055,1.91,2.2,2.0,287.0,0.31488722229003896,378.760009765625,0.04065000057220459,0.0
GLD,call,605.0,0.7178082191780822,2027-06-17,1.99,1.79,2.19,2.41,20.0,0.31891550231933585,378.760009765625,0.04065000057220459,0.0
GLD,call,650.0,0.7178082191780822,2027-06-17,1.65,1.52,1.78,1.52,42.0,0.3429631134033203,378.760009765625,0.04065000057220459,0.0
GLD,call,665.0,0.7178082191780822,2027-06-17,1.53,1.31,1.75,2.65,56.0,0.35321691711425773,378.760009765625,0.04065000057220459,0.0
GLD,call,670.0,0.7178082191780822,2027-06-17,1.55,1.25,1.85,1.56,52.0,0.3602969244384765,378.760009765625,0.04065000057220459,0.0
GLD,call,680.0,0.7178082191780822,2027-06-17,1.375,1.23,1.52,1.58,196.0,0.3556582989501953,378.760009765625,0.04065000057220459,0.0
GLD,call,700.0,0.7178082191780822,2027-06-17,1.3,1.1,1.5,1.44,196.0,0.368719691772461,378.760009765625,0.04065000057220459,0.0
GLD,call,715.0,0.7178082191780822,2027-06-17,1.33,1.04,1.62,1.83,26.0,0.38349005187988283,378.760009765625,0.04065000057220459,0.0
GLD,call,720.0,0.7178082191780822,2027-06-17,1.295,0.99,1.6,1.78,43.0,0.3860535028076171,378.760009765625,0.04065000057220459,0.0
GLD,call,810.0,0.7178082191780822,2027-06-17,1.05,0.76,1.34,0.99,10.0,0.429265961303711,378.760009765625,0.04065000057220459,0.0
GLD,call,900.0,0.7178082191780822,2027-06-17,0.75,0.7,0.8,0.74,295.0,0.4437311486816406,378.760009765625,0.04065000057220459,0.0
GLD,put,120.0,0.7178082191780822,2027-06-17,0.18,0.05,0.31,0.2,22.0,0.5376022802734376,378.760009765625,0.04065000057220459,0.0
GLD,put,165.0,0.7178082191780822,2027-06-17,0.275,0.15,0.4,0.31,76.0,0.43726148681640625,378.760009765625,0.04065000057220459,0.0
GLD,put,180.0,0.7178082191780822,2027-06-17,0.315,0.23,0.4,0.34,130.0,0.39502558105468755,378.760009765625,0.04065000057220459,0.0
GLD,put,185.0,0.7178082191780822,2027-06-17,0.355,0.26,0.45,0.37,20.0,0.38794557373046873,378.760009765625,0.04065000057220459,0.0
GLD,put,195.0,0.7178082191780822,2027-06-17,0.41500000000000004,0.33,0.5,0.46,23.0,0.3673158972167969,378.760009765625,0.04065000057220459,0.0
GLD,put,245.0,0.7178082191780822,2027-06-17,1.095,0.97,1.22,0.98,12.0,0.2933420275878905,378.760009765625,0.04065000057220459,0.0
GLD,put,250.0,0.7178082191780822,2027-06-17,1.29,1.09,1.49,1.18,20.0,0.292853751220703,378.760009765625,0.04065000057220459,0.0
GLD,put,270.0,0.7178082191780822,2027-06-17,1.87,1.68,2.06,1.73,20.0,0.2645947564697265,378.760009765625,0.04065000057220459,0.0
GLD,put,280.0,0.7178082191780822,2027-06-17,2.455,2.15,2.76,1.73,11.0,0.25891854370117195,378.760009765625,0.04065000057220459,0.0
GLD,put,295.0,0.7178082191780822,2027-06-17,3.375,3.15,3.6,3.42,67.0,0.24002835174560544,378.760009765625,0.04065000057220459,0.0
GLD,put,300.0,0.7178082191780822,2027-06-17,3.7,3.6,3.8,3.81,12.0,0.2314224807739258,378.760009765625,0.04065000057220459,0.0
GLD,put,310.0,0.7178082191780822,2027-06-17,4.875,4.65,5.1,4.88,10.0,0.22736368347167968,378.760009765625,0.04065000057220459,0.0
GLD,put,315.0,0.7178082191780822,2027-06-17,5.525,5.3,5.75,5.69,33.0,0.22367109344482416,378.760009765625,0.04065000057220459,0.0
GLD,put,330.0,0.7178082191780822,2027-06-17,7.975,7.75,8.2,8.0,14.0,0.21323418609619144,378.760009765625,0.04065000057220459,0.0
GLD,put,350.0,0.7178082191780822,2027-06-17,12.9,12.65,13.15,13.0,1036.0,0.2025683992004394,378.760009765625,0.04065000057220459,0.0
GLD,put,360.0,0.7178082191780822,2027-06-17,16.125,15.85,16.4,16.2,563.0,0.19750253189086914,378.760009765625,0.04065000057220459,0.0
GLD,put,375.0,0.7178082191780822,2027-06-17,22.3,22.0,22.6,22.23,34.0,0.19184157775878907,378.760009765625,0.04065000057220459,0.0
GLD,put,380.0,0.7178082191780822,2027-06-17,24.725,24.5,24.95,23.2,13.0,0.189735885925293,378.760009765625,0.04065000057220459,0.0
GLD,put,400.0,0.7178082191780822,2027-06-17,35.9,35.55,36.25,27.5,152.0,0.18369346588134766,378.760009765625,0.04065000057220459,0.0
GLD,put,420.0,0.7178082191780822,2027-06-17,49.7,49.05,50.35,40.7,84.0,0.18094691131591795,378.760009765625,0.04065000057220459,0.0
GLD,put,455.0,0.7178082191780822,2027-06-17,78.94999999999999,78.35,79.55,63.7,10.0,0.1771322521972656,378.760009765625,0.04065000057220459,0.0
GLD,put,500.0,0.7178082191780822,2027-06-17,122.025,120.05,124.0,101.1,39.0,0.22730264892578123,378.760009765625,0.04065000057220459,0.0
GLD,put,520.0,0.7178082191780822,2027-06-17,142.025,140.05,144.0,120.2,10.0,0.25049577636718745,378.760009765625,0.04065000057220459,0.0
GLD,put,600.0,0.7178082191780822,2027-06-17,156.75,154.75,158.75,179.03,50.0,1.0000000000000003e-05,378.760009765625,0.04065000057220459,0.0
GLD,call,320.0,0.7534246575342466,2027-06-30,75.525,75.1,75.95,93.5,20.0,0.33055784194946286,378.760009765625,0.04065000057220459,0.0
GLD,call,330.0,0.7534246575342466,2027-06-30,67.625,67.2,68.05,80.1,120.0,0.3176948114013671,378.760009765625,0.04065000057220459,0.0
GLD,call,350.0,0.7534246575342466,2027-06-30,53.3,52.75,53.85,53.17,12.0,0.29930815444946285,378.760009765625,0.04065000057220459,0.0
GLD,call,370.0,0.7534246575342466,2027-06-30,40.525,40.3,40.75,40.6,10.0,0.27924304748535156,378.760009765625,0.04065000057220459,0.0
GLD,call,371.0,0.7534246575342466,2027-06-30,40.175,39.7,40.65,56.53,15.0,0.2822489988708496,378.760009765625,0.04065000057220459,0.0
GLD,call,380.0,0.7534246575342466,2027-06-30,35.2,34.9,35.5,35.2,35.0,0.2748943360900879,378.760009765625,0.04065000057220459,0.0
GLD,call,383.0,0.7534246575342466,2027-06-30,33.724999999999994,33.4,34.05,34.51,30.0,0.2739177833557129,378.760009765625,0.04065000057220459,0.0
GLD,call,399.0,0.7534246575342466,2027-06-30,26.525,26.25,26.8,33.25,11.0,0.26749389739990237,378.760009765625,0.04065000057220459,0.0
GLD,call,400.0,0.7534246575342466,2027-06-30,26.125,25.85,26.4,26.0,58.0,0.267234500579834,378.760009765625,0.04065000057220459,0.0
GLD,call,401.0,0.7534246575342466,2027-06-30,25.725,25.45,26.0,33.8,10.0,0.2669293278503418,378.760009765625,0.04065000057220459,0.0
GLD,call,406.0,0.7534246575342466,2027-06-30,23.825000000000003,23.55,24.1,31.39,30.0,0.2657238955688477,378.760009765625,0.04065000057220459,0.0
GLD,call,407.0,0.7534246575342466,2027-06-30,23.475,23.2,23.75,31.2,12.0,0.26563234375,378.760009765625,0.04065000057220459,0.0
GLD,call,410.0,0.7534246575342466,2027-06-30,22.424999999999997,22.15,22.7,22.5,25.0,0.2651440673828125,378.760009765625,0.04065000057220459,0.0
GLD,call,440.0,0.7534246575342466,2027-06-30,14.225,13.95,14.5,14.0,12.0,0.2644116528320312,378.760009765625,0.04065000057220459,0.0
GLD,call,445.0,0.7534246575342466,2027-06-30,13.100000000000001,12.8,13.4,13.13,15.0,0.26416751464843746,378.760009765625,0.04065000057220459,0.0
GLD,call,450.0,0.7534246575342466,2027-06-30,12.149999999999999,11.85,12.45,12.1,34.0,0.264655791015625,378.760009765625,0.04065000057220459,0.0
GLD,call,460.0,0.7534246575342466,2027-06-30,10.5,10.2,10.8,10.76,10.0,0.2662426892089844,378.760009765625,0.04065000057220459,0.0
GLD,call,485.0,0.7534246575342466,2027-06-30,7.324999999999999,7.1,7.55,11.75,26.0,0.2700573483276367,378.760009765625,0.04065000057220459,0.0
GLD,call,490.0,0.7534246575342466,2027-06-30,6.925000000000001,6.7,7.15,6.85,12.0,0.2723156265258788,378.760009765625,0.04065000057220459,0.0
GLD,put,270.0,0.7534246575342466,2027-06-30,2.005,1.8,2.21,1.87,20.0,0.2624585473632813,378.760009765625,0.04065000057220459,0.0
GLD,put,280.0,0.7534246575342466,2027-06-30,2.645,2.31,2.98,2.95,10.0,0.2576978527832031,378.760009765625,0.04065000057220459,0.0
GLD,put,295.0,0.7534246575342466,2027-06-30,3.575,3.35,3.8,2.88,30.0,0.23795317718505854,378.760009765625,0.04065000057220459,0.0
GLD,put,300.0,0.7534246575342466,2027-06-30,4.025,3.8,4.25,3.42,16.0,0.2335586898803711,378.760009765625,0.04065000057220459,0.0
GLD,put,310.0,0.7534246575342466,2027-06-30,5.125,4.9,5.35,3.55,50.0,0.22553264709472653,378.760009765625,0.04065000057220459,0.0
GLD,put,338.0,0.7534246575342466,2027-06-30,10.025,9.75,10.3,9.29,10.0,0.20734435241699217,378.760009765625,0.04065000057220459,0.0
GLD,put,342.0,0.7534246575342466,2027-06-30,11.1,10.85,11.35,8.14,10.0,0.20572693695068356,378.760009765625,0.04065000057220459,0.0
GLD,put,349.0,0.7534246575342466,2027-06-30,13.025,12.8,13.25,10.2,12.0,0.20175969146728517,378.760009765625,0.04065000057220459,0.0
GLD,put,363.0,0.7534246575342466,2027-06-30,17.674999999999997,17.4,17.95,12.65,84.0,0.19507640869140624,378.760009765625,0.04065000057220459,0.0
GLD,put,372.0,0.7534246575342466,2027-06-30,15.25,14.85,15.65,26.2,21.0,0.14492127059936522,378.760009765625,0.04065000057220459,0.0
GLD,put,382.0,0.7534246575342466,2027-06-30,15.05,13.0,17.1,35.38,16.0,0.11715055221557616,378.760009765625,0.04065000057220459,0.0
GLD,put,383.0,0.7534246575342466,2027-06-30,15.35,13.0,17.7,36.0,158.0,0.11747098358154298,378.760009765625,0.04065000057220459,0.0
GLD,put,386.0,0.7534246575342466,2027-06-30,16.5,14.5,18.5,37.65,10.0,0.11028416580200195,378.760009765625,0.04065000057220459,0.0
GLD,call,285.0,0.9698630136986301,2027-09-17,109.775,108.65,110.9,136.45,11.0,0.39417109741210943,378.760009765625,0.04065000057220459,0.0
GLD,call,300.0,0.9698630136986301,2027-09-17,96.725,95.9,97.55,97.0,35.0,0.3649508085632324,378.760009765625,0.04065000057220459,0.0
GLD,call,310.0,0.9698630136986301,2027-09-17,89.05000000000001,87.9,90.2,100.47,10.0,0.35864899169921877,378.760009765625,0.04065000057220459,0.0
GLD,call,315.0,0.9698630136986301,2027-09-17,84.925,84.6,85.25,84.85,283.0,0.34371078659057613,378.760009765625,0.04065000057220459,0.0
GLD,call,340.0,0.9698630136986301,2027-09-17,66.075,64.65,67.5,78.23,10.0,0.3233557655334472,378.760009765625,0.04065000057220459,0.0
GLD,call,350.0,0.9698630136986301,2027-09-17,59.35,58.45,60.25,59.15,113.0,0.31082842498779295,378.760009765625,0.04065000057220459,0.0
GLD,call,380.0,0.9698630136986301,2027-09-17,42.05,41.15,42.95,42.19,32.0,0.29271642349243154,378.760009765625,0.04065000057220459,0.0
GLD,call,395.0,0.9698630136986301,2027-09-17,34.825,34.15,35.5,42.5,27.0,0.2841868457031249,378.760009765625,0.04065000057220459,0.0
GLD,call,400.0,0.9698630136986301,2027-09-17,32.825,32.15,33.5,32.5,23.0,0.2834239138793945,378.760009765625,0.04065000057220459,0.0
GLD,call,420.0,0.9698630136986301,2027-09-17,25.4,24.95,25.85,25.18,196.0,0.2770915797424316,378.760009765625,0.04065000057220459,0.0
GLD,call,430.0,0.9698630136986301,2027-09-17,22.8,22.0,23.6,22.44,11.0,0.2815776188659667,378.760009765625,0.04065000057220459,0.0
GLD,call,435.0,0.9698630136986301,2027-09-17,21.0,20.45,21.55,20.99,115.0,0.27652701019287107,378.760009765625,0.04065000057220459,0.0
GLD,call,450.0,0.9698630136986301,2027-09-17,17.25,16.95,17.55,17.25,16.0,0.2735058001708984,378.760009765625,0.04065000057220459,0.0
GLD,call,455.0,0.9698630136986301,2027-09-17,16.25,15.85,16.65,16.2,20.0,0.27481804290771483,378.760009765625,0.04065000057220459,0.0
GLD,call,470.0,0.9698630136986301,2027-09-17,13.575,13.05,14.1,13.67,11.0,0.2775340802001953,378.760009765625,0.04065000057220459,0.0
GLD,call,475.0,0.9698630136986301,2027-09-17,12.75,12.25,13.25,12.8,118.0,0.2776408906555175,378.760009765625,0.04065000057220459,0.0
GLD,call,500.0,0.9698630136986301,2027-09-17,9.575,9.35,9.8,9.5,19.0,0.27947192703247065,378.760009765625,0.04065000057220459,0.0
GLD,call,550.0,0.9698630136986301,2027-09-17,5.875,5.35,6.4,6.0,27.0,0.29703461761474603,378.760009765625,0.04065000057220459,0.0
GLD,call,570.0,0.9698630136986301,2027-09-17,4.800000000000001,4.7,4.9,4.9,28.0,0.2954172021484375,378.760009765625,0.04065000057220459,0.0
GLD,call,630.0,0.9698630136986301,2027-09-17,3.0,2.8,3.2,3.7,40.0,0.31500929138183587,378.760009765625,0.04065000057220459,0.0
GLD,put,230.0,0.9698630136986301,2027-09-17,2.0,0.9,3.1,1.51,204.0,0.34393966613769533,378.760009765625,0.04065000057220459,0.0
GLD,put,270.0,0.9698630136986301,2027-09-17,3.035,2.17,3.9,2.58,17.0,0.26654786193847657,378.760009765625,0.04065000057220459,0.0
GLD,put,300.0,0.9698630136986301,2027-09-17,5.300000000000001,4.9,5.7,5.34,32.0,0.22599040618896482,378.760009765625,0.04065000057220459,0.0
GLD,put,305.0,0.9698630136986301,2027-09-17,5.625,4.75,6.5,4.48,10.0,0.22449505981445309,378.760009765625,0.04065000057220459,0.0
GLD,put,320.0,0.9698630136986301,2027-09-17,8.45,7.8,9.1,7.9,11.0,0.21691151748657228,378.760009765625,0.04065000057220459,0.0
GLD,put,345.0,0.9698630136986301,2027-09-17,14.325,13.55,15.1,10.95,10.0,0.20359072784423826,378.760009765625,0.04065000057220459,0.0
GLD,put,350.0,0.9698630136986301,2027-09-17,15.575,14.5,16.65,12.06,21.0,0.20127141510009766,378.760009765625,0.04065000057220459,0.0
GLD,put,360.0,0.9698630136986301,2027-09-17,19.525,18.9,20.15,19.7,13.0,0.196998996887207,378.760009765625,0.04065000057220459,0.0
GLD,put,370.0,0.9698630136986301,2027-09-17,23.325,22.5,24.15,23.7,10.0,0.1927113200378418,378.760009765625,0.04065000057220459,0.0
GLD,put,380.0,0.9698630136986301,2027-09-17,28.125,27.5,28.75,28.2,14.0,0.18889666091918944,378.760009765625,0.04065000057220459,0.0
GLD,put,405.0,0.9698630136986301,2027-09-17,41.95,40.85,43.05,33.75,50.0,0.18215234359741211,378.760009765625,0.04065000057220459,0.0
GLD,put,410.0,0.9698630136986301,2027-09-17,45.075,43.85,46.3,36.35,22.0,0.18073329040527342,378.760009765625,0.04065000057220459,0.0
GLD,put,415.0,0.9698630136986301,2027-09-17,48.474999999999994,47.3,49.65,39.25,40.0,0.1791006163024902,378.760009765625,0.04065000057220459,0.0
GLD,put,420.0,0.9698630136986301,2027-09-17,52.125,51.0,53.25,42.1,20.0,0.1783987190246582,378.760009765625,0.04065000057220459,0.0
GLD,put,430.0,0.9698630136986301,2027-09-17,59.35,58.1,60.6,46.28,47.0,0.17546906082153318,378.760009765625,0.04065000057220459,0.0
GLD,put,435.0,0.9698630136986301,2027-09-17,63.25,62.15,64.35,47.97,500.0,0.1731650067138672,378.760009765625,0.04065000057220459,0.0
GLD,call,10.0,1.3150684931506849,2028-01-21,416.625,414.25,419.0,361.3,85.0,0.0,378.760009765625,0.04065000057220459,0.0
GLD,call,15.0,1.3150684931506849,2028-01-21,411.7,409.4,414.0,355.58,30.0,0.0,378.760009765625,0.04065000057220459,0.0
GLD,call,85.0,1.3150684931506849,2028-01-21,363.54999999999995,361.4,365.7,314.5,258.0,2.9461085917663574,378.760009765625,0.04065000057220459,0.0
GLD,call,100.0,1.3150684931506849,2028-01-21,283.725,281.95,285.5,297.7,21.0,0.7816183947753907,378.760009765625,0.04065000057220459,0.0
GLD,call,145.0,1.3150684931506849,2028-01-21,262.775,260.5,265.05,295.65,12.0,1.0232287608337403,378.760009765625,0.04065000057220459,0.0
GLD,call,175.0,1.3150684931506849,2028-01-21,282.975,280.95,285.0,258.03,23.0,1.4964929960632323,378.760009765625,0.04065000057220459,0.0
GLD,call,250.0,1.3150684931506849,2028-01-21,146.6,145.6,147.6,164.85,150.0,0.45204710556030275,378.760009765625,0.04065000057220459,0.0
GLD,call,280.0,1.3150684931506849,2028-01-21,120.65,119.6,121.7,149.65,12.0,0.40257860610961915,378.760009765625,0.04065000057220459,0.0
GLD,call,300.0,1.3150684931506849,2028-01-21,104.425,103.75,105.1,104.67,18.0,0.37296159271240237,378.760009765625,0.04065000057220459,0.0
GLD,call,330.0,1.3150684931506849,2028-01-21,82.025,81.1,82.95,83.05,10.0,0.34244431976318357,378.760009765625,0.04065000057220459,0.0
GLD,call,360.0,1.3150684931506849,2028-01-21,62.7,61.95,63.45,62.31,16.0,0.3181601998138427,378.760009765625,0.04065000057220459,0.0
GLD,call,370.0,1.3150684931506849,2028-01-21,56.675,55.85,57.5,56.87,50.0,0.31059954544067375,378.760009765625,0.04065000057220459,0.0
GLD,call,375.0,1.3150684931506849,2028-01-21,54.125,53.7,54.55,54.3,10.0,0.30641867904663084,378.760009765625,0.04065000057220459,0.0
GLD,call,380.0,1.3150684931506849,2028-01-21,51.725,51.5,51.95,51.9,203.0,0.3039010040283203,378.760009765625,0.04065000057220459,0.0
GLD,call,390.0,1.3150684931506849,2028-01-21,46.55,45.55,47.55,46.86,97.0,0.30232173515319827,378.760009765625,0.04065000057220459,0.0
GLD,call,400.0,1.3150684931506849,2028-01-21,42.225,42.0,42.45,42.0,920.0,0.2950815121459961,378.760009765625,0.04065000057220459,0.0
GLD,call,410.0,1.3150684931506849,2028-01-21,38.05,37.65,38.45,37.8,47.0,0.2925943544006347,378.760009765625,0.04065000057220459,0.0
GLD,call,415.0,1.3150684931506849,2028-01-21,35.825,35.3,36.35,35.95,110.0,0.29018348983764647,378.760009765625,0.04065000057220459,0.0
GLD,call,420.0,1.3150684931506849,2028-01-21,34.275,33.75,34.8,34.1,27.0,0.2905649557495117,378.760009765625,0.04065000057220459,0.0
GLD,call,425.0,1.3150684931506849,2028-01-21,32.375,31.7,33.05,32.4,32.0,0.2894205580139159,378.760009765625,0.04065000057220459,0.0
GLD,call,430.0,1.3150684931506849,2028-01-21,30.950000000000003,30.3,31.6,30.7,27.0,0.2896494375610351,378.760009765625,0.04065000057220459,0.0
GLD,call,440.0,1.3150684931506849,2028-01-21,28.05,27.3,28.8,27.75,38.0,0.28966469619750973,378.760009765625,0.04065000057220459,0.0
GLD,call,445.0,1.3150684931506849,2028-01-21,26.625,26.25,27.0,26.41,49.0,0.2867350379943847,378.760009765625,0.04065000057220459,0.0
GLD,call,450.0,1.3150684931506849,2028-01-21,25.3,25.0,25.6,25.32,303.0,0.2858500370788574,378.760009765625,0.04065000057220459,0.0
GLD,call,455.0,1.3150684931506849,2028-01-21,23.9,23.3,24.5,23.86,20.0,0.28647564117431634,378.760009765625,0.04065000057220459,0.0
GLD,call,460.0,1.3150684931506849,2028-01-21,22.75,22.25,23.25,22.7,32.0,0.2858500370788574,378.760009765625,0.04065000057220459,0.0
GLD,call,470.0,1.3150684931506849,2028-01-21,20.625,20.05,21.2,20.55,54.0,0.28651378776550285,378.760009765625,0.04065000057220459,0.0
GLD,call,475.0,1.3150684931506849,2028-01-21,20.1,19.2,21.0,19.51,24.0,0.29183142257690414,378.760009765625,0.04065000057220459,0.0
GLD,call,500.0,1.3150684931506849,2028-01-21,15.675,15.4,15.95,15.64,227.0,0.28768107345581045,378.760009765625,0.04065000057220459,0.0
GLD,call,515.0,1.3150684931506849,2028-01-21,13.774999999999999,12.7,14.85,16.9,12.0,0.29610384078979496,378.760009765625,0.04065000057220459,0.0
GLD,call,520.0,1.3150684931506849,2028-01-21,13.025,12.4,13.65,12.88,40.0,0.29216711257934563,378.760009765625,0.04065000057220459,0.0
GLD,call,530.0,1.3150684931506849,2028-01-21,11.975,11.45,12.5,11.96,30.0,0.29314366531372066,378.760009765625,0.04065000057220459,0.0
GLD,call,535.0,1.3150684931506849,2028-01-21,11.3,10.65,11.95,11.35,481.0,0.29350987258911126,378.760009765625,0.04065000057220459,0.0
GLD,call,550.0,1.3150684931506849,2028-01-21,9.825,9.65,10.0,10.16,75.0,0.29062599029541014,378.760009765625,0.04065000057220459,0.0
GLD,call,560.0,1.3150684931506849,2028-01-21,9.625,8.55,10.7,11.53,63.0,0.30585410949707037,378.760009765625,0.04065000057220459,0.0
GLD,call,595.0,1.3150684931506849,2028-01-21,7.675000000000001,6.55,8.8,11.1,50.0,0.31688610366821285,378.760009765625,0.04065000057220459,0.0
GLD,call,600.0,1.3150684931506849,2028-01-21,6.975,6.45,7.5,7.06,957.0,0.3071053176879882,378.760009765625,0.04065000057220459,0.0
GLD,call,610.0,1.3150684931506849,2028-01-21,6.95,5.85,8.05,7.75,40.0,0.3205329177856445,378.760009765625,0.04065000057220459,0.0
GLD,call,615.0,1.3150684931506849,2028-01-21,6.75,5.7,7.8,7.5,40.0,0.3215247291564941,378.760009765625,0.04065000057220459,0.0
GLD,call,695.0,1.3150684931506849,2028-01-21,4.325,3.5,5.15,5.1,34.0,0.3406743179321289,378.760009765625,0.04065000057220459,0.0
GLD,call,700.0,1.3150684931506849,2028-01-21,4.175,3.8,4.55,3.8,958.0,0.33460138061523437,378.760009765625,0.04065000057220459,0.0
GLD,call,725.0,1.3150684931506849,2028-01-21,3.95,3.5,4.4,3.67,34.0,0.3460758752441406,378.760009765625,0.04065000057220459,0.0
GLD,call,750.0,1.3150684931506849,2028-01-21,3.45,2.5,4.4,4.65,18.0,0.35925933715820313,378.760009765625,0.04065000057220459,0.0
GLD,call,755.0,1.3150684931506849,2028-01-21,3.65,2.95,4.35,4.3,104.0,0.3609988217163086,378.760009765625,0.04065000057220459,0.0
GLD,call,780.0,1.3150684931506849,2028-01-21,3.2,2.5,3.9,3.35,15.0,0.3656069299316406,378.760009765625,0.04065000057220459,0.0
GLD,call,790.0,1.3150684931506849,2028-01-21,3.125,2.35,3.9,3.29,15.0,0.3703981417846679,378.760009765625,0.04065000057220459,0.0
GLD,call,890.0,1.3150684931506849,2028-01-21,2.285,1.81,2.76,2.28,14.0,0.3899597137451172,378.760009765625,0.04065000057220459,0.0
GLD,call,900.0,1.3150684931506849,2028-01-21,2.19,2.0,2.38,2.27,249.0,0.38434453552246095,378.760009765625,0.04065000057220459,0.0
GLD,put,150.0,1.3150684931506849,2028-01-21,0.455,0.26,0.65,0.27,19.0,0.38281867187499996,378.760009765625,0.04065000057220459,0.0
GLD,put,155.0,1.3150684931506849,2028-01-21,1.4249999999999998,0.01,2.84,0.68,19.0,0.47913118530273435,378.760009765625,0.04065000057220459,0.0
GLD,put,190.0,1.3150684931506849,2028-01-21,1.075,0.25,1.9,0.95,20.0,0.35144691528320304,378.760009765625,0.04065000057220459,0.0
GLD,put,200.0,1.3150684931506849,2028-01-21,1.385,0.77,2.0,1.25,80.0,0.33179379150390625,378.760009765625,0.04065000057220459,0.0
GLD,put,210.0,1.3150684931506849,2028-01-21,0.8300000000000001,0.06,1.6,1.53,25.0,0.29651582397460935,378.760009765625,0.04065000057220459,0.0
GLD,put,225.0,1.3150684931506849,2028-01-21,2.025,0.7,3.35,2.15,282.0,0.3118354949951171,378.760009765625,0.04065000057220459,0.0
GLD,put,235.0,1.3150684931506849,2028-01-21,1.915,0.33,3.5,2.55,52.0,0.29325047576904284,378.760009765625,0.04065000057220459,0.0
GLD,put,250.0,1.3150684931506849,2028-01-21,2.8,2.5,3.1,2.78,10.0,0.25427991821289064,378.760009765625,0.04065000057220459,0.0
GLD,put,265.0,1.3150684931506849,2028-01-21,3.6750000000000003,3.2,4.15,3.74,14.0,0.24283594085693355,378.760009765625,0.04065000057220459,0.0
GLD,put,270.0,1.3150684931506849,2028-01-21,4.125,3.3,4.95,3.7,52.0,0.2447280117797852,378.760009765625,0.04065000057220459,0.0
GLD,put,300.0,1.3150684931506849,2028-01-21,7.550000000000001,7.15,7.95,7.6,12.0,0.21805591522216794,378.760009765625,0.04065000057220459,0.0
GLD,put,325.0,1.3150684931506849,2028-01-21,12.325,11.65,13.0,10.66,11.0,0.20691711059570309,378.760009765625,0.04065000057220459,0.0
GLD,put,330.0,1.3150684931506849,2028-01-21,13.524999999999999,12.85,14.2,13.45,1000.0,0.20430788375854486,378.760009765625,0.04065000057220459,0.0
GLD,put,350.0,1.3150684931506849,2028-01-21,19.575,19.2,19.95,19.55,40.0,0.1943058475494385,378.760009765625,0.04065000057220459,0.0
GLD,put,355.0,1.3150684931506849,2028-01-21,20.799999999999997,19.4,22.2,17.57,21.0,0.19536632278442384,378.760009765625,0.04065000057220459,0.0
GLD,put,370.0,1.3150684931506849,2028-01-21,27.55,26.75,28.35,26.76,10.0,0.1903767486572266,378.760009765625,0.04065000057220459,0.0
GLD,put,375.0,1.3150684931506849,2028-01-21,29.525,29.05,30.0,29.5,16.0,0.18505148452758785,378.760009765625,0.04065000057220459,0.0
GLD,put,380.0,1.3150684931506849,2028-01-21,32.125,31.35,32.9,31.55,23.0,0.18633320999145508,378.760009765625,0.04065000057220459,0.0
GLD,put,385.0,1.3150684931506849,2028-01-21,34.45,33.6,35.3,33.38,110.0,0.18401389724731443,378.760009765625,0.04065000057220459,0.0
GLD,put,390.0,1.3150684931506849,2028-01-21,37.075,36.15,38.0,36.34,58.0,0.18274743041992186,378.760009765625,0.04065000057220459,0.0
GLD,put,395.0,1.3150684931506849,2028-01-21,39.875,39.05,40.7,34.9,40.0,0.18077906631469726,378.760009765625,0.04065000057220459,0.0
GLD,put,400.0,1.3150684931506849,2028-01-21,42.95,42.2,43.7,42.8,507.0,0.17986354812622068,378.760009765625,0.04065000057220459,0.0
GLD,put,410.0,1.3150684931506849,2028-01-21,48.125,47.0,49.25,41.42,60.0,0.17325655853271482,378.760009765625,0.04065000057220459,0.0
GLD,put,415.0,1.3150684931506849,2028-01-21,51.65,50.15,53.15,45.22,12.0,0.17568268173217771,378.760009765625,0.04065000057220459,0.0
GLD,put,425.0,1.3150684931506849,2028-01-21,58.45,56.95,59.95,50.35,762.0,0.17247836807250982,378.760009765625,0.04065000057220459,0.0
GLD,put,430.0,1.3150684931506849,2028-01-21,62.099999999999994,60.55,63.65,51.85,10.0,0.17179172943115234,378.760009765625,0.04065000057220459,0.0
GLD,put,440.0,1.3150684931506849,2028-01-21,69.675,68.25,71.1,56.1,1501.0,0.1687094848632813,378.760009765625,0.04065000057220459,0.0
GLD,put,460.0,1.3150684931506849,2028-01-21,85.925,84.5,87.35,71.48,275.0,0.16436077346801758,378.760009765625,0.04065000057220459,0.0
GLD,put,525.0,1.3150684931506849,2028-01-21,105.375,103.45,107.3,152.16,866.0,1.0000000000000003e-05,378.760009765625,0.04065000057220459,0.0
GLD,put,565.0,1.3150684931506849,2028-01-21,192.875,190.5,195.25,182.85,10.0,0.2954172021484375,378.760009765625,0.04065000057220459,0.0
GLD,put,570.0,1.3150684931506849,2028-01-21,197.875,195.5,200.25,183.0,10.0,0.29965910308837884,378.760009765625,0.04065000057220459,0.0
