ticker,kind,strike,expiry,expiry_date,mid,bid,ask,last_price,volume,implied_volatility_yf,S,r,q
NVDA,call,60.0,0.0027397260273972603,2026-10-02,170.75,170.15,171.35,170.17,10.0,11.068362457275391,228.81500244140625,0.04,0.0012260268
NVDA,call,80.0,0.0027397260273972603,2026-10-02,150.77499999999998,149.85,151.7,149.89,19.0,8.849613843994142,228.81500244140625,0.04,0.0012260268
NVDA,call,85.0,0.0027397260273972603,2026-10-02,146.075,145.35,146.8,144.89,19.0,8.645512409057615,228.81500244140625,0.04,0.0012260268
NVDA,call,100.0,0.0027397260273972603,2026-10-02,130.3,129.85,130.75,129.95,24.0,6.736329704589845,228.81500244140625,0.04,0.0012260268
NVDA,call,105.0,0.0027397260273972603,2026-10-02,125.69999999999999,124.85,126.55,125.03,21.0,6.710939111328125,228.81500244140625,0.04,0.0012260268
NVDA,call,120.0,0.0027397260273972603,2026-10-02,110.6,110.5,110.7,110.12,25.0,5.632815458984375,228.81500244140625,0.04,0.0012260268
NVDA,call,125.0,0.0027397260273972603,2026-10-02,105.475,105.35,105.6,105.21,17.0,5.242190947265625,228.81500244140625,0.04,0.0012260268
NVDA,call,150.0,0.0027397260273972603,2026-10-02,80.5,80.35,80.65,79.84,162.0,3.8955080737304693,228.81500244140625,0.04,0.0012260268
NVDA,call,155.0,0.0027397260273972603,2026-10-02,75.15,74.55,75.75,75.37,32.0,3.4570326074218753,228.81500244140625,0.04,0.0012260268
NVDA,call,170.0,0.0027397260273972603,2026-10-02,60.65,60.55,60.75,60.34,36.0,3.0019556201171875,228.81500244140625,0.04,0.0012260268
NVDA,call,187.5,0.0027397260273972603,2026-10-02,43.125,43.05,43.2,43.37,41.0,2.2031294921874993,228.81500244140625,0.04,0.0012260268
NVDA,call,192.5,0.0027397260273972603,2026-10-02,38.05,37.95,38.15,38.35,21.0,1.9594728588867185,228.81500244140625,0.04,0.0012260268
NVDA,call,195.0,0.0027397260273972603,2026-10-02,35.65,35.55,35.75,34.97,10.0,1.8828130859374999,228.81500244140625,0.04,0.0012260268
NVDA,call,200.0,0.0027397260273972603,2026-10-02,30.5,30.25,30.75,30.45,20.0,1.62109564453125,228.81500244140625,0.04,0.0012260268
NVDA,call,205.0,0.0027397260273972603,2026-10-02,25.700000000000003,25.6,25.8,24.9,214.0,1.4594753588867184,228.81500244140625,0.04,0.0012260268
NVDA,call,207.5,0.0027397260273972603,2026-10-02,23.15,23.05,23.25,22.28,64.0,1.3364290991210934,228.81500244140625,0.04,0.0012260268
NVDA,call,210.0,0.0027397260273972603,2026-10-02,20.65,20.55,20.75,20.25,162.0,1.2260780883789062,228.81500244140625,0.04,0.0012260268
NVDA,call,212.5,0.0027397260273972603,2026-10-02,18.125,18.0,18.25,18.05,13.0,1.1084028955078127,228.81500244140625,0.04,0.0012260268
NVDA,call,215.0,0.0027397260273972603,2026-10-02,15.6,15.5,15.7,15.45,164.0,0.989257919921875,228.81500244140625,0.04,0.0012260268
NVDA,call,217.5,0.0027397260273972603,2026-10-02,13.2,13.1,13.3,12.85,123.0,0.8945323046874999,228.81500244140625,0.04,0.0012260268
NVDA,call,220.0,0.0027397260273972603,2026-10-02,10.725,10.7,10.75,10.73,1159.0,0.77929908203125,228.81500244140625,0.04,0.0012260268
NVDA,call,222.5,0.0027397260273972603,2026-10-02,8.325,8.3,8.35,8.27,334.0,0.6718782812500002,228.81500244140625,0.04,0.0012260268
NVDA,call,225.0,0.0027397260273972603,2026-10-02,5.9,5.85,5.95,5.9,3211.0,0.5495650512695314,228.81500244140625,0.04,0.0012260268
NVDA,call,227.5,0.0027397260273972603,2026-10-02,3.875,3.85,3.9,3.75,5603.0,0.47485876708984376,228.81500244140625,0.04,0.0012260268
NVDA,call,230.0,0.0027397260273972603,2026-10-02,2.045,2.04,2.05,2.04,51931.0,0.383795224609375,228.81500244140625,0.04,0.0012260268
NVDA,call,232.5,0.0027397260273972603,2026-10-02,0.9299999999999999,0.92,0.94,0.93,100289.0,0.34278000976562495,228.81500244140625,0.04,0.0012260268
NVDA,call,235.0,0.0027397260273972603,2026-10-02,0.385,0.38,0.39,0.39,71908.0,0.3286199951171874,228.81500244140625,0.04,0.0012260268
NVDA,call,237.5,0.0027397260273972603,2026-10-02,0.11499999999999999,0.11,0.12,0.11,24590.0,0.31153032226562494,228.81500244140625,0.04,0.0012260268
NVDA,call,240.0,0.0027397260273972603,2026-10-02,0.035,0.03,0.04,0.04,35308.0,0.31445998046874996,228.81500244140625,0.04,0.0012260268
NVDA,call,242.5,0.0027397260273972603,2026-10-02,0.015,0.01,0.02,0.02,23752.0,0.335944140625,228.81500244140625,0.04,0.0012260268
NVDA,put,197.5,0.0027397260273972603,2026-10-02,0.015,0.01,0.02,0.01,877.0,0.7500025,228.81500244140625,0.04,0.0012260268
NVDA,put,200.0,0.0027397260273972603,2026-10-02,0.015,0.01,0.02,0.01,5125.0,0.6953155468750001,228.81500244140625,0.04,0.0012260268
NVDA,put,202.5,0.0027397260273972603,2026-10-02,0.015,0.01,0.02,0.01,583.0,0.632816171875,228.81500244140625,0.04,0.0012260268
NVDA,put,205.0,0.0027397260273972603,2026-10-02,0.015,0.01,0.02,0.02,686.0,0.57812921875,228.81500244140625,0.04,0.0012260268
NVDA,put,207.5,0.0027397260273972603,2026-10-02,0.015,0.01,0.02,0.01,5834.0,0.523442265625,228.81500244140625,0.04,0.0012260268
NVDA,put,210.0,0.0027397260273972603,2026-10-02,0.025,0.02,0.03,0.02,7052.0,0.5039112109375,228.81500244140625,0.04,0.0012260268
NVDA,put,212.5,0.0027397260273972603,2026-10-02,0.035,0.03,0.04,0.04,7840.0,0.46094289062500005,228.81500244140625,0.04,0.0012260268
NVDA,put,215.0,0.0027397260273972603,2026-10-02,0.045,0.04,0.05,0.04,2324.0,0.4101621484375,228.81500244140625,0.04,0.0012260268
NVDA,put,217.5,0.0027397260273972603,2026-10-02,0.07500000000000001,0.07,0.08,0.08,3025.0,0.37305314453125,228.81500244140625,0.04,0.0012260268
NVDA,put,220.0,0.0027397260273972603,2026-10-02,0.11499999999999999,0.11,0.12,0.11,6826.0,0.327155166015625,228.81500244140625,0.04,0.0012260268
NVDA,put,222.5,0.0027397260273972603,2026-10-02,0.195,0.19,0.2,0.2,10304.0,0.28321029296874994,228.81500244140625,0.04,0.0012260268
NVDA,put,225.0,0.0027397260273972603,2026-10-02,0.345,0.34,0.35,0.34,21612.0,0.2348709326171875,228.81500244140625,0.04,0.0012260268
NVDA,put,227.5,0.0027397260273972603,2026-10-02,0.725,0.72,0.73,0.73,34730.0,0.1901936450195313,228.81500244140625,0.04,0.0012260268
NVDA,put,230.0,0.0027397260273972603,2026-10-02,1.5950000000000002,1.59,1.6,1.57,42103.0,0.13037979003906247,228.81500244140625,0.04,0.0012260268
NVDA,put,232.5,0.0027397260273972603,2026-10-02,2.92,2.91,2.93,2.89,6216.0,1.0000000000000003e-05,228.81500244140625,0.04,0.0012260268
NVDA,put,235.0,0.0027397260273972603,2026-10-02,4.875,4.85,4.9,4.9,1648.0,1.0000000000000003e-05,228.81500244140625,0.04,0.0012260268
NVDA,put,237.5,0.0027397260273972603,2026-10-02,7.0,6.95,7.05,7.13,391.0,1.0000000000000003e-05,228.81500244140625,0.04,0.0012260268
NVDA,put,240.0,0.0027397260273972603,2026-10-02,9.45,9.4,9.5,9.9,112.0,1.0000000000000003e-05,228.81500244140625,0.04,0.0012260268
NVDA,put,242.5,0.0027397260273972603,2026-10-02,12.024999999999999,11.95,12.1,12.7,40.0,1.0000000000000003e-05,228.81500244140625,0.04,0.0012260268
NVDA,put,245.0,0.0027397260273972603,2026-10-02,14.45,14.35,14.55,14.4,40.0,1.0000000000000003e-05,228.81500244140625,0.04,0.0012260268
NVDA,put,247.5,0.0027397260273972603,2026-10-02,16.975,16.9,17.05,17.23,58.0,1.0000000000000003e-05,228.81500244140625,0.04,0.0012260268
NVDA,put,250.0,0.0027397260273972603,2026-10-02,19.525,19.35,19.7,18.4,31.0,1.0000000000000003e-05,228.81500244140625,0.04,0.0012260268
NVDA,put,265.0,0.0027397260273972603,2026-10-02,34.725,34.45,35.0,30.75,18.0,1.0000000000000003e-05,228.81500244140625,0.04,0.0012260268
NVDA,put,270.0,0.0027397260273972603,2026-10-02,39.55,39.45,39.65,39.47,57.0,1.0000000000000003e-05,228.81500244140625,0.04,0.0012260268
NVDA,put,275.0,0.0027397260273972603,2026-10-02,44.525000000000006,44.35,44.7,43.7,126.0,1.0000000000000003e-05,228.81500244140625,0.04,0.0012260268
NVDA,call,185.0,0.010958904109589041,2026-10-05,45.65,44.15,47.15,45.59,12.0,1.46875265625,228.81500244140625,0.04,0.0012260268
NVDA,call,190.0,0.010958904109589041,2026-10-05,40.6,38.95,42.25,40.81,11.0,1.3183627832031248,228.81500244140625,0.04,0.0012260268
NVDA,call,195.0,0.010958904109589041,2026-10-05,35.875,34.5,37.25,35.74,26.0,1.2338905493164063,228.81500244140625,0.04,0.0012260268
NVDA,call,200.0,0.010958904109589041,2026-10-05,30.625,29.05,32.2,30.73,11.0,1.0483446020507814,228.81500244140625,0.04,0.0012260268
NVDA,call,210.0,0.010958904109589041,2026-10-05,20.5,19.55,21.45,20.67,52.0,0.75195560546875,228.81500244140625,0.04,0.0012260268
NVDA,call,212.5,0.010958904109589041,2026-10-05,18.275,17.7,18.85,18.0,37.0,0.7224148852539063,228.81500244140625,0.04,0.0012260268
NVDA,call,215.0,0.010958904109589041,2026-10-05,15.825,15.6,16.05,15.34,64.0,0.6564975756835938,228.81500244140625,0.04,0.0012260268
NVDA,call,217.5,0.010958904109589041,2026-10-05,13.649999999999999,13.2,14.1,13.33,76.0,0.6223182299804688,228.81500244140625,0.04,0.0012260268
NVDA,call,220.0,0.010958904109589041,2026-10-05,10.925,10.9,10.95,10.96,338.0,0.5168505346679688,228.81500244140625,0.04,0.0012260268
NVDA,call,222.5,0.010958904109589041,2026-10-05,8.649999999999999,8.6,8.7,7.89,33.0,0.4660697924804688,228.81500244140625,0.04,0.0012260268
NVDA,call,225.0,0.010958904109589041,2026-10-05,6.375,6.35,6.4,6.4,252.0,0.398443515625,228.81500244140625,0.04,0.0012260268
NVDA,call,227.5,0.010958904109589041,2026-10-05,4.525,4.5,4.55,4.6,723.0,0.36206692626953124,228.81500244140625,0.04,0.0012260268
NVDA,call,230.0,0.010958904109589041,2026-10-05,2.8449999999999998,2.84,2.85,2.85,7344.0,0.31836619140624994,228.81500244140625,0.04,0.0012260268
NVDA,call,232.5,0.010958904109589041,2026-10-05,1.7149999999999999,1.71,1.72,1.72,5835.0,0.3002999658203125,228.81500244140625,0.04,0.0012260268
NVDA,call,235.0,0.010958904109589041,2026-10-05,0.88,0.87,0.89,0.89,8623.0,0.2797923583984374,228.81500244140625,0.04,0.0012260268
NVDA,call,237.5,0.010958904109589041,2026-10-05,0.43,0.42,0.44,0.41,2066.0,0.27149166015625,228.81500244140625,0.04,0.0012260268
NVDA,call,240.0,0.010958904109589041,2026-10-05,0.195,0.19,0.2,0.19,3296.0,0.266608896484375,228.81500244140625,0.04,0.0012260268
NVDA,call,242.5,0.010958904109589041,2026-10-05,0.08499999999999999,0.08,0.09,0.09,2156.0,0.266608896484375,228.81500244140625,0.04,0.0012260268
NVDA,call,245.0,0.010958904109589041,2026-10-05,0.035,0.03,0.04,0.04,3241.0,0.2695385546875,228.81500244140625,0.04,0.0012260268
NVDA,call,247.5,0.010958904109589041,2026-10-05,0.015,0.01,0.02,0.01,3664.0,0.27735097656249996,228.81500244140625,0.04,0.0012260268
NVDA,call,250.0,0.010958904109589041,2026-10-05,0.015,0.01,0.02,0.02,723.0,0.3086006640625,228.81500244140625,0.04,0.0012260268
NVDA,put,185.0,0.010958904109589041,2026-10-05,0.015,0.01,0.02,0.01,40.0,0.6640658593750002,228.81500244140625,0.04,0.0012260268
NVDA,put,190.0,0.010958904109589041,2026-10-05,0.015,0.01,0.02,0.03,1634.0,0.585941640625,228.81500244140625,0.04,0.0012260268
NVDA,put,197.5,0.010958904109589041,2026-10-05,0.025,0.02,0.03,0.03,47.0,0.5039112109375,228.81500244140625,0.04,0.0012260268
NVDA,put,200.0,0.010958904109589041,2026-10-05,0.03,0.02,0.04,0.03,81.0,0.49219257812500006,228.81500244140625,0.04,0.0012260268
NVDA,put,202.5,0.010958904109589041,2026-10-05,0.04,0.03,0.05,0.04,120.0,0.46484910156250003,228.81500244140625,0.04,0.0012260268
NVDA,put,205.0,0.010958904109589041,2026-10-05,0.05,0.04,0.06,0.05,23.0,0.4335994140625,228.81500244140625,0.04,0.0012260268
NVDA,put,207.5,0.010958904109589041,2026-10-05,0.065,0.06,0.07,0.07,146.0,0.4023497265625,228.81500244140625,0.04,0.0012260268
NVDA,put,210.0,0.010958904109589041,2026-10-05,0.09,0.08,0.1,0.08,487.0,0.379889013671875,228.81500244140625,0.04,0.0012260268
NVDA,put,212.5,0.010958904109589041,2026-10-05,0.11499999999999999,0.11,0.12,0.11,155.0,0.34668622070312494,228.81500244140625,0.04,0.0012260268
NVDA,put,215.0,0.010958904109589041,2026-10-05,0.14500000000000002,0.14,0.15,0.15,303.0,0.313483427734375,228.81500244140625,0.04,0.0012260268
NVDA,put,217.5,0.010958904109589041,2026-10-05,0.20500000000000002,0.2,0.21,0.23,367.0,0.28565167480468745,228.81500244140625,0.04,0.0012260268
NVDA,put,220.0,0.010958904109589041,2026-10-05,0.315,0.31,0.32,0.31,2426.0,0.260749580078125,228.81500244140625,0.04,0.0012260268
NVDA,put,222.5,0.010958904109589041,2026-10-05,0.505,0.5,0.51,0.51,919.0,0.23657989990234374,228.81500244140625,0.04,0.0012260268
NVDA,put,225.0,0.010958904109589041,2026-10-05,0.795,0.79,0.8,0.83,2861.0,0.20777159423828123,228.81500244140625,0.04,0.0012260268
NVDA,put,227.5,0.010958904109589041,2026-10-05,1.3650000000000002,1.36,1.37,1.4,4479.0,0.18384605224609374,228.81500244140625,0.04,0.0012260268
NVDA,put,230.0,0.010958904109589041,2026-10-05,2.215,2.21,2.22,2.22,9167.0,0.14527221923828126,228.81500244140625,0.04,0.0012260268
NVDA,put,232.5,0.010958904109589041,2026-10-05,3.525,3.5,3.55,3.6,765.0,1.0000000000000003e-05,228.81500244140625,0.04,0.0012260268
NVDA,put,235.0,0.010958904109589041,2026-10-05,5.225,5.2,5.25,5.25,433.0,1.0000000000000003e-05,228.81500244140625,0.04,0.0012260268
NVDA,put,237.5,0.010958904109589041,2026-10-05,7.324999999999999,7.3,7.35,7.25,73.0,1.0000000000000003e-05,228.81500244140625,0.04,0.0012260268
NVDA,put,240.0,0.010958904109589041,2026-10-05,9.600000000000001,9.55,9.65,9.65,112.0,1.0000000000000003e-05,228.81500244140625,0.04,0.0012260268
NVDA,put,242.5,0.010958904109589041,2026-10-05,12.05,11.45,12.65,11.81,31.0,1.0000000000000003e-05,228.81500244140625,0.04,0.0012260268
NVDA,call,210.0,0.01643835616438356,2026-10-07,20.65,20.15,21.15,20.94,10.0,0.6552768847656252,228.81500244140625,0.04,0.0012260268
NVDA,call,215.0,0.01643835616438356,2026-10-07,15.825,15.45,16.2,15.51,31.0,0.5546919531250001,228.81500244140625,0.04,0.0012260268
NVDA,call,217.5,0.01643835616438356,2026-10-07,13.649999999999999,13.45,13.85,12.9,25.0,0.5258836474609375,228.81500244140625,0.04,0.0012260268
NVDA,call,220.0,0.01643835616438356,2026-10-07,11.275,11.25,11.3,11.2,742.0,0.4735160070800781,228.81500244140625,0.04,0.0012260268
NVDA,call,222.5,0.01643835616438356,2026-10-07,9.100000000000001,9.05,9.15,9.15,112.0,0.43457596679687505,228.81500244140625,0.04,0.0012260268
NVDA,call,225.0,0.01643835616438356,2026-10-07,7.2,7.15,7.25,6.95,92.0,0.40820904296875,228.81500244140625,0.04,0.0012260268
NVDA,call,227.5,0.01643835616438356,2026-10-07,5.35,5.3,5.4,5.38,1763.0,0.37390762817382805,228.81500244140625,0.04,0.0012260268
NVDA,call,230.0,0.01643835616438356,2026-10-07,3.825,3.8,3.85,3.85,2195.0,0.3485172570800781,228.81500244140625,0.04,0.0012260268
NVDA,call,232.5,0.01643835616438356,2026-10-07,2.5949999999999998,2.59,2.6,2.59,1588.0,0.3286199951171874,228.81500244140625,0.04,0.0012260268
NVDA,call,235.0,0.01643835616438356,2026-10-07,1.64,1.63,1.65,1.63,2103.0,0.3127510131835937,228.81500244140625,0.04,0.0012260268
NVDA,call,237.5,0.01643835616438356,2026-10-07,0.995,0.99,1.0,1.0,693.0,0.30249720947265624,228.81500244140625,0.04,0.0012260268
NVDA,call,240.0,0.01643835616438356,2026-10-07,0.585,0.58,0.59,0.6,916.0,0.29761444580078117,228.81500244140625,0.04,0.0012260268
NVDA,call,242.5,0.01643835616438356,2026-10-07,0.33999999999999997,0.33,0.35,0.35,271.0,0.2978585839843749,228.81500244140625,0.04,0.0012260268
NVDA,call,245.0,0.01643835616438356,2026-10-07,0.19,0.18,0.2,0.19,366.0,0.29834686035156244,228.81500244140625,0.04,0.0012260268
NVDA,call,247.5,0.01643835616438356,2026-10-07,0.11499999999999999,0.11,0.12,0.1,91.0,0.30371790039062496,228.81500244140625,0.04,0.0012260268
NVDA,call,250.0,0.01643835616438356,2026-10-07,0.07500000000000001,0.07,0.08,0.08,36.0,0.31445998046874996,228.81500244140625,0.04,0.0012260268
NVDA,call,260.0,0.01643835616438356,2026-10-07,0.025,0.02,0.03,0.02,550.0,0.37695935546875,228.81500244140625,0.04,0.0012260268
NVDA,call,270.0,0.01643835616438356,2026-10-07,0.015,0.01,0.02,0.01,152.0,0.45313046875,228.81500244140625,0.04,0.0012260268
NVDA,put,185.0,0.01643835616438356,2026-10-07,0.03,0.02,0.04,0.03,11.0,0.6015664843750002,228.81500244140625,0.04,0.0012260268
NVDA,put,190.0,0.01643835616438356,2026-10-07,0.04,0.03,0.05,0.06,38.0,0.5546919531250001,228.81500244140625,0.04,0.0012260268
NVDA,put,195.0,0.01643835616438356,2026-10-07,0.055,0.05,0.06,0.06,263.0,0.5039112109375,228.81500244140625,0.04,0.0012260268
NVDA,put,197.5,0.01643835616438356,2026-10-07,0.07500000000000001,0.07,0.08,0.06,18.0,0.49219257812500006,228.81500244140625,0.04,0.0012260268
NVDA,put,200.0,0.01643835616438356,2026-10-07,0.08499999999999999,0.08,0.09,0.09,262.0,0.463872548828125,228.81500244140625,0.04,0.0012260268
NVDA,put,205.0,0.01643835616438356,2026-10-07,0.14,0.13,0.15,0.12,14.0,0.42383388671875,228.81500244140625,0.04,0.0012260268
NVDA,put,210.0,0.01643835616438356,2026-10-07,0.215,0.21,0.22,0.23,24.0,0.3706117626953125,228.81500244140625,0.04,0.0012260268
NVDA,put,212.5,0.01643835616438356,2026-10-07,0.27,0.26,0.28,0.28,53.0,0.3461979443359374,228.81500244140625,0.04,0.0012260268
NVDA,put,215.0,0.01643835616438356,2026-10-07,0.355,0.35,0.36,0.37,588.0,0.32080757324218745,228.81500244140625,0.04,0.0012260268
NVDA,put,217.5,0.01643835616438356,2026-10-07,0.475,0.47,0.48,0.49,384.0,0.29688203124999996,228.81500244140625,0.04,0.0012260268
NVDA,put,220.0,0.01643835616438356,2026-10-07,0.66,0.65,0.67,0.69,1072.0,0.2749095947265625,228.81500244140625,0.04,0.0012260268
NVDA,put,222.5,0.01643835616438356,2026-10-07,0.95,0.94,0.96,1.01,512.0,0.25391371093750004,228.81500244140625,0.04,0.0012260268
NVDA,put,225.0,0.01643835616438356,2026-10-07,1.45,1.44,1.46,1.45,708.0,0.23841093627929685,228.81500244140625,0.04,0.0012260268
NVDA,put,227.5,0.01643835616438356,2026-10-07,2.145,2.14,2.15,2.14,1279.0,0.21875781249999998,228.81500244140625,0.04,0.0012260268
NVDA,put,230.0,0.01643835616438356,2026-10-07,3.075,3.05,3.1,3.1,2181.0,0.194343994140625,228.81500244140625,0.04,0.0012260268
NVDA,put,232.5,0.01643835616438356,2026-10-07,4.375,4.35,4.4,4.5,318.0,0.161141201171875,228.81500244140625,0.04,0.0012260268
NVDA,put,235.0,0.01643835616438356,2026-10-07,5.925000000000001,5.9,5.95,6.13,101.0,1.0000000000000003e-05,228.81500244140625,0.04,0.0012260268
NVDA,put,250.0,0.01643835616438356,2026-10-07,19.825,18.95,20.7,20.2,10.0,1.0000000000000003e-05,228.81500244140625,0.04,0.0012260268
NVDA,call,85.0,0.021917808219178082,2026-10-09,146.275,143.0,149.55,146.18,10.0,4.151371998291017,228.81500244140625,0.04,0.0012260268
NVDA,call,120.0,0.021917808219178082,2026-10-09,111.025,109.2,112.85,105.19,40.0,2.7851592871093755,228.81500244140625,0.04,0.0012260268
NVDA,call,140.0,0.021917808219178082,2026-10-09,90.975,89.0,92.95,83.7,12.0,2.20459433227539,228.81500244140625,0.04,0.0012260268
NVDA,call,195.0,0.021917808219178082,2026-10-09,35.8,35.4,36.2,34.9,10.0,0.9084481811523437,228.81500244140625,0.04,0.0012260268
NVDA,call,200.0,0.021917808219178082,2026-10-09,30.625,29.75,31.5,30.25,10.0,0.7807639111328125,228.81500244140625,0.04,0.0012260268
NVDA,call,207.5,0.021917808219178082,2026-10-09,23.45,22.2,24.7,22.92,10.0,0.6645541357421877,228.81500244140625,0.04,0.0012260268
NVDA,call,210.0,0.021917808219178082,2026-10-09,21.05,20.8,21.3,20.85,776.0,0.6215858154296876,228.81500244140625,0.04,0.0012260268
NVDA,call,212.5,0.021917808219178082,2026-10-09,18.7,18.45,18.95,18.81,1041.0,0.5820354296875,228.81500244140625,0.04,0.0012260268
NVDA,call,215.0,0.021917808219178082,2026-10-09,16.35,16.15,16.55,16.41,1173.0,0.5397995239257813,228.81500244140625,0.04,0.0012260268
NVDA,call,217.5,0.021917808219178082,2026-10-09,13.95,13.75,14.15,14.09,1602.0,0.5080615600585938,228.81500244140625,0.04,0.0012260268
NVDA,call,220.0,0.021917808219178082,2026-10-09,11.8,11.7,11.9,11.86,556.0,0.4674125524902344,228.81500244140625,0.04,0.0012260268
NVDA,call,222.5,0.021917808219178082,2026-10-09,9.725,9.6,9.85,9.83,228.0,0.437505625,228.81500244140625,0.04,0.0012260268
NVDA,call,225.0,0.021917808219178082,2026-10-09,7.825,7.7,7.95,7.75,580.0,0.4110166320800781,228.81500244140625,0.04,0.0012260268
NVDA,call,227.5,0.021917808219178082,2026-10-09,6.025,6.0,6.05,6.1,293.0,0.3753724572753906,228.81500244140625,0.04,0.0012260268
NVDA,call,230.0,0.021917808219178082,2026-10-09,4.625,4.6,4.65,4.64,3514.0,0.3631655480957031,228.81500244140625,0.04,0.0012260268
NVDA,call,232.5,0.021917808219178082,2026-10-09,3.325,3.3,3.35,3.32,2727.0,0.3443669079589844,228.81500244140625,0.04,0.0012260268
NVDA,call,235.0,0.021917808219178082,2026-10-09,2.375,2.37,2.38,2.39,4371.0,0.3343572424316406,228.81500244140625,0.04,0.0012260268
NVDA,call,237.5,0.021917808219178082,2026-10-09,1.63,1.62,1.64,1.59,1260.0,0.327155166015625,228.81500244140625,0.04,0.0012260268
NVDA,call,240.0,0.021917808219178082,2026-10-09,1.08,1.07,1.09,1.07,4743.0,0.3210517114257812,228.81500244140625,0.04,0.0012260268
NVDA,call,242.5,0.021917808219178082,2026-10-09,0.69,0.68,0.7,0.67,1057.0,0.31641308593749995,228.81500244140625,0.04,0.0012260268
NVDA,call,245.0,0.021917808219178082,2026-10-09,0.425,0.42,0.43,0.42,1549.0,0.31201859863281245,228.81500244140625,0.04,0.0012260268
NVDA,call,247.5,0.021917808219178082,2026-10-09,0.27,0.26,0.28,0.27,822.0,0.31445998046874996,228.81500244140625,0.04,0.0012260268
NVDA,call,250.0,0.021917808219178082,2026-10-09,0.175,0.17,0.18,0.17,3697.0,0.317389638671875,228.81500244140625,0.04,0.0012260268
NVDA,call,255.0,0.021917808219178082,2026-10-09,0.08499999999999999,0.08,0.09,0.08,928.0,0.33399103515625,228.81500244140625,0.04,0.0012260268
NVDA,call,260.0,0.021917808219178082,2026-10-09,0.055,0.05,0.06,0.05,237.0,0.3632876171875,228.81500244140625,0.04,0.0012260268
NVDA,call,265.0,0.021917808219178082,2026-10-09,0.035,0.03,0.04,0.04,55.0,0.38867798828125,228.81500244140625,0.04,0.0012260268
NVDA,call,270.0,0.021917808219178082,2026-10-09,0.025,0.02,0.03,0.03,204.0,0.41797457031249996,228.81500244140625,0.04,0.0012260268
NVDA,call,275.0,0.021917808219178082,2026-10-09,0.02,0.01,0.03,0.02,59.0,0.45703667968750006,228.81500244140625,0.04,0.0012260268
NVDA,call,285.0,0.021917808219178082,2026-10-09,0.015,0.01,0.02,0.01,118.0,0.500005,228.81500244140625,0.04,0.0012260268
NVDA,put,115.0,0.021917808219178082,2026-10-09,0.015,0.01,0.02,0.01,200.0,1.46875265625,228.81500244140625,0.04,0.0012260268
NVDA,put,120.0,0.021917808219178082,2026-10-09,0.015,0.01,0.02,0.02,2508.0,1.3750031249999999,228.81500244140625,0.04,0.0012260268
NVDA,put,125.0,0.021917808219178082,2026-10-09,0.015,0.01,0.02,0.02,100.0,1.2968785156249998,228.81500244140625,0.04,0.0012260268
NVDA,put,130.0,0.021917808219178082,2026-10-09,0.015,0.01,0.02,0.02,20.0,1.21875390625,228.81500244140625,0.04,0.0012260268
NVDA,put,135.0,0.021917808219178082,2026-10-09,0.02,0.01,0.03,0.02,50.0,1.171879140625,228.81500244140625,0.04,0.0012260268
NVDA,put,140.0,0.021917808219178082,2026-10-09,0.02,0.01,0.03,0.02,10.0,1.1015669921875002,228.81500244140625,0.04,0.0012260268
NVDA,put,160.0,0.021917808219178082,2026-10-09,0.03,0.02,0.04,0.02,51.0,0.851563984375,228.81500244140625,0.04,0.0012260268
NVDA,put,165.0,0.021917808219178082,2026-10-09,0.035,0.03,0.04,0.03,45.0,0.79687703125,228.81500244140625,0.04,0.0012260268
NVDA,put,170.0,0.021917808219178082,2026-10-09,0.035,0.03,0.04,0.04,20.0,0.73437765625,228.81500244140625,0.04,0.0012260268
NVDA,put,175.0,0.021917808219178082,2026-10-09,0.045,0.04,0.05,0.05,26.0,0.6875031250000001,228.81500244140625,0.04,0.0012260268
NVDA,put,180.0,0.021917808219178082,2026-10-09,0.055,0.05,0.06,0.06,43.0,0.6367223828125,228.81500244140625,0.04,0.0012260268
NVDA,put,185.0,0.021917808219178082,2026-10-09,0.065,0.06,0.07,0.07,12.0,0.5839885351562499,228.81500244140625,0.04,0.0012260268
NVDA,put,190.0,0.021917808219178082,2026-10-09,0.09,0.08,0.1,0.08,2210.0,0.5410202148437502,228.81500244140625,0.04,0.0012260268
NVDA,put,195.0,0.021917808219178082,2026-10-09,0.12,0.11,0.13,0.12,90.0,0.5019581054687501,228.81500244140625,0.04,0.0012260268
NVDA,put,200.0,0.021917808219178082,2026-10-09,0.165,0.16,0.17,0.17,409.0,0.45215391601562505,228.81500244140625,0.04,0.0012260268
NVDA,put,202.5,0.021917808219178082,2026-10-09,0.195,0.19,0.2,0.2,16.0,0.428716650390625,228.81500244140625,0.04,0.0012260268
NVDA,put,205.0,0.021917808219178082,2026-10-09,0.235,0.23,0.24,0.23,280.0,0.4067442138671875,228.81500244140625,0.04,0.0012260268
NVDA,put,207.5,0.021917808219178082,2026-10-09,0.28,0.27,0.29,0.28,163.0,0.383795224609375,228.81500244140625,0.04,0.0012260268
NVDA,put,210.0,0.021917808219178082,2026-10-09,0.345,0.34,0.35,0.36,587.0,0.36035795898437495,228.81500244140625,0.04,0.0012260268
NVDA,put,212.5,0.021917808219178082,2026-10-09,0.425,0.42,0.43,0.45,123.0,0.3371648315429688,228.81500244140625,0.04,0.0012260268
NVDA,put,215.0,0.021917808219178082,2026-10-09,0.55,0.54,0.56,0.56,960.0,0.317389638671875,228.81500244140625,0.04,0.0012260268
NVDA,put,217.5,0.021917808219178082,2026-10-09,0.74,0.73,0.75,0.73,799.0,0.2995675512695312,228.81500244140625,0.04,0.0012260268
NVDA,put,220.0,0.021917808219178082,2026-10-09,1.01,1.0,1.02,1.01,1884.0,0.2819896020507812,228.81500244140625,0.04,0.0012260268
NVDA,put,222.5,0.021917808219178082,2026-10-09,1.41,1.4,1.42,1.44,513.0,0.2664868273925781,228.81500244140625,0.04,0.0012260268
NVDA,put,225.0,0.021917808219178082,2026-10-09,2.005,2.0,2.01,2.05,3366.0,0.2534254345703125,228.81500244140625,0.04,0.0012260268
NVDA,put,227.5,0.021917808219178082,2026-10-09,2.8,2.78,2.82,2.79,8105.0,0.24073024902343748,228.81500244140625,0.04,0.0012260268
NVDA,put,230.0,0.021917808219178082,2026-10-09,3.775,3.75,3.8,3.79,3054.0,0.22095505615234373,228.81500244140625,0.04,0.0012260268
NVDA,put,232.5,0.021917808219178082,2026-10-09,5.025,5.0,5.05,5.1,836.0,0.19654123779296873,228.81500244140625,0.04,0.0012260268
NVDA,put,235.0,0.021917808219178082,2026-10-09,6.574999999999999,6.55,6.6,6.5,351.0,0.15869981933593752,228.81500244140625,0.04,0.0012260268
NVDA,put,237.5,0.021917808219178082,2026-10-09,8.525,8.15,8.9,8.88,707.0,0.16797707031250003,228.81500244140625,0.04,0.0012260268
NVDA,put,240.0,0.021917808219178082,2026-10-09,10.350000000000001,10.15,10.55,10.54,1639.0,1.0000000000000003e-05,228.81500244140625,0.04,0.0012260268
NVDA,put,242.5,0.021917808219178082,2026-10-09,12.45,12.2,12.7,12.58,1291.0,1.0000000000000003e-05,228.81500244140625,0.04,0.0012260268
NVDA,put,245.0,0.021917808219178082,2026-10-09,14.75,14.5,15.0,14.5,1831.0,1.0000000000000003e-05,228.81500244140625,0.04,0.0012260268
NVDA,put,300.0,0.021917808219178082,2026-10-09,69.375,68.75,70.0,70.12,14.0,1.0000000000000003e-05,228.81500244140625,0.04,0.0012260268
NVDA,call,20.0,0.0410958904109589,2026-10-16,188.45,184.45,192.45,193.45,20.0,1.0000000000000003e-05,228.81500244140625,0.04,0.0012260268
NVDA,call,30.0,0.0410958904109589,2026-10-16,178.5,174.5,182.5,173.5,19.0,1.0000000000000003e-05,228.81500244140625,0.04,0.0012260268
NVDA,call,35.0,0.0410958904109589,2026-10-16,195.0,191.65,198.35,194.67,30.0,4.968753789062499,228.81500244140625,0.04,0.0012260268
NVDA,call,65.0,0.0410958904109589,2026-10-16,165.05,163.05,167.05,162.65,10.0,3.3769546826171872,228.81500244140625,0.04,0.0012260268
NVDA,call,70.0,0.0410958904109589,2026-10-16,160.15,158.75,161.55,159.05,10.0,3.2363300341796872,228.81500244140625,0.04,0.0012260268
NVDA,call,80.0,0.0410958904109589,2026-10-16,150.35000000000002,148.05,152.65,145.21,21.0,2.9755884985351564,228.81500244140625,0.04,0.0012260268
NVDA,call,95.0,0.0410958904109589,2026-10-16,135.375,133.1,137.65,129.33,15.0,2.5380895922851563,228.81500244140625,0.04,0.0012260268
NVDA,call,140.0,0.0410958904109589,2026-10-16,90.75,88.9,92.6,90.9,25.0,1.611330068359375,228.81500244140625,0.04,0.0012260268
NVDA,call,150.0,0.0410958904109589,2026-10-16,80.9,79.7,82.1,81.02,83.0,1.449709782714844,228.81500244140625,0.04,0.0012260268
NVDA,call,190.0,0.0410958904109589,2026-10-16,41.125,41.0,41.25,41.1,11.0,0.7961446166992188,228.81500244140625,0.04,0.0012260268
NVDA,call,200.0,0.0410958904109589,2026-10-16,31.25,31.1,31.4,31.25,91.0,0.64648791015625,228.81500244140625,0.04,0.0012260268
NVDA,call,205.0,0.0410958904109589,2026-10-16,26.425,26.3,26.55,26.38,224.0,0.5795940478515625,228.81500244140625,0.04,0.0012260268
NVDA,call,210.0,0.0410958904109589,2026-10-16,21.675,21.5,21.85,21.68,101.0,0.5148974291992188,228.81500244140625,0.04,0.0012260268
NVDA,call,215.0,0.0410958904109589,2026-10-16,17.200000000000003,17.1,17.3,17.15,404.0,0.46985393432617195,228.81500244140625,0.04,0.0012260268
NVDA,call,217.5,0.0410958904109589,2026-10-16,15.05,14.9,15.2,15.05,16.0,0.44824770507812495,228.81500244140625,0.04,0.0012260268
NVDA,call,220.0,0.0410958904109589,2026-10-16,13.05,13.0,13.1,13.18,554.0,0.4229794030761719,228.81500244140625,0.04,0.0012260268
NVDA,call,222.5,0.0410958904109589,2026-10-16,11.125,11.1,11.15,11.1,171.0,0.40210558837890625,228.81500244140625,0.04,0.0012260268
NVDA,call,225.0,0.0410958904109589,2026-10-16,9.375,9.35,9.4,9.3,627.0,0.38709109008789055,228.81500244140625,0.04,0.0012260268
NVDA,call,227.5,0.0410958904109589,2026-10-16,7.75,7.7,7.8,7.7,469.0,0.3738465936279296,228.81500244140625,0.04,0.0012260268
NVDA,call,230.0,0.0410958904109589,2026-10-16,6.324999999999999,6.3,6.35,6.3,5049.0,0.36157864990234373,228.81500244140625,0.04,0.0012260268
NVDA,call,232.5,0.0410958904109589,2026-10-16,4.925000000000001,4.9,4.95,5.0,1386.0,0.3442448388671875,228.81500244140625,0.04,0.0012260268
NVDA,call,235.0,0.0410958904109589,2026-10-16,3.925,3.9,3.95,3.9,2809.0,0.34009448974609374,228.81500244140625,0.04,0.0012260268
NVDA,call,237.5,0.0410958904109589,2026-10-16,2.99,2.98,3.0,3.03,1238.0,0.3303289624023437,228.81500244140625,0.04,0.0012260268
NVDA,call,240.0,0.0410958904109589,2026-10-16,2.3049999999999997,2.3,2.31,2.28,3703.0,0.32739930419921875,228.81500244140625,0.04,0.0012260268
NVDA,call,242.5,0.0410958904109589,2026-10-16,1.685,1.68,1.69,1.69,218.0,0.3205634350585937,228.81500244140625,0.04,0.0012260268
NVDA,call,245.0,0.0410958904109589,2026-10-16,1.2149999999999999,1.21,1.22,1.24,735.0,0.31555860229492183,228.81500244140625,0.04,0.0012260268
NVDA,call,247.5,0.0410958904109589,2026-10-16,0.885,0.88,0.89,0.89,378.0,0.3142158422851562,228.81500244140625,0.04,0.0012260268
NVDA,call,250.0,0.0410958904109589,2026-10-16,0.63,0.62,0.64,0.63,2012.0,0.3129951513671875,228.81500244140625,0.04,0.0012260268
NVDA,call,255.0,0.0410958904109589,2026-10-16,0.32,0.31,0.33,0.33,1663.0,0.3142158422851562,228.81500244140625,0.04,0.0012260268
NVDA,call,260.0,0.0410958904109589,2026-10-16,0.16999999999999998,0.16,0.18,0.17,294.0,0.32080757324218745,228.81500244140625,0.04,0.0012260268
NVDA,call,265.0,0.0410958904109589,2026-10-16,0.10500000000000001,0.1,0.11,0.11,93.0,0.33301448242187504,228.81500244140625,0.04,0.0012260268
NVDA,call,270.0,0.0410958904109589,2026-10-16,0.07500000000000001,0.07,0.08,0.08,83.0,0.352545537109375,228.81500244140625,0.04,0.0012260268
NVDA,call,275.0,0.0410958904109589,2026-10-16,0.055,0.05,0.06,0.06,13.0,0.372076591796875,228.81500244140625,0.04,0.0012260268
NVDA,call,280.0,0.0410958904109589,2026-10-16,0.045,0.04,0.05,0.04,22.0,0.39453730468750003,228.81500244140625,0.04,0.0012260268
NVDA,call,285.0,0.0410958904109589,2026-10-16,0.035,0.03,0.04,0.04,112.0,0.414068359375,228.81500244140625,0.04,0.0012260268
NVDA,call,290.0,0.0410958904109589,2026-10-16,0.025,0.02,0.03,0.03,110.0,0.42969320312500003,228.81500244140625,0.04,0.0012260268
NVDA,call,300.0,0.0410958904109589,2026-10-16,0.015,0.01,0.02,0.02,59.0,0.46484910156250003,228.81500244140625,0.04,0.0012260268
NVDA,call,315.0,0.0410958904109589,2026-10-16,0.015,0.01,0.02,0.02,156.0,0.523442265625,228.81500244140625,0.04,0.0012260268
NVDA,put,85.0,0.0410958904109589,2026-10-16,0.015,0.01,0.02,0.01,276.0,1.5625021874999998,228.81500244140625,0.04,0.0012260268
NVDA,put,90.0,0.0410958904109589,2026-10-16,0.015,0.01,0.02,0.01,11.0,1.46875265625,228.81500244140625,0.04,0.0012260268
NVDA,put,105.0,0.0410958904109589,2026-10-16,0.025,0.02,0.03,0.03,11.0,1.2968785156249998,228.81500244140625,0.04,0.0012260268
NVDA,put,110.0,0.0410958904109589,2026-10-16,0.025,0.02,0.03,0.02,20.0,1.21875390625,228.81500244140625,0.04,0.0012260268
NVDA,put,115.0,0.0410958904109589,2026-10-16,0.035,0.03,0.04,0.03,2705.0,1.1875040625,228.81500244140625,0.04,0.0012260268
NVDA,put,120.0,0.0410958904109589,2026-10-16,0.04,0.03,0.05,0.04,350.0,1.1367230664062502,228.81500244140625,0.04,0.0012260268
NVDA,put,125.0,0.0410958904109589,2026-10-16,0.04,0.03,0.05,0.04,2500.0,1.0703171484375003,228.81500244140625,0.04,0.0012260268
NVDA,put,130.0,0.0410958904109589,2026-10-16,0.045,0.04,0.05,0.04,273.0,1.015629921875,228.81500244140625,0.04,0.0012260268
NVDA,put,135.0,0.0410958904109589,2026-10-16,0.05,0.04,0.06,0.04,122.0,0.9648441015625,228.81500244140625,0.04,0.0012260268
NVDA,put,140.0,0.0410958904109589,2026-10-16,0.055,0.05,0.06,0.06,41.0,0.914063359375,228.81500244140625,0.04,0.0012260268
NVDA,put,145.0,0.0410958904109589,2026-10-16,0.060000000000000005,0.05,0.07,0.06,50.0,0.86132951171875,228.81500244140625,0.04,0.0012260268
NVDA,put,155.0,0.0410958904109589,2026-10-16,0.08,0.07,0.09,0.07,10.0,0.77148666015625,228.81500244140625,0.04,0.0012260268
NVDA,put,160.0,0.0410958904109589,2026-10-16,0.095,0.09,0.1,0.09,18.0,0.7304714453125,228.81500244140625,0.04,0.0012260268
NVDA,put,165.0,0.0410958904109589,2026-10-16,0.10500000000000001,0.1,0.11,0.11,35.0,0.6816438085937502,228.81500244140625,0.04,0.0012260268
NVDA,put,170.0,0.0410958904109589,2026-10-16,0.12,0.11,0.13,0.13,16.0,0.63867548828125,228.81500244140625,0.04,0.0012260268
NVDA,put,175.0,0.0410958904109589,2026-10-16,0.14,0.13,0.15,0.14,63.0,0.59570716796875,228.81500244140625,0.04,0.0012260268
NVDA,put,180.0,0.0410958904109589,2026-10-16,0.165,0.16,0.17,0.18,13.0,0.5537154003906251,228.81500244140625,0.04,0.0012260268
NVDA,put,185.0,0.0410958904109589,2026-10-16,0.195,0.19,0.2,0.2,16.0,0.5117236328125,228.81500244140625,0.04,0.0012260268
NVDA,put,190.0,0.0410958904109589,2026-10-16,0.245,0.24,0.25,0.25,293.0,0.47559118164062497,228.81500244140625,0.04,0.0012260268
NVDA,put,195.0,0.0410958904109589,2026-10-16,0.305,0.3,0.31,0.31,204.0,0.43604079589843747,228.81500244140625,0.04,0.0012260268
NVDA,put,200.0,0.0410958904109589,2026-10-16,0.405,0.4,0.41,0.41,684.0,0.40015248291015626,228.81500244140625,0.04,0.0012260268
NVDA,put,202.5,0.0410958904109589,2026-10-16,0.475,0.47,0.48,0.48,265.0,0.3833069482421875,228.81500244140625,0.04,0.0012260268
NVDA,put,205.0,0.0410958904109589,2026-10-16,0.565,0.56,0.57,0.57,328.0,0.36694968994140625,228.81500244140625,0.04,0.0012260268
NVDA,put,207.5,0.0410958904109589,2026-10-16,0.685,0.68,0.69,0.68,15.0,0.35205726074218746,228.81500244140625,0.04,0.0012260268
NVDA,put,210.0,0.0410958904109589,2026-10-16,0.835,0.83,0.84,0.84,793.0,0.3371648315429688,228.81500244140625,0.04,0.0012260268
NVDA,put,212.5,0.0410958904109589,2026-10-16,1.05,1.04,1.06,1.05,307.0,0.3254461987304687,228.81500244140625,0.04,0.0012260268
NVDA,put,215.0,0.0410958904109589,2026-10-16,1.295,1.29,1.3,1.31,948.0,0.31055376953124997,228.81500244140625,0.04,0.0012260268
NVDA,put,217.5,0.0410958904109589,2026-10-16,1.66,1.65,1.67,1.68,191.0,0.30054410400390624,228.81500244140625,0.04,0.0012260268
NVDA,put,220.0,0.0410958904109589,2026-10-16,2.12,2.11,2.13,2.11,1559.0,0.2902903002929687,228.81500244140625,0.04,0.0012260268
NVDA,put,222.5,0.0410958904109589,2026-10-16,2.685,2.68,2.69,2.66,470.0,0.2788158056640625,228.81500244140625,0.04,0.0012260268
NVDA,put,225.0,0.0410958904109589,2026-10-16,3.45,3.4,3.5,3.4,769.0,0.27368890380859373,228.81500244140625,0.04,0.0012260268
NVDA,put,227.5,0.0410958904109589,2026-10-16,4.25,4.2,4.3,4.3,832.0,0.2587354400634766,228.81500244140625,0.04,0.0012260268
NVDA,put,230.0,0.0410958904109589,2026-10-16,5.375,5.35,5.4,5.29,4489.0,0.24976336181640624,228.81500244140625,0.04,0.0012260268
NVDA,put,232.5,0.0410958904109589,2026-10-16,6.525,6.5,6.55,6.63,560.0,0.23194127441406248,228.81500244140625,0.04,0.0012260268
NVDA,put,235.0,0.0410958904109589,2026-10-16,7.975,7.95,8.0,8.05,172.0,0.21704884521484374,228.81500244140625,0.04,0.0012260268
NVDA,put,237.5,0.0410958904109589,2026-10-16,9.55,9.5,9.6,9.8,84.0,0.19361157958984376,228.81500244140625,0.04,0.0012260268
NVDA,put,240.0,0.0410958904109589,2026-10-16,11.425,11.4,11.45,11.35,248.0,0.159188095703125,228.81500244140625,0.04,0.0012260268
NVDA,put,250.0,0.0410958904109589,2026-10-16,19.7,19.2,20.2,20.33,60.0,1.0000000000000003e-05,228.81500244140625,0.04,0.0012260268
NVDA,put,255.0,0.0410958904109589,2026-10-16,24.275,23.6,24.95,24.87,14.0,1.0000000000000003e-05,228.81500244140625,0.04,0.0012260268
NVDA,put,265.0,0.0410958904109589,2026-10-16,34.325,33.05,35.6,35.53,70.0,1.0000000000000003e-05,228.81500244140625,0.04,0.0012260268
NVDA,put,280.0,0.0410958904109589,2026-10-16,49.900000000000006,48.6,51.2,60.21,36.0,0.35156898437499995,228.81500244140625,0.04,0.0012260268
NVDA,put,370.0,0.0410958904109589,2026-10-16,139.85,138.6,141.1,146.03,32.0,1.0000000000000003e-05,228.81500244140625,0.04,0.0012260268
NVDA,call,110.0,0.06027397260273973,2026-10-23,121.05000000000001,117.45,124.65,114.25,10.0,1.9477541674804688,228.81500244140625,0.04,0.0012260268
NVDA,call,200.0,0.06027397260273973,2026-10-23,31.575,30.6,32.55,30.5,18.0,0.5634809277343751,228.81500244140625,0.04,0.0012260268
NVDA,call,205.0,0.06027397260273973,2026-10-23,26.825,26.15,27.5,26.1,51.0,0.5106250109863282,228.81500244140625,0.04,0.0012260268
NVDA,call,210.0,0.06027397260273973,2026-10-23,22.4,22.2,22.6,22.38,13.0,0.485356708984375,228.81500244140625,0.04,0.0012260268
NVDA,call,215.0,0.06027397260273973,2026-10-23,18.125,17.95,18.3,18.05,10.0,0.4456842541503906,228.81500244140625,0.04,0.0012260268
NVDA,call,220.0,0.06027397260273973,2026-10-23,14.1,14.0,14.2,14.2,72.0,0.4061338684082031,228.81500244140625,0.04,0.0012260268
NVDA,call,225.0,0.06027397260273973,2026-10-23,10.6,10.5,10.7,10.7,195.0,0.3811707391357422,228.81500244140625,0.04,0.0012260268
NVDA,call,230.0,0.06027397260273973,2026-10-23,7.525,7.45,7.6,7.52,360.0,0.35608554077148435,228.81500244140625,0.04,0.0012260268
NVDA,call,235.0,0.06027397260273973,2026-10-23,5.125,5.1,5.15,5.1,2168.0,0.3384465570068359,228.81500244140625,0.04,0.0012260268
NVDA,call,240.0,0.06027397260273973,2026-10-23,3.4000000000000004,3.35,3.45,3.41,928.0,0.3324041369628906,228.81500244140625,0.04,0.0012260268
NVDA,call,245.0,0.06027397260273973,2026-10-23,2.0999999999999996,2.07,2.13,2.1,148.0,0.3225165405273437,228.81500244140625,0.04,0.0012260268
NVDA,call,250.0,0.06027397260273973,2026-10-23,1.25,1.23,1.27,1.25,1416.0,0.31677929321289056,228.81500244140625,0.04,0.0012260268
NVDA,call,255.0,0.06027397260273973,2026-10-23,0.715,0.7,0.73,0.72,45.0,0.31323928955078123,228.81500244140625,0.04,0.0012260268
NVDA,call,260.0,0.06027397260273973,2026-10-23,0.41,0.41,0.41,0.4,98.0,0.31153032226562494,228.81500244140625,0.04,0.0012260268
NVDA,call,275.0,0.06027397260273973,2026-10-23,0.11,0.1,0.12,0.1,1435.0,0.3403386279296875,228.81500244140625,0.04,0.0012260268
NVDA,call,285.0,0.06027397260273973,2026-10-23,0.060000000000000005,0.05,0.07,0.07,29.0,0.36914693359375,228.81500244140625,0.04,0.0012260268
NVDA,call,300.0,0.06027397260273973,2026-10-23,0.03,0.02,0.04,0.04,60.0,0.414068359375,228.81500244140625,0.04,0.0012260268
NVDA,put,95.0,0.06027397260273973,2026-10-23,0.02,0.01,0.03,0.02,20.0,1.1875040625,228.81500244140625,0.04,0.0012260268
NVDA,put,120.0,0.06027397260273973,2026-10-23,0.05,0.05,0.05,0.05,4511.0,0.9687503125,228.81500244140625,0.04,0.0012260268
NVDA,put,125.0,0.06027397260273973,2026-10-23,0.060000000000000005,0.05,0.07,0.04,1002.0,0.929688203125,228.81500244140625,0.04,0.0012260268
NVDA,put,135.0,0.06027397260273973,2026-10-23,0.07500000000000001,0.07,0.08,0.06,10.0,0.84179845703125,228.81500244140625,0.04,0.0012260268
NVDA,put,165.0,0.06027397260273973,2026-10-23,0.16,0.15,0.17,0.17,215.0,0.6025430371093752,228.81500244140625,0.04,0.0012260268
NVDA,put,170.0,0.06027397260273973,2026-10-23,0.18,0.17,0.19,0.19,18.0,0.5634809277343751,228.81500244140625,0.04,0.0012260268
NVDA,put,180.0,0.06027397260273973,2026-10-23,0.245,0.24,0.25,0.24,556.0,0.4931691308593751,228.81500244140625,0.04,0.0012260268
NVDA,put,185.0,0.06027397260273973,2026-10-23,0.305,0.3,0.31,0.31,14.0,0.46094289062500005,228.81500244140625,0.04,0.0012260268
NVDA,put,190.0,0.06027397260273973,2026-10-23,0.38,0.37,0.39,0.38,29.0,0.43018147949218755,228.81500244140625,0.04,0.0012260268
NVDA,put,195.0,0.06027397260273973,2026-10-23,0.495,0.48,0.51,0.49,34.0,0.401373173828125,228.81500244140625,0.04,0.0012260268
NVDA,put,200.0,0.06027397260273973,2026-10-23,0.655,0.64,0.67,0.69,126.0,0.3723207299804688,228.81500244140625,0.04,0.0012260268
NVDA,put,205.0,0.06027397260273973,2026-10-23,0.925,0.91,0.94,0.97,289.0,0.3479069116210937,228.81500244140625,0.04,0.0012260268
NVDA,put,210.0,0.06027397260273973,2026-10-23,1.355,1.33,1.38,1.35,154.0,0.3275213732910156,228.81500244140625,0.04,0.0012260268
NVDA,put,215.0,0.06027397260273973,2026-10-23,2.01,1.99,2.03,2.02,294.0,0.3073799731445312,228.81500244140625,0.04,0.0012260268
NVDA,put,220.0,0.06027397260273973,2026-10-23,3.025,3.0,3.05,3.0,146.0,0.2908396112060546,228.81500244140625,0.04,0.0012260268
NVDA,put,225.0,0.06027397260273973,2026-10-23,4.475,4.45,4.5,4.45,516.0,0.2739330419921875,228.81500244140625,0.04,0.0012260268
NVDA,put,230.0,0.06027397260273973,2026-10-23,6.425,6.35,6.5,6.5,548.0,0.25641612731933594,228.81500244140625,0.04,0.0012260268
NVDA,put,235.0,0.06027397260273973,2026-10-23,9.05,8.95,9.15,9.32,55.0,0.2375564526367187,228.81500244140625,0.04,0.0012260268
NVDA,put,250.0,0.06027397260273973,2026-10-23,20.2,19.5,20.9,21.0,12.0,1.0000000000000003e-05,228.81500244140625,0.04,0.0012260268
NVDA,put,260.0,0.06027397260273973,2026-10-23,30.0,28.5,31.5,29.8,22.0,0.29614961669921874,228.81500244140625,0.04,0.0012260268
NVDA,put,265.0,0.06027397260273973,2026-10-23,35.150000000000006,33.1,37.2,52.83,70.0,0.42529871582031253,228.81500244140625,0.04,0.0012260268
NVDA,call,150.0,0.07945205479452055,2026-10-30,80.5,78.2,82.8,81.26,50.0,1.0056202062988282,228.81500244140625,0.04,0.0012260268
NVDA,call,190.0,0.07945205479452055,2026-10-30,41.55,40.95,42.15,42.07,16.0,0.6136513244628907,228.81500244140625,0.04,0.0012260268
NVDA,call,195.0,0.07945205479452055,2026-10-30,37.2,36.2,38.2,36.6,20.0,0.5959513061523438,228.81500244140625,0.04,0.0012260268
NVDA,call,215.0,0.07945205479452055,2026-10-30,18.975,18.75,19.2,19.04,69.0,0.43103596313476567,228.81500244140625,0.04,0.0012260268
NVDA,call,220.0,0.07945205479452055,2026-10-30,15.075,14.95,15.2,15.17,125.0,0.39728385925292964,228.81500244140625,0.04,0.0012260268
NVDA,call,225.0,0.07945205479452055,2026-10-30,11.825,11.75,11.9,11.77,1067.0,0.38068246276855466,228.81500244140625,0.04,0.0012260268
NVDA,call,230.0,0.07945205479452055,2026-10-30,8.774999999999999,8.7,8.85,8.78,515.0,0.3595645098876953,228.81500244140625,0.04,0.0012260268
NVDA,call,235.0,0.07945205479452055,2026-10-30,6.375,6.3,6.45,6.33,531.0,0.34754070434570306,228.81500244140625,0.04,0.0012260268
NVDA,call,240.0,0.07945205479452055,2026-10-30,4.45,4.4,4.5,4.33,513.0,0.33618827880859375,228.81500244140625,0.04,0.0012260268
NVDA,call,245.0,0.07945205479452055,2026-10-30,2.96,2.92,3.0,2.94,1184.0,0.32617861328125,228.81500244140625,0.04,0.0012260268
NVDA,call,250.0,0.07945205479452055,2026-10-30,1.955,1.93,1.98,1.98,1930.0,0.32166205688476557,228.81500244140625,0.04,0.0012260268
NVDA,call,255.0,0.07945205479452055,2026-10-30,1.24,1.2,1.28,1.24,83.0,0.31909860595703116,228.81500244140625,0.04,0.0012260268
NVDA,call,260.0,0.07945205479452055,2026-10-30,0.775,0.75,0.8,0.74,93.0,0.31690136230468746,228.81500244140625,0.04,0.0012260268
NVDA,call,265.0,0.07945205479452055,2026-10-30,0.49,0.46,0.52,0.49,265.0,0.3193427441406249,228.81500244140625,0.04,0.0012260268
NVDA,call,270.0,0.07945205479452055,2026-10-30,0.315,0.3,0.33,0.3,74.0,0.32129584960937496,228.81500244140625,0.04,0.0012260268
NVDA,call,275.0,0.07945205479452055,2026-10-30,0.215,0.19,0.24,0.23,45.0,0.3315496533203125,228.81500244140625,0.04,0.0012260268
NVDA,call,285.0,0.07945205479452055,2026-10-30,0.13,0.11,0.15,0.13,14.0,0.35742830078125,228.81500244140625,0.04,0.0012260268
NVDA,call,305.0,0.07945205479452055,2026-10-30,0.045,0.01,0.08,0.06,32.0,0.414068359375,228.81500244140625,0.04,0.0012260268
NVDA,call,315.0,0.07945205479452055,2026-10-30,0.04,0.01,0.07,0.04,25.0,0.44727115234375,228.81500244140625,0.04,0.0012260268
NVDA,call,320.0,0.07945205479452055,2026-10-30,0.030000000000000002,0.01,0.05,0.03,10.0,0.44922425781249997,228.81500244140625,0.04,0.0012260268
NVDA,put,105.0,0.07945205479452055,2026-10-30,0.045,0.01,0.08,0.02,10.0,1.000005,228.81500244140625,0.04,0.0012260268
NVDA,put,110.0,0.07945205479452055,2026-10-30,0.045,0.01,0.08,0.02,10.0,0.945313046875,228.81500244140625,0.04,0.0012260268
NVDA,put,125.0,0.07945205479452055,2026-10-30,0.065,0.03,0.1,0.06,11.0,0.82226740234375,228.81500244140625,0.04,0.0012260268
NVDA,put,130.0,0.07945205479452055,2026-10-30,0.08499999999999999,0.06,0.11,0.07,11.0,0.79687703125,228.81500244140625,0.04,0.0012260268
NVDA,put,160.0,0.07945205479452055,2026-10-30,0.185,0.17,0.2,0.19,25.0,0.5830119824218749,228.81500244140625,0.04,0.0012260268
NVDA,put,165.0,0.07945205479452055,2026-10-30,0.215,0.18,0.25,0.21,13.0,0.5507857421875001,228.81500244140625,0.04,0.0012260268
NVDA,put,170.0,0.07945205479452055,2026-10-30,0.26,0.23,0.29,0.25,17.0,0.5219774365234374,228.81500244140625,0.04,0.0012260268
NVDA,put,185.0,0.07945205479452055,2026-10-30,0.44999999999999996,0.43,0.47,0.45,161.0,0.43604079589843747,228.81500244140625,0.04,0.0012260268
NVDA,put,190.0,0.07945205479452055,2026-10-30,0.565,0.54,0.59,0.56,38.0,0.4094297338867187,228.81500244140625,0.04,0.0012260268
NVDA,put,195.0,0.07945205479452055,2026-10-30,0.73,0.71,0.75,0.75,121.0,0.3830628100585937,228.81500244140625,0.04,0.0012260268
NVDA,put,200.0,0.07945205479452055,2026-10-30,0.98,0.95,1.01,0.97,80.0,0.36133451171875,228.81500244140625,0.04,0.0012260268
NVDA,put,205.0,0.07945205479452055,2026-10-30,1.335,1.32,1.35,1.36,79.0,0.33838552246093745,228.81500244140625,0.04,0.0012260268
NVDA,put,210.0,0.07945205479452055,2026-10-30,1.9100000000000001,1.87,1.95,1.9,481.0,0.3236151623535155,228.81500244140625,0.04,0.0012260268
NVDA,put,215.0,0.07945205479452055,2026-10-30,2.735,2.69,2.78,2.73,262.0,0.30847859497070307,228.81500244140625,0.04,0.0012260268
NVDA,put,220.0,0.07945205479452055,2026-10-30,3.9000000000000004,3.85,3.95,3.9,145.0,0.29444064941406245,228.81500244140625,0.04,0.0012260268
NVDA,put,225.0,0.07945205479452055,2026-10-30,5.449999999999999,5.35,5.55,5.48,141.0,0.28137925659179686,228.81500244140625,0.04,0.0012260268
NVDA,put,230.0,0.07945205479452055,2026-10-30,7.525,7.45,7.6,7.49,1039.0,0.266608896484375,228.81500244140625,0.04,0.0012260268
NVDA,put,235.0,0.07945205479452055,2026-10-30,10.1,9.95,10.25,10.11,99.0,0.2530592272949219,228.81500244140625,0.04,0.0012260268
NVDA,put,250.0,0.07945205479452055,2026-10-30,21.15,20.25,22.05,20.38,27.0,0.24793232543945312,228.81500244140625,0.04,0.0012260268
NVDA,call,195.0,0.09863013698630137,2026-11-06,38.325,37.4,39.25,36.45,80.0,0.5988809643554689,228.81500244140625,0.04,0.0012260268
NVDA,call,200.0,0.09863013698630137,2026-11-06,32.8,32.3,33.3,31.45,18.0,0.5112353564453125,228.81500244140625,0.04,0.0012260268
NVDA,call,215.0,0.09863013698630137,2026-11-06,19.85,19.55,20.15,19.45,26.0,0.4260921649169922,228.81500244140625,0.04,0.0012260268
NVDA,call,220.0,0.09863013698630137,2026-11-06,16.075,15.95,16.2,15.83,65.0,0.3948424774169922,228.81500244140625,0.04,0.0012260268
NVDA,call,225.0,0.09863013698630137,2026-11-06,12.8,12.7,12.9,12.72,25.0,0.37793590820312495,228.81500244140625,0.04,0.0012260268
NVDA,call,230.0,0.09863013698630137,2026-11-06,9.9,9.8,10.0,10.0,935.0,0.3632876171875,228.81500244140625,0.04,0.0012260268
NVDA,call,235.0,0.09863013698630137,2026-11-06,7.5,7.4,7.6,7.53,245.0,0.3532779516601562,228.81500244140625,0.04,0.0012260268
NVDA,call,240.0,0.09863013698630137,2026-11-06,5.475,5.4,5.55,5.46,1189.0,0.3421086297607422,228.81500244140625,0.04,0.0012260268
NVDA,call,245.0,0.09863013698630137,2026-11-06,3.85,3.75,3.95,3.9,112.0,0.3336858624267578,228.81500244140625,0.04,0.0012260268
NVDA,call,250.0,0.09863013698630137,2026-11-06,2.66,2.6,2.72,2.67,82.0,0.3263006823730469,228.81500244140625,0.04,0.0012260268
NVDA,call,255.0,0.09863013698630137,2026-11-06,1.835,1.8,1.87,1.8,563.0,0.3232489550781249,228.81500244140625,0.04,0.0012260268
NVDA,call,260.0,0.09863013698630137,2026-11-06,1.21,1.16,1.26,1.17,487.0,0.3210517114257812,228.81500244140625,0.04,0.0012260268
NVDA,call,265.0,0.09863013698630137,2026-11-06,0.7849999999999999,0.74,0.83,0.93,620.0,0.31909860595703116,228.81500244140625,0.04,0.0012260268
NVDA,call,270.0,0.09863013698630137,2026-11-06,0.5449999999999999,0.51,0.58,0.53,33.0,0.32300481689453114,228.81500244140625,0.04,0.0012260268
NVDA,call,275.0,0.09863013698630137,2026-11-06,0.375,0.34,0.41,0.36,206.0,0.3276434423828125,228.81500244140625,0.04,0.0012260268
NVDA,call,290.0,0.09863013698630137,2026-11-06,0.16,0.09,0.23,0.13,11.0,0.36524072265625,228.81500244140625,0.04,0.0012260268
NVDA,call,295.0,0.09863013698630137,2026-11-06,0.11,0.02,0.2,0.11,22.0,0.3789124609375,228.81500244140625,0.04,0.0012260268
NVDA,call,300.0,0.09863013698630137,2026-11-06,0.115,0.07,0.16,0.12,16.0,0.387701435546875,228.81500244140625,0.04,0.0012260268
NVDA,put,165.0,0.09863013698630137,2026-11-06,0.3,0.21,0.39,0.28,17.0,0.5224657128906249,228.81500244140625,0.04,0.0012260268
NVDA,put,170.0,0.09863013698630137,2026-11-06,0.315,0.24,0.39,0.33,28.0,0.5029346582031251,228.81500244140625,0.04,0.0012260268
NVDA,put,175.0,0.09863013698630137,2026-11-06,0.425,0.38,0.47,0.39,24.0,0.476567734375,228.81500244140625,0.04,0.0012260268
NVDA,put,185.0,0.09863013698630137,2026-11-06,0.645,0.57,0.72,0.6,17.0,0.428716650390625,228.81500244140625,0.04,0.0012260268
NVDA,put,190.0,0.09863013698630137,2026-11-06,0.755,0.71,0.8,0.75,111.0,0.3942931665039063,228.81500244140625,0.04,0.0012260268
NVDA,put,200.0,0.09863013698630137,2026-11-06,1.335,1.3,1.37,1.37,426.0,0.35425450439453116,228.81500244140625,0.04,0.0012260268
NVDA,put,205.0,0.09863013698630137,2026-11-06,1.81,1.75,1.87,1.79,469.0,0.33850759155273435,228.81500244140625,0.04,0.0012260268
NVDA,put,210.0,0.09863013698630137,2026-11-06,2.46,2.37,2.55,2.49,80.0,0.323126885986328,228.81500244140625,0.04,0.0012260268
NVDA,put,215.0,0.09863013698630137,2026-11-06,3.425,3.35,3.5,3.53,46.0,0.3096992858886719,228.81500244140625,0.04,0.0012260268
NVDA,put,220.0,0.09863013698630137,2026-11-06,4.725,4.65,4.8,4.71,24.0,0.29798065307617183,228.81500244140625,0.04,0.0012260268
NVDA,put,225.0,0.09863013698630137,2026-11-06,6.325,6.2,6.45,6.6,1025.0,0.2852244329833984,228.81500244140625,0.04,0.0012260268
NVDA,put,230.0,0.09863013698630137,2026-11-06,8.45,8.3,8.6,8.6,111.0,0.27448235290527345,228.81500244140625,0.04,0.0012260268
NVDA,put,235.0,0.09863013698630137,2026-11-06,10.975,10.85,11.1,11.2,44.0,0.2585523364257813,228.81500244140625,0.04,0.0012260268
NVDA,put,240.0,0.09863013698630137,2026-11-06,14.100000000000001,13.8,14.4,13.95,101.0,0.2528150891113281,228.81500244140625,0.04,0.0012260268
NVDA,put,250.0,0.09863013698630137,2026-11-06,21.35,20.55,22.15,21.9,25.0,0.23023230712890624,228.81500244140625,0.04,0.0012260268
NVDA,call,65.0,0.136986301369863,2026-11-20,165.825,162.05,169.6,162.97,10.0,2.0832567449951167,228.81500244140625,0.04,0.0012260268
NVDA,call,90.0,0.136986301369863,2026-11-20,140.925,137.35,144.5,132.65,11.0,1.5981465405273436,228.81500244140625,0.04,0.0012260268
NVDA,call,150.0,0.136986301369863,2026-11-20,81.4,80.5,82.3,80.78,42.0,0.8576674389648438,228.81500244140625,0.04,0.0012260268
NVDA,call,170.0,0.136986301369863,2026-11-20,61.650000000000006,60.6,62.7,61.8,16.0,0.6699251757812501,228.81500244140625,0.04,0.0012260268
NVDA,call,200.0,0.136986301369863,2026-11-20,34.525000000000006,34.35,34.7,33.75,101.0,0.5081836291503907,228.81500244140625,0.04,0.0012260268
NVDA,call,210.0,0.136986301369863,2026-11-20,26.4,26.25,26.55,25.8,164.0,0.46973186523437505,228.81500244140625,0.04,0.0012260268
NVDA,call,215.0,0.136986301369863,2026-11-20,22.725,22.6,22.85,22.75,55.0,0.45203184692382814,228.81500244140625,0.04,0.0012260268
NVDA,call,220.0,0.136986301369863,2026-11-20,19.125,19.05,19.2,19.1,178.0,0.42969320312500003,228.81500244140625,0.04,0.0012260268
NVDA,call,225.0,0.136986301369863,2026-11-20,16.025,15.95,16.1,16.1,413.0,0.41736422485351554,228.81500244140625,0.04,0.0012260268
NVDA,call,230.0,0.136986301369863,2026-11-20,13.225000000000001,13.15,13.3,13.37,427.0,0.40619490295410154,228.81500244140625,0.04,0.0012260268
NVDA,call,235.0,0.136986301369863,2026-11-20,10.899999999999999,10.85,10.95,10.9,536.0,0.4000304138183594,228.81500244140625,0.04,0.0012260268
NVDA,call,240.0,0.136986301369863,2026-11-20,8.649999999999999,8.6,8.7,8.75,390.0,0.38843385009765624,228.81500244140625,0.04,0.0012260268
NVDA,call,245.0,0.136986301369863,2026-11-20,6.95,6.9,7.0,6.95,2361.0,0.3850159155273437,228.81500244140625,0.04,0.0012260268
NVDA,call,250.0,0.136986301369863,2026-11-20,5.4,5.35,5.45,5.4,1088.0,0.3779969427490234,228.81500244140625,0.04,0.0012260268
NVDA,call,255.0,0.136986301369863,2026-11-20,4.225,4.2,4.25,4.25,207.0,0.3745179736328125,228.81500244140625,0.04,0.0012260268
NVDA,call,260.0,0.136986301369863,2026-11-20,3.25,3.2,3.3,3.26,487.0,0.37256486816406253,228.81500244140625,0.04,0.0012260268
NVDA,call,265.0,0.136986301369863,2026-11-20,2.47,2.45,2.49,2.45,463.0,0.368719691772461,228.81500244140625,0.04,0.0012260268
NVDA,call,270.0,0.136986301369863,2026-11-20,1.87,1.85,1.89,1.82,563.0,0.3673158972167969,228.81500244140625,0.04,0.0012260268
NVDA,call,275.0,0.136986301369863,2026-11-20,1.3900000000000001,1.37,1.41,1.35,139.0,0.36536279174804687,228.81500244140625,0.04,0.0012260268
NVDA,call,280.0,0.136986301369863,2026-11-20,1.06,1.05,1.07,1.05,375.0,0.36597313720703123,228.81500244140625,0.04,0.0012260268
NVDA,call,285.0,0.136986301369863,2026-11-20,0.795,0.78,0.81,0.78,27.0,0.3668276208496094,228.81500244140625,0.04,0.0012260268
NVDA,call,290.0,0.136986301369863,2026-11-20,0.61,0.6,0.62,0.6,174.0,0.36890279541015625,228.81500244140625,0.04,0.0012260268
NVDA,call,295.0,0.136986301369863,2026-11-20,0.46499999999999997,0.45,0.48,0.46,471.0,0.37183245361328127,228.81500244140625,0.04,0.0012260268
NVDA,call,300.0,0.136986301369863,2026-11-20,0.365,0.36,0.37,0.36,275.0,0.3745179736328125,228.81500244140625,0.04,0.0012260268
NVDA,call,305.0,0.136986301369863,2026-11-20,0.29000000000000004,0.28,0.3,0.29,763.0,0.3803772900390625,228.81500244140625,0.04,0.0012260268
NVDA,call,310.0,0.136986301369863,2026-11-20,0.235,0.23,0.24,0.23,25.0,0.38477177734374995,228.81500244140625,0.04,0.0012260268
NVDA,call,320.0,0.136986301369863,2026-11-20,0.16,0.15,0.17,0.17,13.0,0.398443515625,228.81500244140625,0.04,0.0012260268
NVDA,call,330.0,0.136986301369863,2026-11-20,0.12,0.11,0.13,0.11,17.0,0.415044912109375,228.81500244140625,0.04,0.0012260268
NVDA,call,335.0,0.136986301369863,2026-11-20,0.1,0.09,0.11,0.1,12.0,0.42090422851562503,228.81500244140625,0.04,0.0012260268
NVDA,call,350.0,0.136986301369863,2026-11-20,0.065,0.05,0.08,0.06,49.0,0.445318046875,228.81500244140625,0.04,0.0012260268
NVDA,call,400.0,0.136986301369863,2026-11-20,0.025,0.02,0.03,0.02,15.0,0.5039112109375,228.81500244140625,0.04,0.0012260268
NVDA,call,405.0,0.136986301369863,2026-11-20,0.025,0.01,0.04,0.02,12.0,0.51562984375,228.81500244140625,0.04,0.0012260268
NVDA,call,415.0,0.136986301369863,2026-11-20,0.02,0.01,0.03,0.01,20.0,0.523442265625,228.81500244140625,0.04,0.0012260268
NVDA,put,80.0,0.136986301369863,2026-11-20,0.035,0.02,0.05,0.04,90.0,0.9960937890625,228.81500244140625,0.04,0.0012260268
NVDA,put,100.0,0.136986301369863,2026-11-20,0.05,0.04,0.06,0.05,10.0,0.82226740234375,228.81500244140625,0.04,0.0012260268
NVDA,put,105.0,0.136986301369863,2026-11-20,0.065,0.05,0.08,0.07,79.0,0.79883013671875,228.81500244140625,0.04,0.0012260268
NVDA,put,120.0,0.136986301369863,2026-11-20,0.12,0.11,0.13,0.12,41.0,0.7187528125,228.81500244140625,0.04,0.0012260268
NVDA,put,125.0,0.136986301369863,2026-11-20,0.135,0.13,0.14,0.14,41.0,0.6875031250000001,228.81500244140625,0.04,0.0012260268
NVDA,put,130.0,0.136986301369863,2026-11-20,0.16999999999999998,0.16,0.18,0.17,10.0,0.6660189648437502,228.81500244140625,0.04,0.0012260268
NVDA,put,135.0,0.136986301369863,2026-11-20,0.21500000000000002,0.2,0.23,0.21,56.0,0.6459996337890624,228.81500244140625,0.04,0.0012260268
NVDA,put,140.0,0.136986301369863,2026-11-20,0.25,0.24,0.26,0.25,24.0,0.6191444335937502,228.81500244140625,0.04,0.0012260268
NVDA,put,155.0,0.136986301369863,2026-11-20,0.425,0.41,0.44,0.41,351.0,0.5483443603515626,228.81500244140625,0.04,0.0012260268
NVDA,put,160.0,0.136986301369863,2026-11-20,0.5,0.49,0.51,0.5,24.0,0.524418818359375,228.81500244140625,0.04,0.0012260268
NVDA,put,165.0,0.136986301369863,2026-11-20,0.59,0.58,0.6,0.58,18.0,0.5004932763671875,228.81500244140625,0.04,0.0012260268
NVDA,put,170.0,0.136986301369863,2026-11-20,0.705,0.69,0.72,0.71,14.0,0.4802298071289062,228.81500244140625,0.04,0.0012260268
NVDA,put,175.0,0.136986301369863,2026-11-20,0.86,0.85,0.87,0.86,20.0,0.4592339233398438,228.81500244140625,0.04,0.0012260268
NVDA,put,180.0,0.136986301369863,2026-11-20,1.05,1.03,1.07,1.06,27.0,0.43994700683593746,228.81500244140625,0.04,0.0012260268
NVDA,put,185.0,0.136986301369863,2026-11-20,1.315,1.3,1.33,1.33,83.0,0.42188078125,228.81500244140625,0.04,0.0012260268
NVDA,put,190.0,0.136986301369863,2026-11-20,1.67,1.65,1.69,1.66,155.0,0.40650007568359375,228.81500244140625,0.04,0.0012260268
NVDA,put,195.0,0.136986301369863,2026-11-20,2.13,2.11,2.15,2.11,87.0,0.39160764648437496,228.81500244140625,0.04,0.0012260268
NVDA,put,200.0,0.136986301369863,2026-11-20,2.72,2.7,2.74,2.72,894.0,0.37756970092773434,228.81500244140625,0.04,0.0012260268
NVDA,put,205.0,0.136986301369863,2026-11-20,3.55,3.5,3.6,3.53,90.0,0.3687807263183594,228.81500244140625,0.04,0.0012260268
NVDA,put,210.0,0.136986301369863,2026-11-20,4.55,4.5,4.6,4.55,225.0,0.3573062316894531,228.81500244140625,0.04,0.0012260268
NVDA,put,215.0,0.136986301369863,2026-11-20,5.8,5.75,5.85,5.82,2021.0,0.3466251861572265,228.81500244140625,0.04,0.0012260268
NVDA,put,220.0,0.136986301369863,2026-11-20,7.35,7.3,7.4,7.3,1402.0,0.33685965881347657,228.81500244140625,0.04,0.0012260268
NVDA,put,225.0,0.136986301369863,2026-11-20,9.25,9.2,9.3,9.2,406.0,0.3283758569335937,228.81500244140625,0.04,0.0012260268
NVDA,put,230.0,0.136986301369863,2026-11-20,11.5,11.45,11.55,11.45,1294.0,0.3202582623291015,228.81500244140625,0.04,0.0012260268
NVDA,put,235.0,0.136986301369863,2026-11-20,13.95,13.9,14.0,14.0,39.0,0.3073799731445312,228.81500244140625,0.04,0.0012260268
NVDA,put,240.0,0.136986301369863,2026-11-20,16.825,16.75,16.9,16.75,50.0,0.29669892761230465,228.81500244140625,0.04,0.0012260268
NVDA,put,245.0,0.136986301369863,2026-11-20,20.049999999999997,19.95,20.15,20.55,16.0,0.2848582257080078,228.81500244140625,0.04,0.0012260268
NVDA,put,265.0,0.136986301369863,2026-11-20,35.95,35.35,36.55,36.2,25.0,0.22876747802734376,228.81500244140625,0.04,0.0012260268
NVDA,put,270.0,0.136986301369863,2026-11-20,40.025000000000006,38.95,41.1,39.0,27.0,1.0000000000000003e-05,228.81500244140625,0.04,0.0012260268
NVDA,put,330.0,0.136986301369863,2026-11-20,99.65,97.25,102.05,110.92,25.0,0.5532271240234375,228.81500244140625,0.04,0.0012260268
NVDA,call,0.5,0.2136986301369863,2026-12-18,229.925,228.35,231.5,230.79,29.0,0.0,228.81500244140625,0.04,0.0012260268
NVDA,call,22.0,0.2136986301369863,2026-12-18,186.6,182.6,190.6,170.89,10.0,1.0000000000000003e-05,228.81500244140625,0.04,0.0012260268
NVDA,call,25.0,0.2136986301369863,2026-12-18,204.825,202.45,207.2,187.95,14.0,2.5800816748046875,228.81500244140625,0.04,0.0012260268
NVDA,call,26.0,0.2136986301369863,2026-12-18,204.625,200.85,208.4,203.55,10.0,2.8408232104492184,228.81500244140625,0.04,0.0012260268
NVDA,call,27.0,0.2136986301369863,2026-12-18,203.425,199.85,207.0,204.6,20.0,2.7197297631835937,228.81500244140625,0.04,0.0012260268
NVDA,call,37.0,0.2136986301369863,2026-12-18,193.675,189.95,197.4,188.05,20.0,2.3701212622070305,228.81500244140625,0.04,0.0012260268
NVDA,call,38.0,0.2136986301369863,2026-12-18,192.60000000000002,188.8,196.4,185.67,40.0,2.3144573388671867,228.81500244140625,0.04,0.0012260268
NVDA,call,50.0,0.2136986301369863,2026-12-18,180.35,177.0,183.7,180.96,31.0,1.9013676806640625,228.81500244140625,0.04,0.0012260268
NVDA,call,52.0,0.2136986301369863,2026-12-18,178.075,175.0,181.15,175.45,10.0,1.7846690454101561,228.81500244140625,0.04,0.0012260268
NVDA,call,60.0,0.2136986301369863,2026-12-18,170.075,166.95,173.2,170.5,25.0,1.6176776928710939,228.81500244140625,0.04,0.0012260268
NVDA,call,61.0,0.2136986301369863,2026-12-18,169.7,165.9,173.5,170.2,10.0,1.7304700976562502,228.81500244140625,0.04,0.0012260268
NVDA,call,63.0,0.2136986301369863,2026-12-18,167.7,164.05,171.35,163.17,100.0,1.6904312353515625,228.81500244140625,0.04,0.0012260268
NVDA,call,70.0,0.2136986301369863,2026-12-18,161.175,158.35,164.0,161.55,106.0,1.6367205664062499,228.81500244140625,0.04,0.0012260268
NVDA,call,72.0,0.2136986301369863,2026-12-18,159.05,156.55,161.55,158.72,50.0,1.5815450610351558,228.81500244140625,0.04,0.0012260268
NVDA,call,73.0,0.2136986301369863,2026-12-18,157.9,154.3,161.5,158.26,40.0,1.5405296411132814,228.81500244140625,0.04,0.0012260268
NVDA,call,75.0,0.2136986301369863,2026-12-18,155.8,153.4,158.2,141.55,32.0,1.4912134814453122,228.81500244140625,0.04,0.0012260268
NVDA,call,79.0,0.2136986301369863,2026-12-18,151.925,148.4,155.45,146.94,95.0,1.445803552246094,228.81500244140625,0.04,0.0012260268
NVDA,call,83.0,0.2136986301369863,2026-12-18,148.2,145.0,151.4,148.76,150.0,1.4221220300292967,228.81500244140625,0.04,0.0012260268
NVDA,call,85.0,0.2136986301369863,2026-12-18,145.15,143.15,147.15,147.1,35.0,1.2334022705078125,228.81500244140625,0.04,0.0012260268
NVDA,call,90.0,0.2136986301369863,2026-12-18,140.95,138.65,143.25,141.6,27.0,1.2873570788574216,228.81500244140625,0.04,0.0012260268
NVDA,call,91.0,0.2136986301369863,2026-12-18,140.175,136.9,143.45,139.7,50.0,1.302493721923828,228.81500244140625,0.04,0.0012260268
NVDA,call,107.0,0.2136986301369863,2026-12-18,124.42500000000001,121.7,127.15,125.15,20.0,1.1248823052978516,228.81500244140625,0.04,0.0012260268
NVDA,call,115.0,0.2136986301369863,2026-12-18,116.35,113.85,118.85,117.03,107.0,1.0253954980468751,228.81500244140625,0.04,0.0012260268
NVDA,call,117.0,0.2136986301369863,2026-12-18,114.525,111.9,117.15,109.63,10.0,1.019780291748047,228.81500244140625,0.04,0.0012260268
NVDA,call,125.0,0.2136986301369863,2026-12-18,107.1,106.6,107.6,106.7,25.0,0.9816896362304688,228.81500244140625,0.04,0.0012260268
NVDA,call,128.0,0.2136986301369863,2026-12-18,103.55,101.0,106.1,98.1,16.0,0.9060067993164063,228.81500244140625,0.04,0.0012260268
NVDA,call,164.0,0.2136986301369863,2026-12-18,68.9,67.95,69.85,66.7,33.0,0.6552768847656252,228.81500244140625,0.04,0.0012260268
NVDA,call,169.0,0.2136986301369863,2026-12-18,63.775000000000006,62.9,64.65,64.18,200.0,0.6052285571289064,228.81500244140625,0.04,0.0012260268
NVDA,call,172.0,0.2136986301369863,2026-12-18,61.05,59.95,62.15,52.01,43.0,0.5925333715820313,228.81500244140625,0.04,0.0012260268
NVDA,call,189.0,0.2136986301369863,2026-12-18,45.775,45.25,46.3,46.38,301.0,0.5139208764648437,228.81500244140625,0.04,0.0012260268
NVDA,call,200.0,0.2136986301369863,2026-12-18,36.55,36.35,36.75,36.0,54.0,0.478093598022461,228.81500244140625,0.04,0.0012260268
NVDA,call,210.0,0.2136986301369863,2026-12-18,28.75,28.6,28.9,28.8,40.0,0.44165597412109375,228.81500244140625,0.04,0.0012260268
NVDA,call,213.0,0.2136986301369863,2026-12-18,26.825000000000003,26.6,27.05,26.8,22.0,0.44116769775390624,228.81500244140625,0.04,0.0012260268
NVDA,call,214.0,0.2136986301369863,2026-12-18,25.95,25.7,26.2,25.86,12.0,0.4345149322509766,228.81500244140625,0.04,0.0012260268
NVDA,call,215.0,0.2136986301369863,2026-12-18,25.325,25.2,25.45,24.96,54.0,0.43030354858398445,228.81500244140625,0.04,0.0012260268
NVDA,call,219.0,0.2136986301369863,2026-12-18,22.700000000000003,22.55,22.85,22.95,22.0,0.4219418157958984,228.81500244140625,0.04,0.0012260268
NVDA,call,220.0,0.2136986301369863,2026-12-18,22.075,21.95,22.2,22.17,39.0,0.41937836486816404,228.81500244140625,0.04,0.0012260268
NVDA,call,223.0,0.2136986301369863,2026-12-18,20.25,20.15,20.35,20.1,11.0,0.4129087030029296,228.81500244140625,0.04,0.0012260268
NVDA,call,225.0,0.2136986301369863,2026-12-18,19.1,19.0,19.2,19.0,314.0,0.4095823202514648,228.81500244140625,0.04,0.0012260268
NVDA,call,226.0,0.2136986301369863,2026-12-18,18.525,18.45,18.6,18.29,16.0,0.40701886932373044,228.81500244140625,0.04,0.0012260268
NVDA,call,227.0,0.2136986301369863,2026-12-18,17.950000000000003,17.85,18.05,17.6,64.0,0.40546248840332033,228.81500244140625,0.04,0.0012260268
NVDA,call,228.0,0.2136986301369863,2026-12-18,17.450000000000003,17.35,17.55,17.45,73.0,0.4048521429443359,228.81500244140625,0.04,0.0012260268
NVDA,call,230.0,0.2136986301369863,2026-12-18,16.275,16.2,16.35,16.45,195.0,0.39826041198730466,228.81500244140625,0.04,0.0012260268
NVDA,call,235.0,0.2136986301369863,2026-12-18,13.875,13.8,13.95,13.85,65.0,0.39227902648925783,228.81500244140625,0.04,0.0012260268
NVDA,call,240.0,0.2136986301369863,2026-12-18,11.675,11.6,11.75,11.55,319.0,0.38556522644042956,228.81500244140625,0.04,0.0012260268
NVDA,call,245.0,0.2136986301369863,2026-12-18,9.75,9.65,9.85,9.8,44.0,0.3806214282226562,228.81500244140625,0.04,0.0012260268
NVDA,call,250.0,0.2136986301369863,2026-12-18,8.025,7.95,8.1,8.0,887.0,0.37390762817382805,228.81500244140625,0.04,0.0012260268
NVDA,call,255.0,0.2136986301369863,2026-12-18,6.525,6.5,6.55,6.53,129.0,0.3667055517578125,228.81500244140625,0.04,0.0012260268
NVDA,call,260.0,0.2136986301369863,2026-12-18,5.375,5.3,5.45,5.3,206.0,0.36646141357421874,228.81500244140625,0.04,0.0012260268
NVDA,call,265.0,0.2136986301369863,2026-12-18,4.375,4.3,4.45,4.37,16.0,0.3643252044677735,228.81500244140625,0.04,0.0012260268
NVDA,call,270.0,0.2136986301369863,2026-12-18,3.55,3.45,3.65,3.55,73.0,0.36389796264648444,228.81500244140625,0.04,0.0012260268
NVDA,call,275.0,0.2136986301369863,2026-12-18,2.83,2.76,2.9,2.72,692.0,0.3604189935302734,228.81500244140625,0.04,0.0012260268
NVDA,call,280.0,0.2136986301369863,2026-12-18,2.245,2.18,2.31,2.28,931.0,0.35834381896972656,228.81500244140625,0.04,0.0012260268
NVDA,call,285.0,0.2136986301369863,2026-12-18,1.78,1.71,1.85,1.78,12.0,0.3575503698730469,228.81500244140625,0.04,0.0012260268
NVDA,call,295.0,0.2136986301369863,2026-12-18,1.125,1.04,1.21,1.13,174.0,0.3591372680664062,228.81500244140625,0.04,0.0012260268
NVDA,call,300.0,0.2136986301369863,2026-12-18,0.955,0.95,0.96,0.95,337.0,0.35864899169921877,228.81500244140625,0.04,0.0012260268
NVDA,call,305.0,0.2136986301369863,2026-12-18,0.7749999999999999,0.73,0.82,0.8,17.0,0.36377589355468753,228.81500244140625,0.04,0.0012260268
NVDA,call,320.0,0.2136986301369863,2026-12-18,0.425,0.38,0.47,0.43,10.0,0.3723207299804688,228.81500244140625,0.04,0.0012260268
NVDA,call,330.0,0.2136986301369863,2026-12-18,0.305,0.26,0.35,0.33,18.0,0.38184211914062494,228.81500244140625,0.04,0.0012260268
NVDA,call,350.0,0.2136986301369863,2026-12-18,0.22499999999999998,0.15,0.3,0.17,22.0,0.42236905761718746,228.81500244140625,0.04,0.0012260268
NVDA,call,380.0,0.2136986301369863,2026-12-18,0.095,0.01,0.18,0.09,12.0,0.4580132324218751,228.81500244140625,0.04,0.0012260268
NVDA,call,400.0,0.2136986301369863,2026-12-18,0.1,0.05,0.15,0.07,93.0,0.48633326171875,228.81500244140625,0.04,0.0012260268
NVDA,call,430.0,0.2136986301369863,2026-12-18,0.04,0.01,0.07,0.05,13.0,0.49707534179687507,228.81500244140625,0.04,0.0012260268
NVDA,call,450.0,0.2136986301369863,2026-12-18,0.045,0.01,0.08,0.04,384.0,0.50586431640625,228.81500244140625,0.04,0.0012260268
NVDA,call,460.0,0.2136986301369863,2026-12-18,0.025,0.02,0.03,0.03,55.0,0.5019581054687501,228.81500244140625,0.04,0.0012260268
NVDA,call,890.0,0.2136986301369863,2026-12-18,555.175,548.15,562.2,553.4,35.0,0.0,228.81500244140625,0.04,0.0012260268
NVDA,call,900.0,0.2136986301369863,2026-12-18,550.075,543.05,557.1,548.77,16.0,0.0,228.81500244140625,0.04,0.0012260268
NVDA,call,1000.0,0.2136986301369863,2026-12-18,502.7,499.0,506.4,500.0,29.0,0.0,228.81500244140625,0.04,0.0012260268
NVDA,call,1100.0,0.2136986301369863,2026-12-18,456.325,453.45,459.2,458.14,43.0,0.0,228.81500244140625,0.04,0.0012260268
NVDA,call,1170.0,0.2136986301369863,2026-12-18,426.05,424.1,428.0,428.05,26.0,0.0,228.81500244140625,0.04,0.0012260268
NVDA,call,1190.0,0.2136986301369863,2026-12-18,419.675,416.25,423.1,424.72,10.0,0.0,228.81500244140625,0.04,0.0012260268
NVDA,call,1200.0,0.2136986301369863,2026-12-18,415.775,412.55,419.0,415.92,55.0,0.0,228.81500244140625,0.04,0.0012260268
NVDA,call,1210.0,0.2136986301369863,2026-12-18,412.1,408.7,415.5,413.47,68.0,0.0,228.81500244140625,0.04,0.0012260268
NVDA,call,1220.0,0.2136986301369863,2026-12-18,408.275,404.85,411.7,411.05,16.0,0.0,228.81500244140625,0.04,0.0012260268
NVDA,call,1240.0,0.2136986301369863,2026-12-18,400.8,397.3,404.3,405.0,15.0,0.0,228.81500244140625,0.04,0.0012260268
NVDA,call,1250.0,0.2136986301369863,2026-12-18,397.15,394.25,400.05,398.05,31.0,0.0,228.81500244140625,0.04,0.0012260268
NVDA,call,1260.0,0.2136986301369863,2026-12-18,393.5,389.95,397.05,394.28,17.0,0.0,228.81500244140625,0.04,0.0012260268
NVDA,call,1300.0,0.2136986301369863,2026-12-18,379.375,376.45,382.3,385.0,25.0,0.0,228.81500244140625,0.04,0.0012260268
NVDA,call,1400.0,0.2136986301369863,2026-12-18,345.95,343.0,348.9,346.75,27.0,0.0,228.81500244140625,0.04,0.0012260268
NVDA,call,1480.0,0.2136986301369863,2026-12-18,322.57500000000005,318.8,326.35,309.0,27.0,0.0,228.81500244140625,0.04,0.0012260268
NVDA,call,1500.0,0.2136986301369863,2026-12-18,316.05,313.6,318.5,318.0,24.0,0.0,228.81500244140625,0.04,0.0012260268
NVDA,call,1540.0,0.2136986301369863,2026-12-18,305.2,301.95,308.45,305.77,80.0,0.0,228.81500244140625,0.04,0.0012260268
NVDA,call,1600.0,0.2136986301369863,2026-12-18,290.025,286.95,293.1,292.0,16.0,0.0,228.81500244140625,0.04,0.0012260268
NVDA,call,1660.0,0.2136986301369863,2026-12-18,274.55,271.35,277.75,219.12,10.0,0.0,228.81500244140625,0.04,0.0012260268
NVDA,call,1700.0,0.2136986301369863,2026-12-18,265.8,262.75,268.85,265.62,11.0,0.0,228.81500244140625,0.04,0.0012260268
NVDA,call,1730.0,0.2136986301369863,2026-12-18,259.05,257.0,261.1,256.21,12.0,0.0,228.81500244140625,0.04,0.0012260268
NVDA,call,1750.0,0.2136986301369863,2026-12-18,254.575,252.65,256.5,259.95,36.0,0.0,228.81500244140625,0.04,0.0012260268
NVDA,call,1760.0,0.2136986301369863,2026-12-18,252.45,248.9,256.0,256.85,10.0,0.0,228.81500244140625,0.04,0.0012260268
NVDA,call,1780.0,0.2136986301369863,2026-12-18,248.35000000000002,246.15,250.55,247.71,10.0,0.0,228.81500244140625,0.04,0.0012260268
NVDA,call,1800.0,0.2136986301369863,2026-12-18,244.0,242.1,245.9,241.93,71.0,0.0,228.81500244140625,0.04,0.0012260268
NVDA,call,1900.0,0.2136986301369863,2026-12-18,224.325,222.35,226.3,224.0,33.0,11.541018411865235,228.81500244140625,0.04,0.0012260268
NVDA,call,2000.0,0.2136986301369863,2026-12-18,206.7,204.75,208.65,206.64,212.0,9.005741676101685,228.81500244140625,0.04,0.0012260268
NVDA,call,2250.0,0.2136986301369863,2026-12-18,169.325,167.55,171.1,166.86,40.0,7.121888304672241,228.81500244140625,0.04,0.0012260268
NVDA,call,2270.0,0.2136986301369863,2026-12-18,166.7,164.7,168.7,162.3,21.0,7.0318615617370615,228.81500244140625,0.04,0.0012260268
NVDA,call,2280.0,0.2136986301369863,2026-12-18,165.375,163.4,167.35,165.0,170.0,6.987489058609009,228.81500244140625,0.04,0.0012260268
NVDA,call,2300.0,0.2136986301369863,2026-12-18,162.925,161.15,164.7,163.7,82.0,6.907716209106446,228.81500244140625,0.04,0.0012260268
NVDA,call,2400.0,0.2136986301369863,2026-12-18,150.95,149.15,152.75,151.0,13.0,6.547304061965942,228.81500244140625,0.04,0.0012260268
NVDA,call,2450.0,0.2136986301369863,2026-12-18,145.39999999999998,143.6,147.2,145.12,14.0,6.39465532699585,228.81500244140625,0.04,0.0012260268
NVDA,call,2500.0,0.2136986301369863,2026-12-18,139.675,138.55,140.8,139.77,92.0,6.243593504104614,228.81500244140625,0.04,0.0012260268
NVDA,put,55.0,0.2136986301369863,2026-12-18,0.045,0.01,0.08,0.04,24.0,1.1015669921875002,228.81500244140625,0.04,0.0012260268
NVDA,put,83.0,0.2136986301369863,2026-12-18,0.095,0.01,0.18,0.05,13.0,0.85742330078125,228.81500244140625,0.04,0.0012260268
NVDA,put,85.0,0.2136986301369863,2026-12-18,0.10500000000000001,0.05,0.16,0.07,10.0,0.8476577734374999,228.81500244140625,0.04,0.0012260268
NVDA,put,90.0,0.2136986301369863,2026-12-18,0.08,0.05,0.11,0.07,10.0,0.7773459765625,228.81500244140625,0.04,0.0012260268
NVDA,put,100.0,0.2136986301369863,2026-12-18,0.085,0.04,0.13,0.13,21.0,0.6992217578125001,228.81500244140625,0.04,0.0012260268
NVDA,put,130.0,0.2136986301369863,2026-12-18,0.29000000000000004,0.27,0.31,0.29,174.0,0.57617611328125,228.81500244140625,0.04,0.0012260268
NVDA,put,138.0,0.2136986301369863,2026-12-18,0.41000000000000003,0.37,0.45,0.38,626.0,0.5502974658203126,228.81500244140625,0.04,0.0012260268
NVDA,put,140.0,0.2136986301369863,2026-12-18,0.41000000000000003,0.39,0.43,0.41,11.0,0.5366257275390626,228.81500244140625,0.04,0.0012260268
NVDA,put,145.0,0.2136986301369863,2026-12-18,0.475,0.45,0.5,0.46,1270.0,0.5151415673828125,228.81500244140625,0.04,0.0012260268
NVDA,put,150.0,0.2136986301369863,2026-12-18,0.575,0.55,0.6,0.58,11.0,0.5017139672851563,228.81500244140625,0.04,0.0012260268
NVDA,put,152.0,0.2136986301369863,2026-12-18,0.6799999999999999,0.59,0.77,0.65,11.0,0.5114794946289063,228.81500244140625,0.04,0.0012260268
NVDA,put,154.0,0.2136986301369863,2026-12-18,0.66,0.52,0.8,0.67,22.0,0.5012256909179689,228.81500244140625,0.04,0.0012260268
NVDA,put,155.0,0.2136986301369863,2026-12-18,0.745,0.66,0.83,0.67,96.0,0.4978077563476563,228.81500244140625,0.04,0.0012260268
NVDA,put,156.0,0.2136986301369863,2026-12-18,0.78,0.69,0.87,0.75,23.0,0.49561051269531253,228.81500244140625,0.04,0.0012260268
NVDA,put,158.0,0.2136986301369863,2026-12-18,0.7849999999999999,0.69,0.88,0.85,30.0,0.48291532714843755,228.81500244140625,0.04,0.0012260268
NVDA,put,165.0,0.2136986301369863,2026-12-18,0.99,0.95,1.03,1.02,99.0,0.44995667236328124,228.81500244140625,0.04,0.0012260268
NVDA,put,167.0,0.2136986301369863,2026-12-18,1.06,1.0,1.12,1.05,29.0,0.4445856323242187,228.81500244140625,0.04,0.0012260268
NVDA,put,170.0,0.2136986301369863,2026-12-18,1.2,1.17,1.23,1.2,17.0,0.4331111376953125,228.81500244140625,0.04,0.0012260268
NVDA,put,179.0,0.2136986301369863,2026-12-18,1.715,1.62,1.81,1.85,97.0,0.4106504248046875,228.81500244140625,0.04,0.0012260268
NVDA,put,180.0,0.2136986301369863,2026-12-18,1.8399999999999999,1.79,1.89,1.8,53.0,0.40833111206054684,228.81500244140625,0.04,0.0012260268
NVDA,put,182.0,0.2136986301369863,2026-12-18,2.0,1.94,2.06,1.98,160.0,0.4035704174804688,228.81500244140625,0.04,0.0012260268
NVDA,put,183.0,0.2136986301369863,2026-12-18,2.085,2.04,2.13,2.07,60.0,0.40015248291015626,228.81500244140625,0.04,0.0012260268
NVDA,put,185.0,0.2136986301369863,2026-12-18,2.255,2.21,2.3,2.25,19.0,0.39453730468750003,228.81500244140625,0.04,0.0012260268
NVDA,put,186.0,0.2136986301369863,2026-12-18,2.39,2.33,2.45,2.55,12.0,0.39465937377929694,228.81500244140625,0.04,0.0012260268
NVDA,put,190.0,0.2136986301369863,2026-12-18,2.8049999999999997,2.76,2.85,2.8,77.0,0.3834290173339844,228.81500244140625,0.04,0.0012260268
NVDA,put,192.0,0.2136986301369863,2026-12-18,3.075,3.0,3.15,3.05,46.0,0.3811097045898437,228.81500244140625,0.04,0.0012260268
NVDA,put,193.0,0.2136986301369863,2026-12-18,3.175,3.1,3.25,3.25,30.0,0.37744763183593744,228.81500244140625,0.04,0.0012260268
NVDA,put,194.0,0.2136986301369863,2026-12-18,3.325,3.25,3.4,3.45,28.0,0.37573866455078125,228.81500244140625,0.04,0.0012260268
NVDA,put,195.0,0.2136986301369863,2026-12-18,3.4749999999999996,3.4,3.55,3.6,51.0,0.3737855590820312,228.81500244140625,0.04,0.0012260268
NVDA,put,200.0,0.2136986301369863,2026-12-18,4.3,4.25,4.35,4.34,739.0,0.3627993408203125,228.81500244140625,0.04,0.0012260268
NVDA,put,205.0,0.2136986301369863,2026-12-18,5.325,5.25,5.4,5.31,27.0,0.3548648498535155,228.81500244140625,0.04,0.0012260268
NVDA,put,210.0,0.2136986301369863,2026-12-18,6.575,6.5,6.65,6.59,323.0,0.34705242797851554,228.81500244140625,0.04,0.0012260268
NVDA,put,212.0,0.2136986301369863,2026-12-18,7.125,7.05,7.2,7.3,42.0,0.34363449340820307,228.81500244140625,0.04,0.0012260268
NVDA,put,215.0,0.2136986301369863,2026-12-18,8.025,7.95,8.1,7.95,52.0,0.33875172973632806,228.81500244140625,0.04,0.0012260268
NVDA,put,216.0,0.2136986301369863,2026-12-18,8.325,8.25,8.4,8.56,103.0,0.3366460379028321,228.81500244140625,0.04,0.0012260268
NVDA,put,220.0,0.2136986301369863,2026-12-18,9.725,9.6,9.85,9.82,51.0,0.3320379296875,228.81500244140625,0.04,0.0012260268
NVDA,put,221.0,0.2136986301369863,2026-12-18,10.1,10.0,10.2,10.15,10.0,0.32996275512695306,228.81500244140625,0.04,0.0012260268
NVDA,put,222.0,0.2136986301369863,2026-12-18,10.5,10.4,10.6,10.57,159.0,0.3288030987548828,228.81500244140625,0.04,0.0012260268
NVDA,put,224.0,0.2136986301369863,2026-12-18,11.3,11.2,11.4,11.45,30.0,0.3257513714599609,228.81500244140625,0.04,0.0012260268
NVDA,put,225.0,0.2136986301369863,2026-12-18,11.725,11.6,11.85,11.8,35.0,0.3250189569091796,228.81500244140625,0.04,0.0012260268
NVDA,put,228.0,0.2136986301369863,2026-12-18,13.025,12.9,13.15,13.05,11.0,0.3200751586914062,228.81500244140625,0.04,0.0012260268
NVDA,put,230.0,0.2136986301369863,2026-12-18,13.95,13.85,14.05,13.9,105.0,0.3162299822998046,228.81500244140625,0.04,0.0012260268
NVDA,put,235.0,0.2136986301369863,2026-12-18,16.425,16.3,16.55,16.6,12.0,0.3076851458740234,228.81500244140625,0.04,0.0012260268
NVDA,put,245.0,0.2136986301369863,2026-12-18,22.3,22.1,22.5,22.36,454.0,0.291877198486328,228.81500244140625,0.04,0.0012260268
NVDA,put,250.0,0.2136986301369863,2026-12-18,25.7,25.5,25.9,26.15,43.0,0.28339339660644525,228.81500244140625,0.04,0.0012260268
NVDA,put,265.0,0.2136986301369863,2026-12-18,37.325,36.4,38.25,37.25,30.0,0.27948718566894526,228.81500244140625,0.04,0.0012260268
NVDA,put,270.0,0.2136986301369863,2026-12-18,41.325,40.5,42.15,41.0,26.0,0.24781025634765624,228.81500244140625,0.04,0.0012260268
NVDA,put,275.0,0.2136986301369863,2026-12-18,45.6,44.85,46.35,51.72,36.0,0.19361157958984376,228.81500244140625,0.04,0.0012260268
NVDA,put,280.0,0.2136986301369863,2026-12-18,50.474999999999994,49.8,51.15,50.21,12.0,1.0000000000000003e-05,228.81500244140625,0.04,0.0012260268
NVDA,put,285.0,0.2136986301369863,2026-12-18,54.675,53.25,56.1,66.45,29.0,1.0000000000000003e-05,228.81500244140625,0.04,0.0012260268
NVDA,put,295.0,0.2136986301369863,2026-12-18,65.025,62.85,67.2,65.79,16.0,0.3460758752441406,228.81500244140625,0.04,0.0012260268
NVDA,put,300.0,0.2136986301369863,2026-12-18,69.1,68.05,70.15,69.0,10.0,1.0000000000000003e-05,228.81500244140625,0.04,0.0012260268
NVDA,put,325.0,0.2136986301369863,2026-12-18,95.075,92.7,97.45,100.12,35.0,0.46326220336914065,228.81500244140625,0.04,0.0012260268
NVDA,put,330.0,0.2136986301369863,2026-12-18,100.825,96.9,104.75,113.78,46.0,0.6087685607910158,228.81500244140625,0.04,0.0012260268
NVDA,put,345.0,0.2136986301369863,2026-12-18,115.625,111.9,119.35,120.04,35.0,0.6392858337402343,228.81500244140625,0.04,0.0012260268
NVDA,put,450.0,0.2136986301369863,2026-12-18,21.375,20.55,22.2,22.1,15.0,1.0000000000000003e-05,228.81500244140625,0.04,0.0012260268
NVDA,put,500.0,0.2136986301369863,2026-12-18,29.225,28.8,29.65,28.8,11.0,1.0000000000000003e-05,228.81500244140625,0.04,0.0012260268
NVDA,put,520.0,0.2136986301369863,2026-12-18,32.0,31.0,33.0,33.8,18.0,1.0000000000000003e-05,228.81500244140625,0.04,0.0012260268
NVDA,put,580.0,0.2136986301369863,2026-12-18,43.625,42.6,44.65,51.5,30.0,1.0000000000000003e-05,228.81500244140625,0.04,0.0012260268
NVDA,put,600.0,0.2136986301369863,2026-12-18,46.95,46.0,47.9,47.7,22.0,1.0000000000000003e-05,228.81500244140625,0.04,0.0012260268
NVDA,put,710.0,0.2136986301369863,2026-12-18,75.25,73.85,76.65,74.69,12.0,1.0000000000000003e-05,228.81500244140625,0.04,0.0012260268
NVDA,put,720.0,0.2136986301369863,2026-12-18,77.7,76.15,79.25,81.85,20.0,1.0000000000000003e-05,228.81500244140625,0.04,0.0012260268
NVDA,put,730.0,0.2136986301369863,2026-12-18,80.975,79.45,82.5,84.65,20.0,1.0000000000000003e-05,228.81500244140625,0.04,0.0012260268
NVDA,put,750.0,0.2136986301369863,2026-12-18,86.94999999999999,85.55,88.35,87.25,12.0,1.0000000000000003e-05,228.81500244140625,0.04,0.0012260268
NVDA,put,800.0,0.2136986301369863,2026-12-18,102.975,101.45,104.5,102.78,20.0,1.0000000000000003e-05,228.81500244140625,0.04,0.0012260268
NVDA,put,820.0,0.2136986301369863,2026-12-18,109.9,108.25,111.55,110.6,12.0,1.0000000000000003e-05,228.81500244140625,0.04,0.0012260268
NVDA,put,900.0,0.2136986301369863,2026-12-18,139.39999999999998,137.7,141.1,139.0,11.0,1.0000000000000003e-05,228.81500244140625,0.04,0.0012260268
NVDA,put,930.0,0.2136986301369863,2026-12-18,151.275,149.65,152.9,154.25,32.0,1.0000000000000003e-05,228.81500244140625,0.04,0.0012260268
NVDA,put,970.0,0.2136986301369863,2026-12-18,168.22500000000002,166.15,170.3,172.5,53.0,1.0000000000000003e-05,228.81500244140625,0.04,0.0012260268
NVDA,put,1000.0,0.2136986301369863,2026-12-18,180.95,179.25,182.65,182.0,12.0,1.0000000000000003e-05,228.81500244140625,0.04,0.0012260268
NVDA,put,1190.0,0.2136986301369863,2026-12-18,274.825,272.4,277.25,272.8,14.0,1.0000000000000003e-05,228.81500244140625,0.04,0.0012260268
NVDA,put,1200.0,0.2136986301369863,2026-12-18,281.225,274.65,287.8,280.36,26.0,1.0000000000000003e-05,228.81500244140625,0.04,0.0012260268
NVDA,put,1280.0,0.2136986301369863,2026-12-18,323.8,318.5,329.1,337.0,38.0,1.0000000000000003e-05,228.81500244140625,0.04,0.0012260268
NVDA,put,1340.0,0.2136986301369863,2026-12-18,360.35,354.1,366.6,369.0,40.0,1.0000000000000003e-05,228.81500244140625,0.04,0.0012260268
NVDA,put,1400.0,0.2136986301369863,2026-12-18,398.9,390.65,407.15,397.0,38.0,1.0000000000000003e-05,228.81500244140625,0.04,0.0012260268
NVDA,put,1420.0,0.2136986301369863,2026-12-18,412.70000000000005,404.55,420.85,425.0,18.0,1.0000000000000003e-05,228.81500244140625,0.04,0.0012260268
NVDA,put,1500.0,0.2136986301369863,2026-12-18,464.9,456.4,473.4,475.43,26.0,1.0000000000000003e-05,228.81500244140625,0.04,0.0012260268
NVDA,put,1520.0,0.2136986301369863,2026-12-18,478.70000000000005,470.35,487.05,489.0,14.0,1.0000000000000003e-05,228.81500244140625,0.04,0.0012260268
NVDA,put,1560.0,0.2136986301369863,2026-12-18,505.725,496.25,515.2,496.98,100.0,1.0000000000000003e-05,228.81500244140625,0.04,0.0012260268
NVDA,put,1580.0,0.2136986301369863,2026-12-18,520.425,512.05,528.8,510.82,100.0,1.0000000000000003e-05,228.81500244140625,0.04,0.0012260268
NVDA,put,1710.0,0.2136986301369863,2026-12-18,614.85,606.0,623.7,612.54,10.0,1.0000000000000003e-05,228.81500244140625,0.04,0.0012260268
NVDA,put,1750.0,0.2136986301369863,2026-12-18,645.9,636.0,655.8,642.94,10.0,1.0000000000000003e-05,228.81500244140625,0.04,0.0012260268
NVDA,put,1840.0,0.2136986301369863,2026-12-18,715.0,706.0,724.0,759.1,10.0,1.0000000000000003e-05,228.81500244140625,0.04,0.0012260268
NVDA,call,5.0,0.29041095890410956,2027-01-15,225.575,221.65,229.5,213.95,60.0,5.023441220703125,228.81500244140625,0.04,0.0012260268
NVDA,call,35.0,0.29041095890410956,2027-01-15,195.925,192.0,199.85,188.58,13.0,2.1582077294921875,228.81500244140625,0.04,0.0012260268
NVDA,call,65.0,0.29041095890410956,2027-01-15,166.275,162.4,170.15,154.68,20.0,1.5026880334472654,228.81500244140625,0.04,0.0012260268
NVDA,call,110.0,0.29041095890410956,2027-01-15,121.95,120.65,123.25,122.41,13.0,0.9790041162109376,228.81500244140625,0.04,0.0012260268
NVDA,call,125.0,0.29041095890410956,2027-01-15,107.25,106.1,108.4,107.73,112.0,0.8535170898437501,228.81500244140625,0.04,0.0012260268
NVDA,call,130.0,0.29041095890410956,2027-01-15,102.3,101.3,103.3,102.67,66.0,0.8110370458984374,228.81500244140625,0.04,0.0012260268
NVDA,call,150.0,0.29041095890410956,2027-01-15,83.525,82.9,84.15,83.02,264.0,0.7036162451171876,228.81500244140625,0.04,0.0012260268
NVDA,call,155.0,0.29041095890410956,2027-01-15,78.275,77.05,79.5,78.52,18.0,0.6506382592773439,228.81500244140625,0.04,0.0012260268
NVDA,call,160.0,0.29041095890410956,2027-01-15,73.9,73.75,74.05,73.88,34.0,0.6374547973632813,228.81500244140625,0.04,0.0012260268
NVDA,call,170.0,0.29041095890410956,2027-01-15,64.325,63.85,64.8,64.05,10.0,0.5739788696289063,228.81500244140625,0.04,0.0012260268
NVDA,call,180.0,0.29041095890410956,2027-01-15,55.375,55.05,55.7,55.23,58.0,0.5310105493164063,228.81500244140625,0.04,0.0012260268
NVDA,call,185.0,0.29041095890410956,2027-01-15,50.875,50.3,51.45,50.3,11.0,0.5067798345947265,228.81500244140625,0.04,0.0012260268
NVDA,call,195.0,0.29041095890410956,2027-01-15,42.75,42.5,43.0,41.8,16.0,0.48511257080078124,228.81500244140625,0.04,0.0012260268
NVDA,call,200.0,0.29041095890410956,2027-01-15,38.75,38.5,39.0,38.6,165.0,0.46832807067871096,228.81500244140625,0.04,0.0012260268
NVDA,call,205.0,0.29041095890410956,2027-01-15,34.975,34.7,35.25,34.88,11.0,0.45514460876464846,228.81500244140625,0.04,0.0012260268
NVDA,call,210.0,0.29041095890410956,2027-01-15,31.375,31.2,31.55,31.22,31.0,0.4401911450195312,228.81500244140625,0.04,0.0012260268
NVDA,call,215.0,0.29041095890410956,2027-01-15,27.9,27.8,28.0,27.9,43.0,0.42557337127685546,228.81500244140625,0.04,0.0012260268
NVDA,call,220.0,0.29041095890410956,2027-01-15,24.825,24.7,24.95,24.85,68.0,0.418401812133789,228.81500244140625,0.04,0.0012260268
NVDA,call,225.0,0.29041095890410956,2027-01-15,21.975,21.9,22.05,21.99,233.0,0.41058939025878904,228.81500244140625,0.04,0.0012260268
NVDA,call,230.0,0.29041095890410956,2027-01-15,19.225,19.15,19.3,19.15,509.0,0.40204455383300786,228.81500244140625,0.04,0.0012260268
NVDA,call,235.0,0.29041095890410956,2027-01-15,16.700000000000003,16.6,16.8,16.82,223.0,0.3947509255981446,228.81500244140625,0.04,0.0012260268
NVDA,call,240.0,0.29041095890410956,2027-01-15,14.45,14.35,14.55,14.35,926.0,0.3885864364624023,228.81500244140625,0.04,0.0012260268
NVDA,call,245.0,0.29041095890410956,2027-01-15,12.425,12.35,12.5,12.21,87.0,0.3825134991455078,228.81500244140625,0.04,0.0012260268
NVDA,call,250.0,0.29041095890410956,2027-01-15,10.65,10.55,10.75,10.7,792.0,0.37879039184570307,228.81500244140625,0.04,0.0012260268
NVDA,call,255.0,0.29041095890410956,2027-01-15,9.075,9.0,9.15,9.0,153.0,0.37436538726806634,228.81500244140625,0.04,0.0012260268
NVDA,call,260.0,0.29041095890410956,2027-01-15,7.625,7.6,7.65,7.6,169.0,0.36817038085937503,228.81500244140625,0.04,0.0012260268
NVDA,call,265.0,0.29041095890410956,2027-01-15,6.475,6.4,6.55,6.34,108.0,0.36762106994628907,228.81500244140625,0.04,0.0012260268
NVDA,call,270.0,0.29041095890410956,2027-01-15,5.425,5.35,5.5,5.44,154.0,0.36475244628906256,228.81500244140625,0.04,0.0012260268
NVDA,call,275.0,0.29041095890410956,2027-01-15,4.55,4.5,4.6,4.35,137.0,0.36225002990722655,228.81500244140625,0.04,0.0012260268
NVDA,call,280.0,0.29041095890410956,2027-01-15,3.8,3.75,3.85,3.7,23.0,0.3606631317138671,228.81500244140625,0.04,0.0012260268
NVDA,call,285.0,0.29041095890410956,2027-01-15,3.175,3.1,3.25,3.1,23.0,0.3606631317138671,228.81500244140625,0.04,0.0012260268
NVDA,call,290.0,0.29041095890410956,2027-01-15,2.66,2.58,2.74,2.6,67.0,0.360785200805664,228.81500244140625,0.04,0.0012260268
NVDA,call,295.0,0.29041095890410956,2027-01-15,2.205,2.15,2.26,2.2,45.0,0.35907623352050777,228.81500244140625,0.04,0.0012260268
NVDA,call,300.0,0.29041095890410956,2027-01-15,1.8399999999999999,1.79,1.89,1.86,316.0,0.35907623352050777,228.81500244140625,0.04,0.0012260268
NVDA,call,310.0,0.29041095890410956,2027-01-15,1.3,1.26,1.34,1.28,58.0,0.36072416625976556,228.81500244140625,0.04,0.0012260268
NVDA,call,320.0,0.29041095890410956,2027-01-15,0.9450000000000001,0.92,0.97,0.94,33.0,0.36414210083007814,228.81500244140625,0.04,0.0012260268
NVDA,call,340.0,0.29041095890410956,2027-01-15,0.51,0.49,0.53,0.51,71.0,0.37305314453125,228.81500244140625,0.04,0.0012260268
NVDA,call,350.0,0.29041095890410956,2027-01-15,0.405,0.37,0.44,0.55,12.0,0.383795224609375,228.81500244140625,0.04,0.0012260268
NVDA,call,360.0,0.29041095890410956,2027-01-15,0.275,0.2,0.35,0.35,12.0,0.39111937011718745,228.81500244140625,0.04,0.0012260268
NVDA,call,400.0,0.29041095890410956,2027-01-15,0.15000000000000002,0.13,0.17,0.15,14.0,0.42383388671875,228.81500244140625,0.04,0.0012260268
NVDA,call,410.0,0.29041095890410956,2027-01-15,0.095,0.07,0.12,0.07,10.0,0.422857333984375,228.81500244140625,0.04,0.0012260268
NVDA,call,430.0,0.29041095890410956,2027-01-15,0.125,0.04,0.21,0.07,13.0,0.4819387744140625,228.81500244140625,0.04,0.0012260268
NVDA,call,450.0,0.29041095890410956,2027-01-15,0.060000000000000005,0.05,0.07,0.05,10.0,0.454107021484375,228.81500244140625,0.04,0.0012260268
NVDA,call,460.0,0.29041095890410956,2027-01-15,0.045,0.04,0.05,0.05,65.0,0.45117736328125,228.81500244140625,0.04,0.0012260268
NVDA,put,60.0,0.29041095890410956,2027-01-15,0.055,0.01,0.1,0.06,53.0,0.9062509375,228.81500244140625,0.04,0.0012260268
NVDA,put,70.0,0.29041095890410956,2027-01-15,0.08499999999999999,0.05,0.12,0.07,10.0,0.8437515624999999,228.81500244140625,0.04,0.0012260268
NVDA,put,80.0,0.29041095890410956,2027-01-15,0.09,0.08,0.1,0.1,5000.0,0.7578149218750001,228.81500244140625,0.04,0.0012260268
NVDA,put,95.0,0.29041095890410956,2027-01-15,0.135,0.1,0.17,0.14,42.0,0.6709017285156251,228.81500244140625,0.04,0.0012260268
NVDA,put,115.0,0.29041095890410956,2027-01-15,0.275,0.26,0.29,0.26,11.0,0.586918193359375,228.81500244140625,0.04,0.0012260268
NVDA,put,120.0,0.29041095890410956,2027-01-15,0.29500000000000004,0.25,0.34,0.32,21.0,0.559574716796875,228.81500244140625,0.04,0.0012260268
NVDA,put,130.0,0.29041095890410956,2027-01-15,0.435,0.4,0.47,0.44,15.0,0.5268602001953125,228.81500244140625,0.04,0.0012260268
NVDA,put,135.0,0.29041095890410956,2027-01-15,0.49,0.44,0.54,0.52,58.0,0.5053760400390624,228.81500244140625,0.04,0.0012260268
NVDA,put,140.0,0.29041095890410956,2027-01-15,0.62,0.6,0.64,0.62,18.0,0.49707534179687507,228.81500244140625,0.04,0.0012260268
NVDA,put,145.0,0.29041095890410956,2027-01-15,0.7649999999999999,0.69,0.84,0.7,50.0,0.4903615417480469,228.81500244140625,0.04,0.0012260268
NVDA,put,150.0,0.29041095890410956,2027-01-15,0.86,0.84,0.88,0.84,11.0,0.4633842724609375,228.81500244140625,0.04,0.0012260268
NVDA,put,155.0,0.29041095890410956,2027-01-15,0.99,0.96,1.02,1.02,13.0,0.44605046142578125,228.81500244140625,0.04,0.0012260268
NVDA,put,160.0,0.29041095890410956,2027-01-15,1.225,1.21,1.24,1.23,584.0,0.4335994140625,228.81500244140625,0.04,0.0012260268
NVDA,put,170.0,0.29041095890410956,2027-01-15,1.79,1.75,1.83,1.78,11.0,0.4101621484375,228.81500244140625,0.04,0.0012260268
NVDA,put,180.0,0.29041095890410956,2027-01-15,2.63,2.6,2.66,2.62,114.0,0.38721315917968746,228.81500244140625,0.04,0.0012260268
NVDA,put,185.0,0.29041095890410956,2027-01-15,3.2,3.15,3.25,3.15,11.0,0.3781800463867187,228.81500244140625,0.04,0.0012260268
NVDA,put,190.0,0.29041095890410956,2027-01-15,3.9,3.8,4.0,3.95,24.0,0.3709779699707031,228.81500244140625,0.04,0.0012260268
NVDA,put,200.0,0.29041095890410956,2027-01-15,5.7,5.65,5.75,5.75,3194.0,0.35205726074218746,228.81500244140625,0.04,0.0012260268
NVDA,put,205.0,0.29041095890410956,2027-01-15,6.85,6.8,6.9,7.12,158.0,0.34409225250244135,228.81500244140625,0.04,0.0012260268
NVDA,put,210.0,0.29041095890410956,2027-01-15,8.25,8.15,8.35,8.24,68.0,0.33899586791992187,228.81500244140625,0.04,0.0012260268
NVDA,put,215.0,0.29041095890410956,2027-01-15,9.85,9.75,9.95,9.87,182.0,0.332587240600586,228.81500244140625,0.04,0.0012260268
NVDA,put,220.0,0.29041095890410956,2027-01-15,11.7,11.65,11.75,11.7,140.0,0.32581240600585937,228.81500244140625,0.04,0.0012260268
NVDA,put,225.0,0.29041095890410956,2027-01-15,13.65,13.55,13.75,13.65,84.0,0.31842722595214834,228.81500244140625,0.04,0.0012260268
NVDA,put,230.0,0.29041095890410956,2027-01-15,16.0,15.95,16.05,16.11,2080.0,0.3122627368164062,228.81500244140625,0.04,0.0012260268
NVDA,put,235.0,0.29041095890410956,2027-01-15,18.5,18.35,18.65,18.45,196.0,0.307074800415039,228.81500244140625,0.04,0.0012260268
NVDA,put,250.0,0.29041095890410956,2027-01-15,27.35,26.7,28.0,28.5,196.0,0.29267064758300776,228.81500244140625,0.04,0.0012260268
NVDA,put,255.0,0.29041095890410956,2027-01-15,30.825000000000003,30.05,31.6,31.75,24.0,0.28803202209472645,228.81500244140625,0.04,0.0012260268
NVDA,put,260.0,0.29041095890410956,2027-01-15,34.65,34.15,35.15,36.45,30.0,0.27616080291748035,228.81500244140625,0.04,0.0012260268
NVDA,put,270.0,0.29041095890410956,2027-01-15,42.3,41.95,42.65,42.05,31.0,0.23657989990234374,228.81500244140625,0.04,0.0012260268
NVDA,put,275.0,0.29041095890410956,2027-01-15,46.525000000000006,46.35,46.7,46.6,102.0,0.20191227783203125,228.81500244140625,0.04,0.0012260268
NVDA,put,280.0,0.29041095890410956,2027-01-15,51.2,50.55,51.85,51.6,24.0,0.22840127075195313,228.81500244140625,0.04,0.0012260268
NVDA,put,290.0,0.29041095890410956,2027-01-15,60.45,59.75,61.15,60.35,12.0,1.0000000000000003e-05,228.81500244140625,0.04,0.0012260268
NVDA,put,380.0,0.29041095890410956,2027-01-15,149.675,146.5,152.85,158.12,15.0,0.5564009204101563,228.81500244140625,0.04,0.0012260268
NVDA,call,65.0,0.3863013698630137,2027-02-19,166.25,162.75,169.75,155.05,10.0,1.3012730249023434,228.81500244140625,0.04,0.0012260268
NVDA,call,110.0,0.3863013698630137,2027-02-19,122.625,119.9,125.35,113.15,29.0,0.8937998901367187,228.81500244140625,0.04,0.0012260268
NVDA,call,145.0,0.3863013698630137,2027-02-19,88.75,86.45,91.05,87.93,10.0,0.6573520593261719,228.81500244140625,0.04,0.0012260268
NVDA,call,150.0,0.3863013698630137,2027-02-19,84.1,83.2,85.0,83.75,84.0,0.6336706555175782,228.81500244140625,0.04,0.0012260268
NVDA,call,190.0,0.3863013698630137,2027-02-19,48.775000000000006,48.1,49.45,49.35,60.0,0.4921315435791016,228.81500244140625,0.04,0.0012260268
NVDA,call,195.0,0.3863013698630137,2027-02-19,45.15,44.65,45.65,44.94,22.0,0.4809622216796875,228.81500244140625,0.04,0.0012260268
NVDA,call,210.0,0.3863013698630137,2027-02-19,34.175,33.75,34.6,35.41,51.0,0.44171700866699215,228.81500244140625,0.04,0.0012260268
NVDA,call,220.0,0.3863013698630137,2027-02-19,28.125,27.75,28.5,27.9,25.0,0.42804527038574225,228.81500244140625,0.04,0.0012260268
NVDA,call,225.0,0.3863013698630137,2027-02-19,24.975,24.9,25.05,24.5,20.0,0.4100400793457031,228.81500244140625,0.04,0.0012260268
NVDA,call,230.0,0.3863013698630137,2027-02-19,22.325,22.2,22.45,22.25,53.0,0.404577487487793,228.81500244140625,0.04,0.0012260268
NVDA,call,235.0,0.3863013698630137,2027-02-19,19.875,19.75,20.0,19.9,20.0,0.3988707574462891,228.81500244140625,0.04,0.0012260268
NVDA,call,240.0,0.3863013698630137,2027-02-19,17.6,17.45,17.75,17.24,15.0,0.3937743728637696,228.81500244140625,0.04,0.0012260268
NVDA,call,245.0,0.3863013698630137,2027-02-19,15.5,15.4,15.6,15.7,43.0,0.3875183319091796,228.81500244140625,0.04,0.0012260268
NVDA,call,250.0,0.3863013698630137,2027-02-19,13.625,13.5,13.75,13.73,318.0,0.38373419006347653,228.81500244140625,0.04,0.0012260268
NVDA,call,255.0,0.3863013698630137,2027-02-19,11.9,11.8,12.0,11.7,50.0,0.3788514263916015,228.81500244140625,0.04,0.0012260268
NVDA,call,260.0,0.3863013698630137,2027-02-19,10.425,10.3,10.55,10.45,96.0,0.3767762518310547,228.81500244140625,0.04,0.0012260268
NVDA,call,270.0,0.3863013698630137,2027-02-19,7.85,7.75,7.95,7.9,677.0,0.37036762451171873,228.81500244140625,0.04,0.0012260268
NVDA,call,275.0,0.3863013698630137,2027-02-19,6.825,6.75,6.9,6.88,45.0,0.3683534844970704,228.81500244140625,0.04,0.0012260268
NVDA,call,290.0,0.3863013698630137,2027-02-19,4.35,4.25,4.45,4.5,12.0,0.36365382446289063,228.81500244140625,0.04,0.0012260268
NVDA,call,295.0,0.3863013698630137,2027-02-19,3.75,3.65,3.85,3.7,12.0,0.36304347900390627,228.81500244140625,0.04,0.0012260268
NVDA,call,300.0,0.3863013698630137,2027-02-19,3.2249999999999996,3.15,3.3,3.29,19.0,0.36176175354003903,228.81500244140625,0.04,0.0012260268
NVDA,call,305.0,0.3863013698630137,2027-02-19,2.775,2.69,2.86,2.76,32.0,0.3618227880859375,228.81500244140625,0.04,0.0012260268
NVDA,call,310.0,0.3863013698630137,2027-02-19,2.365,2.26,2.47,2.44,34.0,0.36176175354003903,228.81500244140625,0.04,0.0012260268
NVDA,call,315.0,0.3863013698630137,2027-02-19,2.12,2.04,2.2,2.05,18.0,0.3645083081054688,228.81500244140625,0.04,0.0012260268
NVDA,call,335.0,0.3863013698630137,2027-02-19,1.21,1.15,1.27,1.23,88.0,0.3679262426757813,228.81500244140625,0.04,0.0012260268
NVDA,call,350.0,0.3863013698630137,2027-02-19,0.81,0.78,0.84,0.79,19.0,0.37036762451171873,228.81500244140625,0.04,0.0012260268
NVDA,call,360.0,0.3863013698630137,2027-02-19,0.64,0.6,0.68,0.69,12.0,0.375982802734375,228.81500244140625,0.04,0.0012260268
NVDA,call,365.0,0.3863013698630137,2027-02-19,0.565,0.53,0.6,0.66,15.0,0.37744763183593744,228.81500244140625,0.04,0.0012260268
NVDA,call,430.0,0.3863013698630137,2027-02-19,0.19,0.01,0.37,0.41,291.0,0.4497125341796875,228.81500244140625,0.04,0.0012260268
NVDA,put,55.0,0.3863013698630137,2027-02-19,0.11,0.01,0.21,0.03,102.0,0.9023447265625,228.81500244140625,0.04,0.0012260268
NVDA,put,105.0,0.3863013698630137,2027-02-19,0.26,0.08,0.44,0.28,11.0,0.5664105859375,228.81500244140625,0.04,0.0012260268
NVDA,put,120.0,0.3863013698630137,2027-02-19,0.43000000000000005,0.4,0.46,0.44,20.0,0.5136767382812499,228.81500244140625,0.04,0.0012260268
NVDA,put,125.0,0.3863013698630137,2027-02-19,0.52,0.49,0.55,0.53,25.0,0.5043994873046875,228.81500244140625,0.04,0.0012260268
NVDA,put,135.0,0.3863013698630137,2027-02-19,0.745,0.71,0.78,0.72,12.0,0.4758353198242187,228.81500244140625,0.04,0.0012260268
NVDA,put,140.0,0.3863013698630137,2027-02-19,0.9099999999999999,0.84,0.98,0.87,56.0,0.4672904833984375,228.81500244140625,0.04,0.0012260268
NVDA,put,155.0,0.3863013698630137,2027-02-19,1.58,1.46,1.7,1.53,10.0,0.4338435522460938,228.81500244140625,0.04,0.0012260268
NVDA,put,160.0,0.3863013698630137,2027-02-19,1.8050000000000002,1.76,1.85,1.81,70.0,0.41345801391601555,228.81500244140625,0.04,0.0012260268
NVDA,put,175.0,0.3863013698630137,2027-02-19,3.1,3.0,3.2,3.15,29.0,0.3859924682617187,228.81500244140625,0.04,0.0012260268
NVDA,put,180.0,0.3863013698630137,2027-02-19,3.75,3.65,3.85,3.78,27.0,0.3784852191162109,228.81500244140625,0.04,0.0012260268
NVDA,put,185.0,0.3863013698630137,2027-02-19,4.475,4.4,4.55,4.61,10.0,0.3695131408691406,228.81500244140625,0.04,0.0012260268
NVDA,put,190.0,0.3863013698630137,2027-02-19,5.3,5.25,5.35,5.25,12.0,0.3604189935302734,228.81500244140625,0.04,0.0012260268
NVDA,put,200.0,0.3863013698630137,2027-02-19,7.425,7.35,7.5,7.43,102.0,0.34680828979492184,228.81500244140625,0.04,0.0012260268
NVDA,put,215.0,0.3863013698630137,2027-02-19,11.925,11.8,12.05,11.8,113.0,0.32901671966552726,228.81500244140625,0.04,0.0012260268
NVDA,put,220.0,0.3863013698630137,2027-02-19,13.8,13.65,13.95,14.1,102.0,0.3232794723510741,228.81500244140625,0.04,0.0012260268
NVDA,put,230.0,0.3863013698630137,2027-02-19,18.15,18.0,18.3,18.52,56.0,0.3106758386230468,228.81500244140625,0.04,0.0012260268
NVDA,put,235.0,0.3863013698630137,2027-02-19,20.65,20.55,20.75,21.04,11.0,0.3035347967529296,228.81500244140625,0.04,0.0012260268
NVDA,put,240.0,0.3863013698630137,2027-02-19,23.4,23.25,23.55,23.35,21.0,0.29871306762695304,228.81500244140625,0.04,0.0012260268
NVDA,put,270.0,0.3863013698630137,2027-02-19,44.575,43.5,45.65,44.18,50.0,0.2922739230346678,228.81500244140625,0.04,0.0012260268
NVDA,put,275.0,0.3863013698630137,2027-02-19,48.575,47.35,49.8,49.6,15.0,0.28919167846679683,228.81500244140625,0.04,0.0012260268
NVDA,put,280.0,0.3863013698630137,2027-02-19,52.650000000000006,51.45,53.85,52.4,15.0,0.2790599438476562,228.81500244140625,0.04,0.0012260268
NVDA,call,5.0,0.46301369863013697,2027-03-19,225.725,221.75,229.7,219.05,12.0,4.095708005371094,228.81500244140625,0.04,0.0012260268
NVDA,call,40.0,0.46301369863013697,2027-03-19,191.2,187.25,195.15,193.87,10.0,1.6301288024902343,228.81500244140625,0.04,0.0012260268
NVDA,call,110.0,0.46301369863013697,2027-03-19,122.94999999999999,120.55,125.35,123.9,20.0,0.8350846569824217,228.81500244140625,0.04,0.0012260268
NVDA,call,135.0,0.46301369863013697,2027-03-19,99.375,97.35,101.4,96.91,10.0,0.6980010668945313,228.81500244140625,0.04,0.0012260268
NVDA,call,160.0,0.46301369863013697,2027-03-19,76.4,75.8,77.0,76.35,121.0,0.5833781896972656,228.81500244140625,0.04,0.0012260268
NVDA,call,165.0,0.46301369863013697,2027-03-19,71.825,71.2,72.45,71.92,130.0,0.5601850622558593,228.81500244140625,0.04,0.0012260268
NVDA,call,175.0,0.46301369863013697,2027-03-19,63.375,62.6,64.15,63.38,33.0,0.5301560656738282,228.81500244140625,0.04,0.0012260268
NVDA,call,195.0,0.46301369863013697,2027-03-19,47.475,47.2,47.75,47.31,12.0,0.48163360168457037,228.81500244140625,0.04,0.0012260268
NVDA,call,200.0,0.46301369863013697,2027-03-19,43.875,43.7,44.05,43.5,65.0,0.4694572097778321,228.81500244140625,0.04,0.0012260268
NVDA,call,215.0,0.46301369863013697,2027-03-19,33.9,33.75,34.05,33.7,12.0,0.4415339050292969,228.81500244140625,0.04,0.0012260268
NVDA,call,220.0,0.46301369863013697,2027-03-19,30.975,30.85,31.1,31.1,38.0,0.4346370013427735,228.81500244140625,0.04,0.0012260268
NVDA,call,225.0,0.46301369863013697,2027-03-19,28.125,27.95,28.3,27.8,41.0,0.42795371856689457,228.81500244140625,0.04,0.0012260268
NVDA,call,230.0,0.46301369863013697,2027-03-19,25.525,25.4,25.65,25.37,31.0,0.421453539428711,228.81500244140625,0.04,0.0012260268
NVDA,call,235.0,0.46301369863013697,2027-03-19,23.025,22.95,23.1,23.15,39.0,0.41431249755859373,228.81500244140625,0.04,0.0012260268
NVDA,call,240.0,0.46301369863013697,2027-03-19,20.825,20.7,20.95,20.7,26.0,0.41129128753662114,228.81500244140625,0.04,0.0012260268
NVDA,call,245.0,0.46301369863013697,2027-03-19,18.700000000000003,18.6,18.8,18.7,28.0,0.40601179931640624,228.81500244140625,0.04,0.0012260268
NVDA,call,250.0,0.46301369863013697,2027-03-19,16.75,16.65,16.85,16.8,755.0,0.4016478292846679,228.81500244140625,0.04,0.0012260268
NVDA,call,260.0,0.46301369863013697,2027-03-19,13.45,13.3,13.6,13.4,831.0,0.3969786865234375,228.81500244140625,0.04,0.0012260268
NVDA,call,265.0,0.46301369863013697,2027-03-19,11.975,11.85,12.1,11.9,81.0,0.3935302346801758,228.81500244140625,0.04,0.0012260268
NVDA,call,270.0,0.46301369863013697,2027-03-19,10.625,10.55,10.7,10.65,277.0,0.389654541015625,228.81500244140625,0.04,0.0012260268
NVDA,call,275.0,0.46301369863013697,2027-03-19,9.45,9.35,9.55,9.41,68.0,0.38825074645996094,228.81500244140625,0.04,0.0012260268
NVDA,call,280.0,0.46301369863013697,2027-03-19,8.325,8.3,8.35,8.5,33.0,0.383795224609375,228.81500244140625,0.04,0.0012260268
NVDA,call,285.0,0.46301369863013697,2027-03-19,7.475,7.4,7.55,7.4,653.0,0.38532108825683586,228.81500244140625,0.04,0.0012260268
NVDA,call,290.0,0.46301369863013697,2027-03-19,6.6,6.5,6.7,6.5,27.0,0.38413091461181637,228.81500244140625,0.04,0.0012260268
NVDA,call,295.0,0.46301369863013697,2027-03-19,5.85,5.75,5.95,6.0,16.0,0.3833069482421875,228.81500244140625,0.04,0.0012260268
NVDA,call,300.0,0.46301369863013697,2027-03-19,5.15,5.05,5.25,5.1,41.0,0.3819031536865234,228.81500244140625,0.04,0.0012260268
NVDA,call,305.0,0.46301369863013697,2027-03-19,4.550000000000001,4.45,4.65,4.6,22.0,0.3812317736816406,228.81500244140625,0.04,0.0012260268
NVDA,call,315.0,0.46301369863013697,2027-03-19,3.55,3.45,3.65,3.72,122.0,0.38049935913085936,228.81500244140625,0.04,0.0012260268
NVDA,call,320.0,0.46301369863013697,2027-03-19,3.125,3.05,3.2,3.25,15.0,0.3792786682128906,228.81500244140625,0.04,0.0012260268
NVDA,call,325.0,0.46301369863013697,2027-03-19,2.8049999999999997,2.77,2.84,2.86,15.0,0.3794007373046875,228.81500244140625,0.04,0.0012260268
NVDA,call,355.0,0.46301369863013697,2027-03-19,1.38,1.33,1.43,1.42,20.0,0.38355108642578123,228.81500244140625,0.04,0.0012260268
NVDA,call,360.0,0.46301369863013697,2027-03-19,1.2349999999999999,1.19,1.28,1.25,10.0,0.38440557006835935,228.81500244140625,0.04,0.0012260268
NVDA,call,380.0,0.46301369863013697,2027-03-19,0.81,0.78,0.84,0.81,180.0,0.3892883337402344,228.81500244140625,0.04,0.0012260268
NVDA,call,400.0,0.46301369863013697,2027-03-19,0.515,0.43,0.6,0.56,18.0,0.398443515625,228.81500244140625,0.04,0.0012260268
NVDA,call,415.0,0.46301369863013697,2027-03-19,0.40499999999999997,0.22,0.59,0.47,11.0,0.4184628466796875,228.81500244140625,0.04,0.0012260268
NVDA,put,50.0,0.46301369863013697,2027-03-19,0.08499999999999999,0.02,0.15,0.06,14.0,0.8535170898437501,228.81500244140625,0.04,0.0012260268
NVDA,put,65.0,0.46301369863013697,2027-03-19,0.125,0.05,0.2,0.08,32.0,0.7412135253906249,228.81500244140625,0.04,0.0012260268
NVDA,put,75.0,0.46301369863013697,2027-03-19,0.13,0.01,0.25,0.11,13.0,0.6630893066406252,228.81500244140625,0.04,0.0012260268
NVDA,put,90.0,0.46301369863013697,2027-03-19,0.19,0.1,0.28,0.28,10.0,0.586918193359375,228.81500244140625,0.04,0.0012260268
NVDA,put,95.0,0.46301369863013697,2027-03-19,0.27999999999999997,0.21,0.35,0.25,11.0,0.5844768115234374,228.81500244140625,0.04,0.0012260268
NVDA,put,100.0,0.46301369863013697,2027-03-19,0.32499999999999996,0.3,0.35,0.35,11.0,0.5644574804687501,228.81500244140625,0.04,0.0012260268
NVDA,put,110.0,0.46301369863013697,2027-03-19,0.44499999999999995,0.41,0.48,0.42,20.0,0.5293015820312501,228.81500244140625,0.04,0.0012260268
NVDA,put,115.0,0.46301369863013697,2027-03-19,0.53,0.5,0.56,0.56,16.0,0.5141650146484374,228.81500244140625,0.04,0.0012260268
NVDA,put,125.0,0.46301369863013697,2027-03-19,0.76,0.73,0.79,0.75,11.0,0.4907277490234375,228.81500244140625,0.04,0.0012260268
NVDA,put,130.0,0.46301369863013697,2027-03-19,0.8999999999999999,0.86,0.94,0.89,22.0,0.47803256347656253,228.81500244140625,0.04,0.0012260268
NVDA,put,145.0,0.46301369863013697,2027-03-19,1.5150000000000001,1.45,1.58,1.53,22.0,0.4437311486816406,228.81500244140625,0.04,0.0012260268
NVDA,put,150.0,0.46301369863013697,2027-03-19,1.775,1.7,1.85,1.88,52.0,0.43201251586914063,228.81500244140625,0.04,0.0012260268
NVDA,put,155.0,0.46301369863013697,2027-03-19,2.18,2.12,2.24,2.15,16.0,0.4244442321777344,228.81500244140625,0.04,0.0012260268
NVDA,put,160.0,0.46301369863013697,2027-03-19,2.585,2.55,2.62,2.61,338.0,0.4138242211914062,228.81500244140625,0.04,0.0012260268
NVDA,put,170.0,0.46301369863013697,2027-03-19,3.675,3.6,3.75,3.65,12.0,0.39978627563476565,228.81500244140625,0.04,0.0012260268
NVDA,put,185.0,0.46301369863013697,2027-03-19,5.949999999999999,5.85,6.05,5.9,61.0,0.3771729763793945,228.81500244140625,0.04,0.0012260268
NVDA,put,190.0,0.46301369863013697,2027-03-19,6.949999999999999,6.85,7.05,7.1,14.0,0.3702760726928711,228.81500244140625,0.04,0.0012260268
NVDA,put,200.0,0.46301369863013697,2027-03-19,9.375,9.3,9.45,9.41,106.0,0.3570010589599609,228.81500244140625,0.04,0.0012260268
NVDA,put,205.0,0.46301369863013697,2027-03-19,10.85,10.75,10.95,10.85,1290.0,0.35205726074218746,228.81500244140625,0.04,0.0012260268
NVDA,put,210.0,0.46301369863013697,2027-03-19,12.45,12.35,12.55,12.55,14.0,0.3460148406982422,228.81500244140625,0.04,0.0012260268
NVDA,put,215.0,0.46301369863013697,2027-03-19,14.225,14.1,14.35,14.45,34.0,0.3406132833862304,228.81500244140625,0.04,0.0012260268
NVDA,put,225.0,0.46301369863013697,2027-03-19,18.35,18.25,18.45,18.37,46.0,0.32938292694091786,228.81500244140625,0.04,0.0012260268
NVDA,put,230.0,0.46301369863013697,2027-03-19,20.625,20.5,20.75,20.8,30.0,0.32340154144287103,228.81500244140625,0.04,0.0012260268
NVDA,put,235.0,0.46301369863013697,2027-03-19,23.125,23.0,23.25,23.35,34.0,0.31757274230957033,228.81500244140625,0.04,0.0012260268
NVDA,put,240.0,0.46301369863013697,2027-03-19,25.85,25.7,26.0,26.05,82.0,0.31272049591064455,228.81500244140625,0.04,0.0012260268
NVDA,put,245.0,0.46301369863013697,2027-03-19,28.75,28.6,28.9,28.95,35.0,0.3071968695068359,228.81500244140625,0.04,0.0012260268
NVDA,put,250.0,0.46301369863013697,2027-03-19,31.85,31.7,32.0,31.75,25.0,0.30179531219482425,228.81500244140625,0.04,0.0012260268
NVDA,put,255.0,0.46301369863013697,2027-03-19,35.1,34.6,35.6,35.35,11.0,0.3018563467407227,228.81500244140625,0.04,0.0012260268
NVDA,put,270.0,0.46301369863013697,2027-03-19,45.525,45.0,46.05,45.5,15.0,0.27600821655273433,228.81500244140625,0.04,0.0012260268
NVDA,put,275.0,0.46301369863013697,2027-03-19,49.525000000000006,49.35,49.7,49.25,21.0,0.26187871917724614,228.81500244140625,0.04,0.0012260268
NVDA,put,285.0,0.46301369863013697,2027-03-19,57.475,57.1,57.85,57.8,20.0,0.23767852172851558,228.81500244140625,0.04,0.0012260268
NVDA,put,295.0,0.46301369863013697,2027-03-19,66.55,65.5,67.6,77.15,12.0,0.2542188836669922,228.81500244140625,0.04,0.0012260268
NVDA,put,305.0,0.46301369863013697,2027-03-19,75.35,74.1,76.6,82.9,42.0,0.22071091796874998,228.81500244140625,0.04,0.0012260268
NVDA,put,310.0,0.46301369863013697,2027-03-19,79.725,78.0,81.45,85.45,15.0,0.21558401611328126,228.81500244140625,0.04,0.0012260268
NVDA,put,315.0,0.46301369863013697,2027-03-19,85.5,83.2,87.8,85.35,15.0,0.31055376953124997,228.81500244140625,0.04,0.0012260268
NVDA,put,325.0,0.46301369863013697,2027-03-19,94.95,92.7,97.2,96.4,50.0,0.30274134765625,228.81500244140625,0.04,0.0012260268
NVDA,put,340.0,0.46301369863013697,2027-03-19,127.9,126.0,129.8,139.89,40.0,0.7333400689697265,228.81500244140625,0.04,0.0012260268
NVDA,call,145.0,0.5397260273972603,2027-04-16,90.425,88.35,92.5,84.81,10.0,0.6127968408203126,228.81500244140625,0.04,0.0012260268
NVDA,call,150.0,0.5397260273972603,2027-04-16,85.85,83.6,88.1,86.26,15.0,0.5917094052124025,228.81500244140625,0.04,0.0012260268
NVDA,call,170.0,0.5397260273972603,2027-04-16,68.35,66.95,69.75,68.91,25.0,0.5236864038085938,228.81500244140625,0.04,0.0012260268
NVDA,call,200.0,0.5397260273972603,2027-04-16,45.625,44.95,46.3,45.05,27.0,0.474339973449707,228.81500244140625,0.04,0.0012260268
NVDA,call,210.0,0.5397260273972603,2027-04-16,39.0,38.25,39.75,38.93,10.0,0.45819633605957044,228.81500244140625,0.04,0.0012260268
NVDA,call,220.0,0.5397260273972603,2027-04-16,32.775000000000006,32.1,33.45,33.08,108.0,0.4390620059204102,228.81500244140625,0.04,0.0012260268
NVDA,call,225.0,0.5397260273972603,2027-04-16,30.275,29.95,30.6,29.1,18.0,0.4314632049560547,228.81500244140625,0.04,0.0012260268
NVDA,call,230.0,0.5397260273972603,2027-04-16,27.65,27.25,28.05,27.74,14.0,0.4265194067382813,228.81500244140625,0.04,0.0012260268
NVDA,call,240.0,0.5397260273972603,2027-04-16,22.975,22.75,23.2,23.4,27.0,0.4145566357421875,228.81500244140625,0.04,0.0012260268
NVDA,call,245.0,0.5397260273972603,2027-04-16,20.775,20.55,21.0,20.55,12.0,0.40904826797485344,228.81500244140625,0.04,0.0012260268
NVDA,call,255.0,0.5397260273972603,2027-04-16,17.05,16.8,17.3,17.3,41.0,0.40274645111083984,228.81500244140625,0.04,0.0012260268
NVDA,call,280.0,0.5397260273972603,2027-04-16,10.15,10.05,10.25,10.15,34.0,0.38944092010498044,228.81500244140625,0.04,0.0012260268
NVDA,call,290.0,0.5397260273972603,2027-04-16,8.15,8.0,8.3,8.4,38.0,0.3869690209960937,228.81500244140625,0.04,0.0012260268
NVDA,call,295.0,0.5397260273972603,2027-04-16,7.275,7.1,7.45,7.6,63.0,0.38577884735107415,228.81500244140625,0.04,0.0012260268
NVDA,call,305.0,0.5397260273972603,2027-04-16,5.85,5.7,6.0,6.0,23.0,0.38400884552001957,228.81500244140625,0.04,0.0012260268
NVDA,call,320.0,0.5397260273972603,2027-04-16,4.199999999999999,4.05,4.35,4.25,37.0,0.38294074096679687,228.81500244140625,0.04,0.0012260268
NVDA,call,325.0,0.5397260273972603,2027-04-16,3.75,3.6,3.9,3.95,10.0,0.3825745336914062,228.81500244140625,0.04,0.0012260268
NVDA,call,335.0,0.5397260273972603,2027-04-16,2.955,2.81,3.1,3.1,61.0,0.38104867004394527,228.81500244140625,0.04,0.0012260268
NVDA,call,350.0,0.5397260273972603,2027-04-16,2.1100000000000003,2.02,2.2,2.26,102.0,0.37964487548828124,228.81500244140625,0.04,0.0012260268
NVDA,call,360.0,0.5397260273972603,2027-04-16,1.79,1.51,2.07,1.85,29.0,0.3927062683105469,228.81500244140625,0.04,0.0012260268
NVDA,call,365.0,0.5397260273972603,2027-04-16,1.67,1.39,1.95,1.68,33.0,0.39649041015625003,228.81500244140625,0.04,0.0012260268
NVDA,call,390.0,0.5397260273972603,2027-04-16,0.895,0.56,1.23,1.0,11.0,0.4008848974609375,228.81500244140625,0.04,0.0012260268
NVDA,call,400.0,0.5397260273972603,2027-04-16,0.85,0.74,0.96,0.8,16.0,0.3980773083496094,228.81500244140625,0.04,0.0012260268
NVDA,call,410.0,0.5397260273972603,2027-04-16,0.675,0.52,0.83,0.71,24.0,0.40210558837890625,228.81500244140625,0.04,0.0012260268
NVDA,call,430.0,0.5397260273972603,2027-04-16,0.475,0.09,0.86,0.52,31.0,0.4304256176757813,228.81500244140625,0.04,0.0012260268
NVDA,call,435.0,0.5397260273972603,2027-04-16,0.44,0.05,0.83,0.46,30.0,0.4343318286132813,228.81500244140625,0.04,0.0012260268
NVDA,call,440.0,0.5397260273972603,2027-04-16,0.405,0.02,0.79,0.41,11.0,0.4370173486328125,228.81500244140625,0.04,0.0012260268
NVDA,put,65.0,0.5397260273972603,2027-04-16,0.10500000000000001,0.01,0.2,0.11,18.0,0.6738313867187502,228.81500244140625,0.04,0.0012260268
NVDA,put,75.0,0.5397260273972603,2027-04-16,0.255,0.01,0.5,0.16,40.0,0.6684603466796877,228.81500244140625,0.04,0.0012260268
NVDA,put,90.0,0.5397260273972603,2027-04-16,0.31,0.01,0.61,0.38,18.0,0.5805706005859376,228.81500244140625,0.04,0.0012260268
NVDA,put,95.0,0.5397260273972603,2027-04-16,0.34500000000000003,0.01,0.68,0.33,212.0,0.5576216113281252,228.81500244140625,0.04,0.0012260268
NVDA,put,120.0,0.5397260273972603,2027-04-16,0.76,0.7,0.82,0.76,13.0,0.4849905017089844,228.81500244140625,0.04,0.0012260268
NVDA,put,125.0,0.5397260273972603,2027-04-16,0.98,0.86,1.1,0.91,13.0,0.4840139489746094,228.81500244140625,0.04,0.0012260268
NVDA,put,140.0,0.5397260273972603,2027-04-16,1.56,1.34,1.78,1.58,59.0,0.4493463269042969,228.81500244140625,0.04,0.0012260268
NVDA,put,145.0,0.5397260273972603,2027-04-16,1.93,1.81,2.05,1.87,55.0,0.4370173486328125,228.81500244140625,0.04,0.0012260268
NVDA,put,160.0,0.5397260273972603,2027-04-16,3.125,3.05,3.2,3.16,23.0,0.40570662658691403,228.81500244140625,0.04,0.0012260268
NVDA,put,165.0,0.5397260273972603,2027-04-16,3.65,3.5,3.8,3.75,301.0,0.3992369647216797,228.81500244140625,0.04,0.0012260268
NVDA,put,175.0,0.5397260273972603,2027-04-16,5.075,4.95,5.2,5.16,207.0,0.3848938464355468,228.81500244140625,0.04,0.0012260268
NVDA,put,180.0,0.5397260273972603,2027-04-16,5.925,5.8,6.05,5.85,60.0,0.37814952911376953,228.81500244140625,0.04,0.0012260268
NVDA,put,200.0,0.5397260273972603,2027-04-16,10.524999999999999,10.35,10.7,10.74,48.0,0.3539188143920897,228.81500244140625,0.04,0.0012260268
NVDA,put,215.0,0.5397260273972603,2027-04-16,15.575,15.35,15.8,15.69,27.0,0.3388127642822265,228.81500244140625,0.04,0.0012260268
NVDA,put,225.0,0.5397260273972603,2027-04-16,19.725,19.5,19.95,19.95,12.0,0.32794861511230466,228.81500244140625,0.04,0.0012260268
NVDA,put,230.0,0.5397260273972603,2027-04-16,22.05,21.8,22.3,22.0,244.0,0.32282171325683584,228.81500244140625,0.04,0.0012260268
NVDA,put,280.0,0.5397260273972603,2027-04-16,55.075,53.9,56.25,53.55,20.0,0.2921213366699218,228.81500244140625,0.04,0.0012260268
NVDA,put,295.0,0.5397260273972603,2027-04-16,67.775,66.05,69.5,66.5,19.0,0.2942575457763671,228.81500244140625,0.04,0.0012260268
NVDA,put,310.0,0.5397260273972603,2027-04-16,80.85,79.65,82.05,80.45,14.0,0.24329369995117187,228.81500244140625,0.04,0.0012260268
NVDA,call,15.0,0.7095890410958904,2027-06-17,215.75,211.65,219.85,200.89,23.0,2.059086883544922,228.81500244140625,0.04,0.0012260268
NVDA,call,45.0,0.7095890410958904,2027-06-17,186.85,182.95,190.75,181.25,10.0,1.2987095611572264,228.81500244140625,0.04,0.0012260268
NVDA,call,105.0,0.7095890410958904,2027-06-17,129.3,126.85,131.75,128.45,1570.0,0.7705711419677734,228.81500244140625,0.04,0.0012260268
NVDA,call,135.0,0.7095890410958904,2027-06-17,101.19999999999999,99.3,103.1,101.27,10.0,0.6200599517822267,228.81500244140625,0.04,0.0012260268
NVDA,call,150.0,0.7095890410958904,2027-06-17,88.4,87.65,89.15,88.25,12.0,0.580204393310547,228.81500244140625,0.04,0.0012260268
NVDA,call,175.0,0.7095890410958904,2027-06-17,67.525,66.7,68.35,69.0,14.0,0.5079089736938477,228.81500244140625,0.04,0.0012260268
NVDA,call,180.0,0.7095890410958904,2027-06-17,64.275,63.65,64.9,64.01,11.0,0.5076648355102539,228.81500244140625,0.04,0.0012260268
NVDA,call,185.0,0.7095890410958904,2027-06-17,60.325,59.4,61.25,60.5,10.0,0.509190699157715,228.81500244140625,0.04,0.0012260268
NVDA,call,200.0,0.7095890410958904,2027-06-17,49.875,49.4,50.35,49.69,62.0,0.475041870727539,228.81500244140625,0.04,0.0012260268
NVDA,call,205.0,0.7095890410958904,2027-06-17,46.725,46.35,47.1,46.87,20.0,0.46713789703369146,228.81500244140625,0.04,0.0012260268
NVDA,call,210.0,0.7095890410958904,2027-06-17,43.65,43.4,43.9,43.22,26.0,0.45868461242675784,228.81500244140625,0.04,0.0012260268
NVDA,call,215.0,0.7095890410958904,2027-06-17,40.65,40.4,40.9,41.0,19.0,0.45169615692138676,228.81500244140625,0.04,0.0012260268
NVDA,call,220.0,0.7095890410958904,2027-06-17,37.875,37.65,38.1,37.83,46.0,0.4460809786987304,228.81500244140625,0.04,0.0012260268
NVDA,call,225.0,0.7095890410958904,2027-06-17,35.225,35.0,35.45,35.37,55.0,0.4410761459350586,228.81500244140625,0.04,0.0012260268
NVDA,call,230.0,0.7095890410958904,2027-06-17,32.675,32.5,32.85,32.64,48.0,0.43529312271118165,228.81500244140625,0.04,0.0012260268
NVDA,call,240.0,0.7095890410958904,2027-06-17,28.025,27.9,28.15,28.09,11.0,0.426061647644043,228.81500244140625,0.04,0.0012260268
NVDA,call,250.0,0.7095890410958904,2027-06-17,23.925,23.75,24.1,24.03,43.0,0.41968353759765625,228.81500244140625,0.04,0.0012260268
NVDA,call,255.0,0.7095890410958904,2027-06-17,22.0,21.85,22.15,22.18,44.0,0.4154111193847656,228.81500244140625,0.04,0.0012260268
NVDA,call,260.0,0.7095890410958904,2027-06-17,20.299999999999997,20.15,20.45,21.1,85.0,0.4130307720947265,228.81500244140625,0.04,0.0012260268
NVDA,call,275.0,0.7095890410958904,2027-06-17,15.774999999999999,15.6,15.95,16.1,14.0,0.40622542022705077,228.81500244140625,0.04,0.0012260268
NVDA,call,280.0,0.7095890410958904,2027-06-17,14.55,14.45,14.65,14.59,52.0,0.4042112802124024,228.81500244140625,0.04,0.0012260268
NVDA,call,295.0,0.7095890410958904,2027-06-17,11.149999999999999,10.95,11.35,11.23,19.0,0.3998167929077149,228.81500244140625,0.04,0.0012260268
NVDA,call,300.0,0.7095890410958904,2027-06-17,10.225000000000001,10.05,10.4,10.23,254.0,0.39838248107910157,228.81500244140625,0.04,0.0012260268
NVDA,call,310.0,0.7095890410958904,2027-06-17,8.6,8.45,8.75,8.6,26.0,0.3963988583374024,228.81500244140625,0.04,0.0012260268
NVDA,call,320.0,0.7095890410958904,2027-06-17,7.199999999999999,7.05,7.35,7.18,280.0,0.3947204083251954,228.81500244140625,0.04,0.0012260268
NVDA,call,340.0,0.7095890410958904,2027-06-17,5.125,5.0,5.25,5.25,34.0,0.3939269592285156,228.81500244140625,0.04,0.0012260268
NVDA,call,390.0,0.7095890410958904,2027-06-17,2.33,2.16,2.5,2.53,101.0,0.40228869201660156,228.81500244140625,0.04,0.0012260268
NVDA,call,410.0,0.7095890410958904,2027-06-17,1.65,1.52,1.78,1.63,271.0,0.401373173828125,228.81500244140625,0.04,0.0012260268
NVDA,call,420.0,0.7095890410958904,2027-06-17,1.515,1.39,1.64,1.48,25.0,0.4074766284179688,228.81500244140625,0.04,0.0012260268
NVDA,call,430.0,0.7095890410958904,2027-06-17,1.2999999999999998,1.22,1.38,1.3,106.0,0.4066221447753906,228.81500244140625,0.04,0.0012260268
NVDA,call,440.0,0.7095890410958904,2027-06-17,1.125,1.04,1.21,1.11,22.0,0.40869731933593745,228.81500244140625,0.04,0.0012260268
NVDA,call,450.0,0.7095890410958904,2027-06-17,0.9750000000000001,0.88,1.07,0.99,11.0,0.411138701171875,228.81500244140625,0.04,0.0012260268
NVDA,put,35.0,0.7095890410958904,2027-06-17,0.11,0.02,0.2,0.06,12.0,0.87500125,228.81500244140625,0.04,0.0012260268
NVDA,put,50.0,0.7095890410958904,2027-06-17,0.175,0.05,0.3,0.09,17.0,0.7500025,228.81500244140625,0.04,0.0012260268
NVDA,put,70.0,0.7095890410958904,2027-06-17,0.20500000000000002,0.01,0.4,0.28,35.0,0.6005899316406251,228.81500244140625,0.04,0.0012260268
NVDA,put,75.0,0.7095890410958904,2027-06-17,0.20500000000000002,0.1,0.31,0.26,51.0,0.567387138671875,228.81500244140625,0.04,0.0012260268
NVDA,put,80.0,0.7095890410958904,2027-06-17,0.29000000000000004,0.07,0.51,0.29,30.0,0.5610395458984375,228.81500244140625,0.04,0.0012260268
NVDA,put,90.0,0.7095890410958904,2027-06-17,0.42000000000000004,0.19,0.65,0.43,15.0,0.5293015820312501,228.81500244140625,0.04,0.0012260268
NVDA,put,100.0,0.7095890410958904,2027-06-17,0.645,0.61,0.68,0.63,56.0,0.5073291455078125,228.81500244140625,0.04,0.0012260268
NVDA,put,110.0,0.7095890410958904,2027-06-17,0.895,0.86,0.93,0.91,35.0,0.48438015625,228.81500244140625,0.04,0.0012260268
NVDA,put,115.0,0.7095890410958904,2027-06-17,1.065,1.02,1.11,1.04,40.0,0.47363807617187503,228.81500244140625,0.04,0.0012260268
NVDA,put,120.0,0.7095890410958904,2027-06-17,1.25,1.21,1.29,1.34,10.0,0.46143116699218756,228.81500244140625,0.04,0.0012260268
NVDA,put,125.0,0.7095890410958904,2027-06-17,1.48,1.43,1.53,1.46,377.0,0.45178770874023444,228.81500244140625,0.04,0.0012260268
NVDA,put,130.0,0.7095890410958904,2027-06-17,1.77,1.69,1.85,1.76,11.0,0.4449518395996094,228.81500244140625,0.04,0.0012260268
NVDA,put,135.0,0.7095890410958904,2027-06-17,1.9700000000000002,1.86,2.08,2.07,43.0,0.4315242395019532,228.81500244140625,0.04,0.0012260268
NVDA,put,150.0,0.7095890410958904,2027-06-17,3.175,3.0,3.35,3.41,214.0,0.4078428356933594,228.81500244140625,0.04,0.0012260268
NVDA,put,155.0,0.7095890410958904,2027-06-17,3.875,3.75,4.0,3.85,27.0,0.40369248657226564,228.81500244140625,0.04,0.0012260268
NVDA,put,160.0,0.7095890410958904,2027-06-17,4.475,4.35,4.6,4.55,87.0,0.3957579956054688,228.81500244140625,0.04,0.0012260268
NVDA,put,170.0,0.7095890410958904,2027-06-17,6.0,5.9,6.1,6.1,43.0,0.38233039550781245,228.81500244140625,0.04,0.0012260268
NVDA,put,180.0,0.7095890410958904,2027-06-17,7.9750000000000005,7.9,8.05,8.05,49.0,0.37116107360839845,228.81500244140625,0.04,0.0012260268
NVDA,put,190.0,0.7095890410958904,2027-06-17,10.4,10.3,10.5,10.38,32.0,0.3614870980834961,228.81500244140625,0.04,0.0012260268
NVDA,put,200.0,0.7095890410958904,2027-06-17,13.25,13.1,13.4,13.35,83.0,0.3514163980102538,228.81500244140625,0.04,0.0012260268
NVDA,put,210.0,0.7095890410958904,2027-06-17,16.775,16.65,16.9,16.9,25.0,0.3425511302185058,228.81500244140625,0.04,0.0012260268
NVDA,put,215.0,0.7095890410958904,2027-06-17,18.700000000000003,18.55,18.85,18.9,22.0,0.33801931518554684,228.81500244140625,0.04,0.0012260268
NVDA,put,220.0,0.7095890410958904,2027-06-17,20.799999999999997,20.65,20.95,20.95,23.0,0.333563793334961,228.81500244140625,0.04,0.0012260268
NVDA,put,225.0,0.7095890410958904,2027-06-17,23.0,22.8,23.2,23.2,72.0,0.3291693060302734,228.81500244140625,0.04,0.0012260268
NVDA,put,230.0,0.7095890410958904,2027-06-17,25.4,25.25,25.55,25.49,48.0,0.32413395599365225,228.81500244140625,0.04,0.0012260268
NVDA,put,245.0,0.7095890410958904,2027-06-17,33.4,33.15,33.65,33.4,62.0,0.3110115286254882,228.81500244140625,0.04,0.0012260268
NVDA,put,260.0,0.7095890410958904,2027-06-17,42.8,42.55,43.05,43.43,46.0,0.29715668670654294,228.81500244140625,0.04,0.0012260268
NVDA,put,265.0,0.7095890410958904,2027-06-17,46.225,45.6,46.85,46.2,23.0,0.2979501358032226,228.81500244140625,0.04,0.0012260268
NVDA,put,270.0,0.7095890410958904,2027-06-17,49.75,48.9,50.6,50.0,11.0,0.2962716857910156,228.81500244140625,0.04,0.0012260268
NVDA,put,285.0,0.7095890410958904,2027-06-17,61.575,60.25,62.9,61.65,20.0,0.297736514892578,228.81500244140625,0.04,0.0012260268
NVDA,put,290.0,0.7095890410958904,2027-06-17,65.25,64.35,66.15,64.95,10.0,0.2791514956665039,228.81500244140625,0.04,0.0012260268
NVDA,put,295.0,0.7095890410958904,2027-06-17,69.85,68.4,71.3,68.85,10.0,0.29444064941406245,228.81500244140625,0.04,0.0012260268
NVDA,put,300.0,0.7095890410958904,2027-06-17,73.425,72.55,74.3,73.14,115.0,0.2633130310058594,228.81500244140625,0.04,0.0012260268
NVDA,put,310.0,0.7095890410958904,2027-06-17,82.175,81.3,83.05,81.95,16.0,0.2500075,228.81500244140625,0.04,0.0012260268
NVDA,put,360.0,0.7095890410958904,2027-06-17,151.55,147.55,155.55,152.85,125.0,0.690280196838379,228.81500244140625,0.04,0.0012260268
NVDA,put,400.0,0.7095890410958904,2027-06-17,170.25,167.95,172.55,179.94,82.0,0.3706117626953125,228.81500244140625,0.04,0.0012260268
NVDA,put,460.0,0.7095890410958904,2027-06-17,229.275,225.75,232.8,242.94,63.0,0.4534966760253906,228.81500244140625,0.04,0.0012260268
NVDA,call,60.0,0.9616438356164384,2027-09-17,172.9,169.25,176.55,166.78,10.0,0.992187578125,228.81500244140625,0.04,0.0012260268
NVDA,call,75.0,0.9616438356164384,2027-09-17,159.35,156.5,162.2,159.1,40.0,0.9088143884277342,228.81500244140625,0.04,0.0012260268
NVDA,call,185.0,0.9616438356164384,2027-09-17,65.525,64.8,66.25,65.05,13.0,0.5083362155151367,228.81500244140625,0.04,0.0012260268
NVDA,call,210.0,0.9616438356164384,2027-09-17,49.475,49.2,49.75,49.6,11.0,0.4652610847473145,228.81500244140625,0.04,0.0012260268
NVDA,call,220.0,0.9616438356164384,2027-09-17,44.025,43.65,44.4,44.1,22.0,0.4568840933227539,228.81500244140625,0.04,0.0012260268
NVDA,call,225.0,0.9616438356164384,2027-09-17,41.425,41.1,41.75,41.13,61.0,0.4514367601013184,228.81500244140625,0.04,0.0012260268
NVDA,call,235.0,0.9616438356164384,2027-09-17,36.6,36.2,37.0,36.54,10.0,0.44385321777343745,228.81500244140625,0.04,0.0012260268
NVDA,call,250.0,0.9616438356164384,2027-09-17,30.3,30.05,30.55,30.2,78.0,0.4326533786010742,228.81500244140625,0.04,0.0012260268
NVDA,call,260.0,0.9616438356164384,2027-09-17,26.65,26.4,26.9,26.5,328.0,0.4276332872009278,228.81500244140625,0.04,0.0012260268
NVDA,call,265.0,0.9616438356164384,2027-09-17,24.775,24.55,25.0,25.07,20.0,0.4228878512573242,228.81500244140625,0.04,0.0012260268
NVDA,call,285.0,0.9616438356164384,2027-09-17,19.025,18.75,19.3,19.21,212.0,0.4165860343933105,228.81500244140625,0.04,0.0012260268
NVDA,call,290.0,0.9616438356164384,2027-09-17,17.725,17.5,17.95,18.05,19.0,0.4137631866455078,228.81500244140625,0.04,0.0012260268
NVDA,call,295.0,0.9616438356164384,2027-09-17,16.65,16.35,16.95,16.82,22.0,0.4143582734680175,228.81500244140625,0.04,0.0012260268
NVDA,call,300.0,0.9616438356164384,2027-09-17,15.65,15.4,15.9,15.5,16.0,0.4136258589172363,228.81500244140625,0.04,0.0012260268
NVDA,call,320.0,0.9616438356164384,2027-09-17,11.775,11.55,12.0,12.04,30.0,0.40717145568847657,228.81500244140625,0.04,0.0012260268
NVDA,call,330.0,0.9616438356164384,2027-09-17,10.3,10.1,10.5,10.5,19.0,0.40582869567871094,228.81500244140625,0.04,0.0012260268
NVDA,call,340.0,0.9616438356164384,2027-09-17,8.95,8.75,9.15,9.25,63.0,0.4041502456665039,228.81500244140625,0.04,0.0012260268
NVDA,call,370.0,0.9616438356164384,2027-09-17,6.050000000000001,5.9,6.2,6.25,18.0,0.4031431756591797,228.81500244140625,0.04,0.0012260268
NVDA,put,50.0,0.9616438356164384,2027-09-17,0.18,0.01,0.35,0.19,67.0,0.64648791015625,228.81500244140625,0.04,0.0012260268
NVDA,put,65.0,0.9616438356164384,2027-09-17,0.31,0.01,0.61,0.38,12.0,0.5776409423828125,228.81500244140625,0.04,0.0012260268
NVDA,put,75.0,0.9616438356164384,2027-09-17,0.43,0.11,0.75,0.49,30.0,0.5395553857421876,228.81500244140625,0.04,0.0012260268
NVDA,put,85.0,0.9616438356164384,2027-09-17,0.605,0.26,0.95,0.72,50.0,0.508793974609375,228.81500244140625,0.04,0.0012260268
NVDA,put,90.0,0.9616438356164384,2027-09-17,0.7649999999999999,0.7,0.83,0.75,10.0,0.5004932763671875,228.81500244140625,0.04,0.0012260268
NVDA,put,100.0,0.9616438356164384,2027-09-17,1.05,1.0,1.1,1.06,57.0,0.47900911621093745,228.81500244140625,0.04,0.0012260268
NVDA,put,110.0,0.9616438356164384,2027-09-17,1.465,1.32,1.61,1.47,21.0,0.4635063415527344,228.81500244140625,0.04,0.0012260268
NVDA,put,115.0,0.9616438356164384,2027-09-17,1.685,1.48,1.89,1.69,13.0,0.45435115966796874,228.81500244140625,0.04,0.0012260268
NVDA,put,120.0,0.9616438356164384,2027-09-17,1.9900000000000002,1.78,2.2,2.0,63.0,0.4451349432373046,228.81500244140625,0.04,0.0012260268
NVDA,put,125.0,0.9616438356164384,2027-09-17,2.15,1.88,2.42,2.28,10.0,0.43079182495117196,228.81500244140625,0.04,0.0012260268
NVDA,put,130.0,0.9616438356164384,2027-09-17,2.6849999999999996,2.61,2.76,2.68,11.0,0.4208431939697266,228.81500244140625,0.04,0.0012260268
NVDA,put,135.0,0.9616438356164384,2027-09-17,3.0949999999999998,2.94,3.25,3.15,13.0,0.415044912109375,228.81500244140625,0.04,0.0012260268
NVDA,put,150.0,0.9616438356164384,2027-09-17,4.85,4.75,4.95,5.05,10.0,0.3942626492309571,228.81500244140625,0.04,0.0012260268
NVDA,put,155.0,0.9616438356164384,2027-09-17,5.625,5.5,5.75,5.61,14.0,0.3900817828369141,228.81500244140625,0.04,0.0012260268
NVDA,put,160.0,0.9616438356164384,2027-09-17,6.425,6.3,6.55,6.35,230.0,0.38410039733886714,228.81500244140625,0.04,0.0012260268
NVDA,put,165.0,0.9616438356164384,2027-09-17,7.300000000000001,7.2,7.4,7.3,272.0,0.37760021820068357,228.81500244140625,0.04,0.0012260268
NVDA,put,170.0,0.9616438356164384,2027-09-17,8.274999999999999,8.2,8.35,8.3,54.0,0.3715883154296875,228.81500244140625,0.04,0.0012260268
NVDA,put,180.0,0.9616438356164384,2027-09-17,10.65,10.5,10.8,10.85,1117.0,0.36438623901367195,228.81500244140625,0.04,0.0012260268
NVDA,put,185.0,0.9616438356164384,2027-09-17,11.875,11.8,11.95,12.0,211.0,0.35718416259765623,228.81500244140625,0.04,0.0012260268
NVDA,put,190.0,0.9616438356164384,2027-09-17,13.475000000000001,13.3,13.65,13.5,350.0,0.35666536895751955,228.81500244140625,0.04,0.0012260268
NVDA,put,195.0,0.9616438356164384,2027-09-17,14.95,14.75,15.15,14.95,14.0,0.35156898437499995,228.81500244140625,0.04,0.0012260268
NVDA,put,200.0,0.9616438356164384,2027-09-17,16.5,16.3,16.7,16.48,13.0,0.3456791506958008,228.81500244140625,0.04,0.0012260268
NVDA,put,215.0,0.9616438356164384,2027-09-17,22.325,22.0,22.65,22.34,13.0,0.3357305197143554,228.81500244140625,0.04,0.0012260268
NVDA,put,220.0,0.9616438356164384,2027-09-17,24.525,24.2,24.85,24.81,17.0,0.3320074124145508,228.81500244140625,0.04,0.0012260268
NVDA,put,225.0,0.9616438356164384,2027-09-17,26.85,26.65,27.05,26.95,182.0,0.32683473464965823,228.81500244140625,0.04,0.0012260268
NVDA,put,230.0,0.9616438356164384,2027-09-17,29.275,29.1,29.45,29.35,15.0,0.3225165405273437,228.81500244140625,0.04,0.0012260268
NVDA,put,240.0,0.9616438356164384,2027-09-17,34.5,34.25,34.75,34.06,49.0,0.31522291229248034,228.81500244140625,0.04,0.0012260268
NVDA,put,255.0,0.9616438356164384,2027-09-17,43.3,43.0,43.6,43.65,15.0,0.3036263485717773,228.81500244140625,0.04,0.0012260268
NVDA,put,260.0,0.9616438356164384,2027-09-17,46.45,45.5,47.4,46.26,24.0,0.30669333450317376,228.81500244140625,0.04,0.0012260268
NVDA,put,270.0,0.9616438356164384,2027-09-17,53.125,52.75,53.5,57.3,174.0,0.29112952529907216,228.81500244140625,0.04,0.0012260268
NVDA,put,295.0,0.9616438356164384,2027-09-17,71.92500000000001,71.2,72.65,71.44,15.0,0.2748790774536133,228.81500244140625,0.04,0.0012260268
NVDA,put,300.0,0.9616438356164384,2027-09-17,75.7,74.9,76.5,80.35,200.0,0.26697510375976563,228.81500244140625,0.04,0.0012260268
NVDA,put,340.0,0.9616438356164384,2027-09-17,111.025,110.0,112.05,115.51,41.0,0.22522747436523435,228.81500244140625,0.04,0.0012260268
NVDA,call,20.0,1.210958904109589,2027-12-17,211.0,206.0,216.0,199.28,13.0,1.4223661694335936,228.81500244140625,0.04,0.0012260268
NVDA,call,25.0,1.210958904109589,2027-12-17,206.575,202.6,210.55,206.55,27.0,1.3486360693359374,228.81500244140625,0.04,0.0012260268
NVDA,call,65.0,1.210958904109589,2027-12-17,169.2,165.4,173.0,164.33,39.0,0.8991709301757811,228.81500244140625,0.04,0.0012260268
NVDA,call,75.0,1.210958904109589,2027-12-17,160.175,157.35,163.0,160.25,52.0,0.8438736315917967,228.81500244140625,0.04,0.0012260268
NVDA,call,95.0,1.210958904109589,2027-12-17,141.825,139.3,144.35,142.92,10.0,0.7354762780761719,228.81500244140625,0.04,0.0012260268
NVDA,call,135.0,1.210958904109589,2027-12-17,106.95,104.45,109.45,104.0,2123.0,0.5917399224853517,228.81500244140625,0.04,0.0012260268
NVDA,call,150.0,1.210958904109589,2027-12-17,94.9,94.35,95.45,95.2,11.0,0.5559736785888674,228.81500244140625,0.04,0.0012260268
NVDA,call,170.0,1.210958904109589,2027-12-17,80.25,79.65,80.85,79.5,11.0,0.5224046783447265,228.81500244140625,0.04,0.0012260268
NVDA,call,175.0,1.210958904109589,2027-12-17,76.425,75.75,77.1,75.96,20.0,0.5101977691650392,228.81500244140625,0.04,0.0012260268
NVDA,call,200.0,1.210958904109589,2027-12-17,60.5,59.9,61.1,59.9,143.0,0.48647058944702154,228.81500244140625,0.04,0.0012260268
NVDA,call,210.0,1.210958904109589,2027-12-17,54.925,54.6,55.25,55.0,25.0,0.47449255981445315,228.81500244140625,0.04,0.0012260268
NVDA,call,220.0,1.210958904109589,2027-12-17,49.475,49.1,49.85,49.15,31.0,0.4643455665588379,228.81500244140625,0.04,0.0012260268
NVDA,call,230.0,1.210958904109589,2027-12-17,44.55,44.2,44.9,45.29,38.0,0.45584650604248045,228.81500244140625,0.04,0.0012260268
NVDA,call,240.0,1.210958904109589,2027-12-17,40.15,39.9,40.4,40.1,14.0,0.44885805053710937,228.81500244140625,0.04,0.0012260268
NVDA,call,245.0,1.210958904109589,2027-12-17,38.025000000000006,37.7,38.35,38.1,45.0,0.44623356506347656,228.81500244140625,0.04,0.0012260268
NVDA,call,250.0,1.210958904109589,2027-12-17,36.0,35.75,36.25,35.6,12.0,0.442388388671875,228.81500244140625,0.04,0.0012260268
NVDA,call,270.0,1.210958904109589,2027-12-17,28.825000000000003,28.55,29.1,29.18,13.0,0.4322566540527344,228.81500244140625,0.04,0.0012260268
NVDA,call,285.0,1.210958904109589,2027-12-17,24.425,24.1,24.75,24.37,23.0,0.42770958038330087,228.81500244140625,0.04,0.0012260268
NVDA,call,290.0,1.210958904109589,2027-12-17,23.0,22.75,23.25,23.4,16.0,0.4244137149047852,228.81500244140625,0.04,0.0012260268
NVDA,call,300.0,1.210958904109589,2027-12-17,20.625,20.4,20.85,20.55,36.0,0.422155436706543,228.81500244140625,0.04,0.0012260268
NVDA,call,310.0,1.210958904109589,2027-12-17,18.3,18.05,18.55,18.5,17.0,0.4186306916809082,228.81500244140625,0.04,0.0012260268
NVDA,call,340.0,1.210958904109589,2027-12-17,13.075,12.8,13.35,12.7,11.0,0.41425146301269533,228.81500244140625,0.04,0.0012260268
NVDA,call,400.0,1.210958904109589,2027-12-17,6.85,6.7,7.0,6.97,74.0,0.4101926657104492,228.81500244140625,0.04,0.0012260268
NVDA,call,410.0,1.210958904109589,2027-12-17,6.175,6.0,6.35,6.29,44.0,0.4107419766235352,228.81500244140625,0.04,0.0012260268
NVDA,call,460.0,1.210958904109589,2027-12-17,3.7,3.55,3.85,3.8,47.0,0.41132180480957037,228.81500244140625,0.04,0.0012260268
NVDA,put,10.0,1.210958904109589,2027-12-17,0.03,0.02,0.04,0.04,10.0,0.9960937890625,228.81500244140625,0.04,0.0012260268
NVDA,put,15.0,1.210958904109589,2027-12-17,0.06,0.03,0.09,0.04,21.0,0.92187578125,228.81500244140625,0.04,0.0012260268
NVDA,put,35.0,1.210958904109589,2027-12-17,0.295,0.1,0.49,0.18,16.0,0.7578149218750001,228.81500244140625,0.04,0.0012260268
NVDA,put,70.0,1.210958904109589,2027-12-17,0.56,0.37,0.75,0.55,14.0,0.5297898583984376,228.81500244140625,0.04,0.0012260268
NVDA,put,75.0,1.210958904109589,2027-12-17,0.69,0.49,0.89,0.72,39.0,0.51758294921875,228.81500244140625,0.04,0.0012260268
NVDA,put,85.0,1.210958904109589,2027-12-17,0.995,0.78,1.21,0.95,50.0,0.5114794946289063,228.81500244140625,0.04,0.0012260268
NVDA,put,95.0,1.210958904109589,2027-12-17,1.355,1.25,1.46,1.28,45.0,0.4760794580078125,228.81500244140625,0.04,0.0012260268
NVDA,put,110.0,1.210958904109589,2027-12-17,2.11,1.95,2.27,2.07,29.0,0.4454401159667969,228.81500244140625,0.04,0.0012260268
NVDA,put,115.0,1.210958904109589,2027-12-17,2.38,2.32,2.44,2.38,10.0,0.429265961303711,228.81500244140625,0.04,0.0012260268
NVDA,put,125.0,1.210958904109589,2027-12-17,3.225,3.1,3.35,3.2,108.0,0.41687594848632803,228.81500244140625,0.04,0.0012260268
NVDA,put,130.0,1.210958904109589,2027-12-17,3.7,3.6,3.8,3.7,78.0,0.40833111206054684,228.81500244140625,0.04,0.0012260268
NVDA,put,160.0,1.210958904109589,2027-12-17,8.2,8.0,8.4,8.25,20.0,0.37616590637207037,228.81500244140625,0.04,0.0012260268
NVDA,put,175.0,1.210958904109589,2027-12-17,11.75,11.6,11.9,11.95,37.0,0.36331813446044925,228.81500244140625,0.04,0.0012260268
NVDA,put,180.0,1.210958904109589,2027-12-17,13.075,13.0,13.15,13.1,27.0,0.3577029562377929,228.81500244140625,0.04,0.0012260268
NVDA,put,195.0,1.210958904109589,2027-12-17,17.7,17.45,17.95,17.82,26.0,0.34717449707031245,228.81500244140625,0.04,0.0012260268
NVDA,put,210.0,1.210958904109589,2027-12-17,23.45,23.25,23.65,23.4,66.0,0.33600517517089845,228.81500244140625,0.04,0.0012260268
NVDA,put,215.0,1.210958904109589,2027-12-17,25.55,25.35,25.75,25.85,10.0,0.33208370559692385,228.81500244140625,0.04,0.0012260268
NVDA,put,220.0,1.210958904109589,2027-12-17,27.674999999999997,27.45,27.9,27.87,30.0,0.32755189056396483,228.81500244140625,0.04,0.0012260268
NVDA,put,225.0,1.210958904109589,2027-12-17,30.049999999999997,29.95,30.15,30.15,91.0,0.3229132650756835,228.81500244140625,0.04,0.0012260268
NVDA,put,230.0,1.210958904109589,2027-12-17,32.45,32.15,32.75,32.8,153.0,0.32070076278686516,228.81500244140625,0.04,0.0012260268
NVDA,put,235.0,1.210958904109589,2027-12-17,34.95,34.55,35.35,35.3,21.0,0.3173286041259765,228.81500244140625,0.04,0.0012260268
NVDA,put,240.0,1.210958904109589,2027-12-17,37.775,37.4,38.15,37.38,23.0,0.31481092910766595,228.81500244140625,0.04,0.0012260268
NVDA,put,295.0,1.210958904109589,2027-12-17,73.975,72.1,75.85,78.3,25.0,0.2863840893554687,228.81500244140625,0.04,0.0012260268
NVDA,put,310.0,1.210958904109589,2027-12-17,85.875,83.95,87.8,87.25,10.0,0.2750011465454102,228.81500244140625,0.04,0.0012260268
NVDA,put,340.0,1.210958904109589,2027-12-17,111.75,110.5,113.0,128.35,40.0,0.23188023986816403,228.81500244140625,0.04,0.0012260268
NVDA,put,400.0,1.210958904109589,2027-12-17,170.0,166.0,174.0,180.4,30.0,0.32819275329589837,228.81500244140625,0.04,0.0012260268
NVDA,call,5.0,1.3068493150684932,2028-01-21,225.7,221.7,229.7,225.04,250.0,2.4340859460449216,228.81500244140625,0.04,0.0012260268
NVDA,call,30.0,1.3068493150684932,2028-01-21,202.05,198.1,206.0,199.7,10.0,1.2280312036132814,228.81500244140625,0.04,0.0012260268
NVDA,call,50.0,1.3068493150684932,2028-01-21,182.97500000000002,179.55,186.4,183.95,10.0,0.9691165197753906,228.81500244140625,0.04,0.0012260268
NVDA,call,65.0,1.3068493150684932,2028-01-21,169.5,165.7,173.3,164.63,39.0,0.8791515991210936,228.81500244140625,0.04,0.0012260268
NVDA,call,150.0,1.3068493150684932,2028-01-21,96.275,95.75,96.8,95.53,42.0,0.5566755758666994,228.81500244140625,0.04,0.0012260268
NVDA,call,160.0,1.3068493150684932,2028-01-21,88.675,87.75,89.6,89.11,66.0,0.5361679684448243,228.81500244140625,0.04,0.0012260268
NVDA,call,180.0,1.3068493150684932,2028-01-21,74.825,74.2,75.45,74.63,10.0,0.5063525927734375,228.81500244140625,0.04,0.0012260268
NVDA,call,190.0,1.3068493150684932,2028-01-21,68.225,67.65,68.8,68.45,12.0,0.4980824118041992,228.81500244140625,0.04,0.0012260268
NVDA,call,200.0,1.3068493150684932,2028-01-21,62.425,62.0,62.85,62.43,12.0,0.4874929180908204,228.81500244140625,0.04,0.0012260268
NVDA,call,205.0,1.3068493150684932,2028-01-21,59.2,58.45,59.95,60.0,11.0,0.4819235157775879,228.81500244140625,0.04,0.0012260268
NVDA,call,210.0,1.3068493150684932,2028-01-21,56.7,56.3,57.1,56.47,10.0,0.4761862684631348,228.81500244140625,0.04,0.0012260268
NVDA,call,220.0,1.3068493150684932,2028-01-21,51.375,51.0,51.75,51.1,14.0,0.46626815475463873,228.81500244140625,0.04,0.0012260268
NVDA,call,230.0,1.3068493150684932,2028-01-21,46.55,46.15,46.95,46.5,14.0,0.45905081970214845,228.81500244140625,0.04,0.0012260268
NVDA,call,240.0,1.3068493150684932,2028-01-21,42.025000000000006,41.7,42.35,41.9,215.0,0.4510095182800293,228.81500244140625,0.04,0.0012260268
NVDA,call,245.0,1.3068493150684932,2028-01-21,40.0,39.65,40.35,40.2,13.0,0.44885805053710937,228.81500244140625,0.04,0.0012260268
NVDA,call,250.0,1.3068493150684932,2028-01-21,38.0,37.7,38.3,37.72,39.0,0.4455469264221191,228.81500244140625,0.04,0.0012260268
NVDA,call,260.0,1.3068493150684932,2028-01-21,34.2,33.85,34.55,34.37,15.0,0.44031321411132807,228.81500244140625,0.04,0.0012260268
NVDA,call,300.0,1.3068493150684932,2028-01-21,22.425,22.1,22.75,22.1,50.0,0.4256038885498047,228.81500244140625,0.04,0.0012260268
NVDA,call,310.0,1.3068493150684932,2028-01-21,20.075000000000003,19.8,20.35,19.93,14.0,0.4217281948852539,228.81500244140625,0.04,0.0012260268
NVDA,call,320.0,1.3068493150684932,2028-01-21,18.0,17.7,18.3,17.9,13.0,0.41940888214111327,228.81500244140625,0.04,0.0012260268
NVDA,call,330.0,1.3068493150684932,2028-01-21,16.275,15.95,16.6,16.3,244.0,0.418951123046875,228.81500244140625,0.04,0.0012260268
NVDA,call,340.0,1.3068493150684932,2028-01-21,14.55,14.3,14.8,14.5,14.0,0.41559422302246096,228.81500244140625,0.04,0.0012260268
NVDA,call,370.0,1.3068493150684932,2028-01-21,10.625,10.45,10.8,11.05,25.0,0.41165749481201175,228.81500244140625,0.04,0.0012260268
NVDA,call,380.0,1.3068493150684932,2028-01-21,9.525,9.3,9.75,9.65,1004.0,0.4109250802612304,228.81500244140625,0.04,0.0012260268
NVDA,call,390.0,1.3068493150684932,2028-01-21,8.649999999999999,8.45,8.85,9.05,222.0,0.4109250802612304,228.81500244140625,0.04,0.0012260268
NVDA,call,400.0,1.3068493150684932,2028-01-21,7.825,7.65,8.0,8.25,3918.0,0.41037576934814457,228.81500244140625,0.04,0.0012260268
NVDA,call,450.0,1.3068493150684932,2028-01-21,4.85,4.75,4.95,4.82,62.0,0.41022318298339844,228.81500244140625,0.04,0.0012260268
NVDA,call,460.0,1.3068493150684932,2028-01-21,4.4,4.3,4.5,4.3,10.0,0.4101621484375,228.81500244140625,0.04,0.0012260268
NVDA,put,20.0,1.3068493150684932,2028-01-21,0.085,0.07,0.1,0.08,10.0,0.8203142968749999,228.81500244140625,0.04,0.0012260268
NVDA,put,25.0,1.3068493150684932,2028-01-21,0.07,0.01,0.13,0.1,11.0,0.726565234375,228.81500244140625,0.04,0.0012260268
NVDA,put,30.0,1.3068493150684932,2028-01-21,0.29,0.1,0.48,0.13,50.0,0.7885763330078125,228.81500244140625,0.04,0.0012260268
NVDA,put,35.0,1.3068493150684932,2028-01-21,0.315,0.1,0.53,0.19,102.0,0.7358424853515625,228.81500244140625,0.04,0.0012260268
NVDA,put,40.0,1.3068493150684932,2028-01-21,0.23500000000000001,0.2,0.27,0.25,50.0,0.657229990234375,228.81500244140625,0.04,0.0012260268
NVDA,put,45.0,1.3068493150684932,2028-01-21,0.31,0.01,0.61,0.3,483.0,0.6362341064453125,228.81500244140625,0.04,0.0012260268
NVDA,put,70.0,1.3068493150684932,2028-01-21,0.605,0.21,1.0,0.68,50.0,0.5161181201171875,228.81500244140625,0.04,0.0012260268
NVDA,put,80.0,1.3068493150684932,2028-01-21,0.94,0.84,1.04,0.88,175.0,0.505742247314453,228.81500244140625,0.04,0.0012260268
NVDA,put,85.0,1.3068493150684932,2028-01-21,1.06,0.99,1.13,1.07,10.0,0.48608912353515626,228.81500244140625,0.04,0.0012260268
NVDA,put,100.0,1.3068493150684932,2028-01-21,1.67,1.6,1.74,1.65,136.0,0.45026184509277345,228.81500244140625,0.04,0.0012260268
NVDA,put,125.0,1.3068493150684932,2028-01-21,3.295,2.99,3.6,3.43,26.0,0.4091245611572265,228.81500244140625,0.04,0.0012260268
NVDA,put,130.0,1.3068493150684932,2028-01-21,4.025,3.85,4.2,3.93,16.0,0.40430283203125,228.81500244140625,0.04,0.0012260268
NVDA,put,135.0,1.3068493150684932,2028-01-21,4.675,4.55,4.8,5.11,20.0,0.3979552392578125,228.81500244140625,0.04,0.0012260268
NVDA,put,145.0,1.3068493150684932,2028-01-21,5.975,5.75,6.2,6.07,10.0,0.38611453735351553,228.81500244140625,0.04,0.0012260268
NVDA,put,150.0,1.3068493150684932,2028-01-21,6.925,6.8,7.05,6.9,11.0,0.3813233255004882,228.81500244140625,0.04,0.0012260268
NVDA,put,160.0,1.3068493150684932,2028-01-21,8.85,8.7,9.0,8.85,475.0,0.37222917816162115,228.81500244140625,0.04,0.0012260268
NVDA,put,170.0,1.3068493150684932,2028-01-21,11.175,11.0,11.35,11.3,45.0,0.3642946871948243,228.81500244140625,0.04,0.0012260268
NVDA,put,180.0,1.3068493150684932,2028-01-21,13.85,13.7,14.0,13.95,3309.0,0.3555667471313476,228.81500244140625,0.04,0.0012260268
NVDA,put,190.0,1.3068493150684932,2028-01-21,16.875,16.75,17.0,17.15,165.0,0.3466557034301757,228.81500244140625,0.04,0.0012260268
NVDA,put,220.0,1.3068493150684932,2028-01-21,28.725,28.5,28.95,28.7,10.0,0.325827664642334,228.81500244140625,0.04,0.0012260268
NVDA,put,245.0,1.3068493150684932,2028-01-21,41.325,41.1,41.55,41.55,15.0,0.305320057220459,228.81500244140625,0.04,0.0012260268
NVDA,put,250.0,1.3068493150684932,2028-01-21,44.3,43.9,44.7,44.35,89.0,0.3041298835754394,228.81500244140625,0.04,0.0012260268
NVDA,put,255.0,1.3068493150684932,2028-01-21,47.175,46.85,47.5,49.58,46.0,0.2985147053527832,228.81500244140625,0.04,0.0012260268
NVDA,put,265.0,1.3068493150684932,2028-01-21,53.575,53.35,53.8,60.4,18.0,0.2909159043884277,228.81500244140625,0.04,0.0012260268
NVDA,put,270.0,1.3068493150684932,2028-01-21,56.7,56.35,57.05,57.07,218.0,0.28649089981079096,228.81500244140625,0.04,0.0012260268
NVDA,put,280.0,1.3068493150684932,2028-01-21,64.1,63.15,65.05,63.53,86.0,0.29016823120117186,228.81500244140625,0.04,0.0012260268
NVDA,put,285.0,1.3068493150684932,2028-01-21,67.825,66.95,68.7,67.35,30.0,0.2870096934509277,228.81500244140625,0.04,0.0012260268
NVDA,put,290.0,1.3068493150684932,2028-01-21,71.275,70.6,71.95,71.55,96.0,0.27829701202392576,228.81500244140625,0.04,0.0012260268
NVDA,put,295.0,1.3068493150684932,2028-01-21,75.0,74.35,75.65,75.3,120.0,0.2733532138061523,228.81500244140625,0.04,0.0012260268
NVDA,put,310.0,1.3068493150684932,2028-01-21,87.05,86.0,88.1,86.1,10.0,0.2688671746826171,228.81500244140625,0.04,0.0012260268
NVDA,put,430.0,1.3068493150684932,2028-01-21,200.0,196.0,204.0,209.72,17.0,0.34534346069335936,228.81500244140625,0.04,0.0012260268
