ticker,kind,strike,expiry,expiry_date,mid,bid,ask,last_price,volume,implied_volatility_yf,S,r,q
QQQ,call,695.0,0.0027397260273972603,2026-10-01,47.895,46.7,49.09,51.3,20.0,0.5817912915039063,743.2899780273438,0.040279998779296874,0.0023986015
QQQ,call,713.0,0.0027397260273972603,2026-10-01,30.185000000000002,29.76,30.61,25.1,17.0,0.3276434423828125,743.2899780273438,0.040279998779296874,0.0023986015
QQQ,call,714.0,0.0027397260273972603,2026-10-01,29.494999999999997,29.18,29.81,24.6,14.0,0.3530338134765625,743.2899780273438,0.040279998779296874,0.0023986015
QQQ,call,720.0,0.0027397260273972603,2026-10-01,23.509999999999998,23.24,23.78,23.83,12.0,0.2902903002929687,743.2899780273438,0.040279998779296874,0.0023986015
QQQ,call,721.0,0.0027397260273972603,2026-10-01,22.3,21.92,22.68,17.52,11.0,0.2661206201171875,743.2899780273438,0.040279998779296874,0.0023986015
QQQ,call,722.0,0.0027397260273972603,2026-10-01,21.595,21.3,21.89,21.1,21.0,0.28443098388671867,743.2899780273438,0.040279998779296874,0.0023986015
QQQ,call,725.0,0.0027397260273972603,2026-10-01,18.34,18.02,18.66,17.75,26.0,0.22486126708984372,743.2899780273438,0.040279998779296874,0.0023986015
QQQ,call,727.0,0.0027397260273972603,2026-10-01,16.605,16.19,17.02,11.61,75.0,0.2456130126953125,743.2899780273438,0.040279998779296874,0.0023986015
QQQ,call,730.0,0.0027397260273972603,2026-10-01,13.82,13.45,14.19,14.33,15.0,0.22669230346679686,743.2899780273438,0.040279998779296874,0.0023986015
QQQ,call,731.0,0.0027397260273972603,2026-10-01,13.07,12.76,13.38,12.94,32.0,0.229499892578125,743.2899780273438,0.040279998779296874,0.0023986015
QQQ,call,732.0,0.0027397260273972603,2026-10-01,12.09,11.96,12.22,11.96,43.0,0.20533021240234373,743.2899780273438,0.040279998779296874,0.0023986015
QQQ,call,733.0,0.0027397260273972603,2026-10-01,11.17,10.97,11.37,11.46,70.0,0.20386538330078124,743.2899780273438,0.040279998779296874,0.0023986015
QQQ,call,734.0,0.0027397260273972603,2026-10-01,10.165,10.01,10.32,11.1,93.0,0.18775226318359373,743.2899780273438,0.040279998779296874,0.0023986015
QQQ,call,735.0,0.0027397260273972603,2026-10-01,9.600000000000001,9.57,9.63,9.34,107.0,0.1948322705078125,743.2899780273438,0.040279998779296874,0.0023986015
QQQ,call,736.0,0.0027397260273972603,2026-10-01,8.715,8.68,8.75,8.65,180.0,0.18811847045898436,743.2899780273438,0.040279998779296874,0.0023986015
QQQ,call,737.0,0.0027397260273972603,2026-10-01,7.925,7.89,7.96,7.82,314.0,0.18555501953124998,743.2899780273438,0.040279998779296874,0.0023986015
QQQ,call,738.0,0.0027397260273972603,2026-10-01,7.140000000000001,7.11,7.17,7.09,623.0,0.1815267395019531,743.2899780273438,0.040279998779296874,0.0023986015
QQQ,call,739.0,0.0027397260273972603,2026-10-01,6.4399999999999995,6.42,6.46,6.35,976.0,0.18012294494628905,743.2899780273438,0.040279998779296874,0.0023986015
QQQ,call,740.0,0.0027397260273972603,2026-10-01,5.68,5.67,5.69,5.66,4529.0,0.17420259399414065,743.2899780273438,0.040279998779296874,0.0023986015
QQQ,call,741.0,0.0027397260273972603,2026-10-01,5.09,5.07,5.11,5.06,5179.0,0.17566742309570313,743.2899780273438,0.040279998779296874,0.0023986015
QQQ,call,742.0,0.0027397260273972603,2026-10-01,4.46,4.45,4.47,4.45,8347.0,0.17255466125488284,743.2899780273438,0.040279998779296874,0.0023986015
QQQ,call,743.0,0.0027397260273972603,2026-10-01,3.875,3.87,3.88,3.77,6858.0,0.16986914123535157,743.2899780273438,0.040279998779296874,0.0023986015
QQQ,call,744.0,0.0027397260273972603,2026-10-01,3.3499999999999996,3.34,3.36,3.36,7723.0,0.16846534667968754,743.2899780273438,0.040279998779296874,0.0023986015
QQQ,call,745.0,0.0027397260273972603,2026-10-01,2.865,2.86,2.87,2.86,15167.0,0.16639017211914067,743.2899780273438,0.040279998779296874,0.0023986015
QQQ,call,746.0,0.0027397260273972603,2026-10-01,2.465,2.46,2.47,2.43,3610.0,0.16651224121093755,743.2899780273438,0.040279998779296874,0.0023986015
QQQ,call,747.0,0.0027397260273972603,2026-10-01,2.075,2.07,2.08,2.06,5070.0,0.1651694812011719,743.2899780273438,0.040279998779296874,0.0023986015
QQQ,call,748.0,0.0027397260273972603,2026-10-01,1.685,1.68,1.69,1.74,3530.0,0.1615074084472656,743.2899780273438,0.040279998779296874,0.0023986015
QQQ,call,749.0,0.0027397260273972603,2026-10-01,1.435,1.43,1.44,1.43,2814.0,0.16309430664062502,743.2899780273438,0.040279998779296874,0.0023986015
QQQ,call,750.0,0.0027397260273972603,2026-10-01,1.185,1.18,1.19,1.16,3492.0,0.16272809936523439,743.2899780273438,0.040279998779296874,0.0023986015
QQQ,call,751.0,0.0027397260273972603,2026-10-01,0.965,0.96,0.97,0.95,2345.0,0.16211775390625,743.2899780273438,0.040279998779296874,0.0023986015
QQQ,call,752.0,0.0027397260273972603,2026-10-01,0.755,0.75,0.76,0.75,2057.0,0.15979844116210937,743.2899780273438,0.040279998779296874,0.0023986015
QQQ,call,753.0,0.0027397260273972603,2026-10-01,0.605,0.6,0.61,0.53,1835.0,0.1596763720703125,743.2899780273438,0.040279998779296874,0.0023986015
QQQ,call,754.0,0.0027397260273972603,2026-10-01,0.485,0.48,0.49,0.48,1736.0,0.15992051025390625,743.2899780273438,0.040279998779296874,0.0023986015
QQQ,call,755.0,0.0027397260273972603,2026-10-01,0.375,0.37,0.38,0.4,2977.0,0.159188095703125,743.2899780273438,0.040279998779296874,0.0023986015
QQQ,call,756.0,0.0027397260273972603,2026-10-01,0.33,0.32,0.34,0.34,1565.0,0.16431499755859375,743.2899780273438,0.040279998779296874,0.0023986015
QQQ,call,757.0,0.0027397260273972603,2026-10-01,0.235,0.23,0.24,0.22,1453.0,0.1606529248046875,743.2899780273438,0.040279998779296874,0.0023986015
QQQ,call,758.0,0.0027397260273972603,2026-10-01,0.195,0.19,0.2,0.18,622.0,0.16309430664062502,743.2899780273438,0.040279998779296874,0.0023986015
QQQ,call,759.0,0.0027397260273972603,2026-10-01,0.14500000000000002,0.14,0.15,0.15,346.0,0.16236189208984375,743.2899780273438,0.040279998779296874,0.0023986015
QQQ,call,760.0,0.0027397260273972603,2026-10-01,0.11499999999999999,0.11,0.12,0.1,2054.0,0.16407085937500002,743.2899780273438,0.040279998779296874,0.0023986015
QQQ,call,761.0,0.0027397260273972603,2026-10-01,0.08499999999999999,0.08,0.09,0.1,426.0,0.16358258300781253,743.2899780273438,0.040279998779296874,0.0023986015
QQQ,call,762.0,0.0027397260273972603,2026-10-01,0.07500000000000001,0.07,0.08,0.08,254.0,0.16797707031250003,743.2899780273438,0.040279998779296874,0.0023986015
QQQ,call,763.0,0.0027397260273972603,2026-10-01,0.065,0.06,0.07,0.07,305.0,0.17188328125000002,743.2899780273438,0.040279998779296874,0.0023986015
QQQ,call,764.0,0.0027397260273972603,2026-10-01,0.055,0.05,0.06,0.05,25.0,0.174812939453125,743.2899780273438,0.040279998779296874,0.0023986015
QQQ,call,765.0,0.0027397260273972603,2026-10-01,0.045,0.04,0.05,0.04,275.0,0.17774259765625,743.2899780273438,0.040279998779296874,0.0023986015
QQQ,call,766.0,0.0027397260273972603,2026-10-01,0.035,0.03,0.04,0.05,138.0,0.178719150390625,743.2899780273438,0.040279998779296874,0.0023986015
QQQ,call,768.0,0.0027397260273972603,2026-10-01,0.025,0.02,0.03,0.04,139.0,0.18555501953124998,743.2899780273438,0.040279998779296874,0.0023986015
QQQ,call,769.0,0.0027397260273972603,2026-10-01,0.025,0.02,0.03,0.02,67.0,0.1914143359375,743.2899780273438,0.040279998779296874,0.0023986015
QQQ,call,771.0,0.0027397260273972603,2026-10-01,0.025,0.02,0.03,0.03,17.0,0.20508607421874997,743.2899780273438,0.040279998779296874,0.0023986015
QQQ,call,772.0,0.0027397260273972603,2026-10-01,0.015,0.01,0.02,0.02,252.0,0.20117986328124998,743.2899780273438,0.040279998779296874,0.0023986015
QQQ,call,773.0,0.0027397260273972603,2026-10-01,0.015,0.01,0.02,0.01,108.0,0.20703917968749996,743.2899780273438,0.040279998779296874,0.0023986015
QQQ,call,774.0,0.0027397260273972603,2026-10-01,0.015,0.01,0.02,0.02,20.0,0.21289849609375,743.2899780273438,0.040279998779296874,0.0023986015
QQQ,put,655.0,0.0027397260273972603,2026-10-01,0.015,0.01,0.02,0.02,302.0,0.585941640625,743.2899780273438,0.040279998779296874,0.0023986015
QQQ,put,660.0,0.0027397260273972603,2026-10-01,0.015,0.01,0.02,0.03,13.0,0.5546919531250001,743.2899780273438,0.040279998779296874,0.0023986015
QQQ,put,665.0,0.0027397260273972603,2026-10-01,0.015,0.01,0.02,0.01,307.0,0.5195360546875,743.2899780273438,0.040279998779296874,0.0023986015
QQQ,put,666.0,0.0027397260273972603,2026-10-01,0.015,0.01,0.02,0.02,291.0,0.51562984375,743.2899780273438,0.040279998779296874,0.0023986015
QQQ,put,667.0,0.0027397260273972603,2026-10-01,0.015,0.01,0.02,0.01,240.0,0.507817421875,743.2899780273438,0.040279998779296874,0.0023986015
QQQ,put,668.0,0.0027397260273972603,2026-10-01,0.015,0.01,0.02,0.09,37.0,0.500005,743.2899780273438,0.040279998779296874,0.0023986015
QQQ,put,670.0,0.0027397260273972603,2026-10-01,0.015,0.01,0.02,0.01,19.0,0.500005,743.2899780273438,0.040279998779296874,0.0023986015
QQQ,put,671.0,0.0027397260273972603,2026-10-01,0.015,0.01,0.02,0.01,80.0,0.49219257812500006,743.2899780273438,0.040279998779296874,0.0023986015
QQQ,put,672.0,0.0027397260273972603,2026-10-01,0.015,0.01,0.02,0.02,320.0,0.48828636718750007,743.2899780273438,0.040279998779296874,0.0023986015
QQQ,put,673.0,0.0027397260273972603,2026-10-01,0.015,0.01,0.02,0.02,1280.0,0.4804739453125,743.2899780273438,0.040279998779296874,0.0023986015
QQQ,put,674.0,0.0027397260273972603,2026-10-01,0.01,0.01,0.01,0.01,1680.0,0.445318046875,743.2899780273438,0.040279998779296874,0.0023986015
QQQ,put,675.0,0.0027397260273972603,2026-10-01,0.015,0.01,0.02,0.01,1850.0,0.4687553125,743.2899780273438,0.040279998779296874,0.0023986015
QQQ,put,676.0,0.0027397260273972603,2026-10-01,0.015,0.01,0.02,0.01,2686.0,0.46094289062500005,743.2899780273438,0.040279998779296874,0.0023986015
QQQ,put,677.0,0.0027397260273972603,2026-10-01,0.015,0.01,0.02,0.01,882.0,0.45313046875,743.2899780273438,0.040279998779296874,0.0023986015
QQQ,put,678.0,0.0027397260273972603,2026-10-01,0.015,0.01,0.02,0.02,200.0,0.44922425781249997,743.2899780273438,0.040279998779296874,0.0023986015
QQQ,put,679.0,0.0027397260273972603,2026-10-01,0.015,0.01,0.02,0.02,11.0,0.4414118359375,743.2899780273438,0.040279998779296874,0.0023986015
QQQ,put,680.0,0.0027397260273972603,2026-10-01,0.015,0.01,0.02,0.02,28.0,0.437505625,743.2899780273438,0.040279998779296874,0.0023986015
QQQ,put,681.0,0.0027397260273972603,2026-10-01,0.015,0.01,0.02,0.01,800.0,0.42969320312500003,743.2899780273438,0.040279998779296874,0.0023986015
QQQ,put,682.0,0.0027397260273972603,2026-10-01,0.015,0.01,0.02,0.01,2240.0,0.42188078125,743.2899780273438,0.040279998779296874,0.0023986015
QQQ,put,683.0,0.0027397260273972603,2026-10-01,0.015,0.01,0.02,0.01,2240.0,0.41797457031249996,743.2899780273438,0.040279998779296874,0.0023986015
QQQ,put,684.0,0.0027397260273972603,2026-10-01,0.015,0.01,0.02,0.02,1722.0,0.4101621484375,743.2899780273438,0.040279998779296874,0.0023986015
QQQ,put,685.0,0.0027397260273972603,2026-10-01,0.015,0.01,0.02,0.01,2201.0,0.4023497265625,743.2899780273438,0.040279998779296874,0.0023986015
QQQ,put,686.0,0.0027397260273972603,2026-10-01,0.015,0.01,0.02,0.01,895.0,0.398443515625,743.2899780273438,0.040279998779296874,0.0023986015
QQQ,put,687.0,0.0027397260273972603,2026-10-01,0.015,0.01,0.02,0.02,1520.0,0.39063109375,743.2899780273438,0.040279998779296874,0.0023986015
QQQ,put,689.0,0.0027397260273972603,2026-10-01,0.015,0.01,0.02,0.02,45.0,0.3789124609375,743.2899780273438,0.040279998779296874,0.0023986015
QQQ,put,690.0,0.0027397260273972603,2026-10-01,0.015,0.01,0.02,0.01,46.0,0.3711000390625,743.2899780273438,0.040279998779296874,0.0023986015
QQQ,put,691.0,0.0027397260273972603,2026-10-01,0.015,0.01,0.02,0.05,157.0,0.3632876171875,743.2899780273438,0.040279998779296874,0.0023986015
QQQ,put,692.0,0.0027397260273972603,2026-10-01,0.02,0.01,0.03,0.08,38.0,0.37305314453125,743.2899780273438,0.040279998779296874,0.0023986015
QQQ,put,693.0,0.0027397260273972603,2026-10-01,0.015,0.01,0.02,0.02,82.0,0.35156898437499995,743.2899780273438,0.040279998779296874,0.0023986015
QQQ,put,694.0,0.0027397260273972603,2026-10-01,0.025,0.02,0.03,0.02,40.0,0.35938140625,743.2899780273438,0.040279998779296874,0.0023986015
QQQ,put,695.0,0.0027397260273972603,2026-10-01,0.025,0.02,0.03,0.03,328.0,0.35156898437499995,743.2899780273438,0.040279998779296874,0.0023986015
QQQ,put,696.0,0.0027397260273972603,2026-10-01,0.025,0.02,0.03,0.02,42.0,0.34570966796874997,743.2899780273438,0.040279998779296874,0.0023986015
QQQ,put,697.0,0.0027397260273972603,2026-10-01,0.025,0.02,0.03,0.03,40.0,0.3398503515625,743.2899780273438,0.040279998779296874,0.0023986015
QQQ,put,698.0,0.0027397260273972603,2026-10-01,0.025,0.02,0.03,0.02,18.0,0.3320379296875,743.2899780273438,0.040279998779296874,0.0023986015
QQQ,put,700.0,0.0027397260273972603,2026-10-01,0.025,0.02,0.03,0.02,72.0,0.31836619140624994,743.2899780273438,0.040279998779296874,0.0023986015
QQQ,put,701.0,0.0027397260273972603,2026-10-01,0.025,0.02,0.03,0.03,48.0,0.31250687499999996,743.2899780273438,0.040279998779296874,0.0023986015
QQQ,put,704.0,0.0027397260273972603,2026-10-01,0.025,0.02,0.03,0.03,109.0,0.2929758203124999,743.2899780273438,0.040279998779296874,0.0023986015
QQQ,put,705.0,0.0027397260273972603,2026-10-01,0.035,0.03,0.04,0.02,219.0,0.29492892578124996,743.2899780273438,0.040279998779296874,0.0023986015
QQQ,put,706.0,0.0027397260273972603,2026-10-01,0.035,0.03,0.04,0.04,199.0,0.28711650390624993,743.2899780273438,0.040279998779296874,0.0023986015
QQQ,put,707.0,0.0027397260273972603,2026-10-01,0.035,0.03,0.04,0.03,242.0,0.28125718749999995,743.2899780273438,0.040279998779296874,0.0023986015
QQQ,put,708.0,0.0027397260273972603,2026-10-01,0.035,0.03,0.04,0.04,58.0,0.273444765625,743.2899780273438,0.040279998779296874,0.0023986015
QQQ,put,709.0,0.0027397260273972603,2026-10-01,0.035,0.03,0.04,0.04,131.0,0.26758544921875,743.2899780273438,0.040279998779296874,0.0023986015
QQQ,put,710.0,0.0027397260273972603,2026-10-01,0.035,0.03,0.04,0.04,137.0,0.25977302734375,743.2899780273438,0.040279998779296874,0.0023986015
QQQ,put,711.0,0.0027397260273972603,2026-10-01,0.045,0.04,0.05,0.04,213.0,0.25977302734375,743.2899780273438,0.040279998779296874,0.0023986015
QQQ,put,712.0,0.0027397260273972603,2026-10-01,0.045,0.04,0.05,0.04,76.0,0.252937158203125,743.2899780273438,0.040279998779296874,0.0023986015
QQQ,put,713.0,0.0027397260273972603,2026-10-01,0.045,0.04,0.05,0.05,81.0,0.2461012890625,743.2899780273438,0.040279998779296874,0.0023986015
QQQ,put,714.0,0.0027397260273972603,2026-10-01,0.055,0.05,0.06,0.05,92.0,0.24414818359375,743.2899780273438,0.040279998779296874,0.0023986015
QQQ,put,715.0,0.0027397260273972603,2026-10-01,0.055,0.05,0.06,0.05,102.0,0.23633576171874998,743.2899780273438,0.040279998779296874,0.0023986015
QQQ,put,716.0,0.0027397260273972603,2026-10-01,0.065,0.06,0.07,0.08,526.0,0.23438265625,743.2899780273438,0.040279998779296874,0.0023986015
QQQ,put,717.0,0.0027397260273972603,2026-10-01,0.07500000000000001,0.07,0.08,0.08,119.0,0.231452998046875,743.2899780273438,0.040279998779296874,0.0023986015
QQQ,put,718.0,0.0027397260273972603,2026-10-01,0.08499999999999999,0.08,0.09,0.09,205.0,0.22754678710937498,743.2899780273438,0.040279998779296874,0.0023986015
QQQ,put,719.0,0.0027397260273972603,2026-10-01,0.095,0.09,0.1,0.08,258.0,0.22364057617187497,743.2899780273438,0.040279998779296874,0.0023986015
QQQ,put,720.0,0.0027397260273972603,2026-10-01,0.10500000000000001,0.1,0.11,0.11,906.0,0.21875781249999998,743.2899780273438,0.040279998779296874,0.0023986015
QQQ,put,721.0,0.0027397260273972603,2026-10-01,0.125,0.12,0.13,0.13,158.0,0.21680470703125,743.2899780273438,0.040279998779296874,0.0023986015
QQQ,put,722.0,0.0027397260273972603,2026-10-01,0.155,0.15,0.16,0.15,196.0,0.21631643066406248,743.2899780273438,0.040279998779296874,0.0023986015
QQQ,put,723.0,0.0027397260273972603,2026-10-01,0.175,0.17,0.18,0.16,442.0,0.21192194335937498,743.2899780273438,0.040279998779296874,0.0023986015
QQQ,put,724.0,0.0027397260273972603,2026-10-01,0.195,0.19,0.2,0.2,610.0,0.20752745605468748,743.2899780273438,0.040279998779296874,0.0023986015
QQQ,put,725.0,0.0027397260273972603,2026-10-01,0.225,0.22,0.23,0.23,1614.0,0.2043536596679687,743.2899780273438,0.040279998779296874,0.0023986015
QQQ,put,726.0,0.0027397260273972603,2026-10-01,0.255,0.25,0.26,0.27,4094.0,0.20020331054687499,743.2899780273438,0.040279998779296874,0.0023986015
QQQ,put,727.0,0.0027397260273972603,2026-10-01,0.315,0.31,0.32,0.32,1407.0,0.19995917236328126,743.2899780273438,0.040279998779296874,0.0023986015
QQQ,put,728.0,0.0027397260273972603,2026-10-01,0.355,0.35,0.36,0.36,1397.0,0.19556468505859376,743.2899780273438,0.040279998779296874,0.0023986015
QQQ,put,729.0,0.0027397260273972603,2026-10-01,0.435,0.43,0.44,0.45,1012.0,0.19507640869140624,743.2899780273438,0.040279998779296874,0.0023986015
QQQ,put,730.0,0.0027397260273972603,2026-10-01,0.485,0.48,0.49,0.5,2297.0,0.1901936450195313,743.2899780273438,0.040279998779296874,0.0023986015
QQQ,put,731.0,0.0027397260273972603,2026-10-01,0.575,0.57,0.58,0.58,4596.0,0.18824053955078124,743.2899780273438,0.040279998779296874,0.0023986015
QQQ,put,732.0,0.0027397260273972603,2026-10-01,0.685,0.68,0.69,0.68,1803.0,0.18689777954101564,743.2899780273438,0.040279998779296874,0.0023986015
QQQ,put,733.0,0.0027397260273972603,2026-10-01,0.775,0.77,0.78,0.8,3172.0,0.1825032922363281,743.2899780273438,0.040279998779296874,0.0023986015
QQQ,put,734.0,0.0027397260273972603,2026-10-01,0.915,0.91,0.92,0.92,2557.0,0.18079432495117187,743.2899780273438,0.040279998779296874,0.0023986015
QQQ,put,735.0,0.0027397260273972603,2026-10-01,1.065,1.06,1.07,1.07,2992.0,0.1782308740234375,743.2899780273438,0.040279998779296874,0.0023986015
QQQ,put,736.0,0.0027397260273972603,2026-10-01,1.255,1.25,1.26,1.22,3986.0,0.176766044921875,743.2899780273438,0.040279998779296874,0.0023986015
QQQ,put,737.0,0.0027397260273972603,2026-10-01,1.455,1.45,1.46,1.41,3474.0,0.17432466308593753,743.2899780273438,0.040279998779296874,0.0023986015
QQQ,put,738.0,0.0027397260273972603,2026-10-01,1.6749999999999998,1.67,1.68,1.64,3415.0,0.1713950048828125,743.2899780273438,0.040279998779296874,0.0023986015
QQQ,put,739.0,0.0027397260273972603,2026-10-01,1.955,1.95,1.96,1.93,3300.0,0.1700522448730469,743.2899780273438,0.040279998779296874,0.0023986015
QQQ,put,740.0,0.0027397260273972603,2026-10-01,2.255,2.25,2.26,2.23,7208.0,0.16785500122070315,743.2899780273438,0.040279998779296874,0.0023986015
QQQ,put,741.0,0.0027397260273972603,2026-10-01,2.625,2.62,2.63,2.52,5222.0,0.16724465576171876,743.2899780273438,0.040279998779296874,0.0023986015
QQQ,put,742.0,0.0027397260273972603,2026-10-01,2.99,2.98,3.0,2.99,5213.0,0.1647422393798828,743.2899780273438,0.040279998779296874,0.0023986015
QQQ,put,743.0,0.0027397260273972603,2026-10-01,3.355,3.35,3.36,3.4,3270.0,0.1598594757080078,743.2899780273438,0.040279998779296874,0.0023986015
QQQ,put,744.0,0.0027397260273972603,2026-10-01,3.92,3.91,3.93,3.92,2137.0,0.16254499572753905,743.2899780273438,0.040279998779296874,0.0023986015
QQQ,put,745.0,0.0027397260273972603,2026-10-01,4.359999999999999,4.35,4.37,4.37,1207.0,0.15717395568847659,743.2899780273438,0.040279998779296874,0.0023986015
QQQ,put,746.0,0.0027397260273972603,2026-10-01,5.005,4.99,5.02,5.0,497.0,0.15943223388671873,743.2899780273438,0.040279998779296874,0.0023986015
QQQ,put,747.0,0.0027397260273972603,2026-10-01,5.59,5.58,5.6,5.6,371.0,0.1562584375,743.2899780273438,0.040279998779296874,0.0023986015
QQQ,put,748.0,0.0027397260273972603,2026-10-01,6.195,6.17,6.22,6.24,134.0,0.15259636474609378,743.2899780273438,0.040279998779296874,0.0023986015
QQQ,put,749.0,0.0027397260273972603,2026-10-01,7.025,6.99,7.06,7.07,457.0,0.15869981933593752,743.2899780273438,0.040279998779296874,0.0023986015
QQQ,put,750.0,0.0027397260273972603,2026-10-01,7.640000000000001,7.61,7.67,7.8,77.0,0.14930049926757813,743.2899780273438,0.040279998779296874,0.0023986015
QQQ,put,754.0,0.0027397260273972603,2026-10-01,10.93,10.72,11.14,10.82,22.0,0.15528188476562502,743.2899780273438,0.040279998779296874,0.0023986015
QQQ,call,490.0,0.005479452054794521,2026-10-02,253.375,251.49,255.26,227.63,44.0,1.65625171875,743.2899780273438,0.040279998779296874,0.0023986015
QQQ,call,495.0,0.005479452054794521,2026-10-02,248.345,246.43,250.26,241.0,44.0,1.5390648046875,743.2899780273438,0.040279998779296874,0.0023986015
QQQ,call,525.0,0.005479452054794521,2026-10-02,218.33499999999998,216.39,220.28,218.47,28.0,1.3046909765624997,743.2899780273438,0.040279998779296874,0.0023986015
QQQ,call,540.0,0.005479452054794521,2026-10-02,203.495,201.59,205.4,164.07,10.0,1.439455927734375,743.2899780273438,0.040279998779296874,0.0023986015
QQQ,call,555.0,0.005479452054794521,2026-10-02,188.635,186.86,190.41,184.95,225.0,1.421877890625,743.2899780273438,0.040279998779296874,0.0023986015
QQQ,call,560.0,0.005479452054794521,2026-10-02,183.565,181.72,185.41,159.24,10.0,1.3418001660156247,743.2899780273438,0.040279998779296874,0.0023986015
QQQ,call,565.0,0.005479452054794521,2026-10-02,178.535,176.66,180.41,141.1,11.0,1.2851598242187499,743.2899780273438,0.040279998779296874,0.0023986015
QQQ,call,585.0,0.005479452054794521,2026-10-02,158.39499999999998,156.47,160.32,160.58,10.0,1.0234423828125,743.2899780273438,0.040279998779296874,0.0023986015
QQQ,call,590.0,0.005479452054794521,2026-10-02,153.32,151.32,155.32,148.16,30.0,0.851563984375,743.2899780273438,0.040279998779296874,0.0023986015
QQQ,call,610.0,0.005479452054794521,2026-10-02,133.41000000000003,131.49,135.33,134.69,27.0,0.87500125,743.2899780273438,0.040279998779296874,0.0023986015
QQQ,call,630.0,0.005479452054794521,2026-10-02,113.41499999999999,111.88,114.95,108.78,225.0,0.7500025,743.2899780273438,0.040279998779296874,0.0023986015
QQQ,call,640.0,0.005479452054794521,2026-10-02,103.685,101.92,105.45,77.05,11.0,0.8085956640624999,743.2899780273438,0.040279998779296874,0.0023986015
QQQ,call,670.0,0.005479452054794521,2026-10-02,73.66,71.85,75.47,68.82,10.0,0.585941640625,743.2899780273438,0.040279998779296874,0.0023986015
QQQ,call,703.0,0.005479452054794521,2026-10-02,40.85,39.0,42.7,42.93,30.0,0.5509078112792969,743.2899780273438,0.040279998779296874,0.0023986015
QQQ,call,705.0,0.005479452054794521,2026-10-02,38.614999999999995,36.69,40.54,38.54,14.0,0.5199022619628906,743.2899780273438,0.040279998779296874,0.0023986015
QQQ,call,708.0,0.005479452054794521,2026-10-02,35.915000000000006,35.49,36.34,29.79,10.0,0.3947814428710938,743.2899780273438,0.040279998779296874,0.0023986015
QQQ,call,715.0,0.005479452054794521,2026-10-02,28.965000000000003,28.51,29.42,28.65,29.0,0.3403386279296875,743.2899780273438,0.040279998779296874,0.0023986015
QQQ,call,718.0,0.005479452054794521,2026-10-02,26.285,25.9,26.67,26.27,25.0,0.3324041369628906,743.2899780273438,0.040279998779296874,0.0023986015
QQQ,call,720.0,0.005479452054794521,2026-10-02,24.285,24.09,24.48,23.79,32.0,0.29968962036132807,743.2899780273438,0.040279998779296874,0.0023986015
QQQ,call,722.0,0.005479452054794521,2026-10-02,22.244999999999997,21.93,22.56,21.95,17.0,0.2867502966308593,743.2899780273438,0.040279998779296874,0.0023986015
QQQ,call,723.0,0.005479452054794521,2026-10-02,21.285,20.98,21.59,21.56,10.0,0.27930408203124996,743.2899780273438,0.040279998779296874,0.0023986015
QQQ,call,724.0,0.005479452054794521,2026-10-02,20.54,20.19,20.89,19.69,24.0,0.2890696093749999,743.2899780273438,0.040279998779296874,0.0023986015
QQQ,call,725.0,0.005479452054794521,2026-10-02,19.22,19.09,19.35,19.16,98.0,0.24353783813476562,743.2899780273438,0.040279998779296874,0.0023986015
QQQ,call,726.0,0.005479452054794521,2026-10-02,18.485,18.35,18.62,19.55,13.0,0.2520826745605469,743.2899780273438,0.040279998779296874,0.0023986015
QQQ,call,729.0,0.005479452054794521,2026-10-02,15.915,15.54,16.29,16.27,17.0,0.25952888916015626,743.2899780273438,0.040279998779296874,0.0023986015
QQQ,call,730.0,0.005479452054794521,2026-10-02,14.97,14.63,15.31,14.56,175.0,0.24951922363281248,743.2899780273438,0.040279998779296874,0.0023986015
QQQ,call,731.0,0.005479452054794521,2026-10-02,14.065000000000001,13.82,14.31,14.31,18.0,0.23828886718749998,743.2899780273438,0.040279998779296874,0.0023986015
QQQ,call,732.0,0.005479452054794521,2026-10-02,13.16,12.89,13.43,12.89,38.0,0.23285679260253905,743.2899780273438,0.040279998779296874,0.0023986015
QQQ,call,733.0,0.005479452054794521,2026-10-02,12.33,12.07,12.59,12.01,334.0,0.22876747802734376,743.2899780273438,0.040279998779296874,0.0023986015
QQQ,call,734.0,0.005479452054794521,2026-10-02,11.64,11.39,11.89,11.51,64.0,0.23035437622070312,743.2899780273438,0.040279998779296874,0.0023986015
QQQ,call,735.0,0.005479452054794521,2026-10-02,10.600000000000001,10.46,10.74,10.64,1893.0,0.2111895288085937,743.2899780273438,0.040279998779296874,0.0023986015
QQQ,call,736.0,0.005479452054794521,2026-10-02,10.065,9.85,10.28,9.6,162.0,0.22162643615722655,743.2899780273438,0.040279998779296874,0.0023986015
QQQ,call,737.0,0.005479452054794521,2026-10-02,9.22,9.14,9.3,9.67,318.0,0.20899228515624996,743.2899780273438,0.040279998779296874,0.0023986015
QQQ,call,738.0,0.005479452054794521,2026-10-02,8.365,8.33,8.4,8.63,506.0,0.1992267578125,743.2899780273438,0.040279998779296874,0.0023986015
QQQ,call,739.0,0.005479452054794521,2026-10-02,7.665,7.65,7.68,7.66,882.0,0.1959308923339844,743.2899780273438,0.040279998779296874,0.0023986015
QQQ,call,740.0,0.005479452054794521,2026-10-02,7.095000000000001,7.08,7.11,7.08,2971.0,0.1974567559814453,743.2899780273438,0.040279998779296874,0.0023986015
QQQ,call,741.0,0.005479452054794521,2026-10-02,6.359999999999999,6.34,6.38,6.46,1695.0,0.19178054321289065,743.2899780273438,0.040279998779296874,0.0023986015
QQQ,call,742.0,0.005479452054794521,2026-10-02,5.75,5.73,5.77,5.79,3014.0,0.18964433410644532,743.2899780273438,0.040279998779296874,0.0023986015
QQQ,call,743.0,0.005479452054794521,2026-10-02,5.195,5.18,5.21,5.2,3525.0,0.18817950500488279,743.2899780273438,0.040279998779296874,0.0023986015
QQQ,call,744.0,0.005479452054794521,2026-10-02,4.65,4.64,4.66,4.66,2151.0,0.18598226135253904,743.2899780273438,0.040279998779296874,0.0023986015
QQQ,call,745.0,0.005479452054794521,2026-10-02,4.175,4.17,4.18,4.1,8508.0,0.18518881225585934,743.2899780273438,0.040279998779296874,0.0023986015
QQQ,call,746.0,0.005479452054794521,2026-10-02,3.665,3.66,3.67,3.7,1384.0,0.18201501586914062,743.2899780273438,0.040279998779296874,0.0023986015
QQQ,call,747.0,0.005479452054794521,2026-10-02,3.275,3.27,3.28,3.25,776.0,0.1821370849609375,743.2899780273438,0.040279998779296874,0.0023986015
QQQ,call,748.0,0.005479452054794521,2026-10-02,2.895,2.89,2.9,2.83,1366.0,0.1815267395019531,743.2899780273438,0.040279998779296874,0.0023986015
QQQ,call,749.0,0.005479452054794521,2026-10-02,2.5300000000000002,2.52,2.54,2.53,1324.0,0.18042811767578126,743.2899780273438,0.040279998779296874,0.0023986015
QQQ,call,750.0,0.005479452054794521,2026-10-02,2.1950000000000003,2.19,2.2,2.2,5146.0,0.17878018493652342,743.2899780273438,0.040279998779296874,0.0023986015
QQQ,call,751.0,0.005479452054794521,2026-10-02,1.8849999999999998,1.88,1.89,1.88,1376.0,0.1771322521972656,743.2899780273438,0.040279998779296874,0.0023986015
QQQ,call,752.0,0.005479452054794521,2026-10-02,1.69,1.68,1.7,1.64,2062.0,0.17975673767089845,743.2899780273438,0.040279998779296874,0.0023986015
QQQ,call,753.0,0.005479452054794521,2026-10-02,1.3849999999999998,1.38,1.39,1.39,1273.0,0.1753012158203125,743.2899780273438,0.040279998779296874,0.0023986015
QQQ,call,754.0,0.005479452054794521,2026-10-02,1.17,1.16,1.18,1.18,1809.0,0.17438569763183598,743.2899780273438,0.040279998779296874,0.0023986015
QQQ,call,755.0,0.005479452054794521,2026-10-02,1.01,1.0,1.02,0.99,1883.0,0.1749960430908203,743.2899780273438,0.040279998779296874,0.0023986015
QQQ,call,756.0,0.005479452054794521,2026-10-02,0.825,0.82,0.83,0.84,824.0,0.17237155761718753,743.2899780273438,0.040279998779296874,0.0023986015
QQQ,call,757.0,0.005479452054794521,2026-10-02,0.715,0.71,0.72,0.7,604.0,0.17371431762695314,743.2899780273438,0.040279998779296874,0.0023986015
QQQ,call,758.0,0.005479452054794521,2026-10-02,0.585,0.58,0.59,0.6,663.0,0.17237155761718753,743.2899780273438,0.040279998779296874,0.0023986015
QQQ,call,759.0,0.005479452054794521,2026-10-02,0.505,0.5,0.51,0.48,715.0,0.17383638671875,743.2899780273438,0.040279998779296874,0.0023986015
QQQ,call,760.0,0.005479452054794521,2026-10-02,0.445,0.44,0.45,0.42,4470.0,0.17627776855468752,743.2899780273438,0.040279998779296874,0.0023986015
QQQ,call,761.0,0.005479452054794521,2026-10-02,0.375,0.37,0.38,0.33,684.0,0.176766044921875,743.2899780273438,0.040279998779296874,0.0023986015
QQQ,call,762.0,0.005479452054794521,2026-10-02,0.315,0.31,0.32,0.29,446.0,0.17749845947265624,743.2899780273438,0.040279998779296874,0.0023986015
QQQ,call,763.0,0.005479452054794521,2026-10-02,0.26,0.25,0.27,0.25,452.0,0.1782308740234375,743.2899780273438,0.040279998779296874,0.0023986015
QQQ,call,764.0,0.005479452054794521,2026-10-02,0.20500000000000002,0.2,0.21,0.23,165.0,0.17627776855468752,743.2899780273438,0.040279998779296874,0.0023986015
QQQ,call,765.0,0.005479452054794521,2026-10-02,0.175,0.17,0.18,0.17,542.0,0.17774259765625,743.2899780273438,0.040279998779296874,0.0023986015
QQQ,call,766.0,0.005479452054794521,2026-10-02,0.155,0.15,0.16,0.19,26.0,0.180672255859375,743.2899780273438,0.040279998779296874,0.0023986015
QQQ,call,767.0,0.005479452054794521,2026-10-02,0.135,0.13,0.14,0.15,116.0,0.18262536132812499,743.2899780273438,0.040279998779296874,0.0023986015
QQQ,call,768.0,0.005479452054794521,2026-10-02,0.10500000000000001,0.1,0.11,0.12,20.0,0.18164880859375,743.2899780273438,0.040279998779296874,0.0023986015
QQQ,call,769.0,0.005479452054794521,2026-10-02,0.095,0.09,0.1,0.1,175.0,0.18506674316406246,743.2899780273438,0.040279998779296874,0.0023986015
QQQ,call,770.0,0.005479452054794521,2026-10-02,0.08499999999999999,0.08,0.09,0.07,165.0,0.18799640136718748,743.2899780273438,0.040279998779296874,0.0023986015
QQQ,call,771.0,0.005479452054794521,2026-10-02,0.07,0.06,0.08,0.07,99.0,0.19043778320312502,743.2899780273438,0.040279998779296874,0.0023986015
QQQ,call,773.0,0.005479452054794521,2026-10-02,0.055,0.05,0.06,0.05,14.0,0.19385571777343752,743.2899780273438,0.040279998779296874,0.0023986015
QQQ,call,775.0,0.005479452054794521,2026-10-02,0.045,0.04,0.05,0.05,68.0,0.20020331054687499,743.2899780273438,0.040279998779296874,0.0023986015
QQQ,call,780.0,0.005479452054794521,2026-10-02,0.025,0.02,0.03,0.03,50.0,0.21289849609375,743.2899780273438,0.040279998779296874,0.0023986015
QQQ,call,785.0,0.005479452054794521,2026-10-02,0.015,0.01,0.02,0.03,36.0,0.22657023437499998,743.2899780273438,0.040279998779296874,0.0023986015
QQQ,call,800.0,0.005479452054794521,2026-10-02,0.015,0.01,0.02,0.01,45.0,0.29688203124999996,743.2899780273438,0.040279998779296874,0.0023986015
QQQ,put,545.0,0.005479452054794521,2026-10-02,0.015,0.01,0.02,0.01,200.0,1.09375453125,743.2899780273438,0.040279998779296874,0.0023986015
QQQ,put,565.0,0.005479452054794521,2026-10-02,0.015,0.01,0.02,0.02,320.0,0.9765627343750001,743.2899780273438,0.040279998779296874,0.0023986015
QQQ,put,570.0,0.005479452054794521,2026-10-02,0.015,0.01,0.02,0.02,392.0,0.945313046875,743.2899780273438,0.040279998779296874,0.0023986015
QQQ,put,575.0,0.005479452054794521,2026-10-02,0.015,0.01,0.02,0.02,1078.0,0.914063359375,743.2899780273438,0.040279998779296874,0.0023986015
QQQ,put,580.0,0.005479452054794521,2026-10-02,0.015,0.01,0.02,0.01,432.0,0.8906260937499999,743.2899780273438,0.040279998779296874,0.0023986015
QQQ,put,585.0,0.005479452054794521,2026-10-02,0.015,0.01,0.02,0.03,291.0,0.85937640625,743.2899780273438,0.040279998779296874,0.0023986015
QQQ,put,590.0,0.005479452054794521,2026-10-02,0.015,0.01,0.02,0.03,1701.0,0.8281267187499999,743.2899780273438,0.040279998779296874,0.0023986015
QQQ,put,595.0,0.005479452054794521,2026-10-02,0.015,0.01,0.02,0.04,278.0,0.804689453125,743.2899780273438,0.040279998779296874,0.0023986015
QQQ,put,600.0,0.005479452054794521,2026-10-02,0.015,0.01,0.02,0.01,22.0,0.773439765625,743.2899780273438,0.040279998779296874,0.0023986015
QQQ,put,605.0,0.005479452054794521,2026-10-02,0.015,0.01,0.02,0.01,163.0,0.7500025,743.2899780273438,0.040279998779296874,0.0023986015
QQQ,put,620.0,0.005479452054794521,2026-10-02,0.015,0.01,0.02,0.01,81.0,0.6640658593750002,743.2899780273438,0.040279998779296874,0.0023986015
QQQ,put,625.0,0.005479452054794521,2026-10-02,0.015,0.01,0.02,0.01,294.0,0.64062859375,743.2899780273438,0.040279998779296874,0.0023986015
QQQ,put,645.0,0.005479452054794521,2026-10-02,0.015,0.01,0.02,0.02,151.0,0.5312546875,743.2899780273438,0.040279998779296874,0.0023986015
QQQ,put,650.0,0.005479452054794521,2026-10-02,0.025,0.02,0.03,0.02,31.0,0.5273484765625001,743.2899780273438,0.040279998779296874,0.0023986015
QQQ,put,655.0,0.005479452054794521,2026-10-02,0.025,0.02,0.03,0.02,10.0,0.500005,743.2899780273438,0.040279998779296874,0.0023986015
QQQ,put,665.0,0.005479452054794521,2026-10-02,0.025,0.02,0.03,0.03,10.0,0.45313046875,743.2899780273438,0.040279998779296874,0.0023986015
QQQ,put,670.0,0.005479452054794521,2026-10-02,0.025,0.02,0.03,0.02,30.0,0.42578699218750005,743.2899780273438,0.040279998779296874,0.0023986015
QQQ,put,675.0,0.005479452054794521,2026-10-02,0.025,0.02,0.03,0.04,25.0,0.398443515625,743.2899780273438,0.040279998779296874,0.0023986015
QQQ,put,677.0,0.005479452054794521,2026-10-02,0.025,0.02,0.03,0.04,32.0,0.38672488281249995,743.2899780273438,0.040279998779296874,0.0023986015
QQQ,put,678.0,0.005479452054794521,2026-10-02,0.025,0.02,0.03,0.05,205.0,0.38281867187499996,743.2899780273438,0.040279998779296874,0.0023986015
QQQ,put,679.0,0.005479452054794521,2026-10-02,0.025,0.02,0.03,0.06,239.0,0.37500625,743.2899780273438,0.040279998779296874,0.0023986015
QQQ,put,680.0,0.005479452054794521,2026-10-02,0.025,0.02,0.03,0.02,139.0,0.3711000390625,743.2899780273438,0.040279998779296874,0.0023986015
QQQ,put,683.0,0.005479452054794521,2026-10-02,0.035,0.03,0.04,0.09,64.0,0.36524072265625,743.2899780273438,0.040279998779296874,0.0023986015
QQQ,put,685.0,0.005479452054794521,2026-10-02,0.035,0.03,0.04,0.03,105.0,0.35352208984374994,743.2899780273438,0.040279998779296874,0.0023986015
QQQ,put,686.0,0.005479452054794521,2026-10-02,0.035,0.03,0.04,0.08,20.0,0.34766277343749996,743.2899780273438,0.040279998779296874,0.0023986015
QQQ,put,689.0,0.005479452054794521,2026-10-02,0.035,0.03,0.04,0.04,40.0,0.3320379296875,743.2899780273438,0.040279998779296874,0.0023986015
QQQ,put,690.0,0.005479452054794521,2026-10-02,0.035,0.03,0.04,0.04,120.0,0.32617861328125,743.2899780273438,0.040279998779296874,0.0023986015
QQQ,put,692.0,0.005479452054794521,2026-10-02,0.035,0.03,0.04,0.04,122.0,0.31445998046874996,743.2899780273438,0.040279998779296874,0.0023986015
QQQ,put,693.0,0.005479452054794521,2026-10-02,0.04,0.03,0.05,0.04,63.0,0.31641308593749995,743.2899780273438,0.040279998779296874,0.0023986015
QQQ,put,694.0,0.005479452054794521,2026-10-02,0.045,0.04,0.05,0.04,1041.0,0.31055376953124997,743.2899780273438,0.040279998779296874,0.0023986015
QQQ,put,695.0,0.005479452054794521,2026-10-02,0.045,0.04,0.05,0.04,144.0,0.305671005859375,743.2899780273438,0.040279998779296874,0.0023986015
QQQ,put,698.0,0.005479452054794521,2026-10-02,0.045,0.04,0.05,0.04,27.0,0.2880930566406249,743.2899780273438,0.040279998779296874,0.0023986015
QQQ,put,699.0,0.005479452054794521,2026-10-02,0.055,0.05,0.06,0.05,123.0,0.2890696093749999,743.2899780273438,0.040279998779296874,0.0023986015
QQQ,put,700.0,0.005479452054794521,2026-10-02,0.055,0.05,0.06,0.05,433.0,0.28321029296874994,743.2899780273438,0.040279998779296874,0.0023986015
QQQ,put,701.0,0.005479452054794521,2026-10-02,0.055,0.05,0.06,0.05,17.0,0.27735097656249996,743.2899780273438,0.040279998779296874,0.0023986015
QQQ,put,702.0,0.005479452054794521,2026-10-02,0.065,0.06,0.07,0.06,105.0,0.27637442382812494,743.2899780273438,0.040279998779296874,0.0023986015
QQQ,put,703.0,0.005479452054794521,2026-10-02,0.065,0.06,0.07,0.07,48.0,0.270515107421875,743.2899780273438,0.040279998779296874,0.0023986015
QQQ,put,704.0,0.005479452054794521,2026-10-02,0.065,0.06,0.07,0.06,35.0,0.264655791015625,743.2899780273438,0.040279998779296874,0.0023986015
QQQ,put,705.0,0.005479452054794521,2026-10-02,0.07500000000000001,0.07,0.08,0.07,1209.0,0.26270268554687504,743.2899780273438,0.040279998779296874,0.0023986015
QQQ,put,706.0,0.005479452054794521,2026-10-02,0.08,0.07,0.09,0.09,94.0,0.260749580078125,743.2899780273438,0.040279998779296874,0.0023986015
QQQ,put,707.0,0.005479452054794521,2026-10-02,0.08499999999999999,0.08,0.09,0.08,77.0,0.25489026367187506,743.2899780273438,0.040279998779296874,0.0023986015
QQQ,put,708.0,0.005479452054794521,2026-10-02,0.095,0.09,0.1,0.1,146.0,0.2524488818359375,743.2899780273438,0.040279998779296874,0.0023986015
QQQ,put,709.0,0.005479452054794521,2026-10-02,0.10500000000000001,0.1,0.11,0.11,290.0,0.24951922363281248,743.2899780273438,0.040279998779296874,0.0023986015
QQQ,put,710.0,0.005479452054794521,2026-10-02,0.11499999999999999,0.11,0.12,0.11,570.0,0.24658956542968752,743.2899780273438,0.040279998779296874,0.0023986015
QQQ,put,711.0,0.005479452054794521,2026-10-02,0.125,0.12,0.13,0.13,19.0,0.243171630859375,743.2899780273438,0.040279998779296874,0.0023986015
QQQ,put,712.0,0.005479452054794521,2026-10-02,0.135,0.13,0.14,0.13,80.0,0.23926541992187497,743.2899780273438,0.040279998779296874,0.0023986015
QQQ,put,713.0,0.005479452054794521,2026-10-02,0.14500000000000002,0.14,0.15,0.15,126.0,0.23535920898437498,743.2899780273438,0.040279998779296874,0.0023986015
QQQ,put,714.0,0.005479452054794521,2026-10-02,0.175,0.17,0.18,0.17,342.0,0.23584748535156247,743.2899780273438,0.040279998779296874,0.0023986015
QQQ,put,715.0,0.005479452054794521,2026-10-02,0.19,0.18,0.2,0.19,307.0,0.2329178271484375,743.2899780273438,0.040279998779296874,0.0023986015
QQQ,put,716.0,0.005479452054794521,2026-10-02,0.215,0.21,0.22,0.22,1581.0,0.2299881689453125,743.2899780273438,0.040279998779296874,0.0023986015
QQQ,put,717.0,0.005479452054794521,2026-10-02,0.245,0.24,0.25,0.25,210.0,0.22827920166015625,743.2899780273438,0.040279998779296874,0.0023986015
QQQ,put,718.0,0.005479452054794521,2026-10-02,0.275,0.27,0.28,0.24,303.0,0.2260819580078125,743.2899780273438,0.040279998779296874,0.0023986015
QQQ,put,719.0,0.005479452054794521,2026-10-02,0.29000000000000004,0.28,0.3,0.3,316.0,0.22168747070312497,743.2899780273438,0.040279998779296874,0.0023986015
QQQ,put,720.0,0.005479452054794521,2026-10-02,0.335,0.33,0.34,0.35,2386.0,0.21973436523437498,743.2899780273438,0.040279998779296874,0.0023986015
QQQ,put,721.0,0.005479452054794521,2026-10-02,0.385,0.38,0.39,0.37,525.0,0.21851367431640623,743.2899780273438,0.040279998779296874,0.0023986015
QQQ,put,722.0,0.005479452054794521,2026-10-02,0.425,0.42,0.43,0.44,848.0,0.2153398779296875,743.2899780273438,0.040279998779296874,0.0023986015
QQQ,put,723.0,0.005479452054794521,2026-10-02,0.485,0.48,0.49,0.5,625.0,0.213875048828125,743.2899780273438,0.040279998779296874,0.0023986015
QQQ,put,724.0,0.005479452054794521,2026-10-02,0.545,0.54,0.55,0.55,766.0,0.21167780517578122,743.2899780273438,0.040279998779296874,0.0023986015
QQQ,put,725.0,0.005479452054794521,2026-10-02,0.615,0.61,0.62,0.61,4325.0,0.20972469970703123,743.2899780273438,0.040279998779296874,0.0023986015
QQQ,put,726.0,0.005479452054794521,2026-10-02,0.665,0.66,0.67,0.69,559.0,0.20533021240234373,743.2899780273438,0.040279998779296874,0.0023986015
QQQ,put,727.0,0.005479452054794521,2026-10-02,0.765,0.76,0.77,0.77,926.0,0.20447572875976558,743.2899780273438,0.040279998779296874,0.0023986015
QQQ,put,728.0,0.005479452054794521,2026-10-02,0.855,0.85,0.86,0.86,1303.0,0.20191227783203125,743.2899780273438,0.040279998779296874,0.0023986015
QQQ,put,729.0,0.005479452054794521,2026-10-02,0.955,0.95,0.96,0.96,1230.0,0.19947089599609374,743.2899780273438,0.040279998779296874,0.0023986015
QQQ,put,730.0,0.005479452054794521,2026-10-02,1.085,1.08,1.09,1.08,3703.0,0.19800606689453126,743.2899780273438,0.040279998779296874,0.0023986015
QQQ,put,731.0,0.005479452054794521,2026-10-02,1.2349999999999999,1.23,1.24,1.22,995.0,0.19690744506835936,743.2899780273438,0.040279998779296874,0.0023986015
QQQ,put,732.0,0.005479452054794521,2026-10-02,1.395,1.39,1.4,1.38,866.0,0.19544261596679688,743.2899780273438,0.040279998779296874,0.0023986015
QQQ,put,733.0,0.005479452054794521,2026-10-02,1.525,1.52,1.53,1.51,782.0,0.1915364050292969,743.2899780273438,0.040279998779296874,0.0023986015
QQQ,put,734.0,0.005479452054794521,2026-10-02,1.725,1.72,1.73,1.7,779.0,0.19031571411132814,743.2899780273438,0.040279998779296874,0.0023986015
QQQ,put,735.0,0.005479452054794521,2026-10-02,1.955,1.95,1.96,1.93,4132.0,0.18946123046875002,743.2899780273438,0.040279998779296874,0.0023986015
QQQ,put,736.0,0.005479452054794521,2026-10-02,2.17,2.16,2.18,2.16,984.0,0.1871419177246094,743.2899780273438,0.040279998779296874,0.0023986015
QQQ,put,737.0,0.005479452054794521,2026-10-02,2.435,2.43,2.44,2.37,1546.0,0.18555501953124998,743.2899780273438,0.040279998779296874,0.0023986015
QQQ,put,738.0,0.005479452054794521,2026-10-02,2.6799999999999997,2.67,2.69,2.7,1650.0,0.18256432678222656,743.2899780273438,0.040279998779296874,0.0023986015
QQQ,put,739.0,0.005479452054794521,2026-10-02,2.965,2.96,2.97,3.02,1355.0,0.17975673767089845,743.2899780273438,0.040279998779296874,0.0023986015
QQQ,put,740.0,0.005479452054794521,2026-10-02,3.325,3.32,3.33,3.3,3115.0,0.17896328857421873,743.2899780273438,0.040279998779296874,0.0023986015
QQQ,put,741.0,0.005479452054794521,2026-10-02,3.66,3.65,3.67,3.66,2060.0,0.17627776855468752,743.2899780273438,0.040279998779296874,0.0023986015
QQQ,put,742.0,0.005479452054794521,2026-10-02,4.075,4.07,4.08,4.07,5452.0,0.17505707763671874,743.2899780273438,0.040279998779296874,0.0023986015
QQQ,put,743.0,0.005479452054794521,2026-10-02,4.51,4.49,4.53,4.5,1163.0,0.17408052490234377,743.2899780273438,0.040279998779296874,0.0023986015
QQQ,put,744.0,0.005479452054794521,2026-10-02,4.955,4.95,4.96,4.96,1011.0,0.17108983215332033,743.2899780273438,0.040279998779296874,0.0023986015
QQQ,put,745.0,0.005479452054794521,2026-10-02,5.460000000000001,5.44,5.48,5.46,1662.0,0.17017431396484378,743.2899780273438,0.040279998779296874,0.0023986015
QQQ,put,746.0,0.005479452054794521,2026-10-02,5.855,5.84,5.87,6.11,183.0,0.16297223754882814,743.2899780273438,0.040279998779296874,0.0023986015
QQQ,put,747.0,0.005479452054794521,2026-10-02,6.645,6.63,6.66,6.76,147.0,0.16974707214355472,743.2899780273438,0.040279998779296874,0.0023986015
QQQ,put,748.0,0.005479452054794521,2026-10-02,7.1850000000000005,7.16,7.21,7.34,77.0,0.16590189575195316,743.2899780273438,0.040279998779296874,0.0023986015
QQQ,put,749.0,0.005479452054794521,2026-10-02,7.83,7.8,7.86,7.9,69.0,0.1645591357421875,743.2899780273438,0.040279998779296874,0.0023986015
QQQ,put,750.0,0.005479452054794521,2026-10-02,8.495000000000001,8.46,8.53,8.59,134.0,0.1626060302734375,743.2899780273438,0.040279998779296874,0.0023986015
QQQ,put,755.0,0.005479452054794521,2026-10-02,12.43,12.25,12.61,17.4,122.0,0.16834327758789067,743.2899780273438,0.040279998779296874,0.0023986015
QQQ,put,757.0,0.005479452054794521,2026-10-02,14.165,13.98,14.35,19.14,12.0,0.1687094848632813,743.2899780273438,0.040279998779296874,0.0023986015
QQQ,put,759.0,0.005479452054794521,2026-10-02,16.095,15.8,16.39,21.31,54.0,0.18872881591796875,743.2899780273438,0.040279998779296874,0.0023986015
QQQ,put,775.0,0.005479452054794521,2026-10-02,31.65,31.16,32.14,36.5,10.0,0.28516339843749994,743.2899780273438,0.040279998779296874,0.0023986015
QQQ,call,706.0,0.0136986301369863,2026-10-05,38.065,36.23,39.9,32.93,11.0,0.3789124609375,743.2899780273438,0.040279998779296874,0.0023986015
QQQ,call,715.0,0.0136986301369863,2026-10-05,29.34,29.02,29.66,24.67,39.0,0.25501233276367197,743.2899780273438,0.040279998779296874,0.0023986015
QQQ,call,719.0,0.0136986301369863,2026-10-05,25.455,25.21,25.7,20.2,15.0,0.23053747985839845,743.2899780273438,0.040279998779296874,0.0023986015
QQQ,call,721.0,0.0136986301369863,2026-10-05,23.72,23.41,24.03,18.4,15.0,0.23242955078125,743.2899780273438,0.040279998779296874,0.0023986015
QQQ,call,725.0,0.0136986301369863,2026-10-05,19.83,19.62,20.04,17.98,10.0,0.2041705560302734,743.2899780273438,0.040279998779296874,0.0023986015
QQQ,call,728.0,0.0136986301369863,2026-10-05,17.35,17.04,17.66,18.0,10.0,0.20539124694824218,743.2899780273438,0.040279998779296874,0.0023986015
QQQ,call,731.0,0.0136986301369863,2026-10-05,14.985,14.78,15.19,15.38,38.0,0.19892158508300778,743.2899780273438,0.040279998779296874,0.0023986015
QQQ,call,732.0,0.0136986301369863,2026-10-05,13.855,13.62,14.09,13.77,12.0,0.18708088317871097,743.2899780273438,0.040279998779296874,0.0023986015
QQQ,call,734.0,0.0136986301369863,2026-10-05,12.305,12.15,12.46,12.89,57.0,0.18097742858886717,743.2899780273438,0.040279998779296874,0.0023986015
QQQ,call,735.0,0.0136986301369863,2026-10-05,11.66,11.42,11.9,11.31,43.0,0.18488363952636716,743.2899780273438,0.040279998779296874,0.0023986015
QQQ,call,736.0,0.0136986301369863,2026-10-05,10.82,10.73,10.91,11.13,56.0,0.17554535400390625,743.2899780273438,0.040279998779296874,0.0023986015
QQQ,call,737.0,0.0136986301369863,2026-10-05,10.02,9.99,10.05,10.37,27.0,0.16968603759765627,743.2899780273438,0.040279998779296874,0.0023986015
QQQ,call,738.0,0.0136986301369863,2026-10-05,9.335,9.31,9.36,9.5,184.0,0.16816017395019534,743.2899780273438,0.040279998779296874,0.0023986015
QQQ,call,739.0,0.0136986301369863,2026-10-05,8.715,8.68,8.75,8.44,116.0,0.16828224304199224,743.2899780273438,0.040279998779296874,0.0023986015
QQQ,call,740.0,0.0136986301369863,2026-10-05,8.065,8.04,8.09,7.85,320.0,0.16639017211914067,743.2899780273438,0.040279998779296874,0.0023986015
QQQ,call,741.0,0.0136986301369863,2026-10-05,7.415,7.39,7.44,7.44,1401.0,0.16413189392089844,743.2899780273438,0.040279998779296874,0.0023986015
QQQ,call,742.0,0.0136986301369863,2026-10-05,6.73,6.71,6.75,6.92,479.0,0.16022568298339845,743.2899780273438,0.040279998779296874,0.0023986015
QQQ,call,743.0,0.0136986301369863,2026-10-05,6.25,6.22,6.28,6.25,391.0,0.16144637390136718,743.2899780273438,0.040279998779296874,0.0023986015
QQQ,call,744.0,0.0136986301369863,2026-10-05,5.67,5.65,5.69,5.66,499.0,0.1588218884277344,743.2899780273438,0.040279998779296874,0.0023986015
QQQ,call,745.0,0.0136986301369863,2026-10-05,5.165,5.15,5.18,5.22,646.0,0.15760119750976562,743.2899780273438,0.040279998779296874,0.0023986015
QQQ,call,746.0,0.0136986301369863,2026-10-05,4.645,4.62,4.67,4.64,357.0,0.15564809204101562,743.2899780273438,0.040279998779296874,0.0023986015
QQQ,call,747.0,0.0136986301369863,2026-10-05,4.25,4.23,4.27,4.15,85.0,0.1559532647705078,743.2899780273438,0.040279998779296874,0.0023986015
QQQ,call,748.0,0.0136986301369863,2026-10-05,3.78,3.76,3.8,3.75,64.0,0.15357291748046875,743.2899780273438,0.040279998779296874,0.0023986015
QQQ,call,749.0,0.0136986301369863,2026-10-05,3.41,3.39,3.43,3.2,46.0,0.15323722747802737,743.2899780273438,0.040279998779296874,0.0023986015
QQQ,call,750.0,0.0136986301369863,2026-10-05,3.135,3.12,3.15,3.0,327.0,0.15473257385253908,743.2899780273438,0.040279998779296874,0.0023986015
QQQ,call,751.0,0.0136986301369863,2026-10-05,2.675,2.66,2.69,3.04,75.0,0.15021601745605473,743.2899780273438,0.040279998779296874,0.0023986015
QQQ,call,752.0,0.0136986301369863,2026-10-05,2.385,2.37,2.4,2.37,129.0,0.14997187927246097,743.2899780273438,0.040279998779296874,0.0023986015
QQQ,call,753.0,0.0136986301369863,2026-10-05,2.1100000000000003,2.1,2.12,2.11,130.0,0.1492394647216797,743.2899780273438,0.040279998779296874,0.0023986015
QQQ,call,754.0,0.0136986301369863,2026-10-05,1.835,1.82,1.85,1.79,51.0,0.14801877380371098,743.2899780273438,0.040279998779296874,0.0023986015
QQQ,call,755.0,0.0136986301369863,2026-10-05,1.64,1.63,1.65,1.54,1372.0,0.148446015625,743.2899780273438,0.040279998779296874,0.0023986015
QQQ,call,756.0,0.0136986301369863,2026-10-05,1.41,1.4,1.42,1.55,1560.0,0.14704222106933595,743.2899780273438,0.040279998779296874,0.0023986015
QQQ,call,757.0,0.0136986301369863,2026-10-05,1.21,1.2,1.22,1.21,105.0,0.1458825646972656,743.2899780273438,0.040279998779296874,0.0023986015
QQQ,call,758.0,0.0136986301369863,2026-10-05,1.05,1.04,1.06,1.05,75.0,0.14557739196777342,743.2899780273438,0.040279998779296874,0.0023986015
QQQ,call,759.0,0.0136986301369863,2026-10-05,0.91,0.9,0.92,0.87,211.0,0.14539428833007811,743.2899780273438,0.040279998779296874,0.0023986015
QQQ,call,760.0,0.0136986301369863,2026-10-05,0.78,0.77,0.79,0.77,1134.0,0.1450280810546875,743.2899780273438,0.040279998779296874,0.0023986015
QQQ,call,761.0,0.0136986301369863,2026-10-05,0.66,0.65,0.67,0.71,66.0,0.14429566650390624,743.2899780273438,0.040279998779296874,0.0023986015
QQQ,call,762.0,0.0136986301369863,2026-10-05,0.575,0.57,0.58,0.67,81.0,0.1445398046875,743.2899780273438,0.040279998779296874,0.0023986015
QQQ,call,763.0,0.0136986301369863,2026-10-05,0.48,0.47,0.49,0.49,633.0,0.14405152832031248,743.2899780273438,0.040279998779296874,0.0023986015
QQQ,call,764.0,0.0136986301369863,2026-10-05,0.43,0.42,0.44,0.46,12.0,0.14576049560546872,743.2899780273438,0.040279998779296874,0.0023986015
QQQ,call,765.0,0.0136986301369863,2026-10-05,0.36,0.35,0.37,0.34,23.0,0.14527221923828126,743.2899780273438,0.040279998779296874,0.0023986015
QQQ,call,766.0,0.0136986301369863,2026-10-05,0.3,0.29,0.31,0.31,27.0,0.14478394287109375,743.2899780273438,0.040279998779296874,0.0023986015
QQQ,call,767.0,0.0136986301369863,2026-10-05,0.265,0.26,0.27,0.3,1202.0,0.14576049560546872,743.2899780273438,0.040279998779296874,0.0023986015
QQQ,call,768.0,0.0136986301369863,2026-10-05,0.22,0.21,0.23,0.26,308.0,0.14600463378906248,743.2899780273438,0.040279998779296874,0.0023986015
QQQ,call,769.0,0.0136986301369863,2026-10-05,0.195,0.19,0.2,0.19,26.0,0.1469811865234375,743.2899780273438,0.040279998779296874,0.0023986015
QQQ,call,770.0,0.0136986301369863,2026-10-05,0.16,0.15,0.17,0.18,292.0,0.14722532470703126,743.2899780273438,0.040279998779296874,0.0023986015
QQQ,call,772.0,0.0136986301369863,2026-10-05,0.12,0.11,0.13,0.13,12.0,0.149422568359375,743.2899780273438,0.040279998779296874,0.0023986015
QQQ,call,775.0,0.0136986301369863,2026-10-05,0.08,0.07,0.09,0.1,460.0,0.15332877929687502,743.2899780273438,0.040279998779296874,0.0023986015
QQQ,call,780.0,0.0136986301369863,2026-10-05,0.05,0.04,0.06,0.05,11.0,0.16407085937500002,743.2899780273438,0.040279998779296874,0.0023986015
QQQ,call,785.0,0.0136986301369863,2026-10-05,0.035,0.03,0.04,0.02,103.0,0.17383638671875,743.2899780273438,0.040279998779296874,0.0023986015
QQQ,call,790.0,0.0136986301369863,2026-10-05,0.025,0.02,0.03,0.02,10.0,0.18555501953124998,743.2899780273438,0.040279998779296874,0.0023986015
QQQ,call,795.0,0.0136986301369863,2026-10-05,0.02,0.01,0.03,0.03,28.0,0.20313296874999998,743.2899780273438,0.040279998779296874,0.0023986015
QQQ,call,810.0,0.0136986301369863,2026-10-05,0.015,0.01,0.02,0.02,160.0,0.242195078125,743.2899780273438,0.040279998779296874,0.0023986015
QQQ,call,815.0,0.0136986301369863,2026-10-05,0.015,0.01,0.02,0.02,1044.0,0.257819921875,743.2899780273438,0.040279998779296874,0.0023986015
QQQ,call,820.0,0.0136986301369863,2026-10-05,0.015,0.01,0.02,0.01,70.0,0.273444765625,743.2899780273438,0.040279998779296874,0.0023986015
QQQ,call,825.0,0.0136986301369863,2026-10-05,0.015,0.01,0.02,0.02,1600.0,0.28711650390624993,743.2899780273438,0.040279998779296874,0.0023986015
QQQ,call,835.0,0.0136986301369863,2026-10-05,0.015,0.01,0.02,0.02,2074.0,0.31641308593749995,743.2899780273438,0.040279998779296874,0.0023986015
QQQ,put,515.0,0.0136986301369863,2026-10-05,0.015,0.01,0.02,0.01,1840.0,0.9062509375,743.2899780273438,0.040279998779296874,0.0023986015
QQQ,put,525.0,0.0136986301369863,2026-10-05,0.015,0.01,0.02,0.02,500.0,0.85937640625,743.2899780273438,0.040279998779296874,0.0023986015
QQQ,put,530.0,0.0136986301369863,2026-10-05,0.015,0.01,0.02,0.01,60.0,0.8359391406249999,743.2899780273438,0.040279998779296874,0.0023986015
QQQ,put,540.0,0.0136986301369863,2026-10-05,0.015,0.01,0.02,0.02,294.0,0.79687703125,743.2899780273438,0.040279998779296874,0.0023986015
QQQ,put,545.0,0.0136986301369863,2026-10-05,0.015,0.01,0.02,0.01,20.0,0.773439765625,743.2899780273438,0.040279998779296874,0.0023986015
QQQ,put,550.0,0.0136986301369863,2026-10-05,0.015,0.01,0.02,0.01,188.0,0.7500025,743.2899780273438,0.040279998779296874,0.0023986015
QQQ,put,555.0,0.0136986301369863,2026-10-05,0.015,0.01,0.02,0.02,886.0,0.73437765625,743.2899780273438,0.040279998779296874,0.0023986015
QQQ,put,560.0,0.0136986301369863,2026-10-05,0.015,0.01,0.02,0.01,240.0,0.710940390625,743.2899780273438,0.040279998779296874,0.0023986015
QQQ,put,565.0,0.0136986301369863,2026-10-05,0.015,0.01,0.02,0.02,744.0,0.6875031250000001,743.2899780273438,0.040279998779296874,0.0023986015
QQQ,put,570.0,0.0136986301369863,2026-10-05,0.015,0.01,0.02,0.02,714.0,0.6679720703125002,743.2899780273438,0.040279998779296874,0.0023986015
QQQ,put,575.0,0.0136986301369863,2026-10-05,0.015,0.01,0.02,0.01,196.0,0.648441015625,743.2899780273438,0.040279998779296874,0.0023986015
QQQ,put,580.0,0.0136986301369863,2026-10-05,0.015,0.01,0.02,0.02,882.0,0.6250037500000001,743.2899780273438,0.040279998779296874,0.0023986015
QQQ,put,585.0,0.0136986301369863,2026-10-05,0.015,0.01,0.02,0.04,7703.0,0.6093789062500001,743.2899780273438,0.040279998779296874,0.0023986015
QQQ,put,590.0,0.0136986301369863,2026-10-05,0.015,0.01,0.02,0.04,3882.0,0.585941640625,743.2899780273438,0.040279998779296874,0.0023986015
QQQ,put,595.0,0.0136986301369863,2026-10-05,0.015,0.01,0.02,0.05,363.0,0.570316796875,743.2899780273438,0.040279998779296874,0.0023986015
QQQ,put,600.0,0.0136986301369863,2026-10-05,0.015,0.01,0.02,0.03,51.0,0.5468795312500001,743.2899780273438,0.040279998779296874,0.0023986015
QQQ,put,610.0,0.0136986301369863,2026-10-05,0.02,0.01,0.03,0.05,495.0,0.523442265625,743.2899780273438,0.040279998779296874,0.0023986015
QQQ,put,615.0,0.0136986301369863,2026-10-05,0.02,0.01,0.03,0.06,706.0,0.500005,743.2899780273438,0.040279998779296874,0.0023986015
QQQ,put,620.0,0.0136986301369863,2026-10-05,0.025,0.02,0.03,0.05,132.0,0.500005,743.2899780273438,0.040279998779296874,0.0023986015
QQQ,put,625.0,0.0136986301369863,2026-10-05,0.025,0.02,0.03,0.06,2689.0,0.4804739453125,743.2899780273438,0.040279998779296874,0.0023986015
QQQ,put,635.0,0.0136986301369863,2026-10-05,0.025,0.02,0.03,0.04,718.0,0.43945873046875,743.2899780273438,0.040279998779296874,0.0023986015
QQQ,put,640.0,0.0136986301369863,2026-10-05,0.025,0.02,0.03,0.04,584.0,0.41992767578125,743.2899780273438,0.040279998779296874,0.0023986015
QQQ,put,650.0,0.0136986301369863,2026-10-05,0.035,0.03,0.04,0.05,24.0,0.39063109375,743.2899780273438,0.040279998779296874,0.0023986015
QQQ,put,660.0,0.0136986301369863,2026-10-05,0.035,0.03,0.04,0.05,18.0,0.3505924316406249,743.2899780273438,0.040279998779296874,0.0023986015
QQQ,put,665.0,0.0136986301369863,2026-10-05,0.045,0.04,0.05,0.08,33.0,0.33789724609375,743.2899780273438,0.040279998779296874,0.0023986015
QQQ,put,670.0,0.0136986301369863,2026-10-05,0.045,0.04,0.05,0.04,107.0,0.31836619140624994,743.2899780273438,0.040279998779296874,0.0023986015
QQQ,put,680.0,0.0136986301369863,2026-10-05,0.055,0.05,0.06,0.05,112.0,0.28321029296874994,743.2899780273438,0.040279998779296874,0.0023986015
QQQ,put,689.0,0.0136986301369863,2026-10-05,0.07500000000000001,0.07,0.08,0.28,205.0,0.25489026367187506,743.2899780273438,0.040279998779296874,0.0023986015
QQQ,put,691.0,0.0136986301369863,2026-10-05,0.08499999999999999,0.08,0.09,0.17,20.0,0.2500075,743.2899780273438,0.040279998779296874,0.0023986015
QQQ,put,692.0,0.0136986301369863,2026-10-05,0.08499999999999999,0.08,0.09,0.17,23.0,0.2456130126953125,743.2899780273438,0.040279998779296874,0.0023986015
QQQ,put,698.0,0.0136986301369863,2026-10-05,0.12,0.11,0.13,0.12,49.0,0.2309647216796875,743.2899780273438,0.040279998779296874,0.0023986015
QQQ,put,699.0,0.0136986301369863,2026-10-05,0.125,0.12,0.13,0.26,17.0,0.22657023437499998,743.2899780273438,0.040279998779296874,0.0023986015
QQQ,put,700.0,0.0136986301369863,2026-10-05,0.135,0.13,0.14,0.12,128.0,0.22461712890624996,743.2899780273438,0.040279998779296874,0.0023986015
QQQ,put,701.0,0.0136986301369863,2026-10-05,0.14500000000000002,0.14,0.15,0.14,70.0,0.22217574707031246,743.2899780273438,0.040279998779296874,0.0023986015
QQQ,put,702.0,0.0136986301369863,2026-10-05,0.15000000000000002,0.14,0.16,0.33,42.0,0.21973436523437498,743.2899780273438,0.040279998779296874,0.0023986015
QQQ,put,703.0,0.0136986301369863,2026-10-05,0.16,0.15,0.17,0.15,16.0,0.2172929833984375,743.2899780273438,0.040279998779296874,0.0023986015
QQQ,put,704.0,0.0136986301369863,2026-10-05,0.175,0.17,0.18,0.16,10.0,0.21436332519531248,743.2899780273438,0.040279998779296874,0.0023986015
QQQ,put,705.0,0.0136986301369863,2026-10-05,0.19,0.18,0.2,0.17,36.0,0.2133867724609375,743.2899780273438,0.040279998779296874,0.0023986015
QQQ,put,706.0,0.0136986301369863,2026-10-05,0.20500000000000002,0.2,0.21,0.2,79.0,0.20996883789062498,743.2899780273438,0.040279998779296874,0.0023986015
QQQ,put,707.0,0.0136986301369863,2026-10-05,0.22999999999999998,0.22,0.24,0.22,25.0,0.20996883789062498,743.2899780273438,0.040279998779296874,0.0023986015
QQQ,put,708.0,0.0136986301369863,2026-10-05,0.24,0.23,0.25,0.25,37.0,0.20655090332031245,743.2899780273438,0.040279998779296874,0.0023986015
QQQ,put,709.0,0.0136986301369863,2026-10-05,0.255,0.25,0.26,0.54,112.0,0.20313296874999998,743.2899780273438,0.040279998779296874,0.0023986015
QQQ,put,710.0,0.0136986301369863,2026-10-05,0.3,0.29,0.31,0.26,163.0,0.20459779785156246,743.2899780273438,0.040279998779296874,0.0023986015
QQQ,put,711.0,0.0136986301369863,2026-10-05,0.315,0.31,0.32,0.29,4711.0,0.2004474487304687,743.2899780273438,0.040279998779296874,0.0023986015
QQQ,put,712.0,0.0136986301369863,2026-10-05,0.335,0.33,0.34,0.34,27.0,0.1977619287109375,743.2899780273438,0.040279998779296874,0.0023986015
QQQ,put,713.0,0.0136986301369863,2026-10-05,0.365,0.36,0.37,0.33,61.0,0.1958088232421875,743.2899780273438,0.040279998779296874,0.0023986015
QQQ,put,714.0,0.0136986301369863,2026-10-05,0.395,0.39,0.4,0.4,20.0,0.19336744140625,743.2899780273438,0.040279998779296874,0.0023986015
QQQ,put,715.0,0.0136986301369863,2026-10-05,0.445,0.44,0.45,0.44,422.0,0.1928791650390625,743.2899780273438,0.040279998779296874,0.0023986015
QQQ,put,716.0,0.0136986301369863,2026-10-05,0.475,0.47,0.48,0.45,32.0,0.18994950683593753,743.2899780273438,0.040279998779296874,0.0023986015
QQQ,put,717.0,0.0136986301369863,2026-10-05,0.515,0.51,0.52,0.52,61.0,0.18775226318359373,743.2899780273438,0.040279998779296874,0.0023986015
QQQ,put,718.0,0.0136986301369863,2026-10-05,0.5700000000000001,0.56,0.58,0.64,39.0,0.18677571044921876,743.2899780273438,0.040279998779296874,0.0023986015
QQQ,put,720.0,0.0136986301369863,2026-10-05,0.685,0.68,0.69,0.7,502.0,0.1828694995117187,743.2899780273438,0.040279998779296874,0.0023986015
QQQ,put,721.0,0.0136986301369863,2026-10-05,0.74,0.73,0.75,0.76,17.0,0.180672255859375,743.2899780273438,0.040279998779296874,0.0023986015
QQQ,put,722.0,0.0136986301369863,2026-10-05,0.8200000000000001,0.81,0.83,0.82,126.0,0.17945156494140624,743.2899780273438,0.040279998779296874,0.0023986015
QQQ,put,723.0,0.0136986301369863,2026-10-05,0.9,0.89,0.91,0.88,29.0,0.17774259765625,743.2899780273438,0.040279998779296874,0.0023986015
QQQ,put,724.0,0.0136986301369863,2026-10-05,0.98,0.97,0.99,1.05,77.0,0.17566742309570313,743.2899780273438,0.040279998779296874,0.0023986015
QQQ,put,725.0,0.0136986301369863,2026-10-05,1.08,1.07,1.09,1.1,676.0,0.17414155944824222,743.2899780273438,0.040279998779296874,0.0023986015
QQQ,put,726.0,0.0136986301369863,2026-10-05,1.19,1.18,1.2,1.17,29.0,0.1726156958007813,743.2899780273438,0.040279998779296874,0.0023986015
QQQ,put,727.0,0.0136986301369863,2026-10-05,1.3,1.29,1.31,1.27,42.0,0.17072362487792972,743.2899780273438,0.040279998779296874,0.0023986015
QQQ,put,728.0,0.0136986301369863,2026-10-05,1.42,1.41,1.43,1.36,60.0,0.16883155395507815,743.2899780273438,0.040279998779296874,0.0023986015
QQQ,put,729.0,0.0136986301369863,2026-10-05,1.5550000000000002,1.54,1.57,1.64,101.0,0.16724465576171876,743.2899780273438,0.040279998779296874,0.0023986015
QQQ,put,730.0,0.0136986301369863,2026-10-05,1.725,1.71,1.74,1.75,2191.0,0.16632913757324225,743.2899780273438,0.040279998779296874,0.0023986015
QQQ,put,731.0,0.0136986301369863,2026-10-05,1.875,1.86,1.89,1.88,146.0,0.16407085937500002,743.2899780273438,0.040279998779296874,0.0023986015
QQQ,put,732.0,0.0136986301369863,2026-10-05,2.085,2.07,2.1,2.03,70.0,0.16352154846191408,743.2899780273438,0.040279998779296874,0.0023986015
QQQ,put,733.0,0.0136986301369863,2026-10-05,2.285,2.27,2.3,2.17,215.0,0.16199568481445312,743.2899780273438,0.040279998779296874,0.0023986015
QQQ,put,734.0,0.0136986301369863,2026-10-05,2.48,2.46,2.5,2.53,342.0,0.15992051025390625,743.2899780273438,0.040279998779296874,0.0023986015
QQQ,put,735.0,0.0136986301369863,2026-10-05,2.745,2.73,2.76,2.7,454.0,0.159188095703125,743.2899780273438,0.040279998779296874,0.0023986015
QQQ,put,736.0,0.0136986301369863,2026-10-05,2.99,2.97,3.01,2.94,130.0,0.15747912841796874,743.2899780273438,0.040279998779296874,0.0023986015
QQQ,put,737.0,0.0136986301369863,2026-10-05,3.27,3.25,3.29,3.31,356.0,0.1560753338623047,743.2899780273438,0.040279998779296874,0.0023986015
QQQ,put,738.0,0.0136986301369863,2026-10-05,3.565,3.55,3.58,3.52,237.0,0.15436636657714847,743.2899780273438,0.040279998779296874,0.0023986015
QQQ,put,739.0,0.0136986301369863,2026-10-05,3.9,3.88,3.92,3.89,73.0,0.15332877929687502,743.2899780273438,0.040279998779296874,0.0023986015
QQQ,put,740.0,0.0136986301369863,2026-10-05,4.24,4.22,4.26,4.2,265.0,0.1516808465576172,743.2899780273438,0.040279998779296874,0.0023986015
QQQ,put,741.0,0.0136986301369863,2026-10-05,4.615,4.6,4.63,4.67,265.0,0.15015498291015628,743.2899780273438,0.040279998779296874,0.0023986015
QQQ,put,742.0,0.0136986301369863,2026-10-05,5.0,4.98,5.02,5.17,820.0,0.1484765328979492,743.2899780273438,0.040279998779296874,0.0023986015
QQQ,put,743.0,0.0136986301369863,2026-10-05,5.475,5.45,5.5,5.63,327.0,0.148446015625,743.2899780273438,0.040279998779296874,0.0023986015
QQQ,put,744.0,0.0136986301369863,2026-10-05,5.9,5.87,5.93,6.03,248.0,0.14630980651855469,743.2899780273438,0.040279998779296874,0.0023986015
QQQ,put,745.0,0.0136986301369863,2026-10-05,6.390000000000001,6.37,6.41,6.36,341.0,0.14478394287109375,743.2899780273438,0.040279998779296874,0.0023986015
QQQ,put,746.0,0.0136986301369863,2026-10-05,6.915,6.89,6.94,7.14,13.0,0.14380739013671873,743.2899780273438,0.040279998779296874,0.0023986015
QQQ,put,752.0,0.0136986301369863,2026-10-05,10.655000000000001,10.46,10.85,10.15,11.0,0.14154911193847658,743.2899780273438,0.040279998779296874,0.0023986015
QQQ,put,753.0,0.0136986301369863,2026-10-05,11.245000000000001,11.03,11.46,14.89,20.0,0.13666634826660157,743.2899780273438,0.040279998779296874,0.0023986015
QQQ,put,755.0,0.0136986301369863,2026-10-05,12.75,12.48,13.02,12.79,13.0,0.1355066918945313,743.2899780273438,0.040279998779296874,0.0023986015
QQQ,call,712.0,0.01643835616438356,2026-10-06,32.51,32.23,32.79,25.84,18.0,0.260200269165039,743.2899780273438,0.040279998779296874,0.0023986015
QQQ,call,727.0,0.01643835616438356,2026-10-06,18.625,18.37,18.88,15.09,24.0,0.204536763305664,743.2899780273438,0.040279998779296874,0.0023986015
QQQ,call,728.0,0.01643835616438356,2026-10-06,17.785,17.47,18.1,13.69,65.0,0.20423159057617185,743.2899780273438,0.040279998779296874,0.0023986015
QQQ,call,730.0,0.01643835616438356,2026-10-06,16.15,15.96,16.34,16.66,112.0,0.196297099609375,743.2899780273438,0.040279998779296874,0.0023986015
QQQ,call,731.0,0.01643835616438356,2026-10-06,15.49,15.21,15.77,12.19,906.0,0.20117986328124998,743.2899780273438,0.040279998779296874,0.0023986015
QQQ,call,737.0,0.01643835616438356,2026-10-06,10.86,10.81,10.91,11.28,21.0,0.17932949584960936,743.2899780273438,0.040279998779296874,0.0023986015
QQQ,call,738.0,0.01643835616438356,2026-10-06,10.07,10.02,10.12,10.84,44.0,0.17496552581787111,743.2899780273438,0.040279998779296874,0.0023986015
QQQ,call,739.0,0.01643835616438356,2026-10-06,9.385,9.36,9.41,9.59,48.0,0.17221897125244146,743.2899780273438,0.040279998779296874,0.0023986015
QQQ,call,740.0,0.01643835616438356,2026-10-06,8.715,8.69,8.74,9.3,159.0,0.16999121032714848,743.2899780273438,0.040279998779296874,0.0023986015
QQQ,call,741.0,0.01643835616438356,2026-10-06,8.14,8.12,8.16,7.79,122.0,0.16947241668701174,743.2899780273438,0.040279998779296874,0.0023986015
QQQ,call,742.0,0.01643835616438356,2026-10-06,7.5600000000000005,7.53,7.59,7.57,200.0,0.16864845031738285,743.2899780273438,0.040279998779296874,0.0023986015
QQQ,call,743.0,0.01643835616438356,2026-10-06,6.91,6.89,6.93,6.92,110.0,0.16510844665527347,743.2899780273438,0.040279998779296874,0.0023986015
QQQ,call,744.0,0.01643835616438356,2026-10-06,6.475,6.46,6.49,6.54,97.0,0.16632913757324225,743.2899780273438,0.040279998779296874,0.0023986015
QQQ,call,745.0,0.01643835616438356,2026-10-06,5.91,5.89,5.93,6.0,361.0,0.16407085937500002,743.2899780273438,0.040279998779296874,0.0023986015
QQQ,call,746.0,0.01643835616438356,2026-10-06,5.359999999999999,5.34,5.38,5.3,40.0,0.16144637390136718,743.2899780273438,0.040279998779296874,0.0023986015
QQQ,call,747.0,0.01643835616438356,2026-10-06,4.93,4.91,4.95,4.86,340.0,0.16120223571777342,743.2899780273438,0.040279998779296874,0.0023986015
QQQ,call,748.0,0.01643835616438356,2026-10-06,4.48,4.46,4.5,4.79,344.0,0.1598594757080078,743.2899780273438,0.040279998779296874,0.0023986015
QQQ,call,749.0,0.01643835616438356,2026-10-06,4.07,4.05,4.09,4.54,20.0,0.15888292297363282,743.2899780273438,0.040279998779296874,0.0023986015
QQQ,call,750.0,0.01643835616438356,2026-10-06,3.6950000000000003,3.68,3.71,3.65,198.0,0.1580284393310547,743.2899780273438,0.040279998779296874,0.0023986015
QQQ,call,751.0,0.01643835616438356,2026-10-06,3.315,3.3,3.33,3.74,29.0,0.15656361022949222,743.2899780273438,0.040279998779296874,0.0023986015
QQQ,call,752.0,0.01643835616438356,2026-10-06,2.9850000000000003,2.97,3.0,2.89,22.0,0.15583119567871095,743.2899780273438,0.040279998779296874,0.0023986015
QQQ,call,753.0,0.01643835616438356,2026-10-06,2.705,2.69,2.72,2.64,34.0,0.15583119567871095,743.2899780273438,0.040279998779296874,0.0023986015
QQQ,call,755.0,0.01643835616438356,2026-10-06,2.12,2.11,2.13,1.99,247.0,0.15302360656738284,743.2899780273438,0.040279998779296874,0.0023986015
QQQ,call,756.0,0.01643835616438356,2026-10-06,1.85,1.84,1.86,1.89,40.0,0.1513146392822266,743.2899780273438,0.040279998779296874,0.0023986015
QQQ,call,757.0,0.01643835616438356,2026-10-06,1.6549999999999998,1.64,1.67,1.87,96.0,0.15155877746582033,743.2899780273438,0.040279998779296874,0.0023986015
QQQ,call,758.0,0.01643835616438356,2026-10-06,1.455,1.44,1.47,1.63,18.0,0.15088739746093754,743.2899780273438,0.040279998779296874,0.0023986015
QQQ,call,759.0,0.01643835616438356,2026-10-06,1.26,1.25,1.27,1.18,24.0,0.149422568359375,743.2899780273438,0.040279998779296874,0.0023986015
QQQ,call,760.0,0.01643835616438356,2026-10-06,1.105,1.09,1.12,1.06,111.0,0.1492394647216797,743.2899780273438,0.040279998779296874,0.0023986015
QQQ,call,761.0,0.01643835616438356,2026-10-06,0.975,0.96,0.99,0.77,15.0,0.14930049926757813,743.2899780273438,0.040279998779296874,0.0023986015
QQQ,call,763.0,0.01643835616438356,2026-10-06,0.74,0.73,0.75,0.87,59.0,0.1485680847167969,743.2899780273438,0.040279998779296874,0.0023986015
QQQ,call,764.0,0.01643835616438356,2026-10-06,0.63,0.62,0.64,0.74,36.0,0.14771360107421877,743.2899780273438,0.040279998779296874,0.0023986015
QQQ,call,765.0,0.01643835616438356,2026-10-06,0.55,0.54,0.56,0.55,37.0,0.14783567016601565,743.2899780273438,0.040279998779296874,0.0023986015
QQQ,call,769.0,0.01643835616438356,2026-10-06,0.33,0.32,0.34,0.37,11.0,0.15039912109375003,743.2899780273438,0.040279998779296874,0.0023986015
QQQ,call,770.0,0.01643835616438356,2026-10-06,0.27,0.26,0.28,0.31,11.0,0.14917843017578125,743.2899780273438,0.040279998779296874,0.0023986015
QQQ,call,771.0,0.01643835616438356,2026-10-06,0.24,0.23,0.25,0.23,26.0,0.15039912109375003,743.2899780273438,0.040279998779296874,0.0023986015
QQQ,call,773.0,0.01643835616438356,2026-10-06,0.19,0.18,0.2,0.13,16.0,0.15259636474609378,743.2899780273438,0.040279998779296874,0.0023986015
QQQ,call,785.0,0.01643835616438356,2026-10-06,0.05,0.04,0.06,0.03,11.0,0.16895362304687503,743.2899780273438,0.040279998779296874,0.0023986015
QQQ,call,790.0,0.01643835616438356,2026-10-06,0.035,0.03,0.04,0.02,10.0,0.17774259765625,743.2899780273438,0.040279998779296874,0.0023986015
QQQ,call,795.0,0.01643835616438356,2026-10-06,0.03,0.02,0.04,0.03,10.0,0.19336744140625,743.2899780273438,0.040279998779296874,0.0023986015
QQQ,call,800.0,0.01643835616438356,2026-10-06,0.02,0.01,0.03,0.04,711.0,0.20313296874999998,743.2899780273438,0.040279998779296874,0.0023986015
QQQ,call,815.0,0.01643835616438356,2026-10-06,0.02,0.01,0.03,0.04,280.0,0.24805439453125,743.2899780273438,0.040279998779296874,0.0023986015
QQQ,call,825.0,0.01643835616438356,2026-10-06,0.015,0.01,0.02,0.01,992.0,0.26563234375,743.2899780273438,0.040279998779296874,0.0023986015
QQQ,put,545.0,0.01643835616438356,2026-10-06,0.015,0.01,0.02,0.04,320.0,0.7187528125,743.2899780273438,0.040279998779296874,0.0023986015
QQQ,put,550.0,0.01643835616438356,2026-10-06,0.015,0.01,0.02,0.02,325.0,0.6953155468750001,743.2899780273438,0.040279998779296874,0.0023986015
QQQ,put,555.0,0.01643835616438356,2026-10-06,0.015,0.01,0.02,0.02,160.0,0.6796907031250001,743.2899780273438,0.040279998779296874,0.0023986015
QQQ,put,560.0,0.01643835616438356,2026-10-06,0.015,0.01,0.02,0.02,210.0,0.6562534375000001,743.2899780273438,0.040279998779296874,0.0023986015
QQQ,put,565.0,0.01643835616438356,2026-10-06,0.015,0.01,0.02,0.03,460.0,0.64062859375,743.2899780273438,0.040279998779296874,0.0023986015
QQQ,put,570.0,0.01643835616438356,2026-10-06,0.015,0.01,0.02,0.02,80.0,0.6171913281250001,743.2899780273438,0.040279998779296874,0.0023986015
QQQ,put,575.0,0.01643835616438356,2026-10-06,0.015,0.01,0.02,0.02,20.0,0.6015664843750002,743.2899780273438,0.040279998779296874,0.0023986015
QQQ,put,580.0,0.01643835616438356,2026-10-06,0.015,0.01,0.02,0.02,200.0,0.57812921875,743.2899780273438,0.040279998779296874,0.0023986015
QQQ,put,585.0,0.01643835616438356,2026-10-06,0.015,0.01,0.02,0.02,80.0,0.5625043750000001,743.2899780273438,0.040279998779296874,0.0023986015
QQQ,put,670.0,0.01643835616438356,2026-10-06,0.07,0.06,0.08,0.12,111.0,0.31055376953124997,743.2899780273438,0.040279998779296874,0.0023986015
QQQ,put,690.0,0.01643835616438356,2026-10-06,0.14,0.13,0.15,0.14,15.0,0.2524488818359375,743.2899780273438,0.040279998779296874,0.0023986015
QQQ,put,691.0,0.01643835616438356,2026-10-06,0.14500000000000002,0.14,0.15,0.26,105.0,0.24829853271484376,743.2899780273438,0.040279998779296874,0.0023986015
QQQ,put,692.0,0.01643835616438356,2026-10-06,0.15000000000000002,0.14,0.16,0.29,183.0,0.24658956542968752,743.2899780273438,0.040279998779296874,0.0023986015
QQQ,put,693.0,0.01643835616438356,2026-10-06,0.16,0.15,0.17,0.29,78.0,0.24414818359375,743.2899780273438,0.040279998779296874,0.0023986015
QQQ,put,696.0,0.01643835616438356,2026-10-06,0.195,0.19,0.2,0.35,342.0,0.23731231445312498,743.2899780273438,0.040279998779296874,0.0023986015
QQQ,put,697.0,0.01643835616438356,2026-10-06,0.20500000000000002,0.2,0.21,0.38,327.0,0.23462679443359374,743.2899780273438,0.040279998779296874,0.0023986015
QQQ,put,698.0,0.01643835616438356,2026-10-06,0.21000000000000002,0.2,0.22,0.22,10.0,0.23194127441406248,743.2899780273438,0.040279998779296874,0.0023986015
QQQ,put,703.0,0.01643835616438356,2026-10-06,0.3,0.29,0.31,0.75,60.0,0.2224198852539062,743.2899780273438,0.040279998779296874,0.0023986015
QQQ,put,704.0,0.01643835616438356,2026-10-06,0.315,0.31,0.32,0.74,41.0,0.21900195068359374,743.2899780273438,0.040279998779296874,0.0023986015
QQQ,put,705.0,0.01643835616438356,2026-10-06,0.33999999999999997,0.33,0.35,0.31,15.0,0.21778125976562498,743.2899780273438,0.040279998779296874,0.0023986015
QQQ,put,707.0,0.01643835616438356,2026-10-06,0.38,0.37,0.39,0.33,19.0,0.21265435791015624,743.2899780273438,0.040279998779296874,0.0023986015
QQQ,put,708.0,0.01643835616438356,2026-10-06,0.4,0.39,0.41,0.38,10.0,0.20972469970703123,743.2899780273438,0.040279998779296874,0.0023986015
QQQ,put,709.0,0.01643835616438356,2026-10-06,0.445,0.44,0.45,0.46,19.0,0.2087481469726562,743.2899780273438,0.040279998779296874,0.0023986015
QQQ,put,710.0,0.01643835616438356,2026-10-06,0.45999999999999996,0.45,0.47,0.48,75.0,0.20557435058593748,743.2899780273438,0.040279998779296874,0.0023986015
QQQ,put,712.0,0.01643835616438356,2026-10-06,0.54,0.53,0.55,0.52,15.0,0.20227848510742186,743.2899780273438,0.040279998779296874,0.0023986015
QQQ,put,713.0,0.01643835616438356,2026-10-06,0.58,0.57,0.59,0.66,11.0,0.20020331054687499,743.2899780273438,0.040279998779296874,0.0023986015
QQQ,put,714.0,0.01643835616438356,2026-10-06,0.63,0.62,0.64,0.6,25.0,0.1986164123535156,743.2899780273438,0.040279998779296874,0.0023986015
QQQ,put,715.0,0.01643835616438356,2026-10-06,0.675,0.67,0.68,0.64,658.0,0.19605296142578127,743.2899780273438,0.040279998779296874,0.0023986015
QQQ,put,716.0,0.01643835616438356,2026-10-06,0.725,0.72,0.73,0.73,42.0,0.1939777868652344,743.2899780273438,0.040279998779296874,0.0023986015
QQQ,put,718.0,0.01643835616438356,2026-10-06,0.845,0.84,0.85,0.87,19.0,0.19031571411132814,743.2899780273438,0.040279998779296874,0.0023986015
QQQ,put,719.0,0.01643835616438356,2026-10-06,0.91,0.9,0.92,0.93,35.0,0.18854571228027345,743.2899780273438,0.040279998779296874,0.0023986015
QQQ,put,720.0,0.01643835616438356,2026-10-06,0.99,0.98,1.0,0.92,55.0,0.1870198486328125,743.2899780273438,0.040279998779296874,0.0023986015
QQQ,put,721.0,0.01643835616438356,2026-10-06,1.08,1.07,1.09,0.99,66.0,0.18567708862304685,743.2899780273438,0.040279998779296874,0.0023986015
QQQ,put,722.0,0.01643835616438356,2026-10-06,1.17,1.16,1.18,1.22,26.0,0.18396812133789062,743.2899780273438,0.040279998779296874,0.0023986015
QQQ,put,723.0,0.01643835616438356,2026-10-06,1.27,1.26,1.28,1.3,69.0,0.18238122314453126,743.2899780273438,0.040279998779296874,0.0023986015
QQQ,put,724.0,0.01643835616438356,2026-10-06,1.36,1.35,1.37,1.32,39.0,0.18006191040039063,743.2899780273438,0.040279998779296874,0.0023986015
QQQ,put,725.0,0.01643835616438356,2026-10-06,1.49,1.48,1.5,1.49,27.0,0.17902432312011718,743.2899780273438,0.040279998779296874,0.0023986015
QQQ,put,726.0,0.01643835616438356,2026-10-06,1.62,1.61,1.63,1.98,35.0,0.1775594940185547,743.2899780273438,0.040279998779296874,0.0023986015
QQQ,put,727.0,0.01643835616438356,2026-10-06,1.73,1.72,1.74,2.06,41.0,0.1749960430908203,743.2899780273438,0.040279998779296874,0.0023986015
QQQ,put,728.0,0.01643835616438356,2026-10-06,1.915,1.9,1.93,1.98,52.0,0.1749350085449219,743.2899780273438,0.040279998779296874,0.0023986015
QQQ,put,729.0,0.01643835616438356,2026-10-06,2.065,2.05,2.08,2.08,22.0,0.17304293762207032,743.2899780273438,0.040279998779296874,0.0023986015
QQQ,put,730.0,0.01643835616438356,2026-10-06,2.2300000000000004,2.22,2.24,2.25,288.0,0.1710287976074219,743.2899780273438,0.040279998779296874,0.0023986015
QQQ,put,731.0,0.01643835616438356,2026-10-06,2.425,2.41,2.44,2.39,36.0,0.16993017578125003,743.2899780273438,0.040279998779296874,0.0023986015
QQQ,put,732.0,0.01643835616438356,2026-10-06,2.62,2.61,2.63,2.69,26.0,0.16803810485839848,743.2899780273438,0.040279998779296874,0.0023986015
QQQ,put,733.0,0.01643835616438356,2026-10-06,2.825,2.81,2.84,2.84,38.0,0.16632913757324225,743.2899780273438,0.040279998779296874,0.0023986015
QQQ,put,735.0,0.01643835616438356,2026-10-06,3.3200000000000003,3.31,3.33,3.36,120.0,0.16346051391601565,743.2899780273438,0.040279998779296874,0.0023986015
QQQ,put,736.0,0.01643835616438356,2026-10-06,3.59,3.57,3.61,3.75,33.0,0.1623008575439453,743.2899780273438,0.040279998779296874,0.0023986015
QQQ,put,737.0,0.01643835616438356,2026-10-06,3.87,3.85,3.89,3.55,50.0,0.16053085571289064,743.2899780273438,0.040279998779296874,0.0023986015
QQQ,put,738.0,0.01643835616438356,2026-10-06,4.195,4.18,4.21,4.12,47.0,0.1593711993408203,743.2899780273438,0.040279998779296874,0.0023986015
QQQ,put,739.0,0.01643835616438356,2026-10-06,4.525,4.51,4.54,4.86,23.0,0.15787585296630857,743.2899780273438,0.040279998779296874,0.0023986015
QQQ,put,740.0,0.01643835616438356,2026-10-06,4.885,4.87,4.9,4.8,173.0,0.15659412750244145,743.2899780273438,0.040279998779296874,0.0023986015
QQQ,put,741.0,0.01643835616438356,2026-10-06,5.285,5.26,5.31,4.99,135.0,0.1559532647705078,743.2899780273438,0.040279998779296874,0.0023986015
QQQ,put,742.0,0.01643835616438356,2026-10-06,5.654999999999999,5.63,5.68,5.75,74.0,0.15375602111816405,743.2899780273438,0.040279998779296874,0.0023986015
QQQ,put,743.0,0.01643835616438356,2026-10-06,6.109999999999999,6.08,6.14,6.41,35.0,0.15320671020507814,743.2899780273438,0.040279998779296874,0.0023986015
QQQ,put,744.0,0.01643835616438356,2026-10-06,6.58,6.56,6.6,6.61,55.0,0.1519860192871094,743.2899780273438,0.040279998779296874,0.0023986015
QQQ,put,745.0,0.01643835616438356,2026-10-06,6.965,6.94,6.99,7.0,57.0,0.148446015625,743.2899780273438,0.040279998779296874,0.0023986015
QQQ,put,746.0,0.01643835616438356,2026-10-06,7.445,7.41,7.48,7.45,14.0,0.1466760137939453,743.2899780273438,0.040279998779296874,0.0023986015
QQQ,put,747.0,0.01643835616438356,2026-10-06,8.085,8.05,8.12,8.16,10.0,0.14801877380371098,743.2899780273438,0.040279998779296874,0.0023986015
QQQ,put,748.0,0.01643835616438356,2026-10-06,8.67,8.64,8.7,8.3,23.0,0.1471642901611328,743.2899780273438,0.040279998779296874,0.0023986015
QQQ,call,729.0,0.019178082191780823,2026-10-07,17.555,17.27,17.84,14.0,11.0,0.20526917785644527,743.2899780273438,0.040279998779296874,0.0023986015
QQQ,call,730.0,0.019178082191780823,2026-10-07,16.715,16.47,16.96,17.32,215.0,0.2010577941894531,743.2899780273438,0.040279998779296874,0.0023986015
QQQ,call,731.0,0.019178082191780823,2026-10-07,16.17,15.91,16.43,16.62,200.0,0.20600159240722654,743.2899780273438,0.040279998779296874,0.0023986015
QQQ,call,735.0,0.019178082191780823,2026-10-07,12.77,12.68,12.86,12.47,92.0,0.1840901904296875,743.2899780273438,0.040279998779296874,0.0023986015
QQQ,call,736.0,0.019178082191780823,2026-10-07,12.21,12.17,12.25,12.82,548.0,0.18494467407226559,743.2899780273438,0.040279998779296874,0.0023986015
QQQ,call,737.0,0.019178082191780823,2026-10-07,11.45,11.4,11.5,11.43,265.0,0.18198449859619142,743.2899780273438,0.040279998779296874,0.0023986015
QQQ,call,738.0,0.019178082191780823,2026-10-07,10.77,10.73,10.81,11.32,53.0,0.18006191040039063,743.2899780273438,0.040279998779296874,0.0023986015
QQQ,call,739.0,0.019178082191780823,2026-10-07,10.08,10.05,10.11,10.62,533.0,0.17749845947265624,743.2899780273438,0.040279998779296874,0.0023986015
QQQ,call,740.0,0.019178082191780823,2026-10-07,9.48,9.45,9.51,9.63,4850.0,0.17688811401367188,743.2899780273438,0.040279998779296874,0.0023986015
QQQ,call,741.0,0.019178082191780823,2026-10-07,8.870000000000001,8.83,8.91,8.97,102.0,0.1757894921875,743.2899780273438,0.040279998779296874,0.0023986015
QQQ,call,742.0,0.019178082191780823,2026-10-07,8.245000000000001,8.21,8.28,8.23,148.0,0.1735312139892578,743.2899780273438,0.040279998779296874,0.0023986015
QQQ,call,743.0,0.019178082191780823,2026-10-07,7.6899999999999995,7.66,7.72,7.72,225.0,0.17243259216308598,743.2899780273438,0.040279998779296874,0.0023986015
QQQ,call,744.0,0.019178082191780823,2026-10-07,7.140000000000001,7.12,7.16,7.03,103.0,0.1708456939697266,743.2899780273438,0.040279998779296874,0.0023986015
QQQ,call,745.0,0.019178082191780823,2026-10-07,6.58,6.56,6.6,6.46,243.0,0.16877051940917973,743.2899780273438,0.040279998779296874,0.0023986015
QQQ,call,746.0,0.019178082191780823,2026-10-07,6.154999999999999,6.13,6.18,5.96,28.0,0.1694418994140625,743.2899780273438,0.040279998779296874,0.0023986015
QQQ,call,747.0,0.019178082191780823,2026-10-07,5.619999999999999,5.6,5.64,5.66,45.0,0.16681741394042973,743.2899780273438,0.040279998779296874,0.0023986015
QQQ,call,748.0,0.019178082191780823,2026-10-07,5.175,5.14,5.21,5.15,98.0,0.16623758575439457,743.2899780273438,0.040279998779296874,0.0023986015
QQQ,call,749.0,0.019178082191780823,2026-10-07,4.734999999999999,4.71,4.76,4.61,31.0,0.16465068756103518,743.2899780273438,0.040279998779296874,0.0023986015
QQQ,call,750.0,0.019178082191780823,2026-10-07,4.375,4.36,4.39,4.15,90.0,0.16446758392333982,743.2899780273438,0.040279998779296874,0.0023986015
QQQ,call,751.0,0.019178082191780823,2026-10-07,3.98,3.96,4.0,4.04,15.0,0.16327741027832032,743.2899780273438,0.040279998779296874,0.0023986015
QQQ,call,752.0,0.019178082191780823,2026-10-07,3.585,3.56,3.61,3.5,38.0,0.1615074084472656,743.2899780273438,0.040279998779296874,0.0023986015
QQQ,call,753.0,0.019178082191780823,2026-10-07,3.25,3.23,3.27,3.11,27.0,0.16040878662109376,743.2899780273438,0.040279998779296874,0.0023986015
QQQ,call,756.0,0.019178082191780823,2026-10-07,2.355,2.34,2.37,2.53,15.0,0.15699085205078128,743.2899780273438,0.040279998779296874,0.0023986015
QQQ,call,757.0,0.019178082191780823,2026-10-07,2.12,2.1,2.14,2.12,40.0,0.15668567932128907,743.2899780273438,0.040279998779296874,0.0023986015
QQQ,call,758.0,0.019178082191780823,2026-10-07,1.895,1.88,1.91,1.9,24.0,0.15589223022460938,743.2899780273438,0.040279998779296874,0.0023986015
QQQ,call,759.0,0.019178082191780823,2026-10-07,1.6949999999999998,1.68,1.71,1.79,53.0,0.15546498840332032,743.2899780273438,0.040279998779296874,0.0023986015
QQQ,call,760.0,0.019178082191780823,2026-10-07,1.49,1.48,1.5,1.52,58.0,0.15406119384765626,743.2899780273438,0.040279998779296874,0.0023986015
QQQ,call,761.0,0.019178082191780823,2026-10-07,1.3250000000000002,1.31,1.34,1.43,76.0,0.15387809020996096,743.2899780273438,0.040279998779296874,0.0023986015
QQQ,call,763.0,0.019178082191780823,2026-10-07,1.0350000000000001,1.02,1.05,1.09,14.0,0.15302360656738284,743.2899780273438,0.040279998779296874,0.0023986015
QQQ,call,765.0,0.019178082191780823,2026-10-07,0.8200000000000001,0.81,0.83,0.92,26.0,0.1530846411132813,743.2899780273438,0.040279998779296874,0.0023986015
QQQ,call,766.0,0.019178082191780823,2026-10-07,0.705,0.69,0.72,0.78,13.0,0.15229119201660157,743.2899780273438,0.040279998779296874,0.0023986015
QQQ,call,770.0,0.019178082191780823,2026-10-07,0.435,0.42,0.45,0.47,25.0,0.1538170556640625,743.2899780273438,0.040279998779296874,0.0023986015
QQQ,call,772.0,0.019178082191780823,2026-10-07,0.32,0.31,0.33,0.25,61.0,0.1524742956542969,743.2899780273438,0.040279998779296874,0.0023986015
QQQ,call,773.0,0.019178082191780823,2026-10-07,0.28500000000000003,0.28,0.29,0.19,63.0,0.15284050292968754,743.2899780273438,0.040279998779296874,0.0023986015
QQQ,call,774.0,0.019178082191780823,2026-10-07,0.245,0.24,0.25,0.23,10.0,0.15259636474609378,743.2899780273438,0.040279998779296874,0.0023986015
QQQ,call,780.0,0.019178082191780823,2026-10-07,0.12,0.11,0.13,0.14,68.0,0.15821154296875,743.2899780273438,0.040279998779296874,0.0023986015
QQQ,call,790.0,0.019178082191780823,2026-10-07,0.05,0.04,0.06,0.03,28.0,0.17383638671875,743.2899780273438,0.040279998779296874,0.0023986015
QQQ,call,800.0,0.019178082191780823,2026-10-07,0.03,0.02,0.04,0.05,40.0,0.195320546875,743.2899780273438,0.040279998779296874,0.0023986015
QQQ,call,805.0,0.019178082191780823,2026-10-07,0.025,0.02,0.03,0.02,770.0,0.20410952148437497,743.2899780273438,0.040279998779296874,0.0023986015
QQQ,call,820.0,0.019178082191780823,2026-10-07,0.02,0.01,0.03,0.01,101.0,0.2461012890625,743.2899780273438,0.040279998779296874,0.0023986015
QQQ,call,825.0,0.019178082191780823,2026-10-07,0.015,0.01,0.02,0.04,432.0,0.2500075,743.2899780273438,0.040279998779296874,0.0023986015
QQQ,call,830.0,0.019178082191780823,2026-10-07,0.015,0.01,0.02,0.02,800.0,0.2617261328125,743.2899780273438,0.040279998779296874,0.0023986015
QQQ,put,525.0,0.019178082191780823,2026-10-07,0.015,0.01,0.02,0.02,520.0,0.7421900781249999,743.2899780273438,0.040279998779296874,0.0023986015
QQQ,put,530.0,0.019178082191780823,2026-10-07,0.015,0.01,0.02,0.01,620.0,0.726565234375,743.2899780273438,0.040279998779296874,0.0023986015
QQQ,put,535.0,0.019178082191780823,2026-10-07,0.015,0.01,0.02,0.02,360.0,0.70312796875,743.2899780273438,0.040279998779296874,0.0023986015
QQQ,put,540.0,0.019178082191780823,2026-10-07,0.015,0.01,0.02,0.01,180.0,0.6875031250000001,743.2899780273438,0.040279998779296874,0.0023986015
QQQ,put,550.0,0.019178082191780823,2026-10-07,0.015,0.01,0.02,0.04,160.0,0.648441015625,743.2899780273438,0.040279998779296874,0.0023986015
QQQ,put,555.0,0.019178082191780823,2026-10-07,0.02,0.01,0.03,0.02,720.0,0.648441015625,743.2899780273438,0.040279998779296874,0.0023986015
QQQ,put,560.0,0.019178082191780823,2026-10-07,0.02,0.01,0.03,0.02,720.0,0.6289099609375001,743.2899780273438,0.040279998779296874,0.0023986015
QQQ,put,565.0,0.019178082191780823,2026-10-07,0.02,0.01,0.03,0.02,60.0,0.6093789062500001,743.2899780273438,0.040279998779296874,0.0023986015
QQQ,put,570.0,0.019178082191780823,2026-10-07,0.02,0.01,0.03,0.02,20.0,0.5937540625000001,743.2899780273438,0.040279998779296874,0.0023986015
QQQ,put,575.0,0.019178082191780823,2026-10-07,0.02,0.01,0.03,0.02,20.0,0.5742230078125,743.2899780273438,0.040279998779296874,0.0023986015
QQQ,put,595.0,0.019178082191780823,2026-10-07,0.02,0.01,0.03,0.03,81.0,0.5039112109375,743.2899780273438,0.040279998779296874,0.0023986015
QQQ,put,600.0,0.019178082191780823,2026-10-07,0.02,0.01,0.03,0.05,20.0,0.5039112109375,743.2899780273438,0.040279998779296874,0.0023986015
QQQ,put,610.0,0.019178082191780823,2026-10-07,0.03,0.02,0.04,0.08,27.0,0.4804739453125,743.2899780273438,0.040279998779296874,0.0023986015
QQQ,put,640.0,0.019178082191780823,2026-10-07,0.05,0.04,0.06,0.09,74.0,0.39063109375,743.2899780273438,0.040279998779296874,0.0023986015
QQQ,put,645.0,0.019178082191780823,2026-10-07,0.060000000000000005,0.05,0.07,0.1,353.0,0.37793590820312495,743.2899780273438,0.040279998779296874,0.0023986015
QQQ,put,665.0,0.019178082191780823,2026-10-07,0.095,0.09,0.1,0.2,10.0,0.3178779150390625,743.2899780273438,0.040279998779296874,0.0023986015
QQQ,put,690.0,0.019178082191780823,2026-10-07,0.22999999999999998,0.22,0.24,0.23,13.0,0.2536695727539063,743.2899780273438,0.040279998779296874,0.0023986015
QQQ,put,695.0,0.019178082191780823,2026-10-07,0.29000000000000004,0.28,0.3,0.27,40.0,0.24146266357421875,743.2899780273438,0.040279998779296874,0.0023986015
QQQ,put,700.0,0.019178082191780823,2026-10-07,0.38,0.37,0.39,0.36,74.0,0.2304764453125,743.2899780273438,0.040279998779296874,0.0023986015
QQQ,put,701.0,0.019178082191780823,2026-10-07,0.4,0.39,0.41,0.44,15.0,0.22827920166015625,743.2899780273438,0.040279998779296874,0.0023986015
QQQ,put,702.0,0.019178082191780823,2026-10-07,0.43,0.42,0.44,0.45,26.0,0.2268143725585937,743.2899780273438,0.040279998779296874,0.0023986015
QQQ,put,705.0,0.019178082191780823,2026-10-07,0.51,0.5,0.52,0.51,142.0,0.22022264160156246,743.2899780273438,0.040279998779296874,0.0023986015
QQQ,put,706.0,0.019178082191780823,2026-10-07,0.54,0.53,0.55,0.54,1165.0,0.2180253979492187,743.2899780273438,0.040279998779296874,0.0023986015
QQQ,put,707.0,0.019178082191780823,2026-10-07,0.575,0.56,0.59,0.54,33.0,0.21656056884765623,743.2899780273438,0.040279998779296874,0.0023986015
QQQ,put,710.0,0.019178082191780823,2026-10-07,0.6799999999999999,0.67,0.69,0.63,38.0,0.2092364233398437,743.2899780273438,0.040279998779296874,0.0023986015
QQQ,put,714.0,0.019178082191780823,2026-10-07,0.885,0.88,0.89,0.9,28.0,0.20142400146484374,743.2899780273438,0.040279998779296874,0.0023986015
QQQ,put,715.0,0.019178082191780823,2026-10-07,0.96,0.95,0.97,1.0,24.0,0.2005695178222656,743.2899780273438,0.040279998779296874,0.0023986015
QQQ,put,716.0,0.019178082191780823,2026-10-07,1.03,1.02,1.04,1.03,1246.0,0.19886055053710935,743.2899780273438,0.040279998779296874,0.0023986015
QQQ,put,719.0,0.019178082191780823,2026-10-07,1.26,1.25,1.27,1.24,75.0,0.19336744140625,743.2899780273438,0.040279998779296874,0.0023986015
QQQ,put,720.0,0.019178082191780823,2026-10-07,1.36,1.35,1.37,1.39,83.0,0.1920246813964844,743.2899780273438,0.040279998779296874,0.0023986015
QQQ,put,721.0,0.019178082191780823,2026-10-07,1.45,1.44,1.46,1.43,52.0,0.18994950683593753,743.2899780273438,0.040279998779296874,0.0023986015
QQQ,put,722.0,0.019178082191780823,2026-10-07,1.53,1.52,1.54,1.48,10.0,0.18726398681640627,743.2899780273438,0.040279998779296874,0.0023986015
QQQ,put,723.0,0.019178082191780823,2026-10-07,1.68,1.66,1.7,1.56,12.0,0.18738605590820312,743.2899780273438,0.040279998779296874,0.0023986015
QQQ,put,725.0,0.019178082191780823,2026-10-07,1.92,1.91,1.93,1.92,322.0,0.18317467224121092,743.2899780273438,0.040279998779296874,0.0023986015
QQQ,put,726.0,0.019178082191780823,2026-10-07,2.0549999999999997,2.04,2.07,2.13,93.0,0.1815267395019531,743.2899780273438,0.040279998779296874,0.0023986015
QQQ,put,727.0,0.019178082191780823,2026-10-07,2.225,2.21,2.24,2.22,17.0,0.1804891522216797,743.2899780273438,0.040279998779296874,0.0023986015
QQQ,put,728.0,0.019178082191780823,2026-10-07,2.395,2.38,2.41,2.46,10.0,0.17914639221191403,743.2899780273438,0.040279998779296874,0.0023986015
QQQ,put,729.0,0.019178082191780823,2026-10-07,2.54,2.52,2.56,2.59,23.0,0.176766044921875,743.2899780273438,0.040279998779296874,0.0023986015
QQQ,put,730.0,0.019178082191780823,2026-10-07,2.7649999999999997,2.75,2.78,2.76,91.0,0.17615569946289064,743.2899780273438,0.040279998779296874,0.0023986015
QQQ,put,732.0,0.019178082191780823,2026-10-07,3.16,3.14,3.18,3.18,28.0,0.17255466125488284,743.2899780273438,0.040279998779296874,0.0023986015
QQQ,put,733.0,0.019178082191780823,2026-10-07,3.39,3.37,3.41,3.25,47.0,0.1710287976074219,743.2899780273438,0.040279998779296874,0.0023986015
QQQ,put,734.0,0.019178082191780823,2026-10-07,3.64,3.62,3.66,3.63,14.0,0.16962500305175782,743.2899780273438,0.040279998779296874,0.0023986015
QQQ,put,735.0,0.019178082191780823,2026-10-07,3.91,3.89,3.93,3.95,167.0,0.16828224304199224,743.2899780273438,0.040279998779296874,0.0023986015
QQQ,put,736.0,0.019178082191780823,2026-10-07,4.1899999999999995,4.17,4.21,4.28,30.0,0.16681741394042973,743.2899780273438,0.040279998779296874,0.0023986015
QQQ,put,737.0,0.019178082191780823,2026-10-07,4.460000000000001,4.44,4.48,4.51,30.0,0.16462017028808595,743.2899780273438,0.040279998779296874,0.0023986015
QQQ,put,738.0,0.019178082191780823,2026-10-07,4.800000000000001,4.78,4.82,4.8,88.0,0.1637046520996094,743.2899780273438,0.040279998779296874,0.0023986015
QQQ,put,739.0,0.019178082191780823,2026-10-07,5.125,5.1,5.15,4.92,85.0,0.16205671936035154,743.2899780273438,0.040279998779296874,0.0023986015
QQQ,put,740.0,0.019178082191780823,2026-10-07,5.550000000000001,5.53,5.57,5.46,204.0,0.16205671936035154,743.2899780273438,0.040279998779296874,0.0023986015
QQQ,put,741.0,0.019178082191780823,2026-10-07,5.9,5.88,5.92,5.88,352.0,0.15995102752685547,743.2899780273438,0.040279998779296874,0.0023986015
QQQ,put,742.0,0.019178082191780823,2026-10-07,6.3,6.27,6.33,6.2,75.0,0.15869981933593752,743.2899780273438,0.040279998779296874,0.0023986015
QQQ,put,743.0,0.019178082191780823,2026-10-07,6.6850000000000005,6.66,6.71,6.75,123.0,0.15628895477294924,743.2899780273438,0.040279998779296874,0.0023986015
QQQ,put,744.0,0.019178082191780823,2026-10-07,7.154999999999999,7.13,7.18,7.17,169.0,0.1554039538574219,743.2899780273438,0.040279998779296874,0.0023986015
QQQ,put,745.0,0.019178082191780823,2026-10-07,7.645,7.62,7.67,7.8,92.0,0.1544274011230469,743.2899780273438,0.040279998779296874,0.0023986015
QQQ,put,746.0,0.019178082191780823,2026-10-07,8.125,8.09,8.16,8.29,24.0,0.152901537475586,743.2899780273438,0.040279998779296874,0.0023986015
QQQ,put,747.0,0.019178082191780823,2026-10-07,8.645,8.61,8.68,8.86,299.0,0.1514977429199219,743.2899780273438,0.040279998779296874,0.0023986015
QQQ,call,729.0,0.021917808219178082,2026-10-08,17.965,17.7,18.23,17.84,20.0,0.2038043487548828,743.2899780273438,0.040279998779296874,0.0023986015
QQQ,call,730.0,0.021917808219178082,2026-10-08,17.235,17.04,17.43,16.23,11.0,0.2016681396484375,743.2899780273438,0.040279998779296874,0.0023986015
QQQ,call,735.0,0.021917808219178082,2026-10-08,13.5,13.39,13.61,14.09,99.0,0.19104812866210938,743.2899780273438,0.040279998779296874,0.0023986015
QQQ,call,736.0,0.021917808219178082,2026-10-08,12.82,12.78,12.86,10.2,24.0,0.18836260864257812,743.2899780273438,0.040279998779296874,0.0023986015
QQQ,call,739.0,0.021917808219178082,2026-10-08,10.739999999999998,10.69,10.79,11.5,16.0,0.18235070587158203,743.2899780273438,0.040279998779296874,0.0023986015
QQQ,call,740.0,0.021917808219178082,2026-10-08,10.16,10.12,10.2,10.68,132.0,0.18180139495849607,743.2899780273438,0.040279998779296874,0.0023986015
QQQ,call,741.0,0.021917808219178082,2026-10-08,9.475,9.43,9.52,10.02,2090.0,0.1789327713012695,743.2899780273438,0.040279998779296874,0.0023986015
QQQ,call,742.0,0.021917808219178082,2026-10-08,8.89,8.84,8.94,9.43,16.0,0.17783414947509768,743.2899780273438,0.040279998779296874,0.0023986015
QQQ,call,743.0,0.021917808219178082,2026-10-08,8.32,8.29,8.35,8.21,75.0,0.17609466491699222,743.2899780273438,0.040279998779296874,0.0023986015
QQQ,call,745.0,0.021917808219178082,2026-10-08,7.21,7.18,7.24,7.18,57.0,0.17292086853027344,743.2899780273438,0.040279998779296874,0.0023986015
QQQ,call,746.0,0.021917808219178082,2026-10-08,6.6850000000000005,6.66,6.71,5.79,12.0,0.1712119012451172,743.2899780273438,0.040279998779296874,0.0023986015
QQQ,call,748.0,0.021917808219178082,2026-10-08,5.795,5.77,5.82,5.53,10.0,0.17017431396484378,743.2899780273438,0.040279998779296874,0.0023986015
QQQ,call,749.0,0.021917808219178082,2026-10-08,5.285,5.26,5.31,5.28,11.0,0.16754982849121097,743.2899780273438,0.040279998779296874,0.0023986015
QQQ,call,750.0,0.021917808219178082,2026-10-08,4.895,4.87,4.92,4.82,128.0,0.1671225866699219,743.2899780273438,0.040279998779296874,0.0023986015
QQQ,call,754.0,0.021917808219178082,2026-10-08,3.42,3.4,3.44,2.82,20.0,0.1626060302734375,743.2899780273438,0.040279998779296874,0.0023986015
QQQ,call,755.0,0.021917808219178082,2026-10-08,3.105,3.08,3.13,3.11,184.0,0.16169051208496094,743.2899780273438,0.040279998779296874,0.0023986015
QQQ,call,756.0,0.021917808219178082,2026-10-08,2.85,2.83,2.87,2.66,34.0,0.16156844299316403,743.2899780273438,0.040279998779296874,0.0023986015
QQQ,call,757.0,0.021917808219178082,2026-10-08,2.57,2.55,2.59,2.54,58.0,0.1604698211669922,743.2899780273438,0.040279998779296874,0.0023986015
QQQ,call,758.0,0.021917808219178082,2026-10-08,2.335,2.32,2.35,2.34,106.0,0.1599815447998047,743.2899780273438,0.040279998779296874,0.0023986015
QQQ,call,759.0,0.021917808219178082,2026-10-08,2.065,2.05,2.08,2.01,29.0,0.15808947387695313,743.2899780273438,0.040279998779296874,0.0023986015
QQQ,call,760.0,0.021917808219178082,2026-10-08,1.875,1.86,1.89,1.78,56.0,0.1580284393310547,743.2899780273438,0.040279998779296874,0.0023986015
QQQ,call,761.0,0.021917808219178082,2026-10-08,1.67,1.66,1.68,1.8,11.0,0.1568687829589844,743.2899780273438,0.040279998779296874,0.0023986015
QQQ,call,764.0,0.021917808219178082,2026-10-08,1.21,1.2,1.22,1.35,43.0,0.1562584375,743.2899780273438,0.040279998779296874,0.0023986015
QQQ,call,765.0,0.021917808219178082,2026-10-08,1.07,1.06,1.08,1.01,81.0,0.15552602294921875,743.2899780273438,0.040279998779296874,0.0023986015
QQQ,call,766.0,0.021917808219178082,2026-10-08,0.97,0.96,0.98,1.08,45.0,0.15601429931640626,743.2899780273438,0.040279998779296874,0.0023986015
QQQ,call,769.0,0.021917808219178082,2026-10-08,0.665,0.65,0.68,0.76,14.0,0.1550377465820313,743.2899780273438,0.040279998779296874,0.0023986015
QQQ,call,771.0,0.021917808219178082,2026-10-08,0.53,0.52,0.54,0.54,46.0,0.15528188476562502,743.2899780273438,0.040279998779296874,0.0023986015
QQQ,call,772.0,0.021917808219178082,2026-10-08,0.46499999999999997,0.45,0.48,0.36,42.0,0.1554039538574219,743.2899780273438,0.040279998779296874,0.0023986015
QQQ,call,773.0,0.021917808219178082,2026-10-08,0.42,0.41,0.43,0.29,264.0,0.1557701611328125,743.2899780273438,0.040279998779296874,0.0023986015
QQQ,call,774.0,0.021917808219178082,2026-10-08,0.36,0.35,0.37,0.39,20.0,0.1550377465820313,743.2899780273438,0.040279998779296874,0.0023986015
QQQ,call,775.0,0.021917808219178082,2026-10-08,0.33,0.32,0.34,0.25,101.0,0.1563805065917969,743.2899780273438,0.040279998779296874,0.0023986015
QQQ,call,785.0,0.021917808219178082,2026-10-08,0.11499999999999999,0.11,0.12,0.08,16.0,0.16407085937500002,743.2899780273438,0.040279998779296874,0.0023986015
QQQ,call,790.0,0.021917808219178082,2026-10-08,0.08,0.07,0.09,0.05,66.0,0.17285983398437502,743.2899780273438,0.040279998779296874,0.0023986015
QQQ,call,795.0,0.021917808219178082,2026-10-08,0.05,0.04,0.06,0.15,56.0,0.178719150390625,743.2899780273438,0.040279998779296874,0.0023986015
QQQ,call,800.0,0.021917808219178082,2026-10-08,0.04,0.03,0.05,0.04,162.0,0.18946123046875002,743.2899780273438,0.040279998779296874,0.0023986015
QQQ,call,810.0,0.021917808219178082,2026-10-08,0.025,0.02,0.03,0.02,731.0,0.20508607421874997,743.2899780273438,0.040279998779296874,0.0023986015
QQQ,call,825.0,0.021917808219178082,2026-10-08,0.02,0.01,0.03,0.01,100.0,0.24414818359375,743.2899780273438,0.040279998779296874,0.0023986015
QQQ,call,830.0,0.021917808219178082,2026-10-08,0.02,0.01,0.03,0.02,1200.0,0.256843369140625,743.2899780273438,0.040279998779296874,0.0023986015
QQQ,call,835.0,0.021917808219178082,2026-10-08,0.015,0.01,0.02,0.02,20.0,0.25977302734375,743.2899780273438,0.040279998779296874,0.0023986015
QQQ,call,840.0,0.021917808219178082,2026-10-08,0.015,0.01,0.02,0.02,1068.0,0.27149166015625,743.2899780273438,0.040279998779296874,0.0023986015
QQQ,call,845.0,0.021917808219178082,2026-10-08,0.015,0.01,0.02,0.02,100.0,0.28321029296874994,743.2899780273438,0.040279998779296874,0.0023986015
QQQ,put,500.0,0.021917808219178082,2026-10-08,0.02,0.01,0.03,0.02,220.0,0.8125018749999999,743.2899780273438,0.040279998779296874,0.0023986015
QQQ,put,505.0,0.021917808219178082,2026-10-08,0.02,0.01,0.03,0.02,320.0,0.7929708203125,743.2899780273438,0.040279998779296874,0.0023986015
QQQ,put,510.0,0.021917808219178082,2026-10-08,0.02,0.01,0.03,0.02,320.0,0.773439765625,743.2899780273438,0.040279998779296874,0.0023986015
QQQ,put,515.0,0.021917808219178082,2026-10-08,0.02,0.01,0.03,0.02,740.0,0.7578149218750001,743.2899780273438,0.040279998779296874,0.0023986015
QQQ,put,520.0,0.021917808219178082,2026-10-08,0.015,0.01,0.02,0.04,280.0,0.7187528125,743.2899780273438,0.040279998779296874,0.0023986015
QQQ,put,525.0,0.021917808219178082,2026-10-08,0.02,0.01,0.03,0.04,620.0,0.7187528125,743.2899780273438,0.040279998779296874,0.0023986015
QQQ,put,530.0,0.021917808219178082,2026-10-08,0.02,0.01,0.03,0.02,80.0,0.6992217578125001,743.2899780273438,0.040279998779296874,0.0023986015
QQQ,put,535.0,0.021917808219178082,2026-10-08,0.02,0.01,0.03,0.04,660.0,0.6796907031250001,743.2899780273438,0.040279998779296874,0.0023986015
QQQ,put,540.0,0.021917808219178082,2026-10-08,0.02,0.01,0.03,0.02,120.0,0.6640658593750002,743.2899780273438,0.040279998779296874,0.0023986015
QQQ,put,545.0,0.021917808219178082,2026-10-08,0.02,0.01,0.03,0.04,260.0,0.648441015625,743.2899780273438,0.040279998779296874,0.0023986015
QQQ,put,550.0,0.021917808219178082,2026-10-08,0.02,0.01,0.03,0.02,20.0,0.6289099609375001,743.2899780273438,0.040279998779296874,0.0023986015
QQQ,put,555.0,0.021917808219178082,2026-10-08,0.02,0.01,0.03,0.03,80.0,0.6093789062500001,743.2899780273438,0.040279998779296874,0.0023986015
QQQ,put,580.0,0.021917808219178082,2026-10-08,0.025,0.01,0.04,0.05,144.0,0.5351608984375,743.2899780273438,0.040279998779296874,0.0023986015
QQQ,put,615.0,0.021917808219178082,2026-10-08,0.04,0.03,0.05,0.12,20.0,0.44727115234375,743.2899780273438,0.040279998779296874,0.0023986015
QQQ,put,625.0,0.021917808219178082,2026-10-08,0.055,0.05,0.06,0.12,12.0,0.41992767578125,743.2899780273438,0.040279998779296874,0.0023986015
QQQ,put,635.0,0.021917808219178082,2026-10-08,0.07,0.06,0.08,0.15,38.0,0.397466962890625,743.2899780273438,0.040279998779296874,0.0023986015
QQQ,put,645.0,0.021917808219178082,2026-10-08,0.09,0.08,0.1,0.13,19.0,0.3715883154296875,743.2899780273438,0.040279998779296874,0.0023986015
QQQ,put,655.0,0.021917808219178082,2026-10-08,0.11,0.1,0.12,0.17,23.0,0.34326828613281246,743.2899780273438,0.040279998779296874,0.0023986015
QQQ,put,660.0,0.021917808219178082,2026-10-08,0.13,0.12,0.14,0.13,14.0,0.3315496533203125,743.2899780273438,0.040279998779296874,0.0023986015
QQQ,put,675.0,0.021917808219178082,2026-10-08,0.2,0.19,0.21,0.6,45.0,0.29224340576171864,743.2899780273438,0.040279998779296874,0.0023986015
QQQ,put,680.0,0.021917808219178082,2026-10-08,0.24,0.23,0.25,0.23,19.0,0.2802806347656249,743.2899780273438,0.040279998779296874,0.0023986015
QQQ,put,698.0,0.021917808219178082,2026-10-08,0.5,0.49,0.51,1.01,52.0,0.23767852172851558,743.2899780273438,0.040279998779296874,0.0023986015
QQQ,put,700.0,0.021917808219178082,2026-10-08,0.55,0.54,0.56,0.55,25.0,0.2332840344238281,743.2899780273438,0.040279998779296874,0.0023986015
QQQ,put,702.0,0.021917808219178082,2026-10-08,0.6,0.59,0.61,1.01,19.0,0.22827920166015625,743.2899780273438,0.040279998779296874,0.0023986015
QQQ,put,703.0,0.021917808219178082,2026-10-08,0.64,0.63,0.65,1.23,51.0,0.2268143725585937,743.2899780273438,0.040279998779296874,0.0023986015
QQQ,put,705.0,0.021917808219178082,2026-10-08,0.7,0.69,0.71,0.67,22.0,0.2219316088867187,743.2899780273438,0.040279998779296874,0.0023986015
QQQ,put,706.0,0.021917808219178082,2026-10-08,0.75,0.74,0.76,0.9,650.0,0.22071091796874998,743.2899780273438,0.040279998779296874,0.0023986015
QQQ,put,707.0,0.021917808219178082,2026-10-08,0.78,0.77,0.79,1.38,17.0,0.21790332885742186,743.2899780273438,0.040279998779296874,0.0023986015
QQQ,put,710.0,0.021917808219178082,2026-10-08,0.935,0.92,0.95,0.93,58.0,0.21302056518554688,743.2899780273438,0.040279998779296874,0.0023986015
QQQ,put,712.0,0.021917808219178082,2026-10-08,1.045,1.03,1.06,1.92,40.0,0.20887021606445308,743.2899780273438,0.040279998779296874,0.0023986015
QQQ,put,716.0,0.021917808219178082,2026-10-08,1.33,1.32,1.34,1.47,651.0,0.20142400146484374,743.2899780273438,0.040279998779296874,0.0023986015
QQQ,put,718.0,0.021917808219178082,2026-10-08,1.5,1.49,1.51,2.42,50.0,0.1977619287109375,743.2899780273438,0.040279998779296874,0.0023986015
QQQ,put,720.0,0.021917808219178082,2026-10-08,1.705,1.69,1.72,1.83,20.0,0.1947102014160156,743.2899780273438,0.040279998779296874,0.0023986015
QQQ,put,725.0,0.021917808219178082,2026-10-08,2.3449999999999998,2.33,2.36,2.15,14.0,0.186531572265625,743.2899780273438,0.040279998779296874,0.0023986015
QQQ,put,727.0,0.021917808219178082,2026-10-08,2.64,2.62,2.66,3.02,33.0,0.18274743041992186,743.2899780273438,0.040279998779296874,0.0023986015
QQQ,put,728.0,0.021917808219178082,2026-10-08,2.83,2.81,2.85,2.78,31.0,0.18158777404785154,743.2899780273438,0.040279998779296874,0.0023986015
QQQ,put,730.0,0.021917808219178082,2026-10-08,3.205,3.19,3.22,3.13,124.0,0.17798673583984376,743.2899780273438,0.040279998779296874,0.0023986015
QQQ,put,731.0,0.021917808219178082,2026-10-08,3.42,3.4,3.44,3.29,59.0,0.17664397583007813,743.2899780273438,0.040279998779296874,0.0023986015
QQQ,put,732.0,0.021917808219178082,2026-10-08,3.645,3.62,3.67,3.45,27.0,0.17524018127441404,743.2899780273438,0.040279998779296874,0.0023986015
QQQ,put,735.0,0.021917808219178082,2026-10-08,4.449999999999999,4.43,4.47,4.28,35.0,0.1714865567016602,743.2899780273438,0.040279998779296874,0.0023986015
QQQ,put,737.0,0.021917808219178082,2026-10-08,5.04,5.01,5.07,5.6,26.0,0.16864845031738285,743.2899780273438,0.040279998779296874,0.0023986015
QQQ,put,739.0,0.021917808219178082,2026-10-08,5.74,5.71,5.77,5.62,17.0,0.16651224121093755,743.2899780273438,0.040279998779296874,0.0023986015
QQQ,put,740.0,0.021917808219178082,2026-10-08,6.035,6.01,6.06,6.21,85.0,0.16352154846191408,743.2899780273438,0.040279998779296874,0.0023986015
QQQ,put,741.0,0.021917808219178082,2026-10-08,6.45,6.42,6.48,6.62,23.0,0.16294172027587894,743.2899780273438,0.040279998779296874,0.0023986015
QQQ,put,742.0,0.021917808219178082,2026-10-08,6.895,6.87,6.92,7.05,64.0,0.16236189208984375,743.2899780273438,0.040279998779296874,0.0023986015
QQQ,put,743.0,0.021917808219178082,2026-10-08,7.305,7.28,7.33,8.08,30.0,0.16068344207763674,743.2899780273438,0.040279998779296874,0.0023986015
QQQ,put,744.0,0.021917808219178082,2026-10-08,7.725,7.69,7.76,8.05,26.0,0.1589744747924805,743.2899780273438,0.040279998779296874,0.0023986015
QQQ,put,745.0,0.021917808219178082,2026-10-08,8.235,8.21,8.26,8.28,16.0,0.1583030947875977,743.2899780273438,0.040279998779296874,0.0023986015
QQQ,put,748.0,0.021917808219178082,2026-10-08,9.690000000000001,9.65,9.73,11.0,10.0,0.15277946838378909,743.2899780273438,0.040279998779296874,0.0023986015
QQQ,put,754.0,0.021917808219178082,2026-10-08,13.42,13.36,13.48,22.73,19.0,0.1458825646972656,743.2899780273438,0.040279998779296874,0.0023986015
QQQ,call,510.0,0.024657534246575342,2026-10-09,233.56,231.78,235.34,235.19,20.0,0.946289599609375,743.2899780273438,0.040279998779296874,0.0023986015
QQQ,call,520.0,0.024657534246575342,2026-10-09,223.72,221.92,225.52,196.9,10.0,0.9599613378906249,743.2899780273438,0.040279998779296874,0.0023986015
QQQ,call,530.0,0.024657534246575342,2026-10-09,213.675,211.98,215.37,188.41,10.0,0.9003916210937499,743.2899780273438,0.040279998779296874,0.0023986015
QQQ,call,535.0,0.024657534246575342,2026-10-09,208.59,206.8,210.38,183.45,10.0,0.84961087890625,743.2899780273438,0.040279998779296874,0.0023986015
QQQ,call,560.0,0.024657534246575342,2026-10-09,184.225,182.38,186.07,159.91,10.0,0.8798840136718749,743.2899780273438,0.040279998779296874,0.0023986015
QQQ,call,575.0,0.024657534246575342,2026-10-09,169.11,167.34,170.88,145.51,12.0,0.7915059912109376,743.2899780273438,0.040279998779296874,0.0023986015
QQQ,call,580.0,0.024657534246575342,2026-10-09,164.285,162.43,166.14,140.45,20.0,0.7939473730468749,743.2899780273438,0.040279998779296874,0.0023986015
QQQ,call,585.0,0.024657534246575342,2026-10-09,159.26999999999998,157.42,161.12,153.92,10.0,0.7685570019531252,743.2899780273438,0.040279998779296874,0.0023986015
QQQ,call,630.0,0.024657534246575342,2026-10-09,114.24000000000001,112.47,116.01,87.23,27.0,0.559574716796875,743.2899780273438,0.040279998779296874,0.0023986015
QQQ,call,640.0,0.024657534246575342,2026-10-09,104.275,102.5,106.05,102.17,12.0,0.5185595019531251,743.2899780273438,0.040279998779296874,0.0023986015
QQQ,call,655.0,0.024657534246575342,2026-10-09,89.515,87.65,91.38,87.47,10.0,0.5872844006347657,743.2899780273438,0.040279998779296874,0.0023986015
QQQ,call,676.0,0.024657534246575342,2026-10-09,68.655,66.81,70.5,67.76,11.0,0.4802298071289062,743.2899780273438,0.040279998779296874,0.0023986015
QQQ,call,695.0,0.024657534246575342,2026-10-09,49.875,48.1,51.65,45.25,10.0,0.3817810845947265,743.2899780273438,0.040279998779296874,0.0023986015
QQQ,call,700.0,0.024657534246575342,2026-10-09,45.480000000000004,44.64,46.32,45.43,22.0,0.3416203533935547,743.2899780273438,0.040279998779296874,0.0023986015
QQQ,call,707.0,0.024657534246575342,2026-10-09,39.075,37.93,40.22,37.16,10.0,0.33197689514160156,743.2899780273438,0.040279998779296874,0.0023986015
QQQ,call,710.0,0.024657534246575342,2026-10-09,35.665000000000006,35.31,36.02,31.3,39.0,0.27503166381835936,743.2899780273438,0.040279998779296874,0.0023986015
QQQ,call,718.0,0.024657534246575342,2026-10-09,28.9,27.74,30.06,23.98,10.0,0.2880930566406249,743.2899780273438,0.040279998779296874,0.0023986015
QQQ,call,719.0,0.024657534246575342,2026-10-09,27.064999999999998,26.74,27.39,22.92,106.0,0.23462679443359374,743.2899780273438,0.040279998779296874,0.0023986015
QQQ,call,720.0,0.024657534246575342,2026-10-09,26.33,26.02,26.64,22.7,63.0,0.23584748535156247,743.2899780273438,0.040279998779296874,0.0023986015
QQQ,call,722.0,0.024657534246575342,2026-10-09,24.65,24.39,24.91,20.19,21.0,0.23102575622558597,743.2899780273438,0.040279998779296874,0.0023986015
QQQ,call,725.0,0.024657534246575342,2026-10-09,22.285,22.04,22.53,21.28,24.0,0.22797402893066404,743.2899780273438,0.040279998779296874,0.0023986015
QQQ,call,729.0,0.024657534246575342,2026-10-09,18.69,18.46,18.92,18.22,13.0,0.21015194152832029,743.2899780273438,0.040279998779296874,0.0023986015
QQQ,call,730.0,0.024657534246575342,2026-10-09,18.125,17.93,18.32,18.6,561.0,0.21250177154541017,743.2899780273438,0.040279998779296874,0.0023986015
QQQ,call,733.0,0.024657534246575342,2026-10-09,15.68,15.43,15.93,15.0,11.0,0.2039874523925781,743.2899780273438,0.040279998779296874,0.0023986015
QQQ,call,734.0,0.024657534246575342,2026-10-09,14.96,14.74,15.18,16.13,19.0,0.20169865692138672,743.2899780273438,0.040279998779296874,0.0023986015
QQQ,call,735.0,0.024657534246575342,2026-10-09,14.32,14.27,14.37,14.0,84.0,0.1978534805297852,743.2899780273438,0.040279998779296874,0.0023986015
QQQ,call,736.0,0.024657534246575342,2026-10-09,13.605,13.54,13.67,14.05,143.0,0.1961445132446289,743.2899780273438,0.040279998779296874,0.0023986015
QQQ,call,737.0,0.024657534246575342,2026-10-09,12.825,12.77,12.88,12.7,25.0,0.1922077850341797,743.2899780273438,0.040279998779296874,0.0023986015
QQQ,call,738.0,0.024657534246575342,2026-10-09,12.245000000000001,12.19,12.3,12.81,77.0,0.19245192321777344,743.2899780273438,0.040279998779296874,0.0023986015
QQQ,call,739.0,0.024657534246575342,2026-10-09,11.719999999999999,11.66,11.78,11.42,48.0,0.19358106231689454,743.2899780273438,0.040279998779296874,0.0023986015
QQQ,call,740.0,0.024657534246575342,2026-10-09,10.940000000000001,10.89,10.99,11.0,556.0,0.1887898504638672,743.2899780273438,0.040279998779296874,0.0023986015
QQQ,call,741.0,0.024657534246575342,2026-10-09,10.280000000000001,10.22,10.34,10.21,824.0,0.18659260681152345,743.2899780273438,0.040279998779296874,0.0023986015
QQQ,call,742.0,0.024657534246575342,2026-10-09,9.719999999999999,9.67,9.77,9.4,258.0,0.18564657135009766,743.2899780273438,0.040279998779296874,0.0023986015
QQQ,call,743.0,0.024657534246575342,2026-10-09,9.149999999999999,9.12,9.18,9.06,542.0,0.18396812133789062,743.2899780273438,0.040279998779296874,0.0023986015
QQQ,call,744.0,0.024657534246575342,2026-10-09,8.59,8.56,8.62,8.71,268.0,0.18256432678222656,743.2899780273438,0.040279998779296874,0.0023986015
QQQ,call,745.0,0.024657534246575342,2026-10-09,8.05,8.04,8.06,8.05,958.0,0.18079432495117187,743.2899780273438,0.040279998779296874,0.0023986015
QQQ,call,746.0,0.024657534246575342,2026-10-09,7.545,7.53,7.56,7.64,367.0,0.17984828948974607,743.2899780273438,0.040279998779296874,0.0023986015
QQQ,call,747.0,0.024657534246575342,2026-10-09,7.05,7.02,7.08,6.8,227.0,0.17896328857421873,743.2899780273438,0.040279998779296874,0.0023986015
QQQ,call,748.0,0.024657534246575342,2026-10-09,6.545,6.54,6.55,6.28,211.0,0.17664397583007813,743.2899780273438,0.040279998779296874,0.0023986015
QQQ,call,749.0,0.024657534246575342,2026-10-09,6.05,6.04,6.06,6.0,311.0,0.17475190490722659,743.2899780273438,0.040279998779296874,0.0023986015
QQQ,call,750.0,0.024657534246575342,2026-10-09,5.6,5.57,5.63,5.67,4158.0,0.17374483489990233,743.2899780273438,0.040279998779296874,0.0023986015
QQQ,call,751.0,0.024657534246575342,2026-10-09,5.1850000000000005,5.18,5.19,5.39,286.0,0.17206638488769532,743.2899780273438,0.040279998779296874,0.0023986015
QQQ,call,752.0,0.024657534246575342,2026-10-09,4.85,4.83,4.87,4.79,499.0,0.1726156958007813,743.2899780273438,0.040279998779296874,0.0023986015
QQQ,call,753.0,0.024657534246575342,2026-10-09,4.455,4.44,4.47,4.53,514.0,0.1710287976074219,743.2899780273438,0.040279998779296874,0.0023986015
QQQ,call,754.0,0.024657534246575342,2026-10-09,4.075,4.07,4.08,4.07,388.0,0.16919776123046876,743.2899780273438,0.040279998779296874,0.0023986015
QQQ,call,755.0,0.024657534246575342,2026-10-09,3.8,3.79,3.81,3.75,1017.0,0.16968603759765627,743.2899780273438,0.040279998779296874,0.0023986015
QQQ,call,756.0,0.024657534246575342,2026-10-09,3.41,3.4,3.42,3.46,526.0,0.1669394830322266,743.2899780273438,0.040279998779296874,0.0023986015
QQQ,call,757.0,0.024657534246575342,2026-10-09,3.1399999999999997,3.13,3.15,3.23,525.0,0.16663431030273443,743.2899780273438,0.040279998779296874,0.0023986015
QQQ,call,758.0,0.024657534246575342,2026-10-09,2.865,2.85,2.88,2.84,566.0,0.16590189575195316,743.2899780273438,0.040279998779296874,0.0023986015
QQQ,call,759.0,0.024657534246575342,2026-10-09,2.5949999999999998,2.58,2.61,2.56,554.0,0.1647422393798828,743.2899780273438,0.040279998779296874,0.0023986015
QQQ,call,760.0,0.024657534246575342,2026-10-09,2.365,2.36,2.37,2.38,746.0,0.1638877557373047,743.2899780273438,0.040279998779296874,0.0023986015
QQQ,call,761.0,0.024657534246575342,2026-10-09,2.16,2.15,2.17,2.22,241.0,0.16376568664550784,743.2899780273438,0.040279998779296874,0.0023986015
QQQ,call,762.0,0.024657534246575342,2026-10-09,1.96,1.95,1.97,1.92,207.0,0.1632163757324219,743.2899780273438,0.040279998779296874,0.0023986015
QQQ,call,763.0,0.024657534246575342,2026-10-09,1.75,1.74,1.76,1.74,262.0,0.1619346502685547,743.2899780273438,0.040279998779296874,0.0023986015
QQQ,call,764.0,0.024657534246575342,2026-10-09,1.585,1.57,1.6,1.55,276.0,0.16175154663085936,743.2899780273438,0.040279998779296874,0.0023986015
QQQ,call,765.0,0.024657534246575342,2026-10-09,1.45,1.44,1.46,1.47,182.0,0.16187361572265624,743.2899780273438,0.040279998779296874,0.0023986015
QQQ,call,766.0,0.024657534246575342,2026-10-09,1.2850000000000001,1.28,1.29,1.5,236.0,0.16053085571289064,743.2899780273438,0.040279998779296874,0.0023986015
QQQ,call,767.0,0.024657534246575342,2026-10-09,1.1549999999999998,1.15,1.16,1.11,252.0,0.1601646484375,743.2899780273438,0.040279998779296874,0.0023986015
QQQ,call,768.0,0.024657534246575342,2026-10-09,1.045,1.04,1.05,0.98,207.0,0.1601646484375,743.2899780273438,0.040279998779296874,0.0023986015
QQQ,call,769.0,0.024657534246575342,2026-10-09,0.955,0.95,0.96,0.93,207.0,0.16071395935058597,743.2899780273438,0.040279998779296874,0.0023986015
QQQ,call,770.0,0.024657534246575342,2026-10-09,0.825,0.82,0.83,0.83,244.0,0.15894395751953128,743.2899780273438,0.040279998779296874,0.0023986015
QQQ,call,771.0,0.024657534246575342,2026-10-09,0.775,0.77,0.78,0.72,58.0,0.1607749938964844,743.2899780273438,0.040279998779296874,0.0023986015
QQQ,call,772.0,0.024657534246575342,2026-10-09,0.67,0.66,0.68,0.72,112.0,0.1595543029785156,743.2899780273438,0.040279998779296874,0.0023986015
QQQ,call,773.0,0.024657534246575342,2026-10-09,0.605,0.6,0.61,0.61,54.0,0.1595543029785156,743.2899780273438,0.040279998779296874,0.0023986015
QQQ,call,774.0,0.024657534246575342,2026-10-09,0.525,0.52,0.53,0.6,91.0,0.15857775024414064,743.2899780273438,0.040279998779296874,0.0023986015
QQQ,call,775.0,0.024657534246575342,2026-10-09,0.475,0.47,0.48,0.46,102.0,0.15906602661132813,743.2899780273438,0.040279998779296874,0.0023986015
QQQ,call,780.0,0.024657534246575342,2026-10-09,0.28,0.27,0.29,0.28,96.0,0.16162947753906248,743.2899780273438,0.040279998779296874,0.0023986015
QQQ,call,785.0,0.024657534246575342,2026-10-09,0.16999999999999998,0.16,0.18,0.18,258.0,0.16529155029296877,743.2899780273438,0.040279998779296874,0.0023986015
QQQ,call,795.0,0.024657534246575342,2026-10-09,0.07,0.06,0.08,0.06,129.0,0.1757894921875,743.2899780273438,0.040279998779296874,0.0023986015
QQQ,call,800.0,0.024657534246575342,2026-10-09,0.055,0.05,0.06,0.04,12.0,0.18360191406249998,743.2899780273438,0.040279998779296874,0.0023986015
QQQ,call,810.0,0.024657534246575342,2026-10-09,0.035,0.03,0.04,0.02,27.0,0.20117986328124998,743.2899780273438,0.040279998779296874,0.0023986015
QQQ,call,815.0,0.024657534246575342,2026-10-09,0.025,0.02,0.03,0.02,550.0,0.20703917968749996,743.2899780273438,0.040279998779296874,0.0023986015
QQQ,call,820.0,0.024657534246575342,2026-10-09,0.025,0.02,0.03,0.01,731.0,0.21973436523437498,743.2899780273438,0.040279998779296874,0.0023986015
QQQ,call,845.0,0.024657534246575342,2026-10-09,0.02,0.01,0.03,0.02,770.0,0.27930408203124996,743.2899780273438,0.040279998779296874,0.0023986015
QQQ,call,860.0,0.024657534246575342,2026-10-09,0.02,0.01,0.03,0.02,90.0,0.31250687499999996,743.2899780273438,0.040279998779296874,0.0023986015
QQQ,put,475.0,0.024657534246575342,2026-10-09,0.015,0.01,0.02,0.02,382.0,0.8437515624999999,743.2899780273438,0.040279998779296874,0.0023986015
QQQ,put,480.0,0.024657534246575342,2026-10-09,0.02,0.01,0.03,0.02,320.0,0.8437515624999999,743.2899780273438,0.040279998779296874,0.0023986015
QQQ,put,490.0,0.024657534246575342,2026-10-09,0.015,0.01,0.02,0.02,520.0,0.789064609375,743.2899780273438,0.040279998779296874,0.0023986015
QQQ,put,495.0,0.024657534246575342,2026-10-09,0.015,0.01,0.02,0.02,580.0,0.773439765625,743.2899780273438,0.040279998779296874,0.0023986015
QQQ,put,505.0,0.024657534246575342,2026-10-09,0.02,0.01,0.03,0.02,740.0,0.7500025,743.2899780273438,0.040279998779296874,0.0023986015
QQQ,put,510.0,0.024657534246575342,2026-10-09,0.02,0.01,0.03,0.02,260.0,0.73437765625,743.2899780273438,0.040279998779296874,0.0023986015
QQQ,put,515.0,0.024657534246575342,2026-10-09,0.02,0.01,0.03,0.04,380.0,0.7187528125,743.2899780273438,0.040279998779296874,0.0023986015
QQQ,put,520.0,0.024657534246575342,2026-10-09,0.02,0.01,0.03,0.02,240.0,0.6992217578125001,743.2899780273438,0.040279998779296874,0.0023986015
QQQ,put,530.0,0.024657534246575342,2026-10-09,0.02,0.01,0.03,0.01,540.0,0.6640658593750002,743.2899780273438,0.040279998779296874,0.0023986015
QQQ,put,535.0,0.024657534246575342,2026-10-09,0.02,0.01,0.03,0.02,160.0,0.648441015625,743.2899780273438,0.040279998779296874,0.0023986015
QQQ,put,540.0,0.024657534246575342,2026-10-09,0.02,0.01,0.03,0.02,780.0,0.6289099609375001,743.2899780273438,0.040279998779296874,0.0023986015
QQQ,put,545.0,0.024657534246575342,2026-10-09,0.02,0.01,0.03,0.03,721.0,0.6132851171875001,743.2899780273438,0.040279998779296874,0.0023986015
QQQ,put,555.0,0.024657534246575342,2026-10-09,0.025,0.02,0.03,0.05,242.0,0.5898478515625001,743.2899780273438,0.040279998779296874,0.0023986015
QQQ,put,560.0,0.024657534246575342,2026-10-09,0.025,0.01,0.04,0.02,80.0,0.5742230078125,743.2899780273438,0.040279998779296874,0.0023986015
QQQ,put,565.0,0.024657534246575342,2026-10-09,0.02,0.01,0.03,0.03,800.0,0.5468795312500001,743.2899780273438,0.040279998779296874,0.0023986015
QQQ,put,585.0,0.024657534246575342,2026-10-09,0.03,0.02,0.04,0.05,101.0,0.500005,743.2899780273438,0.040279998779296874,0.0023986015
QQQ,put,595.0,0.024657534246575342,2026-10-09,0.04,0.03,0.05,0.07,188.0,0.49023947265625006,743.2899780273438,0.040279998779296874,0.0023986015
QQQ,put,605.0,0.024657534246575342,2026-10-09,0.05,0.04,0.06,0.07,128.0,0.46484910156250003,743.2899780273438,0.040279998779296874,0.0023986015
QQQ,put,625.0,0.024657534246575342,2026-10-09,0.07,0.06,0.08,0.08,16.0,0.411138701171875,743.2899780273438,0.040279998779296874,0.0023986015
QQQ,put,630.0,0.024657534246575342,2026-10-09,0.08499999999999999,0.08,0.09,0.09,21.0,0.39942006835937505,743.2899780273438,0.040279998779296874,0.0023986015
QQQ,put,635.0,0.024657534246575342,2026-10-09,0.09,0.08,0.1,0.09,15.0,0.38672488281249995,743.2899780273438,0.040279998779296874,0.0023986015
QQQ,put,650.0,0.024657534246575342,2026-10-09,0.135,0.13,0.14,0.12,35.0,0.34961587890624996,743.2899780273438,0.040279998779296874,0.0023986015
QQQ,put,655.0,0.024657534246575342,2026-10-09,0.155,0.15,0.16,0.14,117.0,0.33789724609375,743.2899780273438,0.040279998779296874,0.0023986015
QQQ,put,660.0,0.024657534246575342,2026-10-09,0.175,0.17,0.18,0.15,10.0,0.32520206054687495,743.2899780273438,0.040279998779296874,0.0023986015
QQQ,put,670.0,0.024657534246575342,2026-10-09,0.22999999999999998,0.22,0.24,0.21,11.0,0.3012765185546875,743.2899780273438,0.040279998779296874,0.0023986015
QQQ,put,675.0,0.024657534246575342,2026-10-09,0.265,0.26,0.27,0.26,48.0,0.2880930566406249,743.2899780273438,0.040279998779296874,0.0023986015
QQQ,put,678.0,0.024657534246575342,2026-10-09,0.3,0.29,0.31,0.28,72.0,0.2827220166015625,743.2899780273438,0.040279998779296874,0.0023986015
QQQ,put,680.0,0.024657534246575342,2026-10-09,0.31,0.3,0.32,0.3,118.0,0.2766185620117187,743.2899780273438,0.040279998779296874,0.0023986015
QQQ,put,681.0,0.024657534246575342,2026-10-09,0.325,0.32,0.33,0.49,23.0,0.2739330419921875,743.2899780273438,0.040279998779296874,0.0023986015
QQQ,put,683.0,0.024657534246575342,2026-10-09,0.355,0.35,0.36,0.54,11.0,0.27027096923828126,743.2899780273438,0.040279998779296874,0.0023986015
QQQ,put,685.0,0.024657534246575342,2026-10-09,0.38,0.37,0.39,0.34,11.0,0.2661206201171875,743.2899780273438,0.040279998779296874,0.0023986015
QQQ,put,686.0,0.024657534246575342,2026-10-09,0.395,0.38,0.41,0.59,561.0,0.2644116528320312,743.2899780273438,0.040279998779296874,0.0023986015
QQQ,put,690.0,0.024657534246575342,2026-10-09,0.45,0.44,0.46,0.46,19.0,0.2536695727539063,743.2899780273438,0.040279998779296874,0.0023986015
QQQ,put,692.0,0.024657534246575342,2026-10-09,0.51,0.5,0.52,0.51,41.0,0.2512281909179687,743.2899780273438,0.040279998779296874,0.0023986015
QQQ,put,693.0,0.024657534246575342,2026-10-09,0.51,0.5,0.52,0.52,25.0,0.247077841796875,743.2899780273438,0.040279998779296874,0.0023986015
QQQ,put,694.0,0.024657534246575342,2026-10-09,0.53,0.52,0.54,0.58,60.0,0.2447585290527344,743.2899780273438,0.040279998779296874,0.0023986015
QQQ,put,695.0,0.024657534246575342,2026-10-09,0.56,0.55,0.57,0.52,69.0,0.243171630859375,743.2899780273438,0.040279998779296874,0.0023986015
QQQ,put,696.0,0.024657534246575342,2026-10-09,0.595,0.59,0.6,0.6,117.0,0.24146266357421875,743.2899780273438,0.040279998779296874,0.0023986015
QQQ,put,697.0,0.024657534246575342,2026-10-09,0.61,0.6,0.62,0.65,47.0,0.2387771435546875,743.2899780273438,0.040279998779296874,0.0023986015
QQQ,put,698.0,0.024657534246575342,2026-10-09,0.64,0.63,0.65,0.58,16.0,0.2368240380859375,743.2899780273438,0.040279998779296874,0.0023986015
QQQ,put,699.0,0.024657534246575342,2026-10-09,0.67,0.66,0.68,0.65,176.0,0.23474886352539062,743.2899780273438,0.040279998779296874,0.0023986015
QQQ,put,700.0,0.024657534246575342,2026-10-09,0.7,0.69,0.71,0.73,90.0,0.23255161987304687,743.2899780273438,0.040279998779296874,0.0023986015
QQQ,put,701.0,0.024657534246575342,2026-10-09,0.735,0.73,0.74,0.76,102.0,0.23023230712890624,743.2899780273438,0.040279998779296874,0.0023986015
QQQ,put,702.0,0.024657534246575342,2026-10-09,0.79,0.78,0.8,0.83,81.0,0.2298660998535156,743.2899780273438,0.040279998779296874,0.0023986015
QQQ,put,703.0,0.024657534246575342,2026-10-09,0.805,0.8,0.81,0.85,36.0,0.22595988891601562,743.2899780273438,0.040279998779296874,0.0023986015
QQQ,put,704.0,0.024657534246575342,2026-10-09,0.845,0.84,0.85,0.82,214.0,0.22400678344726557,743.2899780273438,0.040279998779296874,0.0023986015
QQQ,put,705.0,0.024657534246575342,2026-10-09,0.905,0.9,0.91,0.9,207.0,0.2230302307128906,743.2899780273438,0.040279998779296874,0.0023986015
QQQ,put,706.0,0.024657534246575342,2026-10-09,0.935,0.92,0.95,0.96,161.0,0.22071091796874998,743.2899780273438,0.040279998779296874,0.0023986015
QQQ,put,707.0,0.024657534246575342,2026-10-09,0.995,0.99,1.0,1.01,48.0,0.21875781249999998,743.2899780273438,0.040279998779296874,0.0023986015
QQQ,put,708.0,0.024657534246575342,2026-10-09,1.045,1.04,1.05,1.06,209.0,0.21680470703125,743.2899780273438,0.040279998779296874,0.0023986015
QQQ,put,709.0,0.024657534246575342,2026-10-09,1.105,1.1,1.11,1.07,71.0,0.21509573974609375,743.2899780273438,0.040279998779296874,0.0023986015
QQQ,put,710.0,0.024657534246575342,2026-10-09,1.17,1.16,1.18,1.2,185.0,0.2136919451904297,743.2899780273438,0.040279998779296874,0.0023986015
QQQ,put,711.0,0.024657534246575342,2026-10-09,1.23,1.22,1.24,1.22,59.0,0.21167780517578122,743.2899780273438,0.040279998779296874,0.0023986015
QQQ,put,712.0,0.024657534246575342,2026-10-09,1.31,1.3,1.32,1.22,103.0,0.21033504516601562,743.2899780273438,0.040279998779296874,0.0023986015
QQQ,put,713.0,0.024657534246575342,2026-10-09,1.375,1.37,1.38,1.42,73.0,0.20801573242187496,743.2899780273438,0.040279998779296874,0.0023986015
QQQ,put,714.0,0.024657534246575342,2026-10-09,1.45,1.44,1.46,1.39,83.0,0.2063067651367187,743.2899780273438,0.040279998779296874,0.0023986015
QQQ,put,715.0,0.024657534246575342,2026-10-09,1.53,1.52,1.54,1.58,2937.0,0.20441469421386715,743.2899780273438,0.040279998779296874,0.0023986015
QQQ,put,716.0,0.024657534246575342,2026-10-09,1.61,1.6,1.62,1.6,66.0,0.20233951965332028,743.2899780273438,0.040279998779296874,0.0023986015
QQQ,put,717.0,0.024657534246575342,2026-10-09,1.71,1.7,1.72,1.77,30.0,0.20087469055175777,743.2899780273438,0.040279998779296874,0.0023986015
QQQ,put,718.0,0.024657534246575342,2026-10-09,1.83,1.82,1.84,1.85,126.0,0.19983710327148438,743.2899780273438,0.040279998779296874,0.0023986015
QQQ,put,719.0,0.024657534246575342,2026-10-09,1.93,1.92,1.94,1.81,150.0,0.1979450323486328,743.2899780273438,0.040279998779296874,0.0023986015
QQQ,put,720.0,0.024657534246575342,2026-10-09,2.045,2.04,2.05,2.03,592.0,0.1961139959716797,743.2899780273438,0.040279998779296874,0.0023986015
QQQ,put,721.0,0.024657534246575342,2026-10-09,2.17,2.16,2.18,2.19,176.0,0.1947102014160156,743.2899780273438,0.040279998779296874,0.0023986015
QQQ,put,722.0,0.024657534246575342,2026-10-09,2.315,2.31,2.32,2.38,156.0,0.19342847595214846,743.2899780273438,0.040279998779296874,0.0023986015
QQQ,put,723.0,0.024657534246575342,2026-10-09,2.42,2.41,2.43,2.52,161.0,0.1909260595703125,743.2899780273438,0.040279998779296874,0.0023986015
QQQ,put,724.0,0.024657534246575342,2026-10-09,2.5949999999999998,2.58,2.61,2.46,176.0,0.19031571411132814,743.2899780273438,0.040279998779296874,0.0023986015
QQQ,put,725.0,0.024657534246575342,2026-10-09,2.74,2.73,2.75,2.71,395.0,0.1883015740966797,743.2899780273438,0.040279998779296874,0.0023986015
QQQ,put,726.0,0.024657534246575342,2026-10-09,2.915,2.9,2.93,3.01,156.0,0.18708088317871097,743.2899780273438,0.040279998779296874,0.0023986015
QQQ,put,727.0,0.024657534246575342,2026-10-09,3.12,3.1,3.14,2.94,216.0,0.18644002044677732,743.2899780273438,0.040279998779296874,0.0023986015
QQQ,put,728.0,0.024657534246575342,2026-10-09,3.28,3.26,3.3,3.3,145.0,0.18415122497558595,743.2899780273438,0.040279998779296874,0.0023986015
QQQ,put,729.0,0.024657534246575342,2026-10-09,3.51,3.49,3.53,3.5,249.0,0.18341881042480468,743.2899780273438,0.040279998779296874,0.0023986015
QQQ,put,730.0,0.024657534246575342,2026-10-09,3.7,3.68,3.72,3.75,3716.0,0.18134363586425778,743.2899780273438,0.040279998779296874,0.0023986015
QQQ,put,731.0,0.024657534246575342,2026-10-09,3.9450000000000003,3.92,3.97,3.97,177.0,0.1804891522216797,743.2899780273438,0.040279998779296874,0.0023986015
QQQ,put,732.0,0.024657534246575342,2026-10-09,4.175000000000001,4.15,4.2,4.12,377.0,0.17881070220947265,743.2899780273438,0.040279998779296874,0.0023986015
QQQ,put,733.0,0.024657534246575342,2026-10-09,4.42,4.4,4.44,4.49,499.0,0.17707121765136719,743.2899780273438,0.040279998779296874,0.0023986015
QQQ,put,734.0,0.024657534246575342,2026-10-09,4.675000000000001,4.65,4.7,4.74,161.0,0.1754843194580078,743.2899780273438,0.040279998779296874,0.0023986015
QQQ,put,735.0,0.024657534246575342,2026-10-09,4.970000000000001,4.95,4.99,4.9,907.0,0.17423311126708985,743.2899780273438,0.040279998779296874,0.0023986015
QQQ,put,736.0,0.024657534246575342,2026-10-09,5.275,5.25,5.3,4.98,93.0,0.17310397216796874,743.2899780273438,0.040279998779296874,0.0023986015
QQQ,put,737.0,0.024657534246575342,2026-10-09,5.545,5.52,5.57,5.66,325.0,0.17075414215087892,743.2899780273438,0.040279998779296874,0.0023986015
QQQ,put,738.0,0.024657534246575342,2026-10-09,5.904999999999999,5.88,5.93,6.01,337.0,0.16999121032714848,743.2899780273438,0.040279998779296874,0.0023986015
QQQ,put,739.0,0.024657534246575342,2026-10-09,6.255000000000001,6.23,6.28,6.35,192.0,0.16864845031738285,743.2899780273438,0.040279998779296874,0.0023986015
QQQ,put,740.0,0.024657534246575342,2026-10-09,6.595000000000001,6.57,6.62,6.65,1046.0,0.16672586212158208,743.2899780273438,0.040279998779296874,0.0023986015
QQQ,put,741.0,0.024657534246575342,2026-10-09,7.01,6.99,7.03,7.03,572.0,0.16590189575195316,743.2899780273438,0.040279998779296874,0.0023986015
QQQ,put,742.0,0.024657534246575342,2026-10-09,7.445,7.42,7.47,7.55,249.0,0.16526103302001954,743.2899780273438,0.040279998779296874,0.0023986015
QQQ,put,743.0,0.024657534246575342,2026-10-09,7.8149999999999995,7.79,7.84,7.83,245.0,0.16281965118408204,743.2899780273438,0.040279998779296874,0.0023986015
QQQ,put,744.0,0.024657534246575342,2026-10-09,8.275,8.25,8.3,8.21,259.0,0.16181258117675779,743.2899780273438,0.040279998779296874,0.0023986015
QQQ,put,745.0,0.024657534246575342,2026-10-09,8.73,8.7,8.76,8.77,145.0,0.16040878662109376,743.2899780273438,0.040279998779296874,0.0023986015
QQQ,put,746.0,0.024657534246575342,2026-10-09,9.254999999999999,9.22,9.29,9.45,15.0,0.16001206207275392,743.2899780273438,0.040279998779296874,0.0023986015
QQQ,put,748.0,0.024657534246575342,2026-10-09,10.225,10.18,10.27,10.3,13.0,0.1562584375,743.2899780273438,0.040279998779296874,0.0023986015
QQQ,put,749.0,0.024657534246575342,2026-10-09,10.835,10.78,10.89,11.87,12.0,0.15644154113769532,743.2899780273438,0.040279998779296874,0.0023986015
QQQ,put,750.0,0.024657534246575342,2026-10-09,11.399999999999999,11.35,11.45,11.6,85.0,0.1549156774902344,743.2899780273438,0.040279998779296874,0.0023986015
QQQ,put,751.0,0.024657534246575342,2026-10-09,12.015,11.96,12.07,13.07,83.0,0.15424429748535157,743.2899780273438,0.040279998779296874,0.0023986015
QQQ,put,757.0,0.024657534246575342,2026-10-09,15.219999999999999,14.2,16.24,20.33,16.0,0.15100946655273442,743.2899780273438,0.040279998779296874,0.0023986015
QQQ,put,758.0,0.024657534246575342,2026-10-09,16.71,16.43,16.99,22.34,10.0,0.1501855001831055,743.2899780273438,0.040279998779296874,0.0023986015
QQQ,put,850.0,0.024657534246575342,2026-10-09,107.01,105.37,108.65,104.84,35.0,0.5324753784179688,743.2899780273438,0.040279998779296874,0.0023986015
QQQ,put,860.0,0.024657534246575342,2026-10-09,116.6,114.84,118.36,114.78,15.0,0.5485884985351563,743.2899780273438,0.040279998779296874,0.0023986015
QQQ,call,315.0,0.043835616438356165,2026-10-16,392.875,391.55,394.2,384.34,10.0,1.0000000000000003e-05,743.2899780273438,0.040279998779296874,0.0023986015
QQQ,call,380.0,0.043835616438356165,2026-10-16,363.745,362.06,365.43,356.14,11.0,1.3115268798828121,743.2899780273438,0.040279998779296874,0.0023986015
QQQ,call,385.0,0.043835616438356165,2026-10-16,355.875,354.07,357.68,334.69,32.0,1.0000000000000003e-05,743.2899780273438,0.040279998779296874,0.0023986015
QQQ,call,400.0,0.043835616438356165,2026-10-16,344.35,342.48,346.22,339.3,402.0,1.3706086157226562,743.2899780273438,0.040279998779296874,0.0023986015
QQQ,call,460.0,0.043835616438356165,2026-10-16,283.925,282.25,285.6,273.2,39.0,1.0112354125976561,743.2899780273438,0.040279998779296874,0.0023986015
QQQ,call,490.0,0.043835616438356165,2026-10-16,253.985,252.31,255.66,229.49,10.0,0.903321279296875,743.2899780273438,0.040279998779296874,0.0023986015
QQQ,call,575.0,0.043835616438356165,2026-10-16,169.32,167.41,171.23,159.41,68.0,0.6306189282226562,743.2899780273438,0.040279998779296874,0.0023986015
QQQ,call,605.0,0.043835616438356165,2026-10-16,139.275,137.5,141.05,134.83,15.0,0.5190477783203125,743.2899780273438,0.040279998779296874,0.0023986015
QQQ,call,630.0,0.043835616438356165,2026-10-16,114.88,112.91,116.85,110.11,225.0,0.5728192132568359,743.2899780273438,0.040279998779296874,0.0023986015
QQQ,call,640.0,0.043835616438356165,2026-10-16,104.745,102.87,106.62,99.17,26.0,0.5216112292480468,743.2899780273438,0.040279998779296874,0.0023986015
QQQ,call,645.0,0.043835616438356165,2026-10-16,100.16,98.3,102.02,93.42,36.0,0.5164232928466796,743.2899780273438,0.040279998779296874,0.0023986015
QQQ,call,650.0,0.043835616438356165,2026-10-16,94.94,93.47,96.41,89.66,26.0,0.47199014343261714,743.2899780273438,0.040279998779296874,0.0023986015
QQQ,call,653.0,0.043835616438356165,2026-10-16,91.765,90.09,93.44,59.45,88.0,0.4608818560791016,743.2899780273438,0.040279998779296874,0.0023986015
QQQ,call,656.0,0.043835616438356165,2026-10-16,88.905,87.01,90.8,81.02,69.0,0.462041512451172,743.2899780273438,0.040279998779296874,0.0023986015
QQQ,call,657.0,0.043835616438356165,2026-10-16,87.75999999999999,86.02,89.5,63.92,15.0,0.4467828759765625,743.2899780273438,0.040279998779296874,0.0023986015
QQQ,call,663.0,0.043835616438356165,2026-10-16,82.005,80.11,83.9,58.71,14.0,0.43622389953613283,743.2899780273438,0.040279998779296874,0.0023986015
QQQ,call,670.0,0.043835616438356165,2026-10-16,75.015,73.3,76.73,70.32,16.0,0.4010069665527344,743.2899780273438,0.040279998779296874,0.0023986015
QQQ,call,692.0,0.043835616438356165,2026-10-16,54.17,53.86,54.48,49.96,10.0,0.30060513854980464,743.2899780273438,0.040279998779296874,0.0023986015
QQQ,call,694.0,0.043835616438356165,2026-10-16,52.78,51.73,53.83,44.18,12.0,0.3290472369384765,743.2899780273438,0.040279998779296874,0.0023986015
QQQ,call,696.0,0.043835616438356165,2026-10-16,50.14,48.59,51.69,45.23,20.0,0.31641308593749995,743.2899780273438,0.040279998779296874,0.0023986015
QQQ,call,700.0,0.043835616438356165,2026-10-16,46.525000000000006,46.21,46.84,47.57,37.0,0.27625235473632803,743.2899780273438,0.040279998779296874,0.0023986015
QQQ,call,701.0,0.043835616438356165,2026-10-16,45.59,45.3,45.88,40.06,24.0,0.27295648925781246,743.2899780273438,0.040279998779296874,0.0023986015
QQQ,call,705.0,0.043835616438356165,2026-10-16,41.975,41.71,42.24,37.73,23.0,0.2641980319213867,743.2899780273438,0.040279998779296874,0.0023986015
QQQ,call,706.0,0.043835616438356165,2026-10-16,41.06999999999999,40.73,41.41,35.17,36.0,0.26380130737304686,743.2899780273438,0.040279998779296874,0.0023986015
QQQ,call,709.0,0.043835616438356165,2026-10-16,38.394999999999996,38.11,38.68,33.9,72.0,0.25617198913574224,743.2899780273438,0.040279998779296874,0.0023986015
QQQ,call,711.0,0.043835616438356165,2026-10-16,37.225,36.46,37.99,32.23,95.0,0.27533683654785157,743.2899780273438,0.040279998779296874,0.0023986015
QQQ,call,712.0,0.043835616438356165,2026-10-16,35.57,35.32,35.82,31.76,114.0,0.245124736328125,743.2899780273438,0.040279998779296874,0.0023986015
QQQ,call,713.0,0.043835616438356165,2026-10-16,34.795,34.5,35.09,30.53,110.0,0.24622335815429688,743.2899780273438,0.040279998779296874,0.0023986015
QQQ,call,716.0,0.043835616438356165,2026-10-16,32.945,31.88,34.01,27.94,196.0,0.2703625210571289,743.2899780273438,0.040279998779296874,0.0023986015
QQQ,call,717.0,0.043835616438356165,2026-10-16,31.365000000000002,31.12,31.61,31.32,12.0,0.23725127990722655,743.2899780273438,0.040279998779296874,0.0023986015
QQQ,call,718.0,0.043835616438356165,2026-10-16,30.445,30.15,30.74,30.46,92.0,0.23477938079833982,743.2899780273438,0.040279998779296874,0.0023986015
QQQ,call,719.0,0.043835616438356165,2026-10-16,29.82,29.57,30.07,29.36,46.0,0.23615265808105468,743.2899780273438,0.040279998779296874,0.0023986015
QQQ,call,720.0,0.043835616438356165,2026-10-16,28.689999999999998,28.41,28.97,28.79,147.0,0.2289810989379883,743.2899780273438,0.040279998779296874,0.0023986015
QQQ,call,721.0,0.043835616438356165,2026-10-16,27.965,27.68,28.25,28.19,15.0,0.2291336853027344,743.2899780273438,0.040279998779296874,0.0023986015
QQQ,call,722.0,0.043835616438356165,2026-10-16,27.235,26.99,27.48,23.82,36.0,0.22815713256835937,743.2899780273438,0.040279998779296874,0.0023986015
QQQ,call,723.0,0.043835616438356165,2026-10-16,26.56,26.29,26.83,22.6,29.0,0.22925575439453127,743.2899780273438,0.040279998779296874,0.0023986015
QQQ,call,725.0,0.043835616438356165,2026-10-16,24.825,24.54,25.11,24.6,16.0,0.22327436889648436,743.2899780273438,0.040279998779296874,0.0023986015
QQQ,call,726.0,0.043835616438356165,2026-10-16,23.92,23.66,24.18,20.37,268.0,0.21887988159179686,743.2899780273438,0.040279998779296874,0.0023986015
QQQ,call,730.0,0.043835616438356165,2026-10-16,20.990000000000002,20.73,21.25,20.76,91.0,0.2140581524658203,743.2899780273438,0.040279998779296874,0.0023986015
QQQ,call,731.0,0.043835616438356165,2026-10-16,20.240000000000002,20.01,20.47,19.24,14.0,0.211647287902832,743.2899780273438,0.040279998779296874,0.0023986015
QQQ,call,732.0,0.043835616438356165,2026-10-16,19.52,19.46,19.58,16.5,270.0,0.20728331787109372,743.2899780273438,0.040279998779296874,0.0023986015
QQQ,call,735.0,0.043835616438356165,2026-10-16,17.365000000000002,17.31,17.42,17.3,135.0,0.2018512432861328,743.2899780273438,0.040279998779296874,0.0023986015
QQQ,call,736.0,0.043835616438356165,2026-10-16,16.98,16.93,17.03,16.6,33.0,0.20502503967285152,743.2899780273438,0.040279998779296874,0.0023986015
QQQ,call,737.0,0.043835616438356165,2026-10-16,16.060000000000002,16.0,16.12,16.26,39.0,0.19962348236083982,743.2899780273438,0.040279998779296874,0.0023986015
QQQ,call,738.0,0.043835616438356165,2026-10-16,15.415,15.35,15.48,16.16,78.0,0.1984333087158203,743.2899780273438,0.040279998779296874,0.0023986015
QQQ,call,739.0,0.043835616438356165,2026-10-16,14.775,14.72,14.83,15.14,49.0,0.19687692779541016,743.2899780273438,0.040279998779296874,0.0023986015
QQQ,call,740.0,0.043835616438356165,2026-10-16,14.145,14.09,14.2,14.2,853.0,0.19544261596679688,743.2899780273438,0.040279998779296874,0.0023986015
QQQ,call,741.0,0.043835616438356165,2026-10-16,13.645,13.59,13.7,13.38,102.0,0.19586985778808597,743.2899780273438,0.040279998779296874,0.0023986015
QQQ,call,742.0,0.043835616438356165,2026-10-16,13.02,12.97,13.07,12.89,248.0,0.19406933868408205,743.2899780273438,0.040279998779296874,0.0023986015
QQQ,call,743.0,0.043835616438356165,2026-10-16,12.370000000000001,12.34,12.4,12.52,65.0,0.19144485321044924,743.2899780273438,0.040279998779296874,0.0023986015
QQQ,call,744.0,0.043835616438356165,2026-10-16,11.76,11.73,11.79,12.05,183.0,0.1895527822875977,743.2899780273438,0.040279998779296874,0.0023986015
QQQ,call,745.0,0.043835616438356165,2026-10-16,11.175,11.15,11.2,11.18,707.0,0.18775226318359373,743.2899780273438,0.040279998779296874,0.0023986015
QQQ,call,746.0,0.043835616438356165,2026-10-16,10.655000000000001,10.64,10.67,10.69,108.0,0.1867146759033203,743.2899780273438,0.040279998779296874,0.0023986015
QQQ,call,747.0,0.043835616438356165,2026-10-16,10.094999999999999,10.08,10.11,10.11,334.0,0.18497519134521478,743.2899780273438,0.040279998779296874,0.0023986015
QQQ,call,748.0,0.043835616438356165,2026-10-16,9.66,9.63,9.69,9.54,118.0,0.18524984680175777,743.2899780273438,0.040279998779296874,0.0023986015
QQQ,call,749.0,0.043835616438356165,2026-10-16,9.155000000000001,9.13,9.18,9.0,203.0,0.18384605224609374,743.2899780273438,0.040279998779296874,0.0023986015
QQQ,call,750.0,0.043835616438356165,2026-10-16,8.68,8.67,8.69,8.65,1399.0,0.18256432678222656,743.2899780273438,0.040279998779296874,0.0023986015
QQQ,call,751.0,0.043835616438356165,2026-10-16,8.175,8.16,8.19,8.15,399.0,0.1808858767700195,743.2899780273438,0.040279998779296874,0.0023986015
QQQ,call,752.0,0.043835616438356165,2026-10-16,7.755000000000001,7.73,7.78,7.74,584.0,0.18042811767578126,743.2899780273438,0.040279998779296874,0.0023986015
QQQ,call,753.0,0.043835616438356165,2026-10-16,7.325,7.32,7.33,7.33,449.0,0.1790853576660156,743.2899780273438,0.040279998779296874,0.0023986015
QQQ,call,754.0,0.043835616438356165,2026-10-16,6.93,6.92,6.94,6.97,457.0,0.1785360467529297,743.2899780273438,0.040279998779296874,0.0023986015
QQQ,call,755.0,0.043835616438356165,2026-10-16,6.505000000000001,6.48,6.53,6.5,592.0,0.17737639038085937,743.2899780273438,0.040279998779296874,0.0023986015
QQQ,call,756.0,0.043835616438356165,2026-10-16,6.17,6.16,6.18,6.07,282.0,0.17701018310546873,743.2899780273438,0.040279998779296874,0.0023986015
QQQ,call,757.0,0.043835616438356165,2026-10-16,5.779999999999999,5.77,5.79,5.62,508.0,0.17572845764160155,743.2899780273438,0.040279998779296874,0.0023986015
QQQ,call,758.0,0.043835616438356165,2026-10-16,5.445,5.44,5.45,5.41,438.0,0.17505707763671874,743.2899780273438,0.040279998779296874,0.0023986015
QQQ,call,759.0,0.043835616438356165,2026-10-16,5.08,5.06,5.1,5.07,416.0,0.1739584558105469,743.2899780273438,0.040279998779296874,0.0023986015
QQQ,call,760.0,0.043835616438356165,2026-10-16,4.765000000000001,4.75,4.78,4.76,3037.0,0.1731650067138672,743.2899780273438,0.040279998779296874,0.0023986015
QQQ,call,761.0,0.043835616438356165,2026-10-16,4.460000000000001,4.44,4.48,4.38,643.0,0.1724936267089844,743.2899780273438,0.040279998779296874,0.0023986015
QQQ,call,762.0,0.043835616438356165,2026-10-16,4.16,4.14,4.18,4.17,175.0,0.17154759124755858,743.2899780273438,0.040279998779296874,0.0023986015
QQQ,call,763.0,0.043835616438356165,2026-10-16,3.8600000000000003,3.85,3.87,3.93,460.0,0.17017431396484378,743.2899780273438,0.040279998779296874,0.0023986015
QQQ,call,764.0,0.043835616438356165,2026-10-16,3.625,3.61,3.64,3.64,474.0,0.17011327941894533,743.2899780273438,0.040279998779296874,0.0023986015
QQQ,call,765.0,0.043835616438356165,2026-10-16,3.3899999999999997,3.38,3.4,3.31,479.0,0.16962500305175782,743.2899780273438,0.040279998779296874,0.0023986015
QQQ,call,766.0,0.043835616438356165,2026-10-16,3.165,3.15,3.18,3.1,417.0,0.16928931304931644,743.2899780273438,0.040279998779296874,0.0023986015
QQQ,call,767.0,0.043835616438356165,2026-10-16,2.91,2.9,2.92,2.87,223.0,0.16785500122070315,743.2899780273438,0.040279998779296874,0.0023986015
QQQ,call,768.0,0.043835616438356165,2026-10-16,2.725,2.71,2.74,2.68,170.0,0.16791603576660158,743.2899780273438,0.040279998779296874,0.0023986015
QQQ,call,769.0,0.043835616438356165,2026-10-16,2.55,2.54,2.56,2.54,250.0,0.16779396667480473,743.2899780273438,0.040279998779296874,0.0023986015
QQQ,call,770.0,0.043835616438356165,2026-10-16,2.3600000000000003,2.35,2.37,2.35,466.0,0.16718362121582034,743.2899780273438,0.040279998779296874,0.0023986015
QQQ,call,771.0,0.043835616438356165,2026-10-16,2.1500000000000004,2.14,2.16,2.14,257.0,0.16574930938720706,743.2899780273438,0.040279998779296874,0.0023986015
QQQ,call,772.0,0.043835616438356165,2026-10-16,2.0199999999999996,2.01,2.03,2.0,214.0,0.16614603393554692,743.2899780273438,0.040279998779296874,0.0023986015
QQQ,call,773.0,0.043835616438356165,2026-10-16,1.8849999999999998,1.88,1.89,2.05,545.0,0.1660849993896485,743.2899780273438,0.040279998779296874,0.0023986015
QQQ,call,774.0,0.043835616438356165,2026-10-16,1.73,1.72,1.74,1.73,370.0,0.16547465393066407,743.2899780273438,0.040279998779296874,0.0023986015
QQQ,call,775.0,0.043835616438356165,2026-10-16,1.605,1.6,1.61,1.7,653.0,0.16523051574707032,743.2899780273438,0.040279998779296874,0.0023986015
QQQ,call,780.0,0.043835616438356165,2026-10-16,1.0950000000000002,1.09,1.1,1.02,333.0,0.16498637756347656,743.2899780273438,0.040279998779296874,0.0023986015
QQQ,call,785.0,0.043835616438356165,2026-10-16,0.7,0.69,0.71,0.71,463.0,0.16358258300781253,743.2899780273438,0.040279998779296874,0.0023986015
QQQ,call,790.0,0.043835616438356165,2026-10-16,0.47,0.46,0.48,0.51,67.0,0.1645591357421875,743.2899780273438,0.040279998779296874,0.0023986015
QQQ,call,795.0,0.043835616438356165,2026-10-16,0.31,0.3,0.32,0.34,58.0,0.16577982666015628,743.2899780273438,0.040279998779296874,0.0023986015
QQQ,call,800.0,0.043835616438356165,2026-10-16,0.21000000000000002,0.2,0.22,0.21,107.0,0.16797707031250003,743.2899780273438,0.040279998779296874,0.0023986015
QQQ,call,810.0,0.043835616438356165,2026-10-16,0.105,0.09,0.12,0.08,73.0,0.1757894921875,743.2899780273438,0.040279998779296874,0.0023986015
QQQ,call,815.0,0.043835616438356165,2026-10-16,0.08,0.07,0.09,0.05,137.0,0.1801839794921875,743.2899780273438,0.040279998779296874,0.0023986015
QQQ,call,820.0,0.043835616438356165,2026-10-16,0.060000000000000005,0.05,0.07,0.04,10.0,0.18457846679687498,743.2899780273438,0.040279998779296874,0.0023986015
QQQ,call,830.0,0.043835616438356165,2026-10-16,0.04,0.03,0.05,0.02,281.0,0.19727365234375,743.2899780273438,0.040279998779296874,0.0023986015
QQQ,call,835.0,0.043835616438356165,2026-10-16,0.035,0.03,0.04,0.03,800.0,0.20215641601562498,743.2899780273438,0.040279998779296874,0.0023986015
QQQ,call,840.0,0.043835616438356165,2026-10-16,0.025,0.02,0.03,0.02,864.0,0.20508607421874997,743.2899780273438,0.040279998779296874,0.0023986015
QQQ,call,845.0,0.043835616438356165,2026-10-16,0.025,0.02,0.03,0.02,300.0,0.213875048828125,743.2899780273438,0.040279998779296874,0.0023986015
QQQ,call,850.0,0.043835616438356165,2026-10-16,0.02,0.01,0.03,0.02,302.0,0.22266402343749997,743.2899780273438,0.040279998779296874,0.0023986015
QQQ,call,855.0,0.043835616438356165,2026-10-16,0.02,0.01,0.03,0.02,1333.0,0.231452998046875,743.2899780273438,0.040279998779296874,0.0023986015
QQQ,call,860.0,0.043835616438356165,2026-10-16,0.015,0.01,0.02,0.01,12.0,0.2304764453125,743.2899780273438,0.040279998779296874,0.0023986015
QQQ,call,865.0,0.043835616438356165,2026-10-16,0.02,0.01,0.03,0.02,1592.0,0.24805439453125,743.2899780273438,0.040279998779296874,0.0023986015
QQQ,call,880.0,0.043835616438356165,2026-10-16,0.02,0.01,0.03,0.02,320.0,0.273444765625,743.2899780273438,0.040279998779296874,0.0023986015
QQQ,call,885.0,0.043835616438356165,2026-10-16,0.02,0.01,0.03,0.03,261.0,0.28125718749999995,743.2899780273438,0.040279998779296874,0.0023986015
QQQ,put,315.0,0.043835616438356165,2026-10-16,0.015,0.01,0.02,0.02,181.0,1.203128984375,743.2899780273438,0.040279998779296874,0.0023986015
QQQ,put,320.0,0.043835616438356165,2026-10-16,0.015,0.01,0.02,0.03,320.0,1.1796916015624999,743.2899780273438,0.040279998779296874,0.0023986015
QQQ,put,330.0,0.043835616438356165,2026-10-16,0.02,0.01,0.03,0.02,21.0,1.1640666796875,743.2899780273438,0.040279998779296874,0.0023986015
QQQ,put,335.0,0.043835616438356165,2026-10-16,0.015,0.01,0.02,0.02,350.0,1.1171919140625,743.2899780273438,0.040279998779296874,0.0023986015
QQQ,put,345.0,0.043835616438356165,2026-10-16,0.015,0.01,0.02,0.03,500.0,1.0781296093750001,743.2899780273438,0.040279998779296874,0.0023986015
QQQ,put,350.0,0.043835616438356165,2026-10-16,0.02,0.01,0.03,0.04,684.0,1.0781296093750001,743.2899780273438,0.040279998779296874,0.0023986015
QQQ,put,355.0,0.043835616438356165,2026-10-16,0.015,0.01,0.02,0.01,560.0,1.0390673046875003,743.2899780273438,0.040279998779296874,0.0023986015
QQQ,put,360.0,0.043835616438356165,2026-10-16,0.015,0.01,0.02,0.02,160.0,1.0234423828125,743.2899780273438,0.040279998779296874,0.0023986015
QQQ,put,365.0,0.043835616438356165,2026-10-16,0.02,0.01,0.03,0.02,300.0,1.0234423828125,743.2899780273438,0.040279998779296874,0.0023986015
QQQ,put,370.0,0.043835616438356165,2026-10-16,0.02,0.01,0.03,0.03,1000.0,1.0078174609375,743.2899780273438,0.040279998779296874,0.0023986015
QQQ,put,375.0,0.043835616438356165,2026-10-16,0.02,0.01,0.03,0.02,900.0,0.98437515625,743.2899780273438,0.040279998779296874,0.0023986015
QQQ,put,380.0,0.043835616438356165,2026-10-16,0.02,0.01,0.03,0.02,902.0,0.9687503125,743.2899780273438,0.040279998779296874,0.0023986015
QQQ,put,385.0,0.043835616438356165,2026-10-16,0.02,0.01,0.03,0.01,560.0,0.9531254687499999,743.2899780273438,0.040279998779296874,0.0023986015
QQQ,put,390.0,0.043835616438356165,2026-10-16,0.02,0.01,0.03,0.02,441.0,0.9335944140625,743.2899780273438,0.040279998779296874,0.0023986015
QQQ,put,395.0,0.043835616438356165,2026-10-16,0.02,0.01,0.03,0.03,20.0,0.914063359375,743.2899780273438,0.040279998779296874,0.0023986015
QQQ,put,405.0,0.043835616438356165,2026-10-16,0.02,0.01,0.03,0.03,540.0,0.8828136718749999,743.2899780273438,0.040279998779296874,0.0023986015
QQQ,put,410.0,0.043835616438356165,2026-10-16,0.02,0.01,0.03,0.02,660.0,0.867188828125,743.2899780273438,0.040279998779296874,0.0023986015
QQQ,put,415.0,0.043835616438356165,2026-10-16,0.02,0.01,0.03,0.01,700.0,0.851563984375,743.2899780273438,0.040279998779296874,0.0023986015
QQQ,put,420.0,0.043835616438356165,2026-10-16,0.02,0.01,0.03,0.01,641.0,0.8320329296874999,743.2899780273438,0.040279998779296874,0.0023986015
QQQ,put,425.0,0.043835616438356165,2026-10-16,0.02,0.01,0.03,0.04,740.0,0.8125018749999999,743.2899780273438,0.040279998779296874,0.0023986015
QQQ,put,430.0,0.043835616438356165,2026-10-16,0.02,0.01,0.03,0.02,400.0,0.79687703125,743.2899780273438,0.040279998779296874,0.0023986015
QQQ,put,435.0,0.043835616438356165,2026-10-16,0.02,0.01,0.03,0.02,720.0,0.7812521875,743.2899780273438,0.040279998779296874,0.0023986015
QQQ,put,440.0,0.043835616438356165,2026-10-16,0.02,0.01,0.03,0.02,480.0,0.7656273437500001,743.2899780273438,0.040279998779296874,0.0023986015
QQQ,put,445.0,0.043835616438356165,2026-10-16,0.02,0.01,0.03,0.02,360.0,0.7500025,743.2899780273438,0.040279998779296874,0.0023986015
QQQ,put,450.0,0.043835616438356165,2026-10-16,0.02,0.01,0.03,0.02,400.0,0.73437765625,743.2899780273438,0.040279998779296874,0.0023986015
QQQ,put,455.0,0.043835616438356165,2026-10-16,0.02,0.01,0.03,0.02,160.0,0.7187528125,743.2899780273438,0.040279998779296874,0.0023986015
QQQ,put,460.0,0.043835616438356165,2026-10-16,0.025,0.01,0.04,0.03,800.0,0.7187528125,743.2899780273438,0.040279998779296874,0.0023986015
QQQ,put,465.0,0.043835616438356165,2026-10-16,0.025,0.01,0.04,0.01,100.0,0.70312796875,743.2899780273438,0.040279998779296874,0.0023986015
QQQ,put,470.0,0.043835616438356165,2026-10-16,0.025,0.01,0.04,0.02,601.0,0.6875031250000001,743.2899780273438,0.040279998779296874,0.0023986015
QQQ,put,475.0,0.043835616438356165,2026-10-16,0.015,0.01,0.02,0.04,31.0,0.648441015625,743.2899780273438,0.040279998779296874,0.0023986015
QQQ,put,480.0,0.043835616438356165,2026-10-16,0.025,0.01,0.04,0.02,140.0,0.6601596484375001,743.2899780273438,0.040279998779296874,0.0023986015
QQQ,put,485.0,0.043835616438356165,2026-10-16,0.025,0.01,0.04,0.04,80.0,0.6445348046875,743.2899780273438,0.040279998779296874,0.0023986015
QQQ,put,490.0,0.043835616438356165,2026-10-16,0.03,0.02,0.04,0.04,60.0,0.64062859375,743.2899780273438,0.040279998779296874,0.0023986015
QQQ,put,495.0,0.043835616438356165,2026-10-16,0.03,0.02,0.04,0.03,10.0,0.6250037500000001,743.2899780273438,0.040279998779296874,0.0023986015
QQQ,put,500.0,0.043835616438356165,2026-10-16,0.035,0.03,0.04,0.04,108.0,0.6191444335937502,743.2899780273438,0.040279998779296874,0.0023986015
QQQ,put,505.0,0.043835616438356165,2026-10-16,0.03,0.02,0.04,0.04,80.0,0.5976602734375001,743.2899780273438,0.040279998779296874,0.0023986015
QQQ,put,510.0,0.043835616438356165,2026-10-16,0.03,0.02,0.04,0.06,267.0,0.5820354296875,743.2899780273438,0.040279998779296874,0.0023986015
QQQ,put,530.0,0.043835616438356165,2026-10-16,0.04,0.03,0.05,0.07,33.0,0.5410202148437502,743.2899780273438,0.040279998779296874,0.0023986015
QQQ,put,550.0,0.043835616438356165,2026-10-16,0.065,0.06,0.07,0.07,81.0,0.5097705273437501,743.2899780273438,0.040279998779296874,0.0023986015
QQQ,put,555.0,0.043835616438356165,2026-10-16,0.07500000000000001,0.07,0.08,0.1,127.0,0.5019581054687501,743.2899780273438,0.040279998779296874,0.0023986015
QQQ,put,565.0,0.043835616438356165,2026-10-16,0.09,0.08,0.1,0.1,13.0,0.4892629199218751,743.2899780273438,0.040279998779296874,0.0023986015
QQQ,put,570.0,0.043835616438356165,2026-10-16,0.1,0.09,0.11,0.1,11.0,0.47949739257812496,743.2899780273438,0.040279998779296874,0.0023986015
QQQ,put,585.0,0.043835616438356165,2026-10-16,0.13,0.12,0.14,0.2,11.0,0.44922425781249997,743.2899780273438,0.040279998779296874,0.0023986015
QQQ,put,600.0,0.043835616438356165,2026-10-16,0.175,0.17,0.18,0.18,42.0,0.418951123046875,743.2899780273438,0.040279998779296874,0.0023986015
QQQ,put,610.0,0.043835616438356165,2026-10-16,0.21000000000000002,0.2,0.22,0.22,15.0,0.40039662109375,743.2899780273438,0.040279998779296874,0.0023986015
QQQ,put,615.0,0.043835616438356165,2026-10-16,0.22999999999999998,0.22,0.24,0.23,15.0,0.39014281738281253,743.2899780273438,0.040279998779296874,0.0023986015
QQQ,put,621.0,0.043835616438356165,2026-10-16,0.26,0.25,0.27,0.47,23.0,0.37842418457031246,743.2899780273438,0.040279998779296874,0.0023986015
QQQ,put,624.0,0.043835616438356165,2026-10-16,0.27,0.26,0.28,0.38,21.0,0.3715883154296875,743.2899780273438,0.040279998779296874,0.0023986015
QQQ,put,625.0,0.043835616438356165,2026-10-16,0.275,0.27,0.28,0.26,14.0,0.3684145190429688,743.2899780273438,0.040279998779296874,0.0023986015
QQQ,put,627.0,0.043835616438356165,2026-10-16,0.29000000000000004,0.28,0.3,0.4,13.0,0.366217275390625,743.2899780273438,0.040279998779296874,0.0023986015
QQQ,put,628.0,0.043835616438356165,2026-10-16,0.29000000000000004,0.28,0.3,0.46,10.0,0.36304347900390627,743.2899780273438,0.040279998779296874,0.0023986015
QQQ,put,630.0,0.043835616438356165,2026-10-16,0.3,0.29,0.31,0.3,11.0,0.3588931298828125,743.2899780273438,0.040279998779296874,0.0023986015
QQQ,put,631.0,0.043835616438356165,2026-10-16,0.31,0.3,0.32,0.45,240.0,0.35742830078125,743.2899780273438,0.040279998779296874,0.0023986015
QQQ,put,633.0,0.043835616438356165,2026-10-16,0.32,0.31,0.33,0.7,105.0,0.3530338134765625,743.2899780273438,0.040279998779296874,0.0023986015
QQQ,put,635.0,0.043835616438356165,2026-10-16,0.335,0.33,0.34,0.32,16.0,0.348639326171875,743.2899780273438,0.040279998779296874,0.0023986015
QQQ,put,636.0,0.043835616438356165,2026-10-16,0.33999999999999997,0.33,0.35,0.66,47.0,0.3469303588867187,743.2899780273438,0.040279998779296874,0.0023986015
QQQ,put,638.0,0.043835616438356165,2026-10-16,0.36,0.35,0.37,0.52,15.0,0.3437565625,743.2899780273438,0.040279998779296874,0.0023986015
QQQ,put,640.0,0.043835616438356165,2026-10-16,0.37,0.36,0.38,0.38,57.0,0.3391179370117187,743.2899780273438,0.040279998779296874,0.0023986015
QQQ,put,645.0,0.043835616438356165,2026-10-16,0.41000000000000003,0.4,0.42,0.4,24.0,0.32910827148437494,743.2899780273438,0.040279998779296874,0.0023986015
QQQ,put,646.0,0.043835616438356165,2026-10-16,0.42,0.41,0.43,0.62,53.0,0.327155166015625,743.2899780273438,0.040279998779296874,0.0023986015
QQQ,put,648.0,0.043835616438356165,2026-10-16,0.43,0.42,0.44,0.67,10.0,0.32227240234374993,743.2899780273438,0.040279998779296874,0.0023986015
QQQ,put,650.0,0.043835616438356165,2026-10-16,0.455,0.45,0.46,0.43,97.0,0.31836619140624994,743.2899780273438,0.040279998779296874,0.0023986015
QQQ,put,652.0,0.043835616438356165,2026-10-16,0.47,0.46,0.48,0.6,44.0,0.3143379113769531,743.2899780273438,0.040279998779296874,0.0023986015
QQQ,put,654.0,0.043835616438356165,2026-10-16,0.5,0.49,0.51,0.72,178.0,0.3112861840820312,743.2899780273438,0.040279998779296874,0.0023986015
QQQ,put,658.0,0.043835616438356165,2026-10-16,0.545,0.54,0.55,0.78,18.0,0.30249720947265624,743.2899780273438,0.040279998779296874,0.0023986015
QQQ,put,659.0,0.043835616438356165,2026-10-16,0.56,0.55,0.57,0.82,30.0,0.3012765185546875,743.2899780273438,0.040279998779296874,0.0023986015
QQQ,put,660.0,0.043835616438356165,2026-10-16,0.56,0.55,0.57,0.53,1995.0,0.2981027221679687,743.2899780273438,0.040279998779296874,0.0023986015
QQQ,put,661.0,0.043835616438356165,2026-10-16,0.575,0.57,0.58,0.84,336.0,0.295905478515625,743.2899780273438,0.040279998779296874,0.0023986015
QQQ,put,662.0,0.043835616438356165,2026-10-16,0.59,0.58,0.6,0.76,52.0,0.29444064941406245,743.2899780273438,0.040279998779296874,0.0023986015
QQQ,put,665.0,0.043835616438356165,2026-10-16,0.63,0.62,0.64,0.61,16.0,0.2880930566406249,743.2899780273438,0.040279998779296874,0.0023986015
QQQ,put,666.0,0.043835616438356165,2026-10-16,0.65,0.64,0.66,0.63,43.0,0.2866282275390625,743.2899780273438,0.040279998779296874,0.0023986015
QQQ,put,669.0,0.043835616438356165,2026-10-16,0.71,0.7,0.72,0.94,114.0,0.28137925659179686,743.2899780273438,0.040279998779296874,0.0023986015
QQQ,put,670.0,0.043835616438356165,2026-10-16,0.715,0.71,0.72,0.72,45.0,0.27808339111328123,743.2899780273438,0.040279998779296874,0.0023986015
QQQ,put,671.0,0.043835616438356165,2026-10-16,0.735,0.73,0.74,0.96,149.0,0.27625235473632803,743.2899780273438,0.040279998779296874,0.0023986015
QQQ,put,674.0,0.043835616438356165,2026-10-16,0.795,0.79,0.8,1.05,75.0,0.270515107421875,743.2899780273438,0.040279998779296874,0.0023986015
QQQ,put,675.0,0.043835616438356165,2026-10-16,0.8200000000000001,0.81,0.83,0.82,63.0,0.2691723474121094,743.2899780273438,0.040279998779296874,0.0023986015
QQQ,put,680.0,0.043835616438356165,2026-10-16,0.935,0.93,0.94,0.95,1129.0,0.2590406127929688,743.2899780273438,0.040279998779296874,0.0023986015
QQQ,put,682.0,0.043835616438356165,2026-10-16,1.005,1.0,1.01,1.0,31.0,0.2561109545898438,743.2899780273438,0.040279998779296874,0.0023986015
QQQ,put,683.0,0.043835616438356165,2026-10-16,1.025,1.02,1.03,1.03,99.0,0.2536695727539063,743.2899780273438,0.040279998779296874,0.0023986015
QQQ,put,685.0,0.043835616438356165,2026-10-16,1.09,1.08,1.1,1.1,447.0,0.2503737072753906,743.2899780273438,0.040279998779296874,0.0023986015
QQQ,put,686.0,0.043835616438356165,2026-10-16,1.13,1.12,1.14,1.07,26.0,0.24890887817382812,743.2899780273438,0.040279998779296874,0.0023986015
QQQ,put,688.0,0.043835616438356165,2026-10-16,1.2,1.19,1.21,1.22,56.0,0.245124736328125,743.2899780273438,0.040279998779296874,0.0023986015
QQQ,put,689.0,0.043835616438356165,2026-10-16,1.2349999999999999,1.22,1.25,1.2,73.0,0.24341576904296874,743.2899780273438,0.040279998779296874,0.0023986015
QQQ,put,690.0,0.043835616438356165,2026-10-16,1.2850000000000001,1.28,1.29,1.3,1944.0,0.24164576721191405,743.2899780273438,0.040279998779296874,0.0023986015
QQQ,put,691.0,0.043835616438356165,2026-10-16,1.315,1.31,1.32,1.27,10.0,0.23938748901367185,743.2899780273438,0.040279998779296874,0.0023986015
QQQ,put,692.0,0.043835616438356165,2026-10-16,1.3650000000000002,1.36,1.37,1.32,58.0,0.23786162536621092,743.2899780273438,0.040279998779296874,0.0023986015
QQQ,put,693.0,0.043835616438356165,2026-10-16,1.41,1.4,1.42,1.41,25.0,0.23627472717285153,743.2899780273438,0.040279998779296874,0.0023986015
QQQ,put,695.0,0.043835616438356165,2026-10-16,1.53,1.52,1.54,1.53,54.0,0.23371127624511717,743.2899780273438,0.040279998779296874,0.0023986015
QQQ,put,696.0,0.043835616438356165,2026-10-16,1.5750000000000002,1.57,1.58,1.53,89.0,0.231452998046875,743.2899780273438,0.040279998779296874,0.0023986015
QQQ,put,697.0,0.043835616438356165,2026-10-16,1.63,1.62,1.64,1.56,11.0,0.2299881689453125,743.2899780273438,0.040279998779296874,0.0023986015
QQQ,put,700.0,0.043835616438356165,2026-10-16,1.8250000000000002,1.82,1.83,1.83,2692.0,0.22522747436523435,743.2899780273438,0.040279998779296874,0.0023986015
QQQ,put,701.0,0.043835616438356165,2026-10-16,1.9049999999999998,1.89,1.92,1.9,29.0,0.2243729907226562,743.2899780273438,0.040279998779296874,0.0023986015
QQQ,put,702.0,0.043835616438356165,2026-10-16,1.9649999999999999,1.96,1.97,1.86,46.0,0.22205367797851558,743.2899780273438,0.040279998779296874,0.0023986015
QQQ,put,703.0,0.043835616438356165,2026-10-16,2.0549999999999997,2.05,2.06,2.06,75.0,0.22095505615234373,743.2899780273438,0.040279998779296874,0.0023986015
QQQ,put,704.0,0.043835616438356165,2026-10-16,2.115,2.1,2.13,2.21,55.0,0.21912401977539062,743.2899780273438,0.040279998779296874,0.0023986015
QQQ,put,705.0,0.043835616438356165,2026-10-16,2.21,2.19,2.23,2.1,189.0,0.2181474670410156,743.2899780273438,0.040279998779296874,0.0023986015
QQQ,put,706.0,0.043835616438356165,2026-10-16,2.285,2.27,2.3,2.27,21.0,0.21613332702636717,743.2899780273438,0.040279998779296874,0.0023986015
QQQ,put,707.0,0.043835616438356165,2026-10-16,2.395,2.38,2.41,2.35,50.0,0.2151567742919922,743.2899780273438,0.040279998779296874,0.0023986015
QQQ,put,709.0,0.043835616438356165,2026-10-16,2.565,2.56,2.57,2.59,24.0,0.2111895288085937,743.2899780273438,0.040279998779296874,0.0023986015
QQQ,put,710.0,0.043835616438356165,2026-10-16,2.67,2.66,2.68,2.67,449.0,0.20990780334472653,743.2899780273438,0.040279998779296874,0.0023986015
QQQ,put,711.0,0.043835616438356165,2026-10-16,2.795,2.79,2.8,2.77,87.0,0.2087481469726562,743.2899780273438,0.040279998779296874,0.0023986015
QQQ,put,713.0,0.043835616438356165,2026-10-16,3.04,3.02,3.06,3.07,75.0,0.206489868774414,743.2899780273438,0.040279998779296874,0.0023986015
QQQ,put,714.0,0.043835616438356165,2026-10-16,3.145,3.14,3.15,3.24,32.0,0.20423159057617185,743.2899780273438,0.040279998779296874,0.0023986015
QQQ,put,715.0,0.043835616438356165,2026-10-16,3.3,3.28,3.32,3.32,452.0,0.20374331420898437,743.2899780273438,0.040279998779296874,0.0023986015
QQQ,put,716.0,0.043835616438356165,2026-10-16,3.415,3.4,3.43,3.51,84.0,0.2016681396484375,743.2899780273438,0.040279998779296874,0.0023986015
QQQ,put,717.0,0.043835616438356165,2026-10-16,3.565,3.55,3.58,3.6,57.0,0.2004474487304687,743.2899780273438,0.040279998779296874,0.0023986015
QQQ,put,718.0,0.043835616438356165,2026-10-16,3.735,3.71,3.76,3.76,51.0,0.1997150341796875,743.2899780273438,0.040279998779296874,0.0023986015
QQQ,put,719.0,0.043835616438356165,2026-10-16,3.88,3.87,3.89,3.9,74.0,0.19773141143798828,743.2899780273438,0.040279998779296874,0.0023986015
QQQ,put,720.0,0.043835616438356165,2026-10-16,4.045,4.04,4.05,4.02,2462.0,0.1962665823364258,743.2899780273438,0.040279998779296874,0.0023986015
QQQ,put,721.0,0.043835616438356165,2026-10-16,4.225,4.2,4.25,4.32,66.0,0.1955036505126953,743.2899780273438,0.040279998779296874,0.0023986015
QQQ,put,722.0,0.043835616438356165,2026-10-16,4.395,4.37,4.42,4.4,56.0,0.1939472695922852,743.2899780273438,0.040279998779296874,0.0023986015
QQQ,put,723.0,0.043835616438356165,2026-10-16,4.58,4.56,4.6,4.63,89.0,0.19245192321777344,743.2899780273438,0.040279998779296874,0.0023986015
QQQ,put,724.0,0.043835616438356165,2026-10-16,4.779999999999999,4.77,4.79,4.79,39.0,0.19101761138916018,743.2899780273438,0.040279998779296874,0.0023986015
QQQ,put,725.0,0.043835616438356165,2026-10-16,4.995,4.98,5.01,5.14,576.0,0.18998002410888676,743.2899780273438,0.040279998779296874,0.0023986015
QQQ,put,726.0,0.043835616438356165,2026-10-16,5.23,5.22,5.24,5.04,100.0,0.1889729541015625,743.2899780273438,0.040279998779296874,0.0023986015
QQQ,put,727.0,0.043835616438356165,2026-10-16,5.4350000000000005,5.41,5.46,5.47,138.0,0.18763019409179688,743.2899780273438,0.040279998779296874,0.0023986015
QQQ,put,728.0,0.043835616438356165,2026-10-16,5.665,5.64,5.69,5.48,104.0,0.18625691680908202,743.2899780273438,0.040279998779296874,0.0023986015
QQQ,put,729.0,0.043835616438356165,2026-10-16,5.890000000000001,5.88,5.9,6.31,53.0,0.18439536315917968,743.2899780273438,0.040279998779296874,0.0023986015
QQQ,put,730.0,0.043835616438356165,2026-10-16,6.1899999999999995,6.17,6.21,6.17,985.0,0.18412070770263672,743.2899780273438,0.040279998779296874,0.0023986015
QQQ,put,731.0,0.043835616438356165,2026-10-16,6.4350000000000005,6.41,6.46,6.51,23.0,0.1825948440551758,743.2899780273438,0.040279998779296874,0.0023986015
QQQ,put,732.0,0.043835616438356165,2026-10-16,6.7,6.67,6.73,6.77,150.0,0.18125208404541016,743.2899780273438,0.040279998779296874,0.0023986015
QQQ,put,733.0,0.043835616438356165,2026-10-16,6.99,6.97,7.01,7.05,111.0,0.1798788067626953,743.2899780273438,0.040279998779296874,0.0023986015
QQQ,put,734.0,0.043835616438356165,2026-10-16,7.255000000000001,7.23,7.28,7.31,124.0,0.17816983947753906,743.2899780273438,0.040279998779296874,0.0023986015
QQQ,put,735.0,0.043835616438356165,2026-10-16,7.595000000000001,7.57,7.62,7.66,906.0,0.17740690765380857,743.2899780273438,0.040279998779296874,0.0023986015
QQQ,put,736.0,0.043835616438356165,2026-10-16,7.915,7.89,7.94,7.96,195.0,0.17612518218994144,743.2899780273438,0.040279998779296874,0.0023986015
QQQ,put,737.0,0.043835616438356165,2026-10-16,8.25,8.22,8.28,8.24,195.0,0.17496552581787111,743.2899780273438,0.040279998779296874,0.0023986015
QQQ,put,738.0,0.043835616438356165,2026-10-16,8.594999999999999,8.57,8.62,8.63,211.0,0.17362276580810548,743.2899780273438,0.040279998779296874,0.0023986015
QQQ,put,739.0,0.043835616438356165,2026-10-16,8.945,8.92,8.97,8.96,190.0,0.17221897125244146,743.2899780273438,0.040279998779296874,0.0023986015
QQQ,put,740.0,0.043835616438356165,2026-10-16,9.36,9.33,9.39,9.35,1000.0,0.17170017761230472,743.2899780273438,0.040279998779296874,0.0023986015
QQQ,put,741.0,0.043835616438356165,2026-10-16,9.705,9.67,9.74,9.73,330.0,0.16986914123535157,743.2899780273438,0.040279998779296874,0.0023986015
QQQ,put,742.0,0.043835616438356165,2026-10-16,10.145,10.11,10.18,10.1,219.0,0.16922827850341798,743.2899780273438,0.040279998779296874,0.0023986015
QQQ,put,743.0,0.043835616438356165,2026-10-16,10.55,10.52,10.58,10.57,54.0,0.16773293212890628,743.2899780273438,0.040279998779296874,0.0023986015
QQQ,put,744.0,0.043835616438356165,2026-10-16,10.915,10.9,10.93,11.11,105.0,0.16523051574707032,743.2899780273438,0.040279998779296874,0.0023986015
QQQ,put,745.0,0.043835616438356165,2026-10-16,11.385,11.36,11.41,11.65,258.0,0.16452861846923827,743.2899780273438,0.040279998779296874,0.0023986015
QQQ,put,746.0,0.043835616438356165,2026-10-16,11.865,11.82,11.91,11.87,21.0,0.1638877557373047,743.2899780273438,0.040279998779296874,0.0023986015
QQQ,put,748.0,0.043835616438356165,2026-10-16,12.905,12.87,12.94,12.7,17.0,0.16239240936279298,743.2899780273438,0.040279998779296874,0.0023986015
QQQ,put,750.0,0.043835616438356165,2026-10-16,13.850000000000001,13.8,13.9,14.2,82.0,0.15873033660888675,743.2899780273438,0.040279998779296874,0.0023986015
QQQ,put,751.0,0.043835616438356165,2026-10-16,14.425,14.37,14.48,17.65,16.0,0.15815050842285155,743.2899780273438,0.040279998779296874,0.0023986015
QQQ,put,755.0,0.043835616438356165,2026-10-16,16.825,16.77,16.88,16.43,13.0,0.1543968838500977,743.2899780273438,0.040279998779296874,0.0023986015
QQQ,put,756.0,0.043835616438356165,2026-10-16,17.384999999999998,17.32,17.45,16.89,13.0,0.15223015747070315,743.2899780273438,0.040279998779296874,0.0023986015
QQQ,put,761.0,0.043835616438356165,2026-10-16,20.81,20.56,21.06,24.99,202.0,0.1508263629150391,743.2899780273438,0.040279998779296874,0.0023986015
QQQ,put,762.0,0.043835616438356165,2026-10-16,21.54,21.27,21.81,23.72,155.0,0.15027705200195315,743.2899780273438,0.040279998779296874,0.0023986015
QQQ,put,763.0,0.043835616438356165,2026-10-16,22.275,22.01,22.54,26.46,198.0,0.14899532653808595,743.2899780273438,0.040279998779296874,0.0023986015
QQQ,put,764.0,0.043835616438356165,2026-10-16,23.025,22.76,23.29,27.13,208.0,0.14783567016601565,743.2899780273438,0.040279998779296874,0.0023986015
QQQ,put,765.0,0.043835616438356165,2026-10-16,23.59,23.41,23.77,28.1,126.0,0.13990117919921874,743.2899780273438,0.040279998779296874,0.0023986015
QQQ,put,766.0,0.043835616438356165,2026-10-16,24.490000000000002,24.25,24.73,28.8,141.0,0.14295290649414064,743.2899780273438,0.040279998779296874,0.0023986015
QQQ,put,767.0,0.043835616438356165,2026-10-16,24.455,23.37,25.54,29.98,92.0,0.14206790557861326,743.2899780273438,0.040279998779296874,0.0023986015
QQQ,put,768.0,0.043835616438356165,2026-10-16,26.185000000000002,26.01,26.36,30.29,86.0,0.14112187011718752,743.2899780273438,0.040279998779296874,0.0023986015
QQQ,put,769.0,0.043835616438356165,2026-10-16,27.085,26.84,27.33,32.21,104.0,0.14405152832031248,743.2899780273438,0.040279998779296874,0.0023986015
QQQ,put,771.0,0.043835616438356165,2026-10-16,28.745,28.51,28.98,33.13,76.0,0.14093876647949222,743.2899780273438,0.040279998779296874,0.0023986015
QQQ,put,772.0,0.043835616438356165,2026-10-16,29.64,29.33,29.95,34.09,40.0,0.14344118286132812,743.2899780273438,0.040279998779296874,0.0023986015
QQQ,put,774.0,0.043835616438356165,2026-10-16,31.235,31.0,31.47,35.81,32.0,0.13269910278320313,743.2899780273438,0.040279998779296874,0.0023986015
QQQ,put,780.0,0.043835616438356165,2026-10-16,37.575,36.49,38.66,42.52,30.0,0.19367261413574222,743.2899780273438,0.040279998779296874,0.0023986015
QQQ,put,790.0,0.043835616438356165,2026-10-16,46.72,44.94,48.5,54.08,23.0,0.2230302307128906,743.2899780273438,0.040279998779296874,0.0023986015
QQQ,call,510.0,0.06301369863013699,2026-10-23,234.83499999999998,232.78,236.89,235.94,20.0,0.7906515075683593,743.2899780273438,0.040279998779296874,0.0023986015
QQQ,call,520.0,0.06301369863013699,2026-10-23,224.435,222.69,226.18,197.83,10.0,0.717776259765625,743.2899780273438,0.040279998779296874,0.0023986015
QQQ,call,535.0,0.06301369863013699,2026-10-23,209.8,207.96,211.64,174.47,10.0,0.7009307250976562,743.2899780273438,0.040279998779296874,0.0023986015
QQQ,call,580.0,0.06301369863013699,2026-10-23,164.8,163.11,166.49,125.47,11.0,0.5523726403808593,743.2899780273438,0.040279998779296874,0.0023986015
QQQ,call,585.0,0.06301369863013699,2026-10-23,160.32,158.48,162.16,154.98,10.0,0.5686078295898438,743.2899780273438,0.040279998779296874,0.0023986015
QQQ,call,665.0,0.06301369863013699,2026-10-23,81.045,79.14,82.95,76.68,56.0,0.38867798828125,743.2899780273438,0.040279998779296874,0.0023986015
QQQ,call,695.0,0.06301369863013699,2026-10-23,52.665,52.37,52.96,46.92,10.0,0.2758861474609374,743.2899780273438,0.040279998779296874,0.0023986015
QQQ,call,712.0,0.06301369863013699,2026-10-23,37.489999999999995,37.16,37.82,32.03,10.0,0.2418899053955078,743.2899780273438,0.040279998779296874,0.0023986015
QQQ,call,715.0,0.06301369863013699,2026-10-23,35.22,34.98,35.46,30.44,11.0,0.23938748901367185,743.2899780273438,0.040279998779296874,0.0023986015
QQQ,call,717.0,0.06301369863013699,2026-10-23,33.565,33.28,33.85,29.73,13.0,0.2366409344482422,743.2899780273438,0.040279998779296874,0.0023986015
QQQ,call,718.0,0.06301369863013699,2026-10-23,32.685,32.43,32.94,28.98,45.0,0.23346713806152342,743.2899780273438,0.040279998779296874,0.0023986015
QQQ,call,719.0,0.06301369863013699,2026-10-23,31.95,31.65,32.25,28.44,20.0,0.23368075897216795,743.2899780273438,0.040279998779296874,0.0023986015
QQQ,call,721.0,0.06301369863013699,2026-10-23,30.35,30.05,30.65,25.84,11.0,0.23038489349365232,743.2899780273438,0.040279998779296874,0.0023986015
QQQ,call,730.0,0.06301369863013699,2026-10-23,23.465,23.4,23.53,22.9,10.0,0.2124254783630371,743.2899780273438,0.040279998779296874,0.0023986015
QQQ,call,735.0,0.06301369863013699,2026-10-23,19.98,19.91,20.05,20.34,37.0,0.20563538513183593,743.2899780273438,0.040279998779296874,0.0023986015
QQQ,call,737.0,0.06301369863013699,2026-10-23,18.725,18.66,18.79,18.67,462.0,0.20386538330078124,743.2899780273438,0.040279998779296874,0.0023986015
QQQ,call,738.0,0.06301369863013699,2026-10-23,18.05,17.98,18.12,18.0,20.0,0.20224796783447263,743.2899780273438,0.040279998779296874,0.0023986015
QQQ,call,740.0,0.06301369863013699,2026-10-23,16.84,16.79,16.89,17.0,60.0,0.20011175872802733,743.2899780273438,0.040279998779296874,0.0023986015
QQQ,call,741.0,0.06301369863013699,2026-10-23,16.174999999999997,16.11,16.24,16.85,26.0,0.19837227416992187,743.2899780273438,0.040279998779296874,0.0023986015
QQQ,call,742.0,0.06301369863013699,2026-10-23,15.56,15.49,15.63,15.88,22.0,0.19706003143310546,743.2899780273438,0.040279998779296874,0.0023986015
QQQ,call,743.0,0.06301369863013699,2026-10-23,14.985,14.94,15.03,15.2,29.0,0.19571727142333983,743.2899780273438,0.040279998779296874,0.0023986015
QQQ,call,744.0,0.06301369863013699,2026-10-23,14.41,14.35,14.47,14.37,46.0,0.19477123596191404,743.2899780273438,0.040279998779296874,0.0023986015
QQQ,call,745.0,0.06301369863013699,2026-10-23,13.809999999999999,13.77,13.85,13.81,24.0,0.1928791650390625,743.2899780273438,0.040279998779296874,0.0023986015
QQQ,call,749.0,0.06301369863013699,2026-10-23,11.715,11.67,11.76,12.04,10.0,0.1890645059204102,743.2899780273438,0.040279998779296874,0.0023986015
QQQ,call,750.0,0.06301369863013699,2026-10-23,11.185,11.15,11.22,11.02,571.0,0.1874776077270508,743.2899780273438,0.040279998779296874,0.0023986015
QQQ,call,751.0,0.06301369863013699,2026-10-23,10.75,10.7,10.8,8.62,17.0,0.1873707972717285,743.2899780273438,0.040279998779296874,0.0023986015
QQQ,call,752.0,0.06301369863013699,2026-10-23,10.215,10.17,10.26,9.39,11.0,0.18549398498535152,743.2899780273438,0.040279998779296874,0.0023986015
QQQ,call,753.0,0.06301369863013699,2026-10-23,9.82,9.78,9.86,9.04,13.0,0.18534139862060545,743.2899780273438,0.040279998779296874,0.0023986015
QQQ,call,755.0,0.06301369863013699,2026-10-23,8.91,8.87,8.95,9.2,76.0,0.18308312042236324,743.2899780273438,0.040279998779296874,0.0023986015
QQQ,call,756.0,0.06301369863013699,2026-10-23,8.46,8.43,8.49,8.45,22.0,0.18161829132080076,743.2899780273438,0.040279998779296874,0.0023986015
QQQ,call,757.0,0.06301369863013699,2026-10-23,8.059999999999999,8.02,8.1,7.93,25.0,0.18097742858886717,743.2899780273438,0.040279998779296874,0.0023986015
QQQ,call,759.0,0.06301369863013699,2026-10-23,7.279999999999999,7.25,7.31,7.29,17.0,0.1790548403930664,743.2899780273438,0.040279998779296874,0.0023986015
QQQ,call,760.0,0.06301369863013699,2026-10-23,6.945,6.92,6.97,6.82,127.0,0.17862759857177735,743.2899780273438,0.040279998779296874,0.0023986015
QQQ,call,761.0,0.06301369863013699,2026-10-23,6.5649999999999995,6.53,6.6,6.56,25.0,0.17759001129150392,743.2899780273438,0.040279998779296874,0.0023986015
QQQ,call,762.0,0.06301369863013699,2026-10-23,6.27,6.24,6.3,6.65,66.0,0.1774374249267578,743.2899780273438,0.040279998779296874,0.0023986015
QQQ,call,763.0,0.06301369863013699,2026-10-23,5.915,5.88,5.95,5.27,25.0,0.1763693203735352,743.2899780273438,0.040279998779296874,0.0023986015
QQQ,call,764.0,0.06301369863013699,2026-10-23,5.605,5.57,5.64,5.65,34.0,0.17572845764160155,743.2899780273438,0.040279998779296874,0.0023986015
QQQ,call,765.0,0.06301369863013699,2026-10-23,5.34,5.32,5.36,5.29,70.0,0.17539276763916017,743.2899780273438,0.040279998779296874,0.0023986015
QQQ,call,766.0,0.06301369863013699,2026-10-23,5.01,4.98,5.04,5.02,53.0,0.17426362854003907,743.2899780273438,0.040279998779296874,0.0023986015
QQQ,call,767.0,0.06301369863013699,2026-10-23,4.85,4.82,4.88,5.13,39.0,0.17554535400390625,743.2899780273438,0.040279998779296874,0.0023986015
QQQ,call,768.0,0.06301369863013699,2026-10-23,4.455,4.43,4.48,4.43,12.0,0.1727072476196289,743.2899780273438,0.040279998779296874,0.0023986015
QQQ,call,770.0,0.06301369863013699,2026-10-23,4.015000000000001,3.99,4.04,3.98,167.0,0.1725241439819336,743.2899780273438,0.040279998779296874,0.0023986015
QQQ,call,771.0,0.06301369863013699,2026-10-23,3.73,3.71,3.75,3.74,14.0,0.17090672851562502,743.2899780273438,0.040279998779296874,0.0023986015
QQQ,call,772.0,0.06301369863013699,2026-10-23,3.51,3.48,3.54,2.67,23.0,0.17057103851318361,743.2899780273438,0.040279998779296874,0.0023986015
QQQ,call,775.0,0.06301369863013699,2026-10-23,2.93,2.91,2.95,2.93,65.0,0.16931983032226564,743.2899780273438,0.040279998779296874,0.0023986015
QQQ,call,780.0,0.06301369863013699,2026-10-23,2.11,2.09,2.13,2.12,162.0,0.16706155212402346,743.2899780273438,0.040279998779296874,0.0023986015
QQQ,call,785.0,0.06301369863013699,2026-10-23,1.5150000000000001,1.5,1.53,1.55,217.0,0.16577982666015628,743.2899780273438,0.040279998779296874,0.0023986015
QQQ,call,790.0,0.06301369863013699,2026-10-23,1.08,1.07,1.09,1.07,95.0,0.165047412109375,743.2899780273438,0.040279998779296874,0.0023986015
QQQ,call,795.0,0.06301369863013699,2026-10-23,0.78,0.76,0.8,0.74,114.0,0.1660849993896485,743.2899780273438,0.040279998779296874,0.0023986015
QQQ,call,800.0,0.06301369863013699,2026-10-23,0.545,0.53,0.56,0.54,52.0,0.16590189575195316,743.2899780273438,0.040279998779296874,0.0023986015
QQQ,call,815.0,0.06301369863013699,2026-10-23,0.21000000000000002,0.2,0.22,0.15,94.0,0.17090672851562502,743.2899780273438,0.040279998779296874,0.0023986015
QQQ,call,820.0,0.06301369863013699,2026-10-23,0.16,0.15,0.17,0.11,54.0,0.17408052490234377,743.2899780273438,0.040279998779296874,0.0023986015
QQQ,call,835.0,0.06301369863013699,2026-10-23,0.08,0.07,0.09,0.05,20.0,0.1860432958984375,743.2899780273438,0.040279998779296874,0.0023986015
QQQ,call,840.0,0.06301369863013699,2026-10-23,0.060000000000000005,0.05,0.07,0.04,20.0,0.188484677734375,743.2899780273438,0.040279998779296874,0.0023986015
QQQ,call,860.0,0.06301369863013699,2026-10-23,0.03,0.02,0.04,0.04,480.0,0.20801573242187496,743.2899780273438,0.040279998779296874,0.0023986015
QQQ,call,870.0,0.06301369863013699,2026-10-23,0.02,0.01,0.03,0.03,520.0,0.21680470703125,743.2899780273438,0.040279998779296874,0.0023986015
QQQ,call,880.0,0.06301369863013699,2026-10-23,0.025,0.01,0.04,0.01,528.0,0.23633576171874998,743.2899780273438,0.040279998779296874,0.0023986015
QQQ,call,885.0,0.06301369863013699,2026-10-23,0.015,0.01,0.02,0.02,1180.0,0.22852333984375,743.2899780273438,0.040279998779296874,0.0023986015
QQQ,call,890.0,0.06301369863013699,2026-10-23,0.015,0.01,0.02,0.02,400.0,0.23633576171874998,743.2899780273438,0.040279998779296874,0.0023986015
QQQ,call,895.0,0.06301369863013699,2026-10-23,0.015,0.01,0.02,0.02,40.0,0.242195078125,743.2899780273438,0.040279998779296874,0.0023986015
QQQ,put,455.0,0.06301369863013699,2026-10-23,0.035,0.02,0.05,0.04,42.0,0.6367223828125,743.2899780273438,0.040279998779296874,0.0023986015
QQQ,put,460.0,0.06301369863013699,2026-10-23,0.03,0.02,0.04,0.06,1200.0,0.6132851171875001,743.2899780273438,0.040279998779296874,0.0023986015
QQQ,put,470.0,0.06301369863013699,2026-10-23,0.035,0.02,0.05,0.06,660.0,0.5976602734375001,743.2899780273438,0.040279998779296874,0.0023986015
QQQ,put,475.0,0.06301369863013699,2026-10-23,0.04,0.03,0.05,0.07,640.0,0.5898478515625001,743.2899780273438,0.040279998779296874,0.0023986015
QQQ,put,505.0,0.06301369863013699,2026-10-23,0.060000000000000005,0.05,0.07,0.11,180.0,0.5351608984375,743.2899780273438,0.040279998779296874,0.0023986015
QQQ,put,510.0,0.06301369863013699,2026-10-23,0.07,0.06,0.08,0.11,800.0,0.5302781347656251,743.2899780273438,0.040279998779296874,0.0023986015
QQQ,put,515.0,0.06301369863013699,2026-10-23,0.075,0.06,0.09,0.13,400.0,0.5214891601562499,743.2899780273438,0.040279998779296874,0.0023986015
QQQ,put,520.0,0.06301369863013699,2026-10-23,0.085,0.07,0.1,0.11,64.0,0.514653291015625,743.2899780273438,0.040279998779296874,0.0023986015
QQQ,put,525.0,0.06301369863013699,2026-10-23,0.095,0.08,0.11,0.15,82.0,0.507817421875,743.2899780273438,0.040279998779296874,0.0023986015
QQQ,put,530.0,0.06301369863013699,2026-10-23,0.1,0.09,0.11,0.16,16.0,0.5029346582031251,743.2899780273438,0.040279998779296874,0.0023986015
QQQ,put,535.0,0.06301369863013699,2026-10-23,0.11,0.1,0.12,0.15,85.0,0.495122236328125,743.2899780273438,0.040279998779296874,0.0023986015
QQQ,put,545.0,0.06301369863013699,2026-10-23,0.13,0.12,0.14,0.21,123.0,0.477544287109375,743.2899780273438,0.040279998779296874,0.0023986015
QQQ,put,570.0,0.06301369863013699,2026-10-23,0.2,0.19,0.21,0.26,12.0,0.43506424316406256,743.2899780273438,0.040279998779296874,0.0023986015
QQQ,put,575.0,0.06301369863013699,2026-10-23,0.22,0.21,0.23,0.22,20.0,0.4272518212890626,743.2899780273438,0.040279998779296874,0.0023986015
QQQ,put,595.0,0.06301369863013699,2026-10-23,0.3,0.29,0.31,0.29,15.0,0.3913635083007812,743.2899780273438,0.040279998779296874,0.0023986015
QQQ,put,600.0,0.06301369863013699,2026-10-23,0.325,0.31,0.34,0.32,16.0,0.3833069482421875,743.2899780273438,0.040279998779296874,0.0023986015
QQQ,put,605.0,0.06301369863013699,2026-10-23,0.35,0.34,0.36,0.35,11.0,0.37329728271484375,743.2899780273438,0.040279998779296874,0.0023986015
QQQ,put,610.0,0.06301369863013699,2026-10-23,0.38,0.37,0.39,0.4,10.0,0.3645083081054688,743.2899780273438,0.040279998779296874,0.0023986015
QQQ,put,620.0,0.06301369863013699,2026-10-23,0.45999999999999996,0.45,0.47,0.56,206.0,0.3479069116210937,743.2899780273438,0.040279998779296874,0.0023986015
QQQ,put,625.0,0.06301369863013699,2026-10-23,0.5,0.49,0.51,0.5,22.0,0.33887379882812496,743.2899780273438,0.040279998779296874,0.0023986015
QQQ,put,630.0,0.06301369863013699,2026-10-23,0.545,0.53,0.56,0.5,23.0,0.3305731005859375,743.2899780273438,0.040279998779296874,0.0023986015
QQQ,put,635.0,0.06301369863013699,2026-10-23,0.6,0.59,0.61,0.6,18.0,0.3215399877929687,743.2899780273438,0.040279998779296874,0.0023986015
QQQ,put,640.0,0.06301369863013699,2026-10-23,0.655,0.64,0.67,0.66,23.0,0.3129951513671875,743.2899780273438,0.040279998779296874,0.0023986015
QQQ,put,645.0,0.06301369863013699,2026-10-23,0.73,0.72,0.74,0.73,13.0,0.3045723840332031,743.2899780273438,0.040279998779296874,0.0023986015
QQQ,put,650.0,0.06301369863013699,2026-10-23,0.8049999999999999,0.79,0.82,0.77,84.0,0.29614961669921874,743.2899780273438,0.040279998779296874,0.0023986015
QQQ,put,670.0,0.06301369863013699,2026-10-23,1.27,1.26,1.28,1.22,14.0,0.2633130310058594,743.2899780273438,0.040279998779296874,0.0023986015
QQQ,put,675.0,0.06301369863013699,2026-10-23,1.45,1.44,1.46,1.48,176.0,0.25586681640625003,743.2899780273438,0.040279998779296874,0.0023986015
QQQ,put,676.0,0.06301369863013699,2026-10-23,1.495,1.48,1.51,1.9,20.0,0.25476819458007816,743.2899780273438,0.040279998779296874,0.0023986015
QQQ,put,677.0,0.06301369863013699,2026-10-23,1.53,1.52,1.54,1.95,20.0,0.25287612365722656,743.2899780273438,0.040279998779296874,0.0023986015
QQQ,put,679.0,0.06301369863013699,2026-10-23,1.625,1.61,1.64,1.55,50.0,0.25049577636718745,743.2899780273438,0.040279998779296874,0.0023986015
QQQ,put,680.0,0.06301369863013699,2026-10-23,1.6549999999999998,1.64,1.67,1.69,15.0,0.24842060180664063,743.2899780273438,0.040279998779296874,0.0023986015
QQQ,put,681.0,0.06301369863013699,2026-10-23,1.7149999999999999,1.7,1.73,2.33,24.0,0.2474440490722656,743.2899780273438,0.040279998779296874,0.0023986015
QQQ,put,682.0,0.06301369863013699,2026-10-23,1.755,1.74,1.77,2.35,15.0,0.24567404724121095,743.2899780273438,0.040279998779296874,0.0023986015
QQQ,put,683.0,0.06301369863013699,2026-10-23,1.8050000000000002,1.79,1.82,2.36,13.0,0.24420921813964847,743.2899780273438,0.040279998779296874,0.0023986015
QQQ,put,684.0,0.06301369863013699,2026-10-23,1.8450000000000002,1.83,1.86,1.81,41.0,0.2423781817626953,743.2899780273438,0.040279998779296874,0.0023986015
QQQ,put,685.0,0.06301369863013699,2026-10-23,1.915,1.9,1.93,1.95,262.0,0.24146266357421875,743.2899780273438,0.040279998779296874,0.0023986015
QQQ,put,687.0,0.06301369863013699,2026-10-23,2.035,2.02,2.05,2.63,121.0,0.2387771435546875,743.2899780273438,0.040279998779296874,0.0023986015
QQQ,put,688.0,0.06301369863013699,2026-10-23,2.09,2.07,2.11,2.6,56.0,0.2373733489990234,743.2899780273438,0.040279998779296874,0.0023986015
QQQ,put,689.0,0.06301369863013699,2026-10-23,2.16,2.14,2.18,2.05,13.0,0.2362136926269531,743.2899780273438,0.040279998779296874,0.0023986015
QQQ,put,690.0,0.06301369863013699,2026-10-23,2.215,2.2,2.23,2.25,40.0,0.23432162170410153,743.2899780273438,0.040279998779296874,0.0023986015
QQQ,put,692.0,0.06301369863013699,2026-10-23,2.355,2.34,2.37,3.11,33.0,0.2316361016845703,743.2899780273438,0.040279998779296874,0.0023986015
QQQ,put,695.0,0.06301369863013699,2026-10-23,2.585,2.57,2.6,2.49,511.0,0.22766885620117186,743.2899780273438,0.040279998779296874,0.0023986015
QQQ,put,697.0,0.06301369863013699,2026-10-23,2.745,2.73,2.76,3.55,11.0,0.22486126708984372,743.2899780273438,0.040279998779296874,0.0023986015
QQQ,put,700.0,0.06301369863013699,2026-10-23,3.01,2.99,3.03,2.87,258.0,0.22083298706054685,743.2899780273438,0.040279998779296874,0.0023986015
QQQ,put,702.0,0.06301369863013699,2026-10-23,3.22,3.2,3.24,3.1,10.0,0.21845263977050777,743.2899780273438,0.040279998779296874,0.0023986015
QQQ,put,704.0,0.06301369863013699,2026-10-23,3.415,3.39,3.44,3.56,18.0,0.21555349884033204,743.2899780273438,0.040279998779296874,0.0023986015
QQQ,put,707.0,0.06301369863013699,2026-10-23,3.77,3.75,3.79,3.8,504.0,0.21167780517578122,743.2899780273438,0.040279998779296874,0.0023986015
QQQ,put,710.0,0.06301369863013699,2026-10-23,4.17,4.15,4.19,4.21,90.0,0.20804624969482416,743.2899780273438,0.040279998779296874,0.0023986015
QQQ,put,711.0,0.06301369863013699,2026-10-23,4.32,4.3,4.34,4.54,13.0,0.2069781451416015,743.2899780273438,0.040279998779296874,0.0023986015
QQQ,put,713.0,0.06301369863013699,2026-10-23,4.595000000000001,4.57,4.62,4.92,23.0,0.2041705560302734,743.2899780273438,0.040279998779296874,0.0023986015
QQQ,put,715.0,0.06301369863013699,2026-10-23,4.915,4.89,4.94,5.0,53.0,0.20172917419433595,743.2899780273438,0.040279998779296874,0.0023986015
QQQ,put,717.0,0.06301369863013699,2026-10-23,5.275,5.25,5.3,5.44,12.0,0.19956244781494142,743.2899780273438,0.040279998779296874,0.0023986015
QQQ,put,718.0,0.06301369863013699,2026-10-23,5.46,5.43,5.49,5.55,25.0,0.19849434326171872,743.2899780273438,0.040279998779296874,0.0023986015
QQQ,put,720.0,0.06301369863013699,2026-10-23,5.835,5.81,5.86,5.84,214.0,0.1959003750610352,743.2899780273438,0.040279998779296874,0.0023986015
QQQ,put,721.0,0.06301369863013699,2026-10-23,6.035,6.01,6.06,7.59,23.0,0.1946796841430664,743.2899780273438,0.040279998779296874,0.0023986015
QQQ,put,725.0,0.06301369863013699,2026-10-23,6.925000000000001,6.9,6.95,6.72,219.0,0.1901020932006836,743.2899780273438,0.040279998779296874,0.0023986015
QQQ,put,728.0,0.06301369863013699,2026-10-23,7.63,7.6,7.66,7.43,35.0,0.18607381317138671,743.2899780273438,0.040279998779296874,0.0023986015
QQQ,put,729.0,0.06301369863013699,2026-10-23,7.93,7.89,7.97,7.94,17.0,0.1855702781677246,743.2899780273438,0.040279998779296874,0.0023986015
QQQ,put,730.0,0.06301369863013699,2026-10-23,8.190000000000001,8.16,8.22,8.31,89.0,0.18405967315673827,743.2899780273438,0.040279998779296874,0.0023986015
QQQ,put,732.0,0.06301369863013699,2026-10-23,8.780000000000001,8.75,8.81,9.63,34.0,0.1819539813232422,743.2899780273438,0.040279998779296874,0.0023986015
QQQ,put,733.0,0.06301369863013699,2026-10-23,9.07,9.04,9.1,9.77,16.0,0.18061122131347657,743.2899780273438,0.040279998779296874,0.0023986015
QQQ,put,734.0,0.06301369863013699,2026-10-23,9.379999999999999,9.35,9.41,9.55,32.0,0.17943630630493163,743.2899780273438,0.040279998779296874,0.0023986015
QQQ,put,735.0,0.06301369863013699,2026-10-23,9.7,9.67,9.73,9.79,58.0,0.17826139129638674,743.2899780273438,0.040279998779296874,0.0023986015
QQQ,put,738.0,0.06301369863013699,2026-10-23,10.73,10.69,10.77,11.05,44.0,0.1749350085449219,743.2899780273438,0.040279998779296874,0.0023986015
QQQ,put,740.0,0.06301369863013699,2026-10-23,11.46,11.42,11.5,11.51,107.0,0.1724936267089844,743.2899780273438,0.040279998779296874,0.0023986015
QQQ,put,741.0,0.06301369863013699,2026-10-23,11.879999999999999,11.84,11.92,11.84,10.0,0.17176121215820314,743.2899780273438,0.040279998779296874,0.0023986015
QQQ,put,742.0,0.06301369863013699,2026-10-23,12.275,12.23,12.32,12.38,23.0,0.17063207305908207,743.2899780273438,0.040279998779296874,0.0023986015
QQQ,put,743.0,0.06301369863013699,2026-10-23,12.739999999999998,12.69,12.79,12.9,26.0,0.17025060714721685,743.2899780273438,0.040279998779296874,0.0023986015
QQQ,put,744.0,0.06301369863013699,2026-10-23,13.11,13.06,13.16,12.94,10.0,0.1684043121337891,743.2899780273438,0.040279998779296874,0.0023986015
QQQ,put,745.0,0.06301369863013699,2026-10-23,13.559999999999999,13.52,13.6,13.74,50.0,0.16730569030761722,743.2899780273438,0.040279998779296874,0.0023986015
QQQ,put,750.0,0.06301369863013699,2026-10-23,15.82,15.76,15.88,16.1,28.0,0.16028671752929688,743.2899780273438,0.040279998779296874,0.0023986015
QQQ,put,756.0,0.06301369863013699,2026-10-23,19.255000000000003,19.19,19.32,24.64,62.0,0.15534291931152344,743.2899780273438,0.040279998779296874,0.0023986015
QQQ,put,758.0,0.06301369863013699,2026-10-23,20.585,20.52,20.65,25.93,82.0,0.15479360839843753,743.2899780273438,0.040279998779296874,0.0023986015
QQQ,put,759.0,0.06301369863013699,2026-10-23,21.155,21.08,21.23,25.17,124.0,0.15296257202148442,743.2899780273438,0.040279998779296874,0.0023986015
QQQ,put,760.0,0.06301369863013699,2026-10-23,21.78,21.73,21.83,22.6,40.0,0.15119257019042973,743.2899780273438,0.040279998779296874,0.0023986015
QQQ,put,761.0,0.06301369863013699,2026-10-23,22.465,22.39,22.54,26.82,169.0,0.15091791473388677,743.2899780273438,0.040279998779296874,0.0023986015
QQQ,put,762.0,0.06301369863013699,2026-10-23,23.145,23.08,23.21,26.52,108.0,0.14978877563476564,743.2899780273438,0.040279998779296874,0.0023986015
QQQ,put,763.0,0.06301369863013699,2026-10-23,23.805,23.73,23.88,27.71,116.0,0.1484154983520508,743.2899780273438,0.040279998779296874,0.0023986015
QQQ,put,764.0,0.06301369863013699,2026-10-23,24.354999999999997,24.06,24.65,27.86,154.0,0.14850705017089844,743.2899780273438,0.040279998779296874,0.0023986015
QQQ,put,765.0,0.06301369863013699,2026-10-23,25.189999999999998,25.02,25.36,28.98,102.0,0.14737791107177733,743.2899780273438,0.040279998779296874,0.0023986015
QQQ,put,766.0,0.06301369863013699,2026-10-23,25.83,25.6,26.06,29.75,56.0,0.14582153015136717,743.2899780273438,0.040279998779296874,0.0023986015
QQQ,put,767.0,0.06301369863013699,2026-10-23,26.66,26.39,26.93,30.59,58.0,0.14710325561523438,743.2899780273438,0.040279998779296874,0.0023986015
QQQ,put,768.0,0.06301369863013699,2026-10-23,27.35,27.09,27.61,31.12,86.0,0.14469239105224607,743.2899780273438,0.040279998779296874,0.0023986015
QQQ,put,769.0,0.06301369863013699,2026-10-23,28.08,27.84,28.32,32.26,34.0,0.14252566467285155,743.2899780273438,0.040279998779296874,0.0023986015
QQQ,put,770.0,0.06301369863013699,2026-10-23,28.479999999999997,27.56,29.4,33.12,92.0,0.14753049743652347,743.2899780273438,0.040279998779296874,0.0023986015
QQQ,put,771.0,0.06301369863013699,2026-10-23,29.155,28.2,30.11,33.55,36.0,0.14493652923583983,743.2899780273438,0.040279998779296874,0.0023986015
QQQ,put,774.0,0.06301369863013699,2026-10-23,31.585,30.62,32.55,36.34,28.0,0.14203738830566404,743.2899780273438,0.040279998779296874,0.0023986015
QQQ,put,775.0,0.06301369863013699,2026-10-23,33.065,32.81,33.32,37.2,19.0,0.13941290283203128,743.2899780273438,0.040279998779296874,0.0023986015
QQQ,put,780.0,0.06301369863013699,2026-10-23,37.11,36.8,37.42,42.76,68.0,0.1256190954589844,743.2899780273438,0.040279998779296874,0.0023986015
QQQ,put,800.0,0.06301369863013699,2026-10-23,56.735,54.98,58.49,63.38,216.0,0.21479056701660154,743.2899780273438,0.040279998779296874,0.0023986015
QQQ,call,525.0,0.0821917808219178,2026-10-30,219.995,218.28,221.71,182.09,10.0,0.6610141320800782,743.2899780273438,0.040279998779296874,0.0023986015
QQQ,call,530.0,0.0821917808219178,2026-10-30,215.025,213.31,216.74,190.01,10.0,0.6477086010742188,743.2899780273438,0.040279998779296874,0.0023986015
QQQ,call,535.0,0.0821917808219178,2026-10-30,210.245,208.72,211.77,185.03,10.0,0.6467320483398438,743.2899780273438,0.040279998779296874,0.0023986015
QQQ,call,540.0,0.0821917808219178,2026-10-30,205.45,203.38,207.52,166.57,10.0,0.6435582519531251,743.2899780273438,0.040279998779296874,0.0023986015
QQQ,call,560.0,0.0821917808219178,2026-10-30,185.79,183.91,187.67,161.68,10.0,0.5993692407226563,743.2899780273438,0.040279998779296874,0.0023986015
QQQ,call,580.0,0.0821917808219178,2026-10-30,165.775,164.02,167.53,139.36,10.0,0.5371140039062501,743.2899780273438,0.040279998779296874,0.0023986015
QQQ,call,590.0,0.0821917808219178,2026-10-30,155.91,153.82,158.0,159.26,10.0,0.5127001855468749,743.2899780273438,0.040279998779296874,0.0023986015
QQQ,call,600.0,0.0821917808219178,2026-10-30,146.07,144.32,147.82,150.67,204.0,0.5504805694580079,743.2899780273438,0.040279998779296874,0.0023986015
QQQ,call,635.0,0.0821917808219178,2026-10-30,111.30000000000001,109.62,112.98,110.81,34.0,0.44043528320312497,743.2899780273438,0.040279998779296874,0.0023986015
QQQ,call,650.0,0.0821917808219178,2026-10-30,97.155,95.32,98.99,90.16,16.0,0.41559422302246096,743.2899780273438,0.040279998779296874,0.0023986015
QQQ,call,673.0,0.0821917808219178,2026-10-30,75.23,74.04,76.42,68.75,10.0,0.3461979443359374,743.2899780273438,0.040279998779296874,0.0023986015
QQQ,call,674.0,0.0821917808219178,2026-10-30,73.995,73.59,74.4,71.54,29.0,0.3220587814331054,743.2899780273438,0.040279998779296874,0.0023986015
QQQ,call,681.0,0.0821917808219178,2026-10-30,67.465,67.08,67.85,62.0,26.0,0.3074715249633788,743.2899780273438,0.040279998779296874,0.0023986015
QQQ,call,687.0,0.0821917808219178,2026-10-30,61.935,61.58,62.29,56.55,251.0,0.2949899603271484,743.2899780273438,0.040279998779296874,0.0023986015
QQQ,call,695.0,0.0821917808219178,2026-10-30,54.769999999999996,54.48,55.06,49.16,13.0,0.2799144274902343,743.2899780273438,0.040279998779296874,0.0023986015
QQQ,call,709.0,0.0821917808219178,2026-10-30,42.69,42.43,42.95,38.05,25.0,0.25595836822509765,743.2899780273438,0.040279998779296874,0.0023986015
QQQ,call,712.0,0.0821917808219178,2026-10-30,40.230000000000004,39.97,40.49,36.24,114.0,0.25153336364746093,743.2899780273438,0.040279998779296874,0.0023986015
QQQ,call,713.0,0.0821917808219178,2026-10-30,39.584999999999994,39.3,39.87,35.33,17.0,0.2527235372924804,743.2899780273438,0.040279998779296874,0.0023986015
QQQ,call,716.0,0.0821917808219178,2026-10-30,36.99,36.74,37.24,33.48,90.0,0.2452468054199219,743.2899780273438,0.040279998779296874,0.0023986015
QQQ,call,718.0,0.0821917808219178,2026-10-30,35.435,35.28,35.59,31.65,52.0,0.2414016290283203,743.2899780273438,0.040279998779296874,0.0023986015
QQQ,call,719.0,0.0821917808219178,2026-10-30,34.599999999999994,34.47,34.73,30.89,13.0,0.23892972991943356,743.2899780273438,0.040279998779296874,0.0023986015
QQQ,call,725.0,0.0821917808219178,2026-10-30,29.98,29.86,30.1,25.51,15.0,0.2297135134887695,743.2899780273438,0.040279998779296874,0.0023986015
QQQ,call,727.0,0.0821917808219178,2026-10-30,28.685,28.49,28.88,27.0,160.0,0.23007972076416017,743.2899780273438,0.040279998779296874,0.0023986015
QQQ,call,730.0,0.0821917808219178,2026-10-30,26.435000000000002,26.36,26.51,26.39,320.0,0.2233506620788574,743.2899780273438,0.040279998779296874,0.0023986015
QQQ,call,734.0,0.0821917808219178,2026-10-30,23.695,23.62,23.77,20.76,332.0,0.21837634658813476,743.2899780273438,0.040279998779296874,0.0023986015
QQQ,call,735.0,0.0821917808219178,2026-10-30,23.009999999999998,22.94,23.08,23.25,104.0,0.21686574157714844,743.2899780273438,0.040279998779296874,0.0023986015
QQQ,call,736.0,0.0821917808219178,2026-10-30,22.33,22.26,22.4,22.8,10.0,0.21537039520263673,743.2899780273438,0.040279998779296874,0.0023986015
QQQ,call,738.0,0.0821917808219178,2026-10-30,21.215,21.14,21.29,21.65,32.0,0.21506522247314452,743.2899780273438,0.040279998779296874,0.0023986015
QQQ,call,739.0,0.0821917808219178,2026-10-30,20.465,20.41,20.52,20.23,41.0,0.2122576333618164,743.2899780273438,0.040279998779296874,0.0023986015
QQQ,call,740.0,0.0821917808219178,2026-10-30,19.814999999999998,19.74,19.89,19.7,544.0,0.21097590789794918,743.2899780273438,0.040279998779296874,0.0023986015
QQQ,call,741.0,0.0821917808219178,2026-10-30,19.259999999999998,19.2,19.32,19.08,99.0,0.21030452789306642,743.2899780273438,0.040279998779296874,0.0023986015
QQQ,call,742.0,0.0821917808219178,2026-10-30,18.6,18.53,18.67,18.56,116.0,0.20861081924438474,743.2899780273438,0.040279998779296874,0.0023986015
QQQ,call,743.0,0.0821917808219178,2026-10-30,18.07,18.0,18.14,18.04,164.0,0.20819883605957026,743.2899780273438,0.040279998779296874,0.0023986015
QQQ,call,744.0,0.0821917808219178,2026-10-30,17.465,17.4,17.53,17.48,28.0,0.20676452423095698,743.2899780273438,0.040279998779296874,0.0023986015
QQQ,call,745.0,0.0821917808219178,2026-10-30,16.92,16.86,16.98,17.28,424.0,0.2059405578613281,743.2899780273438,0.040279998779296874,0.0023986015
QQQ,call,749.0,0.0821917808219178,2026-10-30,14.705,14.64,14.77,11.88,20.0,0.20140874282836913,743.2899780273438,0.040279998779296874,0.0023986015
QQQ,call,750.0,0.0821917808219178,2026-10-30,14.184999999999999,14.12,14.25,14.16,480.0,0.2003864141845703,743.2899780273438,0.040279998779296874,0.0023986015
QQQ,call,751.0,0.0821917808219178,2026-10-30,13.690000000000001,13.63,13.75,13.75,52.0,0.19948615463256836,743.2899780273438,0.040279998779296874,0.0023986015
QQQ,call,755.0,0.0821917808219178,2026-10-30,11.82,11.77,11.87,11.94,618.0,0.19617503051757812,743.2899780273438,0.040279998779296874,0.0023986015
QQQ,call,756.0,0.0821917808219178,2026-10-30,11.375,11.32,11.43,11.23,48.0,0.19541209869384768,743.2899780273438,0.040279998779296874,0.0023986015
QQQ,call,757.0,0.0821917808219178,2026-10-30,10.95,10.9,11.0,8.99,15.0,0.1946796841430664,743.2899780273438,0.040279998779296874,0.0023986015
QQQ,call,758.0,0.0821917808219178,2026-10-30,10.455,10.4,10.51,9.81,10.0,0.1930622686767578,743.2899780273438,0.040279998779296874,0.0023986015
QQQ,call,760.0,0.0821917808219178,2026-10-30,9.665,9.62,9.71,9.61,656.0,0.1917042500305176,743.2899780273438,0.040279998779296874,0.0023986015
QQQ,call,761.0,0.0821917808219178,2026-10-30,9.265,9.22,9.31,9.25,51.0,0.19083450775146482,743.2899780273438,0.040279998779296874,0.0023986015
QQQ,call,762.0,0.0821917808219178,2026-10-30,8.870000000000001,8.82,8.92,9.45,24.0,0.18998002410888676,743.2899780273438,0.040279998779296874,0.0023986015
QQQ,call,765.0,0.0821917808219178,2026-10-30,7.77,7.73,7.81,7.78,123.0,0.18741657318115235,743.2899780273438,0.040279998779296874,0.0023986015
QQQ,call,766.0,0.0821917808219178,2026-10-30,7.45,7.41,7.49,7.72,17.0,0.18695881408691406,743.2899780273438,0.040279998779296874,0.0023986015
QQQ,call,767.0,0.0821917808219178,2026-10-30,7.15,7.11,7.19,5.61,768.0,0.18665364135742188,743.2899780273438,0.040279998779296874,0.0023986015
QQQ,call,770.0,0.0821917808219178,2026-10-30,6.225,6.19,6.26,6.22,155.0,0.18457846679687498,743.2899780273438,0.040279998779296874,0.0023986015
QQQ,call,772.0,0.0821917808219178,2026-10-30,5.71,5.67,5.75,5.75,22.0,0.18415122497558595,743.2899780273438,0.040279998779296874,0.0023986015
QQQ,call,773.0,0.0821917808219178,2026-10-30,5.41,5.38,5.44,3.95,155.0,0.18293053405761717,743.2899780273438,0.040279998779296874,0.0023986015
QQQ,call,775.0,0.0821917808219178,2026-10-30,4.865,4.83,4.9,4.9,109.0,0.18125208404541016,743.2899780273438,0.040279998779296874,0.0023986015
QQQ,call,780.0,0.0821917808219178,2026-10-30,3.79,3.76,3.82,3.87,73.0,0.17902432312011718,743.2899780273438,0.040279998779296874,0.0023986015
QQQ,call,785.0,0.0821917808219178,2026-10-30,2.9,2.88,2.92,2.84,227.0,0.17670501037597658,743.2899780273438,0.040279998779296874,0.0023986015
QQQ,call,790.0,0.0821917808219178,2026-10-30,2.21,2.19,2.23,2.23,5009.0,0.1753012158203125,743.2899780273438,0.040279998779296874,0.0023986015
QQQ,call,795.0,0.0821917808219178,2026-10-30,1.68,1.66,1.7,1.75,241.0,0.17456880126953128,743.2899780273438,0.040279998779296874,0.0023986015
QQQ,call,800.0,0.0821917808219178,2026-10-30,1.27,1.25,1.29,1.27,227.0,0.17420259399414065,743.2899780273438,0.040279998779296874,0.0023986015
QQQ,call,805.0,0.0821917808219178,2026-10-30,0.945,0.94,0.95,0.95,95.0,0.17310397216796874,743.2899780273438,0.040279998779296874,0.0023986015
QQQ,call,810.0,0.0821917808219178,2026-10-30,0.72,0.7,0.74,0.72,21.0,0.17450776672363283,743.2899780273438,0.040279998779296874,0.0023986015
QQQ,call,825.0,0.0821917808219178,2026-10-30,0.33,0.32,0.34,0.24,20.0,0.1783529431152344,743.2899780273438,0.040279998779296874,0.0023986015
QQQ,call,835.0,0.0821917808219178,2026-10-30,0.2,0.18,0.22,0.14,35.0,0.18335777587890623,743.2899780273438,0.040279998779296874,0.0023986015
QQQ,call,845.0,0.0821917808219178,2026-10-30,0.13,0.11,0.15,0.1,45.0,0.18946123046875002,743.2899780273438,0.040279998779296874,0.0023986015
QQQ,call,865.0,0.0821917808219178,2026-10-30,0.05500000000000001,0.04,0.07,0.04,20.0,0.20069158691406247,743.2899780273438,0.040279998779296874,0.0023986015
QQQ,call,875.0,0.0821917808219178,2026-10-30,0.035,0.02,0.05,0.04,10.0,0.20703917968749996,743.2899780273438,0.040279998779296874,0.0023986015
QQQ,call,880.0,0.0821917808219178,2026-10-30,0.035,0.02,0.05,0.02,20.0,0.21289849609375,743.2899780273438,0.040279998779296874,0.0023986015
QQQ,call,890.0,0.0821917808219178,2026-10-30,0.02,0.01,0.03,0.02,20.0,0.2148516015625,743.2899780273438,0.040279998779296874,0.0023986015
QQQ,call,895.0,0.0821917808219178,2026-10-30,0.02,0.01,0.03,0.01,20.0,0.22071091796874998,743.2899780273438,0.040279998779296874,0.0023986015
QQQ,call,900.0,0.0821917808219178,2026-10-30,0.02,0.01,0.03,0.02,100.0,0.22657023437499998,743.2899780273438,0.040279998779296874,0.0023986015
QQQ,put,470.0,0.0821917808219178,2026-10-30,0.075,0.06,0.09,0.08,15.0,0.5625043750000001,743.2899780273438,0.040279998779296874,0.0023986015
QQQ,put,480.0,0.0821917808219178,2026-10-30,0.085,0.07,0.1,0.11,70.0,0.5459029785156251,743.2899780273438,0.040279998779296874,0.0023986015
QQQ,put,485.0,0.0821917808219178,2026-10-30,0.095,0.08,0.11,0.14,22.0,0.5390671093750001,743.2899780273438,0.040279998779296874,0.0023986015
QQQ,put,490.0,0.0821917808219178,2026-10-30,0.105,0.09,0.12,0.14,38.0,0.53320779296875,743.2899780273438,0.040279998779296874,0.0023986015
QQQ,put,495.0,0.0821917808219178,2026-10-30,0.115,0.1,0.13,0.16,40.0,0.526371923828125,743.2899780273438,0.040279998779296874,0.0023986015
QQQ,put,500.0,0.0821917808219178,2026-10-30,0.125,0.11,0.14,0.17,15.0,0.5185595019531251,743.2899780273438,0.040279998779296874,0.0023986015
QQQ,put,515.0,0.0821917808219178,2026-10-30,0.16,0.14,0.18,0.24,13.0,0.5029346582031251,743.2899780273438,0.040279998779296874,0.0023986015
QQQ,put,520.0,0.0821917808219178,2026-10-30,0.18,0.16,0.2,0.25,70.0,0.49707534179687507,743.2899780273438,0.040279998779296874,0.0023986015
QQQ,put,535.0,0.0821917808219178,2026-10-30,0.22499999999999998,0.21,0.24,0.3,146.0,0.471684970703125,743.2899780273438,0.040279998779296874,0.0023986015
QQQ,put,600.0,0.0821917808219178,2026-10-30,0.5700000000000001,0.56,0.58,0.56,9110.0,0.3648745153808594,743.2899780273438,0.040279998779296874,0.0023986015
QQQ,put,601.0,0.0821917808219178,2026-10-30,0.58,0.57,0.59,0.71,22.0,0.36340968627929693,743.2899780273438,0.040279998779296874,0.0023986015
QQQ,put,602.0,0.0821917808219178,2026-10-30,0.59,0.58,0.6,0.73,20.0,0.3619448571777344,743.2899780273438,0.040279998779296874,0.0023986015
QQQ,put,606.0,0.0821917808219178,2026-10-30,0.63,0.62,0.64,0.79,41.0,0.3557193334960937,743.2899780273438,0.040279998779296874,0.0023986015
QQQ,put,607.0,0.0821917808219178,2026-10-30,0.64,0.63,0.65,0.82,19.0,0.35425450439453116,743.2899780273438,0.040279998779296874,0.0023986015
QQQ,put,610.0,0.0821917808219178,2026-10-30,0.66,0.65,0.67,0.62,11.0,0.3485172570800781,743.2899780273438,0.040279998779296874,0.0023986015
QQQ,put,611.0,0.0821917808219178,2026-10-30,0.675,0.66,0.69,0.81,17.0,0.34778484252929687,743.2899780273438,0.040279998779296874,0.0023986015
QQQ,put,613.0,0.0821917808219178,2026-10-30,0.71,0.7,0.72,0.91,79.0,0.3452213916015625,743.2899780273438,0.040279998779296874,0.0023986015
QQQ,put,615.0,0.0821917808219178,2026-10-30,0.72,0.71,0.73,0.7,10.0,0.34107104248046877,743.2899780273438,0.040279998779296874,0.0023986015
QQQ,put,617.0,0.0821917808219178,2026-10-30,0.755,0.74,0.77,0.75,12.0,0.3391179370117187,743.2899780273438,0.040279998779296874,0.0023986015
QQQ,put,620.0,0.0821917808219178,2026-10-30,0.785,0.77,0.8,0.76,31.0,0.33386896606445315,743.2899780273438,0.040279998779296874,0.0023986015
QQQ,put,630.0,0.0821917808219178,2026-10-30,0.95,0.94,0.96,0.95,60.0,0.319220675048828,743.2899780273438,0.040279998779296874,0.0023986015
QQQ,put,631.0,0.0821917808219178,2026-10-30,0.955,0.94,0.97,1.22,20.0,0.31726756958007807,743.2899780273438,0.040279998779296874,0.0023986015
QQQ,put,636.0,0.0821917808219178,2026-10-30,1.05,1.04,1.06,0.99,10.0,0.3096992858886719,743.2899780273438,0.040279998779296874,0.0023986015
QQQ,put,639.0,0.0821917808219178,2026-10-30,1.105,1.09,1.12,1.61,12.0,0.3051827294921875,743.2899780273438,0.040279998779296874,0.0023986015
QQQ,put,640.0,0.0821917808219178,2026-10-30,1.13,1.12,1.14,1.1,16.0,0.30359583129882806,743.2899780273438,0.040279998779296874,0.0023986015
QQQ,put,642.0,0.0821917808219178,2026-10-30,1.18,1.16,1.2,1.16,18.0,0.30152065673828127,743.2899780273438,0.040279998779296874,0.0023986015
QQQ,put,643.0,0.0821917808219178,2026-10-30,1.1949999999999998,1.18,1.21,1.15,10.0,0.2993844476318359,743.2899780273438,0.040279998779296874,0.0023986015
QQQ,put,644.0,0.0821917808219178,2026-10-30,1.2149999999999999,1.2,1.23,1.41,54.0,0.297736514892578,743.2899780273438,0.040279998779296874,0.0023986015
QQQ,put,650.0,0.0821917808219178,2026-10-30,1.3849999999999998,1.38,1.39,1.4,35.0,0.2893137475585937,743.2899780273438,0.040279998779296874,0.0023986015
QQQ,put,651.0,0.0821917808219178,2026-10-30,1.41,1.4,1.42,1.75,28.0,0.28790995300292954,743.2899780273438,0.040279998779296874,0.0023986015
QQQ,put,653.0,0.0821917808219178,2026-10-30,1.46,1.45,1.47,1.52,25.0,0.2846751220703124,743.2899780273438,0.040279998779296874,0.0023986015
QQQ,put,655.0,0.0821917808219178,2026-10-30,1.54,1.53,1.55,1.55,20.0,0.2825999475097656,743.2899780273438,0.040279998779296874,0.0023986015
QQQ,put,657.0,0.0821917808219178,2026-10-30,1.6,1.59,1.61,1.64,17.0,0.27948718566894526,743.2899780273438,0.040279998779296874,0.0023986015
QQQ,put,660.0,0.0821917808219178,2026-10-30,1.71,1.7,1.72,1.72,66.0,0.27545890563964837,743.2899780273438,0.040279998779296874,0.0023986015
QQQ,put,665.0,0.0821917808219178,2026-10-30,1.915,1.9,1.93,1.89,130.0,0.26892820922851557,743.2899780273438,0.040279998779296874,0.0023986015
QQQ,put,666.0,0.0821917808219178,2026-10-30,1.96,1.94,1.98,2.34,64.0,0.2677685528564453,743.2899780273438,0.040279998779296874,0.0023986015
QQQ,put,667.0,0.0821917808219178,2026-10-30,2.0,1.99,2.01,2.02,12.0,0.26593751647949215,743.2899780273438,0.040279998779296874,0.0023986015
QQQ,put,669.0,0.0821917808219178,2026-10-30,2.0999999999999996,2.09,2.11,2.12,56.0,0.26343510009765625,743.2899780273438,0.040279998779296874,0.0023986015
QQQ,put,670.0,0.0821917808219178,2026-10-30,2.15,2.13,2.17,2.06,34.0,0.2624585473632813,743.2899780273438,0.040279998779296874,0.0023986015
QQQ,put,671.0,0.0821917808219178,2026-10-30,2.1950000000000003,2.18,2.21,2.15,55.0,0.260749580078125,743.2899780273438,0.040279998779296874,0.0023986015
QQQ,put,674.0,0.0821917808219178,2026-10-30,2.34,2.32,2.36,2.3,108.0,0.2564771618652344,743.2899780273438,0.040279998779296874,0.0023986015
QQQ,put,675.0,0.0821917808219178,2026-10-30,2.41,2.39,2.43,2.35,138.0,0.2555616436767578,743.2899780273438,0.040279998779296874,0.0023986015
QQQ,put,676.0,0.0821917808219178,2026-10-30,2.475,2.45,2.5,2.95,23.0,0.2545850909423829,743.2899780273438,0.040279998779296874,0.0023986015
QQQ,put,678.0,0.0821917808219178,2026-10-30,2.59,2.57,2.61,3.28,14.0,0.2516249154663086,743.2899780273438,0.040279998779296874,0.0023986015
QQQ,put,679.0,0.0821917808219178,2026-10-30,2.6550000000000002,2.63,2.68,2.61,32.0,0.25049577636718745,743.2899780273438,0.040279998779296874,0.0023986015
QQQ,put,680.0,0.0821917808219178,2026-10-30,2.72,2.7,2.74,2.68,14.0,0.249030947265625,743.2899780273438,0.040279998779296874,0.0023986015
QQQ,put,684.0,0.0821917808219178,2026-10-30,3.02,3.0,3.04,3.83,18.0,0.24433128723144532,743.2899780273438,0.040279998779296874,0.0023986015
QQQ,put,685.0,0.0821917808219178,2026-10-30,3.09,3.07,3.11,3.11,202.0,0.24286645812988278,743.2899780273438,0.040279998779296874,0.0023986015
QQQ,put,686.0,0.0821917808219178,2026-10-30,3.1799999999999997,3.15,3.21,3.21,22.0,0.24213404357910157,743.2899780273438,0.040279998779296874,0.0023986015
QQQ,put,687.0,0.0821917808219178,2026-10-30,3.26,3.23,3.29,4.25,25.0,0.24082180084228516,743.2899780273438,0.040279998779296874,0.0023986015
QQQ,put,688.0,0.0821917808219178,2026-10-30,3.335,3.31,3.36,3.24,65.0,0.23926541992187497,743.2899780273438,0.040279998779296874,0.0023986015
QQQ,put,689.0,0.0821917808219178,2026-10-30,3.425,3.4,3.45,3.65,33.0,0.23807524627685545,743.2899780273438,0.040279998779296874,0.0023986015
QQQ,put,690.0,0.0821917808219178,2026-10-30,3.515,3.49,3.54,3.5,1199.0,0.23685455535888672,743.2899780273438,0.040279998779296874,0.0023986015
QQQ,put,693.0,0.0821917808219178,2026-10-30,3.8,3.77,3.83,4.8,20.0,0.2332535171508789,743.2899780273438,0.040279998779296874,0.0023986015
QQQ,put,695.0,0.0821917808219178,2026-10-30,4.02,3.99,4.05,4.06,53.0,0.2311173080444336,743.2899780273438,0.040279998779296874,0.0023986015
QQQ,put,698.0,0.0821917808219178,2026-10-30,4.35,4.32,4.38,4.21,11.0,0.2274552352905273,743.2899780273438,0.040279998779296874,0.0023986015
QQQ,put,699.0,0.0821917808219178,2026-10-30,4.45,4.42,4.48,4.32,37.0,0.22592937164306642,743.2899780273438,0.040279998779296874,0.0023986015
QQQ,put,700.0,0.0821917808219178,2026-10-30,4.59,4.56,4.62,4.6,627.0,0.22507488800048825,743.2899780273438,0.040279998779296874,0.0023986015
QQQ,put,701.0,0.0821917808219178,2026-10-30,4.705,4.68,4.73,4.57,305.0,0.22361005889892577,743.2899780273438,0.040279998779296874,0.0023986015
QQQ,put,702.0,0.0821917808219178,2026-10-30,4.84,4.81,4.87,4.7,10.0,0.22263350616455074,743.2899780273438,0.040279998779296874,0.0023986015
QQQ,put,704.0,0.0821917808219178,2026-10-30,5.115,5.08,5.15,5.87,19.0,0.22046677978515622,743.2899780273438,0.040279998779296874,0.0023986015
QQQ,put,705.0,0.0821917808219178,2026-10-30,5.245,5.21,5.28,5.32,83.0,0.21909350250244142,743.2899780273438,0.040279998779296874,0.0023986015
QQQ,put,708.0,0.0821917808219178,2026-10-30,5.720000000000001,5.69,5.75,5.62,24.0,0.21595022338867187,743.2899780273438,0.040279998779296874,0.0023986015
QQQ,put,709.0,0.0821917808219178,2026-10-30,5.87,5.84,5.9,5.75,41.0,0.2146684979248047,743.2899780273438,0.040279998779296874,0.0023986015
QQQ,put,710.0,0.0821917808219178,2026-10-30,6.04,6.01,6.07,6.06,73.0,0.21360039337158204,743.2899780273438,0.040279998779296874,0.0023986015
QQQ,put,711.0,0.0821917808219178,2026-10-30,6.18,6.15,6.21,6.71,10.0,0.21201349517822266,743.2899780273438,0.040279998779296874,0.0023986015
QQQ,put,715.0,0.0821917808219178,2026-10-30,6.95,6.91,6.99,6.97,27.0,0.20824461196899408,743.2899780273438,0.040279998779296874,0.0023986015
QQQ,put,716.0,0.0821917808219178,2026-10-30,7.135,7.1,7.17,6.97,1020.0,0.2068865933227539,743.2899780273438,0.040279998779296874,0.0023986015
QQQ,put,720.0,0.0821917808219178,2026-10-30,7.9799999999999995,7.93,8.03,8.0,3111.0,0.20264469238281246,743.2899780273438,0.040279998779296874,0.0023986015
QQQ,put,724.0,0.0821917808219178,2026-10-30,8.945,8.91,8.98,8.87,13.0,0.1982807223510742,743.2899780273438,0.040279998779296874,0.0023986015
QQQ,put,725.0,0.0821917808219178,2026-10-30,9.145,9.11,9.18,9.09,111.0,0.1964802032470703,743.2899780273438,0.040279998779296874,0.0023986015
QQQ,put,726.0,0.0821917808219178,2026-10-30,9.399999999999999,9.36,9.44,10.09,10.0,0.19538158142089845,743.2899780273438,0.040279998779296874,0.0023986015
QQQ,put,727.0,0.0821917808219178,2026-10-30,9.725,9.68,9.77,9.53,72.0,0.19507640869140624,743.2899780273438,0.040279998779296874,0.0023986015
QQQ,put,728.0,0.0821917808219178,2026-10-30,9.969999999999999,9.93,10.01,9.7,14.0,0.19352002777099608,743.2899780273438,0.040279998779296874,0.0023986015
QQQ,put,730.0,0.0821917808219178,2026-10-30,10.575,10.53,10.62,10.6,241.0,0.19178054321289065,743.2899780273438,0.040279998779296874,0.0023986015
QQQ,put,731.0,0.0821917808219178,2026-10-30,10.855,10.8,10.91,10.66,21.0,0.1905751109313965,743.2899780273438,0.040279998779296874,0.0023986015
QQQ,put,732.0,0.0821917808219178,2026-10-30,11.18,11.13,11.23,11.27,34.0,0.18964433410644532,743.2899780273438,0.040279998779296874,0.0023986015
QQQ,put,733.0,0.0821917808219178,2026-10-30,11.48,11.43,11.53,11.59,17.0,0.18836260864257812,743.2899780273438,0.040279998779296874,0.0023986015
QQQ,put,734.0,0.0821917808219178,2026-10-30,11.8,11.75,11.85,12.0,19.0,0.18723346954345704,743.2899780273438,0.040279998779296874,0.0023986015
QQQ,put,735.0,0.0821917808219178,2026-10-30,12.14,12.08,12.2,12.07,67.0,0.1863484686279297,743.2899780273438,0.040279998779296874,0.0023986015
QQQ,put,736.0,0.0821917808219178,2026-10-30,12.485,12.44,12.53,12.71,13.0,0.18512777770996092,743.2899780273438,0.040279998779296874,0.0023986015
QQQ,put,738.0,0.0821917808219178,2026-10-30,13.23,13.18,13.28,12.86,11.0,0.18341881042480468,743.2899780273438,0.040279998779296874,0.0023986015
QQQ,put,739.0,0.0821917808219178,2026-10-30,13.620000000000001,13.57,13.67,13.59,13.0,0.18256432678222656,743.2899780273438,0.040279998779296874,0.0023986015
QQQ,put,740.0,0.0821917808219178,2026-10-30,14.0,13.94,14.06,14.18,1410.0,0.18161829132080076,743.2899780273438,0.040279998779296874,0.0023986015
QQQ,put,741.0,0.0821917808219178,2026-10-30,14.344999999999999,14.29,14.4,14.53,134.0,0.17995509994506836,743.2899780273438,0.040279998779296874,0.0023986015
QQQ,put,742.0,0.0821917808219178,2026-10-30,14.775,14.72,14.83,14.59,152.0,0.1792379440307617,743.2899780273438,0.040279998779296874,0.0023986015
QQQ,put,743.0,0.0821917808219178,2026-10-30,15.24,15.18,15.3,15.21,41.0,0.1788717367553711,743.2899780273438,0.040279998779296874,0.0023986015
QQQ,put,744.0,0.0821917808219178,2026-10-30,15.6,15.54,15.66,15.64,25.0,0.1771017349243164,743.2899780273438,0.040279998779296874,0.0023986015
QQQ,put,745.0,0.0821917808219178,2026-10-30,16.03,15.97,16.09,15.83,21.0,0.17603363037109376,743.2899780273438,0.040279998779296874,0.0023986015
QQQ,put,746.0,0.0821917808219178,2026-10-30,16.495,16.44,16.55,19.35,222.0,0.17517914672851562,743.2899780273438,0.040279998779296874,0.0023986015
QQQ,put,748.0,0.0821917808219178,2026-10-30,17.41,17.35,17.47,21.18,42.0,0.17311923080444336,743.2899780273438,0.040279998779296874,0.0023986015
QQQ,put,749.0,0.0821917808219178,2026-10-30,17.93,17.87,17.99,21.35,100.0,0.17260043716430667,743.2899780273438,0.040279998779296874,0.0023986015
QQQ,put,750.0,0.0821917808219178,2026-10-30,18.375,18.31,18.44,18.34,21.0,0.17112034942626952,743.2899780273438,0.040279998779296874,0.0023986015
QQQ,put,751.0,0.0821917808219178,2026-10-30,18.869999999999997,18.81,18.93,23.27,137.0,0.16999121032714848,743.2899780273438,0.040279998779296874,0.0023986015
QQQ,put,752.0,0.0821917808219178,2026-10-30,19.375,19.31,19.44,22.02,11.0,0.16896888168334961,743.2899780273438,0.040279998779296874,0.0023986015
QQQ,put,757.0,0.0821917808219178,2026-10-30,22.21,22.14,22.28,22.55,33.0,0.16524577438354493,743.2899780273438,0.040279998779296874,0.0023986015
QQQ,put,760.0,0.0821917808219178,2026-10-30,23.97,23.89,24.05,23.65,10.0,0.16211775390625,743.2899780273438,0.040279998779296874,0.0023986015
QQQ,put,767.0,0.0821917808219178,2026-10-30,28.555,28.47,28.64,33.17,63.0,0.15543447113037112,743.2899780273438,0.040279998779296874,0.0023986015
QQQ,put,790.0,0.0821917808219178,2026-10-30,46.965,46.58,47.35,52.6,42.0,0.1297694445800781,743.2899780273438,0.040279998779296874,0.0023986015
QQQ,call,710.0,0.10136986301369863,2026-11-06,43.895,43.7,44.09,43.78,21.0,0.2548292291259766,743.2899780273438,0.040279998779296874,0.0023986015
QQQ,call,730.0,0.10136986301369863,2026-11-06,28.92,28.85,28.99,25.65,50.0,0.228797995300293,743.2899780273438,0.040279998779296874,0.0023986015
QQQ,call,733.0,0.10136986301369863,2026-11-06,26.909999999999997,26.83,26.99,23.64,29.0,0.22573100936889645,743.2899780273438,0.040279998779296874,0.0023986015
QQQ,call,735.0,0.10136986301369863,2026-11-06,25.575000000000003,25.51,25.64,25.5,185.0,0.2231675584411621,743.2899780273438,0.040279998779296874,0.0023986015
QQQ,call,736.0,0.10136986301369863,2026-11-06,24.95,24.88,25.02,24.92,12.0,0.22235885070800776,743.2899780273438,0.040279998779296874,0.0023986015
QQQ,call,740.0,0.10136986301369863,2026-11-06,22.43,22.37,22.49,23.22,47.0,0.21785755294799802,743.2899780273438,0.040279998779296874,0.0023986015
QQQ,call,745.0,0.10136986301369863,2026-11-06,19.465,19.39,19.54,19.5,16.0,0.21274590972900392,743.2899780273438,0.040279998779296874,0.0023986015
QQQ,call,746.0,0.10136986301369863,2026-11-06,18.83,18.76,18.9,18.85,127.0,0.21096064926147456,743.2899780273438,0.040279998779296874,0.0023986015
QQQ,call,748.0,0.10136986301369863,2026-11-06,17.735,17.67,17.8,14.82,20.0,0.20902280242919918,743.2899780273438,0.040279998779296874,0.0023986015
QQQ,call,749.0,0.10136986301369863,2026-11-06,17.255,17.18,17.33,17.49,20.0,0.20877866424560543,743.2899780273438,0.040279998779296874,0.0023986015
QQQ,call,750.0,0.10136986301369863,2026-11-06,16.78,16.71,16.85,16.64,64.0,0.20832090515136714,743.2899780273438,0.040279998779296874,0.0023986015
QQQ,call,751.0,0.10136986301369863,2026-11-06,16.18,16.11,16.25,12.29,78.0,0.20653564468383784,743.2899780273438,0.040279998779296874,0.0023986015
QQQ,call,757.0,0.10136986301369863,2026-11-06,13.315,13.26,13.37,11.25,80.0,0.20151555328369142,743.2899780273438,0.040279998779296874,0.0023986015
QQQ,call,760.0,0.10136986301369863,2026-11-06,12.100000000000001,12.05,12.15,12.6,36.0,0.20015753463745117,743.2899780273438,0.040279998779296874,0.0023986015
QQQ,call,763.0,0.10136986301369863,2026-11-06,10.780000000000001,10.73,10.83,10.0,35.0,0.19687692779541016,743.2899780273438,0.040279998779296874,0.0023986015
QQQ,call,770.0,0.10136986301369863,2026-11-06,8.27,8.23,8.31,8.43,19.0,0.19208571594238283,743.2899780273438,0.040279998779296874,0.0023986015
QQQ,call,772.0,0.10136986301369863,2026-11-06,7.645,7.6,7.69,7.79,23.0,0.1910328700256348,743.2899780273438,0.040279998779296874,0.0023986015
QQQ,call,775.0,0.10136986301369863,2026-11-06,6.8,6.76,6.84,7.0,22.0,0.18970536865234378,743.2899780273438,0.040279998779296874,0.0023986015
QQQ,call,780.0,0.10136986301369863,2026-11-06,5.484999999999999,5.45,5.52,5.6,10.0,0.18677571044921876,743.2899780273438,0.040279998779296874,0.0023986015
QQQ,call,785.0,0.10136986301369863,2026-11-06,4.405,4.37,4.44,4.58,34.0,0.18470053588867186,743.2899780273438,0.040279998779296874,0.0023986015
QQQ,call,790.0,0.10136986301369863,2026-11-06,3.495,3.46,3.53,3.5,21.0,0.18271691314697264,743.2899780273438,0.040279998779296874,0.0023986015
QQQ,call,795.0,0.10136986301369863,2026-11-06,2.77,2.75,2.79,2.79,59.0,0.1811910494995117,743.2899780273438,0.040279998779296874,0.0023986015
QQQ,call,800.0,0.10136986301369863,2026-11-06,2.175,2.16,2.19,2.21,54.0,0.17993984130859375,743.2899780273438,0.040279998779296874,0.0023986015
QQQ,call,805.0,0.10136986301369863,2026-11-06,1.705,1.69,1.72,1.78,46.0,0.17926846130371094,743.2899780273438,0.040279998779296874,0.0023986015
QQQ,call,810.0,0.10136986301369863,2026-11-06,1.3599999999999999,1.34,1.38,1.42,42.0,0.1798788067626953,743.2899780273438,0.040279998779296874,0.0023986015
QQQ,call,820.0,0.10136986301369863,2026-11-06,0.845,0.82,0.87,0.84,16.0,0.18091639404296872,743.2899780273438,0.040279998779296874,0.0023986015
QQQ,call,835.0,0.10136986301369863,2026-11-06,0.42000000000000004,0.4,0.44,0.44,32.0,0.18384605224609374,743.2899780273438,0.040279998779296874,0.0023986015
QQQ,call,865.0,0.10136986301369863,2026-11-06,0.125,0.1,0.15,0.11,29.0,0.1977619287109375,743.2899780273438,0.040279998779296874,0.0023986015
QQQ,call,870.0,0.10136986301369863,2026-11-06,0.1,0.08,0.12,0.1,48.0,0.19898261962890623,743.2899780273438,0.040279998779296874,0.0023986015
QQQ,call,885.0,0.10136986301369863,2026-11-06,0.055,0.03,0.08,0.1,20.0,0.20801573242187496,743.2899780273438,0.040279998779296874,0.0023986015
QQQ,put,475.0,0.10136986301369863,2026-11-06,0.135,0.13,0.14,0.14,14.0,0.5283250292968751,743.2899780273438,0.040279998779296874,0.0023986015
QQQ,put,520.0,0.10136986301369863,2026-11-06,0.28,0.26,0.3,0.29,12.0,0.471684970703125,743.2899780273438,0.040279998779296874,0.0023986015
QQQ,put,580.0,0.10136986301369863,2026-11-06,0.635,0.62,0.65,0.62,10.0,0.38086556640624997,743.2899780273438,0.040279998779296874,0.0023986015
QQQ,put,590.0,0.10136986301369863,2026-11-06,0.73,0.71,0.75,0.89,28.0,0.3663393444824219,743.2899780273438,0.040279998779296874,0.0023986015
QQQ,put,595.0,0.10136986301369863,2026-11-06,0.78,0.76,0.8,0.8,16.0,0.35864899169921877,743.2899780273438,0.040279998779296874,0.0023986015
QQQ,put,620.0,0.10136986301369863,2026-11-06,1.1549999999999998,1.14,1.17,1.14,12.0,0.32300481689453114,743.2899780273438,0.040279998779296874,0.0023986015
QQQ,put,625.0,0.10136986301369863,2026-11-06,1.255,1.24,1.27,1.45,58.0,0.31604687866210934,743.2899780273438,0.040279998779296874,0.0023986015
QQQ,put,630.0,0.10136986301369863,2026-11-06,1.3900000000000001,1.37,1.41,1.55,14.0,0.3104317004394531,743.2899780273438,0.040279998779296874,0.0023986015
QQQ,put,640.0,0.10136986301369863,2026-11-06,1.65,1.63,1.67,1.6,23.0,0.2966378930664062,743.2899780273438,0.040279998779296874,0.0023986015
QQQ,put,650.0,0.10136986301369863,2026-11-06,1.9899999999999998,1.97,2.01,2.01,20.0,0.28351546569824215,743.2899780273438,0.040279998779296874,0.0023986015
QQQ,put,660.0,0.10136986301369863,2026-11-06,2.42,2.4,2.44,2.44,33.0,0.2706371765136719,743.2899780273438,0.040279998779296874,0.0023986015
QQQ,put,675.0,0.10136986301369863,2026-11-06,3.3449999999999998,3.32,3.37,3.31,13.0,0.25296767547607424,743.2899780273438,0.040279998779296874,0.0023986015
QQQ,put,680.0,0.10136986301369863,2026-11-06,3.735,3.71,3.76,3.75,74.0,0.2470473245239258,743.2899780273438,0.040279998779296874,0.0023986015
QQQ,put,686.0,0.10136986301369863,2026-11-06,4.29,4.26,4.32,5.0,13.0,0.24042507629394527,743.2899780273438,0.040279998779296874,0.0023986015
QQQ,put,690.0,0.10136986301369863,2026-11-06,4.7,4.67,4.73,4.73,24.0,0.23581696807861324,743.2899780273438,0.040279998779296874,0.0023986015
QQQ,put,691.0,0.10136986301369863,2026-11-06,4.79,4.76,4.82,5.06,51.0,0.23432162170410153,743.2899780273438,0.040279998779296874,0.0023986015
QQQ,put,692.0,0.10136986301369863,2026-11-06,4.945,4.91,4.98,4.96,123.0,0.23398593170166015,743.2899780273438,0.040279998779296874,0.0023986015
QQQ,put,694.0,0.10136986301369863,2026-11-06,5.17,5.14,5.2,5.19,13.0,0.2314835153198242,743.2899780273438,0.040279998779296874,0.0023986015
QQQ,put,695.0,0.10136986301369863,2026-11-06,5.279999999999999,5.25,5.31,5.46,16.0,0.23014075531005856,743.2899780273438,0.040279998779296874,0.0023986015
QQQ,put,696.0,0.10136986301369863,2026-11-06,5.425,5.39,5.46,5.57,20.0,0.22940834075927735,743.2899780273438,0.040279998779296874,0.0023986015
QQQ,put,697.0,0.10136986301369863,2026-11-06,5.5600000000000005,5.53,5.59,6.3,113.0,0.22830971893310548,743.2899780273438,0.040279998779296874,0.0023986015
QQQ,put,699.0,0.10136986301369863,2026-11-06,5.82,5.79,5.85,5.71,17.0,0.22595988891601562,743.2899780273438,0.040279998779296874,0.0023986015
QQQ,put,700.0,0.10136986301369863,2026-11-06,5.984999999999999,5.95,6.02,5.97,13.0,0.225319026184082,743.2899780273438,0.040279998779296874,0.0023986015
QQQ,put,702.0,0.10136986301369863,2026-11-06,6.27,6.24,6.3,7.06,18.0,0.22293867889404295,743.2899780273438,0.040279998779296874,0.0023986015
QQQ,put,706.0,0.10136986301369863,2026-11-06,6.89,6.85,6.93,6.8,12.0,0.21854419158935545,743.2899780273438,0.040279998779296874,0.0023986015
QQQ,put,707.0,0.10136986301369863,2026-11-06,7.08,7.04,7.12,8.67,15.0,0.21778125976562498,743.2899780273438,0.040279998779296874,0.0023986015
QQQ,put,713.0,0.10136986301369863,2026-11-06,8.219999999999999,8.18,8.26,10.21,35.0,0.21173883972167967,743.2899780273438,0.040279998779296874,0.0023986015
QQQ,put,714.0,0.10136986301369863,2026-11-06,8.385,8.35,8.42,9.5,23.0,0.21013668289184567,743.2899780273438,0.040279998779296874,0.0023986015
QQQ,put,720.0,0.10136986301369863,2026-11-06,9.735,9.69,9.78,9.74,23.0,0.20423159057617185,743.2899780273438,0.040279998779296874,0.0023986015
QQQ,put,726.0,0.10136986301369863,2026-11-06,11.325,11.27,11.38,13.44,18.0,0.1986164123535156,743.2899780273438,0.040279998779296874,0.0023986015
QQQ,put,732.0,0.10136986301369863,2026-11-06,13.115,13.06,13.17,12.92,11.0,0.19245192321777344,743.2899780273438,0.040279998779296874,0.0023986015
QQQ,put,734.0,0.10136986301369863,2026-11-06,13.780000000000001,13.73,13.83,13.76,11.0,0.19043778320312502,743.2899780273438,0.040279998779296874,0.0023986015
QQQ,put,736.0,0.10136986301369863,2026-11-06,14.475,14.42,14.53,14.8,11.0,0.18854571228027345,743.2899780273438,0.040279998779296874,0.0023986015
QQQ,put,737.0,0.10136986301369863,2026-11-06,14.84,14.79,14.89,15.11,25.0,0.18756915954589842,743.2899780273438,0.040279998779296874,0.0023986015
QQQ,put,740.0,0.10136986301369863,2026-11-06,15.99,15.93,16.05,16.0,55.0,0.18495993270874017,743.2899780273438,0.040279998779296874,0.0023986015
QQQ,put,741.0,0.10136986301369863,2026-11-06,16.335,16.28,16.39,16.17,335.0,0.18341881042480468,743.2899780273438,0.040279998779296874,0.0023986015
QQQ,put,742.0,0.10136986301369863,2026-11-06,16.735,16.68,16.79,17.04,183.0,0.18241174041748048,743.2899780273438,0.040279998779296874,0.0023986015
QQQ,put,743.0,0.10136986301369863,2026-11-06,17.145,17.09,17.2,17.12,31.0,0.18143518768310546,743.2899780273438,0.040279998779296874,0.0023986015
QQQ,put,744.0,0.10136986301369863,2026-11-06,17.57,17.51,17.63,17.66,133.0,0.18056544540405273,743.2899780273438,0.040279998779296874,0.0023986015
QQQ,put,745.0,0.10136986301369863,2026-11-06,18.0,17.93,18.07,18.1,16.0,0.179695703125,743.2899780273438,0.040279998779296874,0.0023986015
QQQ,put,746.0,0.10136986301369863,2026-11-06,18.439999999999998,18.38,18.5,18.6,47.0,0.17862759857177735,743.2899780273438,0.040279998779296874,0.0023986015
QQQ,put,755.0,0.10136986301369863,2026-11-06,22.95,22.88,23.02,26.62,50.0,0.17133397033691405,743.2899780273438,0.040279998779296874,0.0023986015
QQQ,put,760.0,0.10136986301369863,2026-11-06,25.689999999999998,25.61,25.77,29.31,14.0,0.16605448211669926,743.2899780273438,0.040279998779296874,0.0023986015
QQQ,put,775.0,0.10136986301369863,2026-11-06,35.615,35.34,35.89,38.92,20.0,0.15369498657226563,743.2899780273438,0.040279998779296874,0.0023986015
QQQ,call,350.0,0.13972602739726028,2026-11-20,395.45000000000005,393.73,397.17,391.61,45.0,1.0456590686035159,743.2899780273438,0.040279998779296874,0.0023986015
QQQ,call,370.0,0.13972602739726028,2026-11-20,375.3,373.63,376.97,352.21,39.0,0.9643558251953125,743.2899780273438,0.040279998779296874,0.0023986015
QQQ,call,400.0,0.13972602739726028,2026-11-20,346.015,344.14,347.89,340.94,400.0,0.9157723266601563,743.2899780273438,0.040279998779296874,0.0023986015
QQQ,call,440.0,0.13972602739726028,2026-11-20,305.82,304.14,307.5,278.65,11.0,0.7807639111328125,743.2899780273438,0.040279998779296874,0.0023986015
QQQ,call,460.0,0.13972602739726028,2026-11-20,285.99,284.3,287.68,288.0,50.0,0.7321804125976561,743.2899780273438,0.040279998779296874,0.0023986015
QQQ,call,510.0,0.13972602739726028,2026-11-20,236.51999999999998,234.84,238.2,231.61,75.0,0.618289949951172,743.2899780273438,0.040279998779296874,0.0023986015
QQQ,call,525.0,0.13972602739726028,2026-11-20,222.18,220.34,224.02,216.63,56.0,0.6023599334716798,743.2899780273438,0.040279998779296874,0.0023986015
QQQ,call,560.0,0.13972602739726028,2026-11-20,187.245,185.56,188.93,179.68,12.0,0.5119067364501952,743.2899780273438,0.040279998779296874,0.0023986015
QQQ,call,670.0,0.13972602739726028,2026-11-20,82.19,81.85,82.53,77.06,15.0,0.3202582623291015,743.2899780273438,0.040279998779296874,0.0023986015
QQQ,call,700.0,0.13972602739726028,2026-11-20,56.105,55.8,56.41,51.8,552.0,0.27533683654785157,743.2899780273438,0.040279998779296874,0.0023986015
QQQ,call,704.0,0.13972602739726028,2026-11-20,52.745000000000005,52.46,53.03,47.72,11.0,0.2688061401367187,743.2899780273438,0.040279998779296874,0.0023986015
QQQ,call,710.0,0.13972602739726028,2026-11-20,47.94,47.83,48.05,45.84,52.0,0.2591016473388672,743.2899780273438,0.040279998779296874,0.0023986015
QQQ,call,720.0,0.13972602739726028,2026-11-20,40.34,40.21,40.47,39.65,20.0,0.24738301452636718,743.2899780273438,0.040279998779296874,0.0023986015
QQQ,call,725.0,0.13972602739726028,2026-11-20,36.63,36.56,36.7,36.47,10.0,0.24022671401977536,743.2899780273438,0.040279998779296874,0.0023986015
QQQ,call,729.0,0.13972602739726028,2026-11-20,33.935,33.85,34.02,29.25,16.0,0.23686981399536133,743.2899780273438,0.040279998779296874,0.0023986015
QQQ,call,730.0,0.13972602739726028,2026-11-20,33.275000000000006,33.21,33.34,33.06,17.0,0.23581696807861324,743.2899780273438,0.040279998779296874,0.0023986015
QQQ,call,732.0,0.13972602739726028,2026-11-20,31.869999999999997,31.79,31.95,28.5,315.0,0.2332840344238281,743.2899780273438,0.040279998779296874,0.0023986015
QQQ,call,735.0,0.13972602739726028,2026-11-20,30.025,30.02,30.03,30.02,27.0,0.23062903167724608,743.2899780273438,0.040279998779296874,0.0023986015
QQQ,call,738.0,0.13972602739726028,2026-11-20,28.015,27.94,28.09,27.79,85.0,0.22733316619873045,743.2899780273438,0.040279998779296874,0.0023986015
QQQ,call,739.0,0.13972602739726028,2026-11-20,27.38,27.31,27.45,28.0,12.0,0.22620402709960938,743.2899780273438,0.040279998779296874,0.0023986015
QQQ,call,740.0,0.13972602739726028,2026-11-20,26.81,26.74,26.88,26.64,150.0,0.22562419891357421,743.2899780273438,0.040279998779296874,0.0023986015
QQQ,call,741.0,0.13972602739726028,2026-11-20,26.155,26.08,26.23,26.44,21.0,0.22429669754028314,743.2899780273438,0.040279998779296874,0.0023986015
QQQ,call,743.0,0.13972602739726028,2026-11-20,24.98,24.91,25.05,25.11,47.0,0.2225266957092285,743.2899780273438,0.040279998779296874,0.0023986015
QQQ,call,745.0,0.13972602739726028,2026-11-20,23.765,23.7,23.83,23.71,150.0,0.22019212432861324,743.2899780273438,0.040279998779296874,0.0023986015
QQQ,call,748.0,0.13972602739726028,2026-11-20,22.14,22.07,22.21,18.51,24.0,0.2181169497680664,743.2899780273438,0.040279998779296874,0.0023986015
QQQ,call,750.0,0.13972602739726028,2026-11-20,21.02,21.0,21.04,21.04,170.0,0.2156450506591797,743.2899780273438,0.040279998779296874,0.0023986015
QQQ,call,753.0,0.13972602739726028,2026-11-20,19.494999999999997,19.43,19.56,16.5,13.0,0.21395134201049804,743.2899780273438,0.040279998779296874,0.0023986015
QQQ,call,754.0,0.13972602739726028,2026-11-20,19.15,19.09,19.21,16.33,112.0,0.21454642883300779,743.2899780273438,0.040279998779296874,0.0023986015
QQQ,call,755.0,0.13972602739726028,2026-11-20,18.494999999999997,18.45,18.54,18.61,29.0,0.21221185745239257,743.2899780273438,0.040279998779296874,0.0023986015
QQQ,call,756.0,0.13972602739726028,2026-11-20,18.03,17.97,18.09,17.57,80.0,0.2117998742675781,743.2899780273438,0.040279998779296874,0.0023986015
QQQ,call,757.0,0.13972602739726028,2026-11-20,17.560000000000002,17.5,17.62,15.07,21.0,0.21112849426269528,743.2899780273438,0.040279998779296874,0.0023986015
QQQ,call,759.0,0.13972602739726028,2026-11-20,16.525,16.47,16.58,13.62,10.0,0.20871762969970697,743.2899780273438,0.040279998779296874,0.0023986015
QQQ,call,760.0,0.13972602739726028,2026-11-20,16.17,16.12,16.22,16.04,76.0,0.20887021606445308,743.2899780273438,0.040279998779296874,0.0023986015
QQQ,call,763.0,0.13972602739726028,2026-11-20,14.805,14.75,14.86,11.93,21.0,0.20638305831909176,743.2899780273438,0.040279998779296874,0.0023986015
QQQ,call,764.0,0.13972602739726028,2026-11-20,14.39,14.34,14.44,14.67,27.0,0.20572693695068356,743.2899780273438,0.040279998779296874,0.0023986015
QQQ,call,765.0,0.13972602739726028,2026-11-20,13.98,13.93,14.03,13.82,24.0,0.2051165914916992,743.2899780273438,0.040279998779296874,0.0023986015
QQQ,call,767.0,0.13972602739726028,2026-11-20,13.17,13.12,13.22,11.27,43.0,0.20377383148193356,743.2899780273438,0.040279998779296874,0.0023986015
QQQ,call,770.0,0.13972602739726028,2026-11-20,12.04,11.99,12.09,11.85,64.0,0.20206486419677733,743.2899780273438,0.040279998779296874,0.0023986015
QQQ,call,773.0,0.13972602739726028,2026-11-20,10.989999999999998,10.94,11.04,11.22,11.0,0.2005390005493164,743.2899780273438,0.040279998779296874,0.0023986015
QQQ,call,775.0,0.13972602739726028,2026-11-20,10.3,10.26,10.34,10.22,183.0,0.19919624053955076,743.2899780273438,0.040279998779296874,0.0023986015
QQQ,call,776.0,0.13972602739726028,2026-11-20,10.035,10.0,10.07,8.06,16.0,0.1992267578125,743.2899780273438,0.040279998779296874,0.0023986015
QQQ,call,778.0,0.13972602739726028,2026-11-20,9.41,9.37,9.45,9.73,23.0,0.1982807223510742,743.2899780273438,0.040279998779296874,0.0023986015
QQQ,call,780.0,0.13972602739726028,2026-11-20,8.79,8.75,8.83,8.84,4891.0,0.19707529006958008,743.2899780273438,0.040279998779296874,0.0023986015
QQQ,call,782.0,0.13972602739726028,2026-11-20,8.21,8.17,8.25,6.37,14.0,0.19599192687988282,743.2899780273438,0.040279998779296874,0.0023986015
QQQ,call,784.0,0.13972602739726028,2026-11-20,7.705,7.67,7.74,6.87,16.0,0.1954273573303223,743.2899780273438,0.040279998779296874,0.0023986015
QQQ,call,785.0,0.13972602739726028,2026-11-20,7.4399999999999995,7.41,7.47,7.64,76.0,0.19486278778076171,743.2899780273438,0.040279998779296874,0.0023986015
QQQ,call,786.0,0.13972602739726028,2026-11-20,7.23,7.2,7.26,6.4,37.0,0.19492382232666017,743.2899780273438,0.040279998779296874,0.0023986015
QQQ,call,787.0,0.13972602739726028,2026-11-20,6.945,6.91,6.98,6.92,17.0,0.1941151145935059,743.2899780273438,0.040279998779296874,0.0023986015
QQQ,call,790.0,0.13972602739726028,2026-11-20,6.335,6.31,6.36,6.31,162.0,0.19385571777343752,743.2899780273438,0.040279998779296874,0.0023986015
QQQ,call,793.0,0.13972602739726028,2026-11-20,5.63,5.6,5.66,4.42,40.0,0.1920246813964844,743.2899780273438,0.040279998779296874,0.0023986015
QQQ,call,794.0,0.13972602739726028,2026-11-20,5.425,5.39,5.46,5.6,10.0,0.191688991394043,743.2899780273438,0.040279998779296874,0.0023986015
QQQ,call,795.0,0.13972602739726028,2026-11-20,5.24,5.21,5.27,5.21,275.0,0.1914143359375,743.2899780273438,0.040279998779296874,0.0023986015
QQQ,call,796.0,0.13972602739726028,2026-11-20,5.05,5.02,5.08,4.97,17.0,0.19106338729858396,743.2899780273438,0.040279998779296874,0.0023986015
QQQ,call,797.0,0.13972602739726028,2026-11-20,4.875,4.85,4.9,4.97,179.0,0.19078873184204104,743.2899780273438,0.040279998779296874,0.0023986015
QQQ,call,799.0,0.13972602739726028,2026-11-20,4.535,4.51,4.56,4.68,11.0,0.19031571411132814,743.2899780273438,0.040279998779296874,0.0023986015
QQQ,call,800.0,0.13972602739726028,2026-11-20,4.375,4.35,4.4,4.36,211.0,0.19013261047363283,743.2899780273438,0.040279998779296874,0.0023986015
QQQ,call,805.0,0.13972602739726028,2026-11-20,3.615,3.59,3.64,3.65,56.0,0.18875933319091798,743.2899780273438,0.040279998779296874,0.0023986015
QQQ,call,810.0,0.13972602739726028,2026-11-20,3.01,2.99,3.03,2.99,84.0,0.18817950500488279,743.2899780273438,0.040279998779296874,0.0023986015
QQQ,call,815.0,0.13972602739726028,2026-11-20,2.475,2.46,2.49,2.47,233.0,0.18726398681640627,743.2899780273438,0.040279998779296874,0.0023986015
QQQ,call,820.0,0.13972602739726028,2026-11-20,2.045,2.03,2.06,2.07,171.0,0.1870198486328125,743.2899780273438,0.040279998779296874,0.0023986015
QQQ,call,825.0,0.13972602739726028,2026-11-20,1.685,1.67,1.7,1.69,27.0,0.18689777954101564,743.2899780273438,0.040279998779296874,0.0023986015
QQQ,call,830.0,0.13972602739726028,2026-11-20,1.4,1.38,1.42,1.39,33.0,0.18744709045410157,743.2899780273438,0.040279998779296874,0.0023986015
QQQ,call,835.0,0.13972602739726028,2026-11-20,1.17,1.15,1.19,1.12,23.0,0.18824053955078124,743.2899780273438,0.040279998779296874,0.0023986015
QQQ,call,840.0,0.13972602739726028,2026-11-20,0.9550000000000001,0.93,0.98,0.95,12.0,0.18842364318847654,743.2899780273438,0.040279998779296874,0.0023986015
QQQ,call,845.0,0.13972602739726028,2026-11-20,0.78,0.76,0.8,0.77,43.0,0.188484677734375,743.2899780273438,0.040279998779296874,0.0023986015
QQQ,call,850.0,0.13972602739726028,2026-11-20,0.665,0.65,0.68,0.68,147.0,0.18994950683593753,743.2899780273438,0.040279998779296874,0.0023986015
QQQ,call,860.0,0.13972602739726028,2026-11-20,0.44999999999999996,0.43,0.47,0.33,24.0,0.19165847412109377,743.2899780273438,0.040279998779296874,0.0023986015
QQQ,call,865.0,0.13972602739726028,2026-11-20,0.38,0.36,0.4,0.39,22.0,0.19312330322265625,743.2899780273438,0.040279998779296874,0.0023986015
QQQ,call,905.0,0.13972602739726028,2026-11-20,0.1,0.08,0.12,0.07,701.0,0.2067950415039062,743.2899780273438,0.040279998779296874,0.0023986015
QQQ,call,915.0,0.13972602739726028,2026-11-20,0.08,0.06,0.1,0.09,30.0,0.2124102197265625,743.2899780273438,0.040279998779296874,0.0023986015
QQQ,call,940.0,0.13972602739726028,2026-11-20,0.04,0.02,0.06,0.01,20.0,0.22461712890624996,743.2899780273438,0.040279998779296874,0.0023986015
QQQ,call,960.0,0.13972602739726028,2026-11-20,0.030000000000000002,0.01,0.05,0.04,507.0,0.23828886718749998,743.2899780273438,0.040279998779296874,0.0023986015
QQQ,call,970.0,0.13972602739726028,2026-11-20,0.02,0.01,0.03,0.02,14.0,0.23633576171874998,743.2899780273438,0.040279998779296874,0.0023986015
QQQ,put,350.0,0.13972602739726028,2026-11-20,0.065,0.06,0.07,0.06,30.0,0.6816438085937502,743.2899780273438,0.040279998779296874,0.0023986015
QQQ,put,360.0,0.13972602739726028,2026-11-20,0.060000000000000005,0.05,0.07,0.09,60.0,0.6543003320312502,743.2899780273438,0.040279998779296874,0.0023986015
QQQ,put,365.0,0.13972602739726028,2026-11-20,0.08,0.06,0.1,0.07,20.0,0.65820654296875,743.2899780273438,0.040279998779296874,0.0023986015
QQQ,put,370.0,0.13972602739726028,2026-11-20,0.075,0.06,0.09,0.1,14.0,0.6425816992187501,743.2899780273438,0.040279998779296874,0.0023986015
QQQ,put,385.0,0.13972602739726028,2026-11-20,0.09,0.07,0.11,0.12,20.0,0.6191444335937502,743.2899780273438,0.040279998779296874,0.0023986015
QQQ,put,400.0,0.13972602739726028,2026-11-20,0.12,0.11,0.13,0.11,16.0,0.6025430371093752,743.2899780273438,0.040279998779296874,0.0023986015
QQQ,put,405.0,0.13972602739726028,2026-11-20,0.12000000000000001,0.1,0.14,0.11,10.0,0.5908244042968751,743.2899780273438,0.040279998779296874,0.0023986015
QQQ,put,420.0,0.13972602739726028,2026-11-20,0.14500000000000002,0.13,0.16,0.17,10.0,0.569340244140625,743.2899780273438,0.040279998779296874,0.0023986015
QQQ,put,425.0,0.13972602739726028,2026-11-20,0.15500000000000003,0.14,0.17,0.17,17.0,0.5620160986328125,743.2899780273438,0.040279998779296874,0.0023986015
QQQ,put,430.0,0.13972602739726028,2026-11-20,0.16999999999999998,0.15,0.19,0.19,1052.0,0.5566450585937501,743.2899780273438,0.040279998779296874,0.0023986015
QQQ,put,450.0,0.13972602739726028,2026-11-20,0.22,0.2,0.24,0.23,16.0,0.5288133056640626,743.2899780273438,0.040279998779296874,0.0023986015
QQQ,put,460.0,0.13972602739726028,2026-11-20,0.25,0.23,0.27,0.35,51.0,0.5151415673828125,743.2899780273438,0.040279998779296874,0.0023986015
QQQ,put,475.0,0.13972602739726028,2026-11-20,0.30000000000000004,0.28,0.32,0.37,23.0,0.49805189453125004,743.2899780273438,0.040279998779296874,0.0023986015
QQQ,put,480.0,0.13972602739726028,2026-11-20,0.32,0.3,0.34,0.45,56.0,0.49121602539062503,743.2899780273438,0.040279998779296874,0.0023986015
QQQ,put,495.0,0.13972602739726028,2026-11-20,0.385,0.37,0.4,0.39,25.0,0.46973186523437505,743.2899780273438,0.040279998779296874,0.0023986015
QQQ,put,500.0,0.13972602739726028,2026-11-20,0.41000000000000003,0.4,0.42,0.41,60.0,0.4621635815429688,743.2899780273438,0.040279998779296874,0.0023986015
QQQ,put,505.0,0.13972602739726028,2026-11-20,0.43,0.41,0.45,0.45,26.0,0.45606012695312503,743.2899780273438,0.040279998779296874,0.0023986015
QQQ,put,530.0,0.13972602739726028,2026-11-20,0.59,0.57,0.61,0.58,29.0,0.4226131958007812,743.2899780273438,0.040279998779296874,0.0023986015
QQQ,put,535.0,0.13972602739726028,2026-11-20,0.63,0.61,0.65,0.62,79.0,0.41602146484374997,743.2899780273438,0.040279998779296874,0.0023986015
QQQ,put,545.0,0.13972602739726028,2026-11-20,0.71,0.69,0.73,0.7,10.0,0.4024717956542969,743.2899780273438,0.040279998779296874,0.0023986015
QQQ,put,555.0,0.13972602739726028,2026-11-20,0.815,0.8,0.83,0.78,22.0,0.389654541015625,743.2899780273438,0.040279998779296874,0.0023986015
QQQ,put,560.0,0.13972602739726028,2026-11-20,0.87,0.85,0.89,0.88,37.0,0.38355108642578123,743.2899780273438,0.040279998779296874,0.0023986015
QQQ,put,565.0,0.13972602739726028,2026-11-20,0.925,0.91,0.94,1.01,68.0,0.3765931481933594,743.2899780273438,0.040279998779296874,0.0023986015
QQQ,put,580.0,0.13972602739726028,2026-11-20,1.135,1.12,1.15,1.1,80.0,0.3577945080566406,743.2899780273438,0.040279998779296874,0.0023986015
QQQ,put,585.0,0.13972602739726028,2026-11-20,1.2149999999999999,1.2,1.23,1.18,24.0,0.35144691528320304,743.2899780273438,0.040279998779296874,0.0023986015
QQQ,put,600.0,0.13972602739726028,2026-11-20,1.495,1.48,1.51,1.5,74.0,0.33264827514648443,743.2899780273438,0.040279998779296874,0.0023986015
QQQ,put,605.0,0.13972602739726028,2026-11-20,1.6,1.58,1.62,1.78,50.0,0.3264837860107421,743.2899780273438,0.040279998779296874,0.0023986015
QQQ,put,610.0,0.13972602739726028,2026-11-20,1.725,1.71,1.74,1.74,16.0,0.32031929687499994,743.2899780273438,0.040279998779296874,0.0023986015
QQQ,put,615.0,0.13972602739726028,2026-11-20,1.865,1.85,1.88,1.82,24.0,0.31452101501464835,743.2899780273438,0.040279998779296874,0.0023986015
QQQ,put,625.0,0.13972602739726028,2026-11-20,2.18,2.16,2.2,2.14,1003.0,0.30298548583984375,743.2899780273438,0.040279998779296874,0.0023986015
QQQ,put,630.0,0.13972602739726028,2026-11-20,2.3449999999999998,2.33,2.36,2.33,17.0,0.29657685852050775,743.2899780273438,0.040279998779296874,0.0023986015
QQQ,put,635.0,0.13972602739726028,2026-11-20,2.545,2.53,2.56,2.67,47.0,0.29090064575195307,743.2899780273438,0.040279998779296874,0.0023986015
QQQ,put,640.0,0.13972602739726028,2026-11-20,2.78,2.76,2.8,2.9,17.0,0.2857127093505859,743.2899780273438,0.040279998779296874,0.0023986015
QQQ,put,645.0,0.13972602739726028,2026-11-20,3.005,2.99,3.02,2.97,20.0,0.2795482202148437,743.2899780273438,0.040279998779296874,0.0023986015
QQQ,put,650.0,0.13972602739726028,2026-11-20,3.29,3.27,3.31,3.27,198.0,0.274421318359375,743.2899780273438,0.040279998779296874,0.0023986015
QQQ,put,655.0,0.13972602739726028,2026-11-20,3.58,3.56,3.6,3.58,112.0,0.2687451055908203,743.2899780273438,0.040279998779296874,0.0023986015
QQQ,put,660.0,0.13972602739726028,2026-11-20,3.925,3.9,3.95,3.91,382.0,0.2636182037353516,743.2899780273438,0.040279998779296874,0.0023986015
QQQ,put,665.0,0.13972602739726028,2026-11-20,4.295,4.27,4.32,4.31,114.0,0.2582471636962891,743.2899780273438,0.040279998779296874,0.0023986015
QQQ,put,670.0,0.13972602739726028,2026-11-20,4.725,4.7,4.75,4.7,302.0,0.25321181365966794,743.2899780273438,0.040279998779296874,0.0023986015
QQQ,put,675.0,0.13972602739726028,2026-11-20,5.18,5.15,5.21,5.16,150.0,0.24793232543945312,743.2899780273438,0.040279998779296874,0.0023986015
QQQ,put,676.0,0.13972602739726028,2026-11-20,5.279999999999999,5.26,5.3,5.26,20.0,0.24677266906738282,743.2899780273438,0.040279998779296874,0.0023986015
QQQ,put,677.0,0.13972602739726028,2026-11-20,5.375,5.35,5.4,5.36,21.0,0.24573508178710937,743.2899780273438,0.040279998779296874,0.0023986015
QQQ,put,678.0,0.13972602739726028,2026-11-20,5.470000000000001,5.44,5.5,5.46,19.0,0.24463645996093752,743.2899780273438,0.040279998779296874,0.0023986015
QQQ,put,679.0,0.13972602739726028,2026-11-20,5.59,5.56,5.62,5.57,19.0,0.2438430108642578,743.2899780273438,0.040279998779296874,0.0023986015
QQQ,put,680.0,0.13972602739726028,2026-11-20,5.705,5.68,5.73,5.67,278.0,0.24283594085693355,743.2899780273438,0.040279998779296874,0.0023986015
QQQ,put,681.0,0.13972602739726028,2026-11-20,5.82,5.79,5.85,6.98,28.0,0.2419814572143555,743.2899780273438,0.040279998779296874,0.0023986015
QQQ,put,682.0,0.13972602739726028,2026-11-20,5.925000000000001,5.9,5.95,5.9,19.0,0.2407607662963867,743.2899780273438,0.040279998779296874,0.0023986015
QQQ,put,684.0,0.13972602739726028,2026-11-20,6.17,6.14,6.2,6.2,10.0,0.2389602471923828,743.2899780273438,0.040279998779296874,0.0023986015
QQQ,put,685.0,0.13972602739726028,2026-11-20,6.27,6.24,6.3,6.25,149.0,0.23767852172851558,743.2899780273438,0.040279998779296874,0.0023986015
QQQ,put,686.0,0.13972602739726028,2026-11-20,6.395,6.37,6.42,6.37,19.0,0.23661041717529296,743.2899780273438,0.040279998779296874,0.0023986015
QQQ,put,687.0,0.13972602739726028,2026-11-20,6.535,6.51,6.56,6.43,12.0,0.23581696807861324,743.2899780273438,0.040279998779296874,0.0023986015
QQQ,put,688.0,0.13972602739726028,2026-11-20,6.654999999999999,6.63,6.68,6.63,35.0,0.2346878289794922,743.2899780273438,0.040279998779296874,0.0023986015
QQQ,put,689.0,0.13972602739726028,2026-11-20,6.785,6.76,6.81,6.76,37.0,0.23368075897216795,743.2899780273438,0.040279998779296874,0.0023986015
QQQ,put,690.0,0.13972602739726028,2026-11-20,6.92,6.89,6.95,7.05,191.0,0.2327347235107422,743.2899780273438,0.040279998779296874,0.0023986015
QQQ,put,691.0,0.13972602739726028,2026-11-20,7.08,7.05,7.11,8.5,32.0,0.23204808486938477,743.2899780273438,0.040279998779296874,0.0023986015
QQQ,put,696.0,0.13972602739726028,2026-11-20,7.8,7.77,7.83,7.7,29.0,0.2269059243774414,743.2899780273438,0.040279998779296874,0.0023986015
QQQ,put,699.0,0.13972602739726028,2026-11-20,8.305,8.27,8.34,9.9,53.0,0.22432721481323237,743.2899780273438,0.040279998779296874,0.0023986015
QQQ,put,700.0,0.13972602739726028,2026-11-20,8.455,8.42,8.49,8.53,1307.0,0.22315229980468748,743.2899780273438,0.040279998779296874,0.0023986015
QQQ,put,703.0,0.13972602739726028,2026-11-20,8.98,8.95,9.01,9.91,12.0,0.22019212432861324,743.2899780273438,0.040279998779296874,0.0023986015
QQQ,put,704.0,0.13972602739726028,2026-11-20,9.165,9.13,9.2,9.17,15.0,0.21930712341308595,743.2899780273438,0.040279998779296874,0.0023986015
QQQ,put,705.0,0.13972602739726028,2026-11-20,9.34,9.3,9.38,9.34,57.0,0.21826953613281247,743.2899780273438,0.040279998779296874,0.0023986015
QQQ,put,706.0,0.13972602739726028,2026-11-20,9.55,9.51,9.59,9.56,43.0,0.21750660430908203,743.2899780273438,0.040279998779296874,0.0023986015
QQQ,put,707.0,0.13972602739726028,2026-11-20,9.719999999999999,9.68,9.76,9.54,106.0,0.21628591339111325,743.2899780273438,0.040279998779296874,0.0023986015
QQQ,put,708.0,0.13972602739726028,2026-11-20,9.940000000000001,9.9,9.98,9.91,29.0,0.21555349884033204,743.2899780273438,0.040279998779296874,0.0023986015
QQQ,put,709.0,0.13972602739726028,2026-11-20,10.165,10.13,10.2,11.42,26.0,0.21477530838012693,743.2899780273438,0.040279998779296874,0.0023986015
QQQ,put,710.0,0.13972602739726028,2026-11-20,10.355,10.32,10.39,10.5,3048.0,0.21363091064453127,743.2899780273438,0.040279998779296874,0.0023986015
QQQ,put,714.0,0.13972602739726028,2026-11-20,11.239999999999998,11.2,11.28,13.08,31.0,0.20996883789062498,743.2899780273438,0.040279998779296874,0.0023986015
QQQ,put,715.0,0.13972602739726028,2026-11-20,11.435,11.4,11.47,11.51,16.0,0.20859556060791012,743.2899780273438,0.040279998779296874,0.0023986015
QQQ,put,716.0,0.13972602739726028,2026-11-20,11.71,11.67,11.75,12.28,20.0,0.2081072842407226,743.2899780273438,0.040279998779296874,0.0023986015
QQQ,put,717.0,0.13972602739726028,2026-11-20,11.935,11.9,11.97,11.66,19.0,0.20694762786865228,743.2899780273438,0.040279998779296874,0.0023986015
QQQ,put,718.0,0.13972602739726028,2026-11-20,12.21,12.17,12.25,11.91,22.0,0.20635254104614253,743.2899780273438,0.040279998779296874,0.0023986015
QQQ,put,719.0,0.13972602739726028,2026-11-20,12.435,12.39,12.48,12.98,17.0,0.20520814331054685,743.2899780273438,0.040279998779296874,0.0023986015
QQQ,put,720.0,0.13972602739726028,2026-11-20,12.7,12.66,12.74,12.65,3686.0,0.20429262512207028,743.2899780273438,0.040279998779296874,0.0023986015
QQQ,put,721.0,0.13972602739726028,2026-11-20,12.985,12.95,13.02,13.5,10.0,0.20354495193481442,743.2899780273438,0.040279998779296874,0.0023986015
QQQ,put,723.0,0.13972602739726028,2026-11-20,13.54,13.49,13.59,15.7,19.0,0.2019580537414551,743.2899780273438,0.040279998779296874,0.0023986015
QQQ,put,725.0,0.13972602739726028,2026-11-20,14.094999999999999,14.09,14.1,14.07,5301.0,0.19957770645141604,743.2899780273438,0.040279998779296874,0.0023986015
QQQ,put,727.0,0.13972602739726028,2026-11-20,14.665,14.62,14.71,14.47,13.0,0.1979450323486328,743.2899780273438,0.040279998779296874,0.0023986015
QQQ,put,728.0,0.13972602739726028,2026-11-20,15.010000000000002,14.97,15.05,15.15,48.0,0.19736520416259767,743.2899780273438,0.040279998779296874,0.0023986015
QQQ,put,730.0,0.13972602739726028,2026-11-20,15.595,15.56,15.63,15.62,64.0,0.19510692596435547,743.2899780273438,0.040279998779296874,0.0023986015
QQQ,put,731.0,0.13972602739726028,2026-11-20,15.95,15.9,16.0,16.52,16.0,0.19463390823364257,743.2899780273438,0.040279998779296874,0.0023986015
QQQ,put,735.0,0.13972602739726028,2026-11-20,17.310000000000002,17.25,17.37,17.47,35.0,0.19112442184448242,743.2899780273438,0.040279998779296874,0.0023986015
QQQ,put,737.0,0.13972602739726028,2026-11-20,18.055,18.0,18.11,17.82,27.0,0.18950700637817386,743.2899780273438,0.040279998779296874,0.0023986015
QQQ,put,738.0,0.13972602739726028,2026-11-20,18.384999999999998,18.33,18.44,20.35,327.0,0.18824053955078124,743.2899780273438,0.040279998779296874,0.0023986015
QQQ,put,739.0,0.13972602739726028,2026-11-20,18.77,18.72,18.82,18.88,31.0,0.1873555386352539,743.2899780273438,0.040279998779296874,0.0023986015
QQQ,put,740.0,0.13972602739726028,2026-11-20,19.16,19.1,19.22,19.21,349.0,0.18659260681152345,743.2899780273438,0.040279998779296874,0.0023986015
QQQ,put,741.0,0.13972602739726028,2026-11-20,19.575000000000003,19.53,19.62,19.2,177.0,0.1857686404418945,743.2899780273438,0.040279998779296874,0.0023986015
QQQ,put,742.0,0.13972602739726028,2026-11-20,19.975,19.92,20.03,20.33,82.0,0.18495993270874017,743.2899780273438,0.040279998779296874,0.0023986015
QQQ,put,743.0,0.13972602739726028,2026-11-20,20.369999999999997,20.31,20.43,20.46,36.0,0.18399863861083982,743.2899780273438,0.040279998779296874,0.0023986015
QQQ,put,744.0,0.13972602739726028,2026-11-20,20.79,20.73,20.85,20.63,20.0,0.1831441549682617,743.2899780273438,0.040279998779296874,0.0023986015
QQQ,put,745.0,0.13972602739726028,2026-11-20,21.235,21.17,21.3,21.5,28.0,0.1824880335998535,743.2899780273438,0.040279998779296874,0.0023986015
QQQ,put,746.0,0.13972602739726028,2026-11-20,21.715,21.66,21.77,23.78,21.0,0.18193872268676758,743.2899780273438,0.040279998779296874,0.0023986015
QQQ,put,747.0,0.13972602739726028,2026-11-20,22.17,22.1,22.24,24.48,20.0,0.18132837722778317,743.2899780273438,0.040279998779296874,0.0023986015
QQQ,put,749.0,0.13972602739726028,2026-11-20,23.015,22.95,23.08,24.53,40.0,0.17899380584716795,743.2899780273438,0.040279998779296874,0.0023986015
QQQ,put,750.0,0.13972602739726028,2026-11-20,23.47,23.41,23.53,23.0,28.0,0.17798673583984376,743.2899780273438,0.040279998779296874,0.0023986015
QQQ,put,751.0,0.13972602739726028,2026-11-20,23.985,23.92,24.05,27.73,16.0,0.17754423538208008,743.2899780273438,0.040279998779296874,0.0023986015
QQQ,put,752.0,0.13972602739726028,2026-11-20,24.450000000000003,24.39,24.51,27.61,17.0,0.17647613082885744,743.2899780273438,0.040279998779296874,0.0023986015
QQQ,put,770.0,0.13972602739726028,2026-11-20,34.73,34.66,34.8,34.0,14.0,0.16214827117919922,743.2899780273438,0.040279998779296874,0.0023986015
QQQ,put,779.0,0.13972602739726028,2026-11-20,41.11,40.76,41.46,40.42,45.0,0.16019516571044923,743.2899780273438,0.040279998779296874,0.0023986015
QQQ,put,781.0,0.13972602739726028,2026-11-20,41.745000000000005,40.65,42.84,43.81,11.0,0.15760119750976562,743.2899780273438,0.040279998779296874,0.0023986015
QQQ,put,784.0,0.13972602739726028,2026-11-20,44.754999999999995,44.44,45.07,43.67,57.0,0.15482412567138676,743.2899780273438,0.040279998779296874,0.0023986015
QQQ,put,799.0,0.13972602739726028,2026-11-20,57.19,56.79,57.59,56.53,39.0,0.14627928924560546,743.2899780273438,0.040279998779296874,0.0023986015
QQQ,put,800.0,0.13972602739726028,2026-11-20,57.975,57.53,58.42,58.46,11.0,0.1445398046875,743.2899780273438,0.040279998779296874,0.0023986015
QQQ,put,955.0,0.13972602739726028,2026-11-20,236.45,234.45,238.45,266.02,80.0,0.7535882795715332,743.2899780273438,0.040279998779296874,0.0023986015
QQQ,call,650.0,0.16712328767123288,2026-11-30,101.715,101.24,102.19,97.16,10.0,0.34168138793945313,743.2899780273438,0.040279998779296874,0.0023986015
QQQ,call,664.0,0.16712328767123288,2026-11-30,89.12,88.67,89.57,86.19,74.0,0.32260809234619137,743.2899780273438,0.040279998779296874,0.0023986015
QQQ,call,671.0,0.16712328767123288,2026-11-30,82.81,82.38,83.24,78.17,12.0,0.31165239135742184,743.2899780273438,0.040279998779296874,0.0023986015
QQQ,call,674.0,0.16712328767123288,2026-11-30,80.26499999999999,79.82,80.71,75.51,13.0,0.3088753195190429,743.2899780273438,0.040279998779296874,0.0023986015
QQQ,call,675.0,0.16712328767123288,2026-11-30,79.305,78.87,79.74,74.65,16.0,0.30643393768310545,743.2899780273438,0.040279998779296874,0.0023986015
QQQ,call,678.0,0.16712328767123288,2026-11-30,76.61,76.15,77.07,71.39,100.0,0.30179531219482425,743.2899780273438,0.040279998779296874,0.0023986015
QQQ,call,688.0,0.16712328767123288,2026-11-30,67.925,67.52,68.33,67.52,39.0,0.28691814163208,743.2899780273438,0.040279998779296874,0.0023986015
QQQ,call,691.0,0.16712328767123288,2026-11-30,65.38,64.98,65.78,61.22,51.0,0.2828288270568847,743.2899780273438,0.040279998779296874,0.0023986015
QQQ,call,700.0,0.16712328767123288,2026-11-30,58.035,57.67,58.4,56.59,50.0,0.2719646778869628,743.2899780273438,0.040279998779296874,0.0023986015
QQQ,call,701.0,0.16712328767123288,2026-11-30,57.14,56.75,57.53,60.22,30.0,0.2701489001464844,743.2899780273438,0.040279998779296874,0.0023986015
QQQ,call,705.0,0.16712328767123288,2026-11-30,53.945,53.6,54.29,52.54,50.0,0.2649304464721679,743.2899780273438,0.040279998779296874,0.0023986015
QQQ,call,715.0,0.16712328767123288,2026-11-30,46.05,45.84,46.26,42.39,76.0,0.2505720695495605,743.2899780273438,0.040279998779296874,0.0023986015
QQQ,call,721.0,0.16712328767123288,2026-11-30,41.6,41.28,41.92,37.72,100.0,0.24474327041625982,743.2899780273438,0.040279998779296874,0.0023986015
QQQ,call,734.0,0.16712328767123288,2026-11-30,32.585,32.49,32.68,28.84,14.0,0.22893532302856445,743.2899780273438,0.040279998779296874,0.0023986015
QQQ,call,737.0,0.16712328767123288,2026-11-30,30.63,30.54,30.72,27.74,30.0,0.2257767852783203,743.2899780273438,0.040279998779296874,0.0023986015
QQQ,call,740.0,0.16712328767123288,2026-11-30,28.82,28.73,28.91,29.4,10.0,0.22344221389770508,743.2899780273438,0.040279998779296874,0.0023986015
QQQ,call,741.0,0.16712328767123288,2026-11-30,28.335,28.25,28.42,28.99,15.0,0.22350324844360347,743.2899780273438,0.040279998779296874,0.0023986015
QQQ,call,742.0,0.16712328767123288,2026-11-30,27.58,27.49,27.67,26.67,18.0,0.2213975566101074,743.2899780273438,0.040279998779296874,0.0023986015
QQQ,call,744.0,0.16712328767123288,2026-11-30,26.365000000000002,26.28,26.45,20.79,23.0,0.21932238204956056,743.2899780273438,0.040279998779296874,0.0023986015
QQQ,call,745.0,0.16712328767123288,2026-11-30,25.825,25.74,25.91,25.98,28.0,0.2187883297729492,743.2899780273438,0.040279998779296874,0.0023986015
QQQ,call,748.0,0.16712328767123288,2026-11-30,24.095,24.01,24.18,21.29,10.0,0.2159959992980957,743.2899780273438,0.040279998779296874,0.0023986015
QQQ,call,750.0,0.16712328767123288,2026-11-30,23.0,22.92,23.08,23.66,58.0,0.21433280792236326,743.2899780273438,0.040279998779296874,0.0023986015
QQQ,call,751.0,0.16712328767123288,2026-11-30,22.494999999999997,22.41,22.58,20.46,56.0,0.21382927291870119,743.2899780273438,0.040279998779296874,0.0023986015
QQQ,call,753.0,0.16712328767123288,2026-11-30,21.435000000000002,21.35,21.52,18.87,19.0,0.21218134017944335,743.2899780273438,0.040279998779296874,0.0023986015
QQQ,call,754.0,0.16712328767123288,2026-11-30,20.875,20.8,20.95,18.41,10.0,0.21094539062499998,743.2899780273438,0.040279998779296874,0.0023986015
QQQ,call,755.0,0.16712328767123288,2026-11-30,20.409999999999997,20.33,20.49,21.13,51.0,0.21057918334960937,743.2899780273438,0.040279998779296874,0.0023986015
QQQ,call,760.0,0.16712328767123288,2026-11-30,18.025,17.96,18.09,18.2,14.0,0.2070849555969238,743.2899780273438,0.040279998779296874,0.0023986015
QQQ,call,764.0,0.16712328767123288,2026-11-30,16.22,16.15,16.29,14.21,30.0,0.2043384010314941,743.2899780273438,0.040279998779296874,0.0023986015
QQQ,call,765.0,0.16712328767123288,2026-11-30,15.785,15.72,15.85,13.84,13.0,0.20359072784423826,743.2899780273438,0.040279998779296874,0.0023986015
QQQ,call,771.0,0.16712328767123288,2026-11-30,13.45,13.39,13.51,14.88,28.0,0.2005695178222656,743.2899780273438,0.040279998779296874,0.0023986015
QQQ,call,774.0,0.16712328767123288,2026-11-30,12.33,12.27,12.39,10.68,10.0,0.19873848144531248,743.2899780273438,0.040279998779296874,0.0023986015
QQQ,call,776.0,0.16712328767123288,2026-11-30,11.655000000000001,11.6,11.71,11.16,12.0,0.19782296325683596,743.2899780273438,0.040279998779296874,0.0023986015
QQQ,call,782.0,0.16712328767123288,2026-11-30,9.775,9.72,9.83,7.94,10.0,0.19522899505615232,743.2899780273438,0.040279998779296874,0.0023986015
QQQ,call,790.0,0.16712328767123288,2026-11-30,7.625,7.57,7.68,6.36,15.0,0.1920551986694336,743.2899780273438,0.040279998779296874,0.0023986015
QQQ,call,800.0,0.16712328767123288,2026-11-30,5.495,5.46,5.53,5.5,25.0,0.18865252273559568,743.2899780273438,0.040279998779296874,0.0023986015
QQQ,call,815.0,0.16712328767123288,2026-11-30,3.3099999999999996,3.28,3.34,2.69,28.0,0.18607381317138671,743.2899780273438,0.040279998779296874,0.0023986015
QQQ,call,830.0,0.16712328767123288,2026-11-30,1.9849999999999999,1.96,2.01,1.8,30.0,0.18573812316894528,743.2899780273438,0.040279998779296874,0.0023986015
QQQ,call,835.0,0.16712328767123288,2026-11-30,1.645,1.62,1.67,1.51,36.0,0.18531088134765622,743.2899780273438,0.040279998779296874,0.0023986015
QQQ,call,840.0,0.16712328767123288,2026-11-30,1.395,1.37,1.42,1.05,38.0,0.18598226135253904,743.2899780273438,0.040279998779296874,0.0023986015
QQQ,call,850.0,0.16712328767123288,2026-11-30,0.99,0.97,1.01,0.97,66.0,0.18689777954101564,743.2899780273438,0.040279998779296874,0.0023986015
QQQ,call,855.0,0.16712328767123288,2026-11-30,0.84,0.82,0.86,0.64,42.0,0.18775226318359373,743.2899780273438,0.040279998779296874,0.0023986015
QQQ,call,860.0,0.16712328767123288,2026-11-30,0.71,0.69,0.73,0.54,75.0,0.18860674682617187,743.2899780273438,0.040279998779296874,0.0023986015
QQQ,put,535.0,0.16712328767123288,2026-11-30,0.79,0.77,0.81,0.8,10.0,0.3939269592285156,743.2899780273438,0.040279998779296874,0.0023986015
QQQ,put,555.0,0.16712328767123288,2026-11-30,1.025,1.0,1.05,1.2,53.0,0.3707338317871094,743.2899780273438,0.040279998779296874,0.0023986015
QQQ,put,565.0,0.16712328767123288,2026-11-30,1.165,1.14,1.19,1.46,157.0,0.3588931298828125,743.2899780273438,0.040279998779296874,0.0023986015
QQQ,put,575.0,0.16712328767123288,2026-11-30,1.315,1.29,1.34,1.49,55.0,0.34656415161132803,743.2899780273438,0.040279998779296874,0.0023986015
QQQ,put,595.0,0.16712328767123288,2026-11-30,1.71,1.69,1.73,1.67,17.0,0.32294378234863275,743.2899780273438,0.040279998779296874,0.0023986015
QQQ,put,605.0,0.16712328767123288,2026-11-30,1.975,1.96,1.99,2.3,30.0,0.3117744604492187,743.2899780273438,0.040279998779296874,0.0023986015
QQQ,put,615.0,0.16712328767123288,2026-11-30,2.26,2.23,2.29,2.57,40.0,0.30054410400390624,743.2899780273438,0.040279998779296874,0.0023986015
QQQ,put,630.0,0.16712328767123288,2026-11-30,2.84,2.82,2.86,3.09,41.0,0.2841868457031249,743.2899780273438,0.040279998779296874,0.0023986015
QQQ,put,640.0,0.16712328767123288,2026-11-30,3.32,3.3,3.34,3.73,36.0,0.2735973519897461,743.2899780273438,0.040279998779296874,0.0023986015
QQQ,put,645.0,0.16712328767123288,2026-11-30,3.585,3.56,3.61,3.91,25.0,0.2682568292236328,743.2899780273438,0.040279998779296874,0.0023986015
QQQ,put,650.0,0.16712328767123288,2026-11-30,3.925,3.9,3.95,3.84,30.0,0.2637402728271484,743.2899780273438,0.040279998779296874,0.0023986015
QQQ,put,654.0,0.16712328767123288,2026-11-30,4.195,4.17,4.22,5.17,10.0,0.2596814755249024,743.2899780273438,0.040279998779296874,0.0023986015
QQQ,put,660.0,0.16712328767123288,2026-11-30,4.63,4.6,4.66,4.57,15.0,0.25354750366210943,743.2899780273438,0.040279998779296874,0.0023986015
QQQ,put,666.0,0.16712328767123288,2026-11-30,5.140000000000001,5.11,5.17,6.28,15.0,0.24771870452880856,743.2899780273438,0.040279998779296874,0.0023986015
QQQ,put,667.0,0.16712328767123288,2026-11-30,5.215,5.19,5.24,6.03,18.0,0.24643697906494144,743.2899780273438,0.040279998779296874,0.0023986015
QQQ,put,670.0,0.16712328767123288,2026-11-30,5.525,5.49,5.56,6.07,84.0,0.24408714904785156,743.2899780273438,0.040279998779296874,0.0023986015
QQQ,put,671.0,0.16712328767123288,2026-11-30,5.58,5.54,5.62,6.48,20.0,0.2425612854003906,743.2899780273438,0.040279998779296874,0.0023986015
QQQ,put,674.0,0.16712328767123288,2026-11-30,5.890000000000001,5.86,5.92,7.46,10.0,0.23960110992431638,743.2899780273438,0.040279998779296874,0.0023986015
QQQ,put,676.0,0.16712328767123288,2026-11-30,6.13,6.09,6.17,7.07,20.0,0.2381667980957031,743.2899780273438,0.040279998779296874,0.0023986015
QQQ,put,678.0,0.16712328767123288,2026-11-30,6.375,6.34,6.41,7.35,15.0,0.23647308944702145,743.2899780273438,0.040279998779296874,0.0023986015
QQQ,put,679.0,0.16712328767123288,2026-11-30,6.465,6.43,6.5,8.04,22.0,0.23517610534667968,743.2899780273438,0.040279998779296874,0.0023986015
QQQ,put,682.0,0.16712328767123288,2026-11-30,6.85,6.81,6.89,8.07,34.0,0.2327347235107422,743.2899780273438,0.040279998779296874,0.0023986015
QQQ,put,685.0,0.16712328767123288,2026-11-30,7.19,7.15,7.23,7.4,16.0,0.2293473062133789,743.2899780273438,0.040279998779296874,0.0023986015
QQQ,put,689.0,0.16712328767123288,2026-11-30,7.78,7.74,7.82,7.69,1002.0,0.22612773391723634,743.2899780273438,0.040279998779296874,0.0023986015
QQQ,put,695.0,0.16712328767123288,2026-11-30,8.68,8.64,8.72,8.83,1005.0,0.220436262512207,743.2899780273438,0.040279998779296874,0.0023986015
QQQ,put,700.0,0.16712328767123288,2026-11-30,9.525,9.48,9.57,9.29,35.0,0.21588918884277342,743.2899780273438,0.040279998779296874,0.0023986015
QQQ,put,704.0,0.16712328767123288,2026-11-30,10.25,10.21,10.29,12.26,40.0,0.21201349517822266,743.2899780273438,0.040279998779296874,0.0023986015
QQQ,put,705.0,0.16712328767123288,2026-11-30,10.510000000000002,10.46,10.56,10.61,47.0,0.21186090881347652,743.2899780273438,0.040279998779296874,0.0023986015
QQQ,put,706.0,0.16712328767123288,2026-11-30,10.690000000000001,10.65,10.73,10.76,20.0,0.21067073516845702,743.2899780273438,0.040279998779296874,0.0023986015
QQQ,put,707.0,0.16712328767123288,2026-11-30,10.885,10.84,10.93,10.8,20.0,0.20972469970703123,743.2899780273438,0.040279998779296874,0.0023986015
QQQ,put,708.0,0.16712328767123288,2026-11-30,11.09,11.05,11.13,10.94,17.0,0.20876340560913081,743.2899780273438,0.040279998779296874,0.0023986015
QQQ,put,709.0,0.16712328767123288,2026-11-30,11.309999999999999,11.26,11.36,13.4,19.0,0.20804624969482416,743.2899780273438,0.040279998779296874,0.0023986015
QQQ,put,711.0,0.16712328767123288,2026-11-30,11.735,11.69,11.78,12.97,22.0,0.20609314422607417,743.2899780273438,0.040279998779296874,0.0023986015
QQQ,put,712.0,0.16712328767123288,2026-11-30,11.965,11.92,12.01,13.78,28.0,0.20525391921997066,743.2899780273438,0.040279998779296874,0.0023986015
QQQ,put,713.0,0.16712328767123288,2026-11-30,12.219999999999999,12.17,12.27,14.28,29.0,0.2046588323974609,743.2899780273438,0.040279998779296874,0.0023986015
QQQ,put,714.0,0.16712328767123288,2026-11-30,12.445,12.4,12.49,13.95,24.0,0.2036365037536621,743.2899780273438,0.040279998779296874,0.0023986015
QQQ,put,715.0,0.16712328767123288,2026-11-30,12.67,12.62,12.72,14.23,81.0,0.20265995101928708,743.2899780273438,0.040279998779296874,0.0023986015
QQQ,put,716.0,0.16712328767123288,2026-11-30,12.95,12.9,13.0,15.24,61.0,0.20212589874267578,743.2899780273438,0.040279998779296874,0.0023986015
QQQ,put,719.0,0.16712328767123288,2026-11-30,13.71,13.65,13.77,15.19,122.0,0.19956244781494142,743.2899780273438,0.040279998779296874,0.0023986015
QQQ,put,722.0,0.16712328767123288,2026-11-30,14.52,14.47,14.57,15.99,12.0,0.19687692779541016,743.2899780273438,0.040279998779296874,0.0023986015
QQQ,put,724.0,0.16712328767123288,2026-11-30,15.085,15.02,15.15,15.19,12.0,0.19525951232910155,743.2899780273438,0.040279998779296874,0.0023986015
QQQ,put,725.0,0.16712328767123288,2026-11-30,15.335,15.27,15.4,15.53,17.0,0.19403882141113282,743.2899780273438,0.040279998779296874,0.0023986015
QQQ,put,730.0,0.16712328767123288,2026-11-30,16.939999999999998,16.88,17.0,17.76,10.0,0.19023942092895513,743.2899780273438,0.040279998779296874,0.0023986015
QQQ,put,731.0,0.16712328767123288,2026-11-30,17.265,17.21,17.32,19.02,12.0,0.18932390274047856,743.2899780273438,0.040279998779296874,0.0023986015
QQQ,put,733.0,0.16712328767123288,2026-11-30,17.94,17.87,18.01,21.28,11.0,0.18776752182006834,743.2899780273438,0.040279998779296874,0.0023986015
QQQ,put,736.0,0.16712328767123288,2026-11-30,18.985,18.93,19.04,21.0,66.0,0.185005708618164,743.2899780273438,0.040279998779296874,0.0023986015
QQQ,put,739.0,0.16712328767123288,2026-11-30,20.12,20.05,20.19,22.05,65.0,0.18276268905639648,743.2899780273438,0.040279998779296874,0.0023986015
QQQ,put,740.0,0.16712328767123288,2026-11-30,20.494999999999997,20.43,20.56,20.27,44.0,0.18178613632202145,743.2899780273438,0.040279998779296874,0.0023986015
QQQ,put,742.0,0.16712328767123288,2026-11-30,21.32,21.26,21.38,21.2,10.0,0.18033656585693358,743.2899780273438,0.040279998779296874,0.0023986015
QQQ,put,744.0,0.16712328767123288,2026-11-30,22.12,22.05,22.19,22.27,21.0,0.1785818226623535,743.2899780273438,0.040279998779296874,0.0023986015
QQQ,put,746.0,0.16712328767123288,2026-11-30,22.975,22.91,23.04,22.74,90.0,0.1769033726501465,743.2899780273438,0.040279998779296874,0.0023986015
QQQ,put,747.0,0.16712328767123288,2026-11-30,23.46,23.39,23.53,25.06,74.0,0.17650664810180666,743.2899780273438,0.040279998779296874,0.0023986015
QQQ,put,748.0,0.16712328767123288,2026-11-30,23.884999999999998,23.81,23.96,23.74,62.0,0.17556061264038086,743.2899780273438,0.040279998779296874,0.0023986015
QQQ,put,749.0,0.16712328767123288,2026-11-30,24.375,24.31,24.44,24.0,23.0,0.17496552581787111,743.2899780273438,0.040279998779296874,0.0023986015
QQQ,put,765.0,0.16712328767123288,2026-11-30,32.72,32.63,32.81,32.9,10.0,0.16225508163452146,743.2899780273438,0.040279998779296874,0.0023986015
QQQ,put,774.0,0.16712328767123288,2026-11-30,38.41,38.31,38.51,40.06,10.0,0.15561757476806642,743.2899780273438,0.040279998779296874,0.0023986015
QQQ,put,780.0,0.16712328767123288,2026-11-30,42.585,42.49,42.68,46.79,16.0,0.1511315356445313,743.2899780273438,0.040279998779296874,0.0023986015
QQQ,put,784.0,0.16712328767123288,2026-11-30,45.754999999999995,45.37,46.14,44.94,42.0,0.15403067657470704,743.2899780273438,0.040279998779296874,0.0023986015
QQQ,call,209.78,0.21643835616438356,2026-12-18,535.765,533.92,537.61,531.95,16.0,1.3717072430419923,743.2899780273438,0.040279998779296874,0.0023986015
QQQ,call,330.0,0.21643835616438356,2026-12-18,416.58500000000004,414.87,418.3,389.98,42.0,0.9719241088867188,743.2899780273438,0.040279998779296874,0.0023986015
QQQ,call,374.78,0.21643835616438356,2026-12-18,347.935,346.19,349.68,343.24,20.0,1.0000000000000003e-05,743.2899780273438,0.040279998779296874,0.0023986015
QQQ,call,395.0,0.21643835616438356,2026-12-18,352.495,350.69,354.3,349.83,36.0,0.8168963623046874,743.2899780273438,0.040279998779296874,0.0023986015
QQQ,call,460.0,0.21643835616438356,2026-12-18,288.46500000000003,286.6,290.33,277.4,39.0,0.6753572503662111,743.2899780273438,0.040279998779296874,0.0023986015
QQQ,call,465.0,0.21643835616438356,2026-12-18,283.35,281.61,285.09,250.06,10.0,0.659305164794922,743.2899780273438,0.040279998779296874,0.0023986015
QQQ,call,494.78,0.21643835616438356,2026-12-18,253.8,252.12,255.48,256.0,10.0,0.5924113024902344,743.2899780273438,0.040279998779296874,0.0023986015
QQQ,call,499.78,0.21643835616438356,2026-12-18,248.935,247.29,250.58,251.16,10.0,0.583866466064453,743.2899780273438,0.040279998779296874,0.0023986015
QQQ,call,500.0,0.21643835616438356,2026-12-18,249.055,247.31,250.8,244.14,19.0,0.5918619915771486,743.2899780273438,0.040279998779296874,0.0023986015
QQQ,call,504.78,0.21643835616438356,2026-12-18,244.20999999999998,242.39,246.03,246.26,11.0,0.5787395642089843,743.2899780273438,0.040279998779296874,0.0023986015
QQQ,call,509.78,0.21643835616438356,2026-12-18,239.435,237.65,241.22,241.34,10.0,0.5721783505249024,743.2899780273438,0.040279998779296874,0.0023986015
QQQ,call,514.78,0.21643835616438356,2026-12-18,234.735,232.84,236.63,236.44,10.0,0.5671430004882813,743.2899780273438,0.040279998779296874,0.0023986015
QQQ,call,515.0,0.21643835616438356,2026-12-18,234.2,232.38,236.02,228.34,47.0,0.5593610958862305,743.2899780273438,0.040279998779296874,0.0023986015
QQQ,call,520.0,0.21643835616438356,2026-12-18,229.31,227.49,231.13,223.41,48.0,0.5500533276367189,743.2899780273438,0.040279998779296874,0.0023986015
QQQ,call,554.78,0.21643835616438356,2026-12-18,195.68,193.84,197.52,196.0,12.0,0.5249986465454101,743.2899780273438,0.040279998779296874,0.0023986015
QQQ,call,565.0,0.21643835616438356,2026-12-18,185.39,183.48,187.3,181.0,33.0,0.5002491381835938,743.2899780273438,0.040279998779296874,0.0023986015
QQQ,call,580.0,0.21643835616438356,2026-12-18,170.83999999999997,169.17,172.51,171.04,17.0,0.4676566906738281,743.2899780273438,0.040279998779296874,0.0023986015
QQQ,call,615.0,0.21643835616438356,2026-12-18,137.875,137.28,138.47,139.3,41.0,0.3983214465332031,743.2899780273438,0.040279998779296874,0.0023986015
QQQ,call,650.0,0.21643835616438356,2026-12-18,105.38999999999999,104.96,105.82,101.2,95.0,0.342230698852539,743.2899780273438,0.040279998779296874,0.0023986015
QQQ,call,665.0,0.21643835616438356,2026-12-18,91.87,91.47,92.27,87.72,41.0,0.31998360687255856,743.2899780273438,0.040279998779296874,0.0023986015
QQQ,call,670.0,0.21643835616438356,2026-12-18,87.56,87.18,87.94,82.95,17.0,0.3138648936462402,743.2899780273438,0.040279998779296874,0.0023986015
QQQ,call,675.0,0.21643835616438356,2026-12-18,83.17,82.79,83.55,79.23,175.0,0.30680014495849606,743.2899780273438,0.040279998779296874,0.0023986015
QQQ,call,700.0,0.21643835616438356,2026-12-18,62.72,62.38,63.06,63.13,40.0,0.27841908111572267,743.2899780273438,0.040279998779296874,0.0023986015
QQQ,call,703.0,0.21643835616438356,2026-12-18,60.205,59.88,60.53,54.61,20.0,0.27364312789916995,743.2899780273438,0.040279998779296874,0.0023986015
QQQ,call,705.0,0.21643835616438356,2026-12-18,58.625,58.3,58.95,54.8,167.0,0.2712322633361816,743.2899780273438,0.040279998779296874,0.0023986015
QQQ,call,720.0,0.21643835616438356,2026-12-18,47.480000000000004,47.35,47.61,43.5,23.0,0.2542036250305176,743.2899780273438,0.040279998779296874,0.0023986015
QQQ,call,722.0,0.21643835616438356,2026-12-18,46.055,45.92,46.19,39.84,12.0,0.25220474365234374,743.2899780273438,0.040279998779296874,0.0023986015
QQQ,call,730.0,0.21643835616438356,2026-12-18,40.515,40.39,40.64,40.73,16.0,0.24408714904785156,743.2899780273438,0.040279998779296874,0.0023986015
QQQ,call,735.0,0.21643835616438356,2026-12-18,37.25,37.17,37.33,37.37,15.0,0.23920438537597655,743.2899780273438,0.040279998779296874,0.0023986015
QQQ,call,737.0,0.21643835616438356,2026-12-18,36.06,35.93,36.19,32.4,25.0,0.23838041900634765,743.2899780273438,0.040279998779296874,0.0023986015
QQQ,call,739.0,0.21643835616438356,2026-12-18,34.86,34.76,34.96,33.5,41.0,0.23676300354003904,743.2899780273438,0.040279998779296874,0.0023986015
QQQ,call,740.0,0.21643835616438356,2026-12-18,34.175,34.04,34.31,34.52,41.0,0.23564912307739255,743.2899780273438,0.040279998779296874,0.0023986015
QQQ,call,742.0,0.21643835616438356,2026-12-18,33.019999999999996,32.93,33.11,33.57,11.0,0.23404696624755855,743.2899780273438,0.040279998779296874,0.0023986015
QQQ,call,745.0,0.21643835616438356,2026-12-18,31.165,31.08,31.25,31.5,13.0,0.2309647216796875,743.2899780273438,0.040279998779296874,0.0023986015
QQQ,call,746.0,0.21643835616438356,2026-12-18,30.555,30.46,30.65,27.08,11.0,0.2300110569000244,743.2899780273438,0.040279998779296874,0.0023986015
QQQ,call,748.0,0.21643835616438356,2026-12-18,29.42,29.33,29.51,25.25,14.0,0.22843178802490233,743.2899780273438,0.040279998779296874,0.0023986015
QQQ,call,750.0,0.21643835616438356,2026-12-18,28.345,28.26,28.43,28.2,81.0,0.22713480392456054,743.2899780273438,0.040279998779296874,0.0023986015
QQQ,call,751.0,0.21643835616438356,2026-12-18,27.78,27.69,27.87,23.73,30.0,0.22629557891845703,743.2899780273438,0.040279998779296874,0.0023986015
QQQ,call,753.0,0.21643835616438356,2026-12-18,26.72,26.64,26.8,22.85,30.0,0.22486126708984372,743.2899780273438,0.040279998779296874,0.0023986015
QQQ,call,754.0,0.21643835616438356,2026-12-18,26.25,26.17,26.33,22.69,63.0,0.2245560943603515,743.2899780273438,0.040279998779296874,0.0023986015
QQQ,call,756.0,0.21643835616438356,2026-12-18,25.159999999999997,25.08,25.24,22.59,57.0,0.22274031661987304,743.2899780273438,0.040279998779296874,0.0023986015
QQQ,call,757.0,0.21643835616438356,2026-12-18,24.725,24.65,24.8,25.07,16.0,0.2225419543457031,743.2899780273438,0.040279998779296874,0.0023986015
QQQ,call,759.0,0.21643835616438356,2026-12-18,23.67,23.59,23.75,21.61,16.0,0.22080246978759765,743.2899780273438,0.040279998779296874,0.0023986015
QQQ,call,760.0,0.21643835616438356,2026-12-18,23.19,23.12,23.26,23.29,38.0,0.22013108978271478,743.2899780273438,0.040279998779296874,0.0023986015
QQQ,call,765.0,0.21643835616438356,2026-12-18,20.955,20.89,21.02,20.85,19.0,0.21770496658325195,743.2899780273438,0.040279998779296874,0.0023986015
QQQ,call,767.0,0.21643835616438356,2026-12-18,19.925,19.85,20.0,17.25,30.0,0.21553824020385742,743.2899780273438,0.040279998779296874,0.0023986015
QQQ,call,769.0,0.21643835616438356,2026-12-18,19.08,19.01,19.15,19.44,30.0,0.21448539428710936,743.2899780273438,0.040279998779296874,0.0023986015
QQQ,call,770.0,0.21643835616438356,2026-12-18,18.634999999999998,18.58,18.69,18.86,53.0,0.21361565200805666,743.2899780273438,0.040279998779296874,0.0023986015
QQQ,call,772.0,0.21643835616438356,2026-12-18,17.825000000000003,17.76,17.89,17.86,22.0,0.21268487518310547,743.2899780273438,0.040279998779296874,0.0023986015
QQQ,call,773.0,0.21643835616438356,2026-12-18,17.45,17.38,17.52,17.79,32.0,0.21239496109008787,743.2899780273438,0.040279998779296874,0.0023986015
QQQ,call,775.0,0.21643835616438356,2026-12-18,16.67,16.61,16.73,16.45,39.0,0.211296339263916,743.2899780273438,0.040279998779296874,0.0023986015
QQQ,call,777.0,0.21643835616438356,2026-12-18,15.92,15.85,15.99,13.7,38.0,0.21042659698486327,743.2899780273438,0.040279998779296874,0.0023986015
QQQ,call,778.0,0.21643835616438356,2026-12-18,15.530000000000001,15.47,15.59,13.37,126.0,0.209694182434082,743.2899780273438,0.040279998779296874,0.0023986015
QQQ,call,780.0,0.21643835616438356,2026-12-18,14.83,14.78,14.88,13.99,88.0,0.20880918151855465,743.2899780273438,0.040279998779296874,0.0023986015
QQQ,call,782.0,0.21643835616438356,2026-12-18,14.15,14.09,14.21,12.2,48.0,0.20807676696777339,743.2899780273438,0.040279998779296874,0.0023986015
QQQ,call,783.0,0.21643835616438356,2026-12-18,13.825,13.77,13.88,11.79,174.0,0.20768004241943355,743.2899780273438,0.040279998779296874,0.0023986015
QQQ,call,785.0,0.21643835616438356,2026-12-18,13.145,13.09,13.2,12.97,24.0,0.20662719650268552,743.2899780273438,0.040279998779296874,0.0023986015
QQQ,call,788.0,0.21643835616438356,2026-12-18,12.219999999999999,12.17,12.27,10.25,15.0,0.2054522814941406,743.2899780273438,0.040279998779296874,0.0023986015
QQQ,call,790.0,0.21643835616438356,2026-12-18,11.629999999999999,11.58,11.68,11.67,153.0,0.20471986694335934,743.2899780273438,0.040279998779296874,0.0023986015
QQQ,call,791.0,0.21643835616438356,2026-12-18,11.34,11.29,11.39,9.9,40.0,0.20432314239501947,743.2899780273438,0.040279998779296874,0.0023986015
QQQ,call,794.0,0.21643835616438356,2026-12-18,10.510000000000002,10.47,10.55,10.57,10.0,0.20317874465942382,743.2899780273438,0.040279998779296874,0.0023986015
QQQ,call,795.0,0.21643835616438356,2026-12-18,10.275,10.23,10.32,8.78,67.0,0.2031482273864746,743.2899780273438,0.040279998779296874,0.0023986015
QQQ,call,800.0,0.21643835616438356,2026-12-18,9.010000000000002,8.97,9.05,9.1,45.0,0.20134770828247067,743.2899780273438,0.040279998779296874,0.0023986015
QQQ,call,810.0,0.21643835616438356,2026-12-18,6.96,6.92,7.0,7.18,263.0,0.19936408554077145,743.2899780273438,0.040279998779296874,0.0023986015
QQQ,call,815.0,0.21643835616438356,2026-12-18,6.09,6.05,6.13,6.01,89.0,0.19850960189819333,743.2899780273438,0.040279998779296874,0.0023986015
QQQ,call,820.0,0.21643835616438356,2026-12-18,5.234999999999999,5.2,5.27,5.22,29.0,0.19672434143066403,743.2899780273438,0.040279998779296874,0.0023986015
QQQ,call,825.0,0.21643835616438356,2026-12-18,4.55,4.52,4.58,4.5,24.0,0.1959308923339844,743.2899780273438,0.040279998779296874,0.0023986015
QQQ,call,830.0,0.21643835616438356,2026-12-18,3.9450000000000003,3.92,3.97,3.97,27.0,0.19525951232910155,743.2899780273438,0.040279998779296874,0.0023986015
QQQ,call,855.0,0.21643835616438356,2026-12-18,1.92,1.9,1.94,1.9,36.0,0.19425244232177735,743.2899780273438,0.040279998779296874,0.0023986015
QQQ,call,860.0,0.21643835616438356,2026-12-18,1.685,1.67,1.7,1.71,10.0,0.1948322705078125,743.2899780273438,0.040279998779296874,0.0023986015
QQQ,call,870.0,0.21643835616438356,2026-12-18,1.27,1.25,1.29,1.06,140.0,0.19568675415039063,743.2899780273438,0.040279998779296874,0.0023986015
QQQ,call,875.0,0.21643835616438356,2026-12-18,1.1099999999999999,1.09,1.13,0.84,425.0,0.19641916870117188,743.2899780273438,0.040279998779296874,0.0023986015
QQQ,call,880.0,0.21643835616438356,2026-12-18,0.96,0.94,0.98,0.96,11.0,0.19678537597656248,743.2899780273438,0.040279998779296874,0.0023986015
QQQ,call,885.0,0.21643835616438356,2026-12-18,0.8300000000000001,0.81,0.85,0.78,37.0,0.19721261779785154,743.2899780273438,0.040279998779296874,0.0023986015
QQQ,call,890.0,0.21643835616438356,2026-12-18,0.735,0.71,0.76,0.65,21.0,0.19867744689941402,743.2899780273438,0.040279998779296874,0.0023986015
QQQ,call,895.0,0.21643835616438356,2026-12-18,0.645,0.62,0.67,0.6,33.0,0.19965399963378905,743.2899780273438,0.040279998779296874,0.0023986015
QQQ,call,905.0,0.21643835616438356,2026-12-18,0.505,0.48,0.53,0.4,311.0,0.20215641601562498,743.2899780273438,0.040279998779296874,0.0023986015
QQQ,call,910.0,0.21643835616438356,2026-12-18,0.43,0.41,0.45,0.35,162.0,0.20191227783203125,743.2899780273438,0.040279998779296874,0.0023986015
QQQ,call,915.0,0.21643835616438356,2026-12-18,0.375,0.35,0.4,0.31,174.0,0.20313296874999998,743.2899780273438,0.040279998779296874,0.0023986015
QQQ,call,930.0,0.21643835616438356,2026-12-18,0.26,0.24,0.28,0.2,46.0,0.20655090332031245,743.2899780273438,0.040279998779296874,0.0023986015
QQQ,call,940.0,0.21643835616438356,2026-12-18,0.20500000000000002,0.18,0.23,0.17,30.0,0.20972469970703123,743.2899780273438,0.040279998779296874,0.0023986015
QQQ,call,955.0,0.21643835616438356,2026-12-18,0.14,0.12,0.16,0.1,11.0,0.21289849609375,743.2899780273438,0.040279998779296874,0.0023986015
QQQ,call,1000.0,0.21643835616438356,2026-12-18,0.06,0.04,0.08,0.06,25.0,0.229499892578125,743.2899780273438,0.040279998779296874,0.0023986015
QQQ,call,1005.0,0.21643835616438356,2026-12-18,0.05,0.03,0.07,0.11,480.0,0.2299881689453125,743.2899780273438,0.040279998779296874,0.0023986015
QQQ,call,1015.0,0.21643835616438356,2026-12-18,0.045,0.03,0.06,0.04,20.0,0.233406103515625,743.2899780273438,0.040279998779296874,0.0023986015
QQQ,call,1030.0,0.21643835616438356,2026-12-18,0.035,0.02,0.05,0.03,10.0,0.23926541992187497,743.2899780273438,0.040279998779296874,0.0023986015
QQQ,call,1035.0,0.21643835616438356,2026-12-18,0.035,0.02,0.05,0.03,10.0,0.242195078125,743.2899780273438,0.040279998779296874,0.0023986015
QQQ,call,1085.0,0.21643835616438356,2026-12-18,0.02,0.01,0.03,0.03,20.0,0.2617261328125,743.2899780273438,0.040279998779296874,0.0023986015
QQQ,call,1100.0,0.21643835616438356,2026-12-18,0.02,0.01,0.03,0.02,60.0,0.2695385546875,743.2899780273438,0.040279998779296874,0.0023986015
QQQ,put,209.78,0.21643835616438356,2026-12-18,0.02,0.01,0.03,0.04,220.0,0.8203142968749999,743.2899780273438,0.040279998779296874,0.0023986015
QQQ,put,224.78,0.21643835616438356,2026-12-18,0.03,0.02,0.04,0.05,50.0,0.804689453125,743.2899780273438,0.040279998779296874,0.0023986015
QQQ,put,229.78,0.21643835616438356,2026-12-18,0.03,0.02,0.04,0.05,60.0,0.789064609375,743.2899780273438,0.040279998779296874,0.0023986015
QQQ,put,234.78,0.21643835616438356,2026-12-18,0.034999999999999996,0.01,0.06,0.05,30.0,0.7851583984375,743.2899780273438,0.040279998779296874,0.0023986015
QQQ,put,249.78,0.21643835616438356,2026-12-18,0.035,0.02,0.05,0.04,20.0,0.7421900781249999,743.2899780273438,0.040279998779296874,0.0023986015
QQQ,put,250.0,0.21643835616438356,2026-12-18,0.045000000000000005,0.02,0.07,0.06,300.0,0.7578149218750001,743.2899780273438,0.040279998779296874,0.0023986015
QQQ,put,254.78,0.21643835616438356,2026-12-18,0.045000000000000005,0.02,0.07,0.12,65.0,0.7460962890625,743.2899780273438,0.040279998779296874,0.0023986015
QQQ,put,255.0,0.21643835616438356,2026-12-18,0.060000000000000005,0.05,0.07,0.09,27.0,0.76367423828125,743.2899780273438,0.040279998779296874,0.0023986015
QQQ,put,264.78,0.21643835616438356,2026-12-18,0.05,0.02,0.08,0.05,20.0,0.726565234375,743.2899780273438,0.040279998779296874,0.0023986015
QQQ,put,265.0,0.21643835616438356,2026-12-18,0.065,0.05,0.08,0.07,18.0,0.7421900781249999,743.2899780273438,0.040279998779296874,0.0023986015
QQQ,put,270.0,0.21643835616438356,2026-12-18,0.055,0.03,0.08,0.07,10.0,0.7187528125,743.2899780273438,0.040279998779296874,0.0023986015
QQQ,put,274.78,0.21643835616438356,2026-12-18,0.055,0.03,0.08,0.13,20.0,0.7070341796875,743.2899780273438,0.040279998779296874,0.0023986015
QQQ,put,275.0,0.21643835616438356,2026-12-18,0.055,0.03,0.08,0.07,10.0,0.7070341796875,743.2899780273438,0.040279998779296874,0.0023986015
QQQ,put,279.78,0.21643835616438356,2026-12-18,0.055,0.03,0.08,0.14,20.0,0.6953155468750001,743.2899780273438,0.040279998779296874,0.0023986015
QQQ,put,280.0,0.21643835616438356,2026-12-18,0.055,0.03,0.08,0.13,10.0,0.69336244140625,743.2899780273438,0.040279998779296874,0.0023986015
QQQ,put,290.0,0.21643835616438356,2026-12-18,0.065,0.04,0.09,0.12,10.0,0.6796907031250001,743.2899780273438,0.040279998779296874,0.0023986015
QQQ,put,295.0,0.21643835616438356,2026-12-18,0.07500000000000001,0.05,0.1,0.12,20.0,0.676761044921875,743.2899780273438,0.040279998779296874,0.0023986015
QQQ,put,299.78,0.21643835616438356,2026-12-18,0.07500000000000001,0.05,0.1,0.1,15.0,0.6660189648437502,743.2899780273438,0.040279998779296874,0.0023986015
QQQ,put,300.0,0.21643835616438356,2026-12-18,0.07500000000000001,0.05,0.1,0.07,51.0,0.6650424121093752,743.2899780273438,0.040279998779296874,0.0023986015
QQQ,put,305.0,0.21643835616438356,2026-12-18,0.08499999999999999,0.06,0.11,0.12,10.0,0.6611362011718751,743.2899780273438,0.040279998779296874,0.0023986015
QQQ,put,309.78,0.21643835616438356,2026-12-18,0.08499999999999999,0.06,0.11,0.11,15.0,0.65039412109375,743.2899780273438,0.040279998779296874,0.0023986015
QQQ,put,314.78,0.21643835616438356,2026-12-18,0.095,0.07,0.12,0.12,15.0,0.6455113574218749,743.2899780273438,0.040279998779296874,0.0023986015
QQQ,put,319.78,0.21643835616438356,2026-12-18,0.095,0.07,0.12,0.12,20.0,0.6347692773437501,743.2899780273438,0.040279998779296874,0.0023986015
QQQ,put,324.78,0.21643835616438356,2026-12-18,0.10500000000000001,0.08,0.13,0.13,700.0,0.6289099609375001,743.2899780273438,0.040279998779296874,0.0023986015
QQQ,put,325.0,0.21643835616438356,2026-12-18,0.10500000000000001,0.08,0.13,0.14,17.0,0.6289099609375001,743.2899780273438,0.040279998779296874,0.0023986015
QQQ,put,329.78,0.21643835616438356,2026-12-18,0.115,0.09,0.14,0.17,719.0,0.62305064453125,743.2899780273438,0.040279998779296874,0.0023986015
QQQ,put,330.0,0.21643835616438356,2026-12-18,0.115,0.09,0.14,0.14,10.0,0.62305064453125,743.2899780273438,0.040279998779296874,0.0023986015
QQQ,put,334.78,0.21643835616438356,2026-12-18,0.115,0.09,0.14,0.35,50.0,0.6123085644531252,743.2899780273438,0.040279998779296874,0.0023986015
QQQ,put,335.0,0.21643835616438356,2026-12-18,0.12000000000000001,0.1,0.14,0.16,20.0,0.614261669921875,743.2899780273438,0.040279998779296874,0.0023986015
QQQ,put,339.78,0.21643835616438356,2026-12-18,0.125,0.1,0.15,0.44,231.0,0.6064492480468751,743.2899780273438,0.040279998779296874,0.0023986015
QQQ,put,340.0,0.21643835616438356,2026-12-18,0.13,0.11,0.15,0.13,10.0,0.6084023535156251,743.2899780273438,0.040279998779296874,0.0023986015
QQQ,put,345.0,0.21643835616438356,2026-12-18,0.14,0.12,0.16,0.14,10.0,0.6025430371093752,743.2899780273438,0.040279998779296874,0.0023986015
QQQ,put,349.78,0.21643835616438356,2026-12-18,0.14500000000000002,0.12,0.17,0.35,10.0,0.594730615234375,743.2899780273438,0.040279998779296874,0.0023986015
QQQ,put,350.0,0.21643835616438356,2026-12-18,0.14500000000000002,0.12,0.17,0.14,21.0,0.5937540625000001,743.2899780273438,0.040279998779296874,0.0023986015
QQQ,put,354.78,0.21643835616438356,2026-12-18,0.155,0.13,0.18,0.2,10.0,0.58789474609375,743.2899780273438,0.040279998779296874,0.0023986015
QQQ,put,375.0,0.21643835616438356,2026-12-18,0.20500000000000002,0.18,0.23,0.28,43.0,0.5629926513671876,743.2899780273438,0.040279998779296874,0.0023986015
QQQ,put,380.0,0.21643835616438356,2026-12-18,0.215,0.19,0.24,0.25,115.0,0.5556685058593751,743.2899780273438,0.040279998779296874,0.0023986015
QQQ,put,384.78,0.21643835616438356,2026-12-18,0.22999999999999998,0.21,0.25,0.26,10.0,0.5502974658203126,743.2899780273438,0.040279998779296874,0.0023986015
QQQ,put,400.0,0.21643835616438356,2026-12-18,0.28,0.26,0.3,0.32,126.0,0.5317429638671876,743.2899780273438,0.040279998779296874,0.0023986015
QQQ,put,440.0,0.21643835616438356,2026-12-18,0.44499999999999995,0.42,0.47,0.51,236.0,0.48633326171875,743.2899780273438,0.040279998779296874,0.0023986015
QQQ,put,444.78,0.21643835616438356,2026-12-18,0.47,0.45,0.49,0.54,52.0,0.4797415307617187,743.2899780273438,0.040279998779296874,0.0023986015
QQQ,put,445.0,0.21643835616438356,2026-12-18,0.475,0.45,0.5,0.53,84.0,0.48071808349609374,743.2899780273438,0.040279998779296874,0.0023986015
QQQ,put,450.0,0.21643835616438356,2026-12-18,0.5,0.48,0.52,0.48,20.0,0.47363807617187503,743.2899780273438,0.040279998779296874,0.0023986015
QQQ,put,454.78,0.21643835616438356,2026-12-18,0.53,0.51,0.55,0.6,34.0,0.4681449670410156,743.2899780273438,0.040279998779296874,0.0023986015
QQQ,put,459.78,0.21643835616438356,2026-12-18,0.56,0.54,0.58,0.58,19.0,0.4621635815429688,743.2899780273438,0.040279998779296874,0.0023986015
QQQ,put,460.0,0.21643835616438356,2026-12-18,0.56,0.54,0.58,0.62,60.0,0.4616753051757813,743.2899780273438,0.040279998779296874,0.0023986015
QQQ,put,464.78,0.21643835616438356,2026-12-18,0.59,0.57,0.61,0.64,62.0,0.4558159887695313,743.2899780273438,0.040279998779296874,0.0023986015
QQQ,put,465.0,0.21643835616438356,2026-12-18,0.595,0.57,0.62,0.6,18.0,0.45654840332031255,743.2899780273438,0.040279998779296874,0.0023986015
QQQ,put,469.78,0.21643835616438356,2026-12-18,0.63,0.61,0.65,0.65,35.0,0.45044494873046875,743.2899780273438,0.040279998779296874,0.0023986015
QQQ,put,470.0,0.21643835616438356,2026-12-18,0.63,0.61,0.65,0.68,150.0,0.450200810546875,743.2899780273438,0.040279998779296874,0.0023986015
QQQ,put,474.78,0.21643835616438356,2026-12-18,0.665,0.64,0.69,0.72,53.0,0.4449518395996094,743.2899780273438,0.040279998779296874,0.0023986015
QQQ,put,475.0,0.21643835616438356,2026-12-18,0.665,0.64,0.69,0.67,36.0,0.4445856323242187,743.2899780273438,0.040279998779296874,0.0023986015
QQQ,put,479.78,0.21643835616438356,2026-12-18,0.7050000000000001,0.68,0.73,0.76,16.0,0.43921459228515625,743.2899780273438,0.040279998779296874,0.0023986015
QQQ,put,480.0,0.21643835616438356,2026-12-18,0.71,0.69,0.73,0.69,30.0,0.43884838500976564,743.2899780273438,0.040279998779296874,0.0023986015
QQQ,put,484.78,0.21643835616438356,2026-12-18,0.75,0.73,0.77,0.9,12.0,0.43335527587890627,743.2899780273438,0.040279998779296874,0.0023986015
QQQ,put,500.0,0.21643835616438356,2026-12-18,0.885,0.86,0.91,0.88,325.0,0.4158993957519531,743.2899780273438,0.040279998779296874,0.0023986015
QQQ,put,505.0,0.21643835616438356,2026-12-18,0.94,0.92,0.96,0.93,14.0,0.4101621484375,743.2899780273438,0.040279998779296874,0.0023986015
QQQ,put,509.78,0.21643835616438356,2026-12-18,0.995,0.97,1.02,0.99,38.0,0.40515731567382807,743.2899780273438,0.040279998779296874,0.0023986015
QQQ,put,510.0,0.21643835616438356,2026-12-18,0.995,0.98,1.01,1.07,14.0,0.40418076293945315,743.2899780273438,0.040279998779296874,0.0023986015
QQQ,put,525.0,0.21643835616438356,2026-12-18,1.185,1.17,1.2,1.2,17.0,0.387701435546875,743.2899780273438,0.040279998779296874,0.0023986015
QQQ,put,530.0,0.21643835616438356,2026-12-18,1.255,1.24,1.27,1.22,24.0,0.38220832641601554,743.2899780273438,0.040279998779296874,0.0023986015
QQQ,put,554.78,0.21643835616438356,2026-12-18,1.68,1.66,1.7,1.9,52.0,0.35584140258789054,743.2899780273438,0.040279998779296874,0.0023986015
QQQ,put,559.78,0.21643835616438356,2026-12-18,1.76,1.74,1.78,2.01,16.0,0.34967691345214835,743.2899780273438,0.040279998779296874,0.0023986015
QQQ,put,560.0,0.21643835616438356,2026-12-18,1.78,1.76,1.8,1.91,226.0,0.34998208618164056,743.2899780273438,0.040279998779296874,0.0023986015
QQQ,put,565.0,0.21643835616438356,2026-12-18,1.895,1.88,1.91,2.03,26.0,0.344733115234375,743.2899780273438,0.040279998779296874,0.0023986015
QQQ,put,579.78,0.21643835616438356,2026-12-18,2.26,2.24,2.28,2.61,64.0,0.32923034057617184,743.2899780273438,0.040279998779296874,0.0023986015
QQQ,put,580.0,0.21643835616438356,2026-12-18,2.275,2.26,2.29,2.45,185.0,0.32910827148437494,743.2899780273438,0.040279998779296874,0.0023986015
QQQ,put,584.78,0.21643835616438356,2026-12-18,2.38,2.36,2.4,2.65,52.0,0.3233710241699218,743.2899780273438,0.040279998779296874,0.0023986015
QQQ,put,585.0,0.21643835616438356,2026-12-18,2.395,2.38,2.41,2.67,86.0,0.3232489550781249,743.2899780273438,0.040279998779296874,0.0023986015
QQQ,put,595.0,0.21643835616438356,2026-12-18,2.73,2.71,2.75,2.92,266.0,0.313483427734375,743.2899780273438,0.040279998779296874,0.0023986015
QQQ,put,599.78,0.21643835616438356,2026-12-18,2.89,2.87,2.91,3.04,535.0,0.3083565258789062,743.2899780273438,0.040279998779296874,0.0023986015
QQQ,put,600.0,0.21643835616438356,2026-12-18,2.895,2.87,2.92,2.93,43.0,0.30820393951416014,743.2899780273438,0.040279998779296874,0.0023986015
QQQ,put,610.0,0.21643835616438356,2026-12-18,3.32,3.3,3.34,3.34,50.0,0.2985909985351562,743.2899780273438,0.040279998779296874,0.0023986015
QQQ,put,615.0,0.21643835616438356,2026-12-18,3.51,3.49,3.53,3.79,49.0,0.29288426849365223,743.2899780273438,0.040279998779296874,0.0023986015
QQQ,put,620.0,0.21643835616438356,2026-12-18,3.78,3.76,3.8,3.8,42.0,0.28848978118896473,743.2899780273438,0.040279998779296874,0.0023986015
QQQ,put,625.0,0.21643835616438356,2026-12-18,4.035,4.02,4.05,4.1,43.0,0.283362879333496,743.2899780273438,0.040279998779296874,0.0023986015
QQQ,put,635.0,0.21643835616438356,2026-12-18,4.640000000000001,4.62,4.66,4.65,23.0,0.2739635592651367,743.2899780273438,0.040279998779296874,0.0023986015
QQQ,put,640.0,0.21643835616438356,2026-12-18,5.0,4.98,5.02,5.05,16.0,0.2695690719604492,743.2899780273438,0.040279998779296874,0.0023986015
QQQ,put,645.0,0.21643835616438356,2026-12-18,5.385,5.36,5.41,5.43,17.0,0.2651745846557617,743.2899780273438,0.040279998779296874,0.0023986015
QQQ,put,650.0,0.21643835616438356,2026-12-18,5.779999999999999,5.75,5.81,5.85,81.0,0.26050544189453123,743.2899780273438,0.040279998779296874,0.0023986015
QQQ,put,655.0,0.21643835616438356,2026-12-18,6.205,6.18,6.23,6.19,54.0,0.2556531954956055,743.2899780273438,0.040279998779296874,0.0023986015
QQQ,put,660.0,0.21643835616438356,2026-12-18,6.715,6.68,6.75,6.77,82.0,0.25165543273925783,743.2899780273438,0.040279998779296874,0.0023986015
QQQ,put,665.0,0.21643835616438356,2026-12-18,7.25,7.22,7.28,7.36,39.0,0.2472609454345703,743.2899780273438,0.040279998779296874,0.0023986015
QQQ,put,670.0,0.21643835616438356,2026-12-18,7.835,7.8,7.87,7.83,61.0,0.2430190444946289,743.2899780273438,0.040279998779296874,0.0023986015
QQQ,put,675.0,0.21643835616438356,2026-12-18,8.425,8.39,8.46,8.54,29.0,0.23825834991455075,743.2899780273438,0.040279998779296874,0.0023986015
QQQ,put,678.0,0.21643835616438356,2026-12-18,8.850000000000001,8.81,8.89,8.82,14.0,0.23596955444335935,743.2899780273438,0.040279998779296874,0.0023986015
QQQ,put,680.0,0.21643835616438356,2026-12-18,9.135,9.1,9.17,9.18,50.0,0.23424532852172852,743.2899780273438,0.040279998779296874,0.0023986015
QQQ,put,685.0,0.21643835616438356,2026-12-18,9.899999999999999,9.87,9.93,9.86,16.0,0.23012549667358395,743.2899780273438,0.040279998779296874,0.0023986015
QQQ,put,689.0,0.21643835616438356,2026-12-18,10.555,10.51,10.6,11.65,43.0,0.2269822175598144,743.2899780273438,0.040279998779296874,0.0023986015
QQQ,put,690.0,0.21643835616438356,2026-12-18,10.725,10.69,10.76,10.77,14.0,0.22605144073486327,743.2899780273438,0.040279998779296874,0.0023986015
QQQ,put,691.0,0.21643835616438356,2026-12-18,10.905,10.86,10.95,12.02,12.0,0.22539531936645507,743.2899780273438,0.040279998779296874,0.0023986015
QQQ,put,696.0,0.21643835616438356,2026-12-18,11.815,11.77,11.86,13.66,12.0,0.22126022888183594,743.2899780273438,0.040279998779296874,0.0023986015
QQQ,put,700.0,0.21643835616438356,2026-12-18,12.605,12.56,12.65,12.75,40.0,0.2180253979492187,743.2899780273438,0.040279998779296874,0.0023986015
QQQ,put,705.0,0.21643835616438356,2026-12-18,13.66,13.61,13.71,13.52,16.0,0.21396660064697265,743.2899780273438,0.040279998779296874,0.0023986015
QQQ,put,707.0,0.21643835616438356,2026-12-18,14.135,14.09,14.18,15.92,31.0,0.21251703018188478,743.2899780273438,0.040279998779296874,0.0023986015
QQQ,put,708.0,0.21643835616438356,2026-12-18,14.365,14.31,14.42,15.01,28.0,0.2117846156311035,743.2899780273438,0.040279998779296874,0.0023986015
QQQ,put,712.0,0.21643835616438356,2026-12-18,15.34,15.29,15.39,15.31,14.0,0.20862607788085932,743.2899780273438,0.040279998779296874,0.0023986015
QQQ,put,715.0,0.21643835616438356,2026-12-18,16.08,16.03,16.13,17.45,49.0,0.20603210968017577,743.2899780273438,0.040279998779296874,0.0023986015
QQQ,put,718.0,0.21643835616438356,2026-12-18,16.895,16.83,16.96,18.87,35.0,0.20383486602783202,743.2899780273438,0.040279998779296874,0.0023986015
QQQ,put,719.0,0.21643835616438356,2026-12-18,17.174999999999997,17.11,17.24,18.53,22.0,0.20307193420410152,743.2899780273438,0.040279998779296874,0.0023986015
QQQ,put,720.0,0.21643835616438356,2026-12-18,17.465,17.4,17.53,17.55,42.0,0.20233951965332028,743.2899780273438,0.040279998779296874,0.0023986015
QQQ,put,723.0,0.21643835616438356,2026-12-18,18.345,18.29,18.4,17.99,13.0,0.19994391372680664,743.2899780273438,0.040279998779296874,0.0023986015
QQQ,put,725.0,0.21643835616438356,2026-12-18,18.945,18.89,19.0,18.66,43.0,0.19832649826049803,743.2899780273438,0.040279998779296874,0.0023986015
QQQ,put,726.0,0.21643835616438356,2026-12-18,19.245,19.19,19.3,20.24,11.0,0.1974567559814453,743.2899780273438,0.040279998779296874,0.0023986015
QQQ,put,727.0,0.21643835616438356,2026-12-18,19.555,19.5,19.61,21.14,12.0,0.1966327896118164,743.2899780273438,0.040279998779296874,0.0023986015
QQQ,put,730.0,0.21643835616438356,2026-12-18,20.535,20.47,20.6,20.6,58.0,0.1943745114135742,743.2899780273438,0.040279998779296874,0.0023986015
QQQ,put,731.0,0.21643835616438356,2026-12-18,20.884999999999998,20.82,20.95,20.89,58.0,0.19368787277221683,743.2899780273438,0.040279998779296874,0.0023986015
QQQ,put,732.0,0.21643835616438356,2026-12-18,21.225,21.18,21.27,20.84,12.0,0.19274183731079103,743.2899780273438,0.040279998779296874,0.0023986015
QQQ,put,734.0,0.21643835616438356,2026-12-18,21.925,21.87,21.98,24.19,21.0,0.19126174957275394,743.2899780273438,0.040279998779296874,0.0023986015
QQQ,put,738.0,0.21643835616438356,2026-12-18,23.415,23.35,23.48,26.18,114.0,0.18839312591552732,743.2899780273438,0.040279998779296874,0.0023986015
QQQ,put,739.0,0.21643835616438356,2026-12-18,23.77,23.71,23.83,25.67,42.0,0.18738605590820312,743.2899780273438,0.040279998779296874,0.0023986015
QQQ,put,740.0,0.21643835616438356,2026-12-18,24.12,24.05,24.19,24.15,47.0,0.1864247618103027,743.2899780273438,0.040279998779296874,0.0023986015
QQQ,put,741.0,0.21643835616438356,2026-12-18,24.57,24.51,24.63,24.14,58.0,0.18598226135253904,743.2899780273438,0.040279998779296874,0.0023986015
QQQ,put,742.0,0.21643835616438356,2026-12-18,24.985,24.92,25.05,25.26,168.0,0.18536428657531737,743.2899780273438,0.040279998779296874,0.0023986015
QQQ,put,744.0,0.21643835616438356,2026-12-18,25.82,25.75,25.89,25.63,19.0,0.1839833799743652,743.2899780273438,0.040279998779296874,0.0023986015
QQQ,put,745.0,0.21643835616438356,2026-12-18,26.259999999999998,26.19,26.33,26.38,16.0,0.18338829315185545,743.2899780273438,0.040279998779296874,0.0023986015
QQQ,put,748.0,0.21643835616438356,2026-12-18,27.54,27.47,27.61,27.33,14.0,0.1809926872253418,743.2899780273438,0.040279998779296874,0.0023986015
QQQ,put,749.0,0.21643835616438356,2026-12-18,27.990000000000002,27.91,28.07,30.78,33.0,0.1803518244934082,743.2899780273438,0.040279998779296874,0.0023986015
QQQ,put,750.0,0.21643835616438356,2026-12-18,28.43,28.35,28.51,28.03,40.0,0.1795125994873047,743.2899780273438,0.040279998779296874,0.0023986015
QQQ,put,770.0,0.21643835616438356,2026-12-18,39.035,38.93,39.14,38.38,18.0,0.16577982666015628,743.2899780273438,0.040279998779296874,0.0023986015
QQQ,put,775.0,0.21643835616438356,2026-12-18,42.085,41.78,42.39,41.49,58.0,0.16359784164428715,743.2899780273438,0.040279998779296874,0.0023986015
QQQ,put,780.0,0.21643835616438356,2026-12-18,45.43,45.14,45.72,49.0,15.0,0.16066818344116213,743.2899780273438,0.040279998779296874,0.0023986015
QQQ,put,785.0,0.21643835616438356,2026-12-18,48.760000000000005,48.45,49.07,47.98,22.0,0.15633473068237308,743.2899780273438,0.040279998779296874,0.0023986015
QQQ,put,793.0,0.21643835616438356,2026-12-18,54.525,54.14,54.91,54.01,22.0,0.15024653472900396,743.2899780273438,0.040279998779296874,0.0023986015
QQQ,put,795.0,0.21643835616438356,2026-12-18,56.0,55.65,56.35,55.55,22.0,0.14771360107421877,743.2899780273438,0.040279998779296874,0.0023986015
QQQ,put,805.0,0.21643835616438356,2026-12-18,64.32,63.95,64.69,68.71,22.0,0.14368532104492188,743.2899780273438,0.040279998779296874,0.0023986015
QQQ,put,810.0,0.21643835616438356,2026-12-18,68.595,68.16,69.03,74.52,22.0,0.1413965255737305,743.2899780273438,0.040279998779296874,0.0023986015
QQQ,put,825.0,0.21643835616438356,2026-12-18,81.92500000000001,81.45,82.4,79.76,292.0,0.12610737182617188,743.2899780273438,0.040279998779296874,0.0023986015
QQQ,put,840.0,0.21643835616438356,2026-12-18,97.19999999999999,95.38,99.02,94.94,26.0,0.18305260314941402,743.2899780273438,0.040279998779296874,0.0023986015
QQQ,put,855.0,0.21643835616438356,2026-12-18,112.125,110.38,113.87,148.6,20.0,0.1995319305419922,743.2899780273438,0.040279998779296874,0.0023986015
QQQ,put,895.0,0.21643835616438356,2026-12-18,151.565,149.77,153.36,188.61,20.0,0.23474886352539062,743.2899780273438,0.040279998779296874,0.0023986015
QQQ,put,920.0,0.21643835616438356,2026-12-18,177.065,175.38,178.75,196.88,1111.0,0.2726513165283203,743.2899780273438,0.040279998779296874,0.0023986015
QQQ,put,925.0,0.21643835616438356,2026-12-18,218.385,216.94,219.83,227.74,130.0,0.6668429312133791,743.2899780273438,0.040279998779296874,0.0023986015
QQQ,put,935.0,0.21643835616438356,2026-12-18,228.42000000000002,226.8,230.04,237.17,2124.0,0.6833222586059572,743.2899780273438,0.040279998779296874,0.0023986015
QQQ,call,430.0,0.25205479452054796,2026-12-31,293.895,291.79,296.0,290.86,19.0,1.0000000000000003e-05,743.2899780273438,0.040279998779296874,0.0023986015
QQQ,call,470.0,0.25205479452054796,2026-12-31,259.29999999999995,257.57,261.03,249.2,10.0,1.0000000000000003e-05,743.2899780273438,0.040279998779296874,0.0023986015
QQQ,call,475.0,0.25205479452054796,2026-12-31,231.9,230.05,233.75,275.98,52.0,1.0000000000000003e-05,743.2899780273438,0.040279998779296874,0.0023986015
QQQ,call,565.0,0.25205479452054796,2026-12-31,155.015,153.72,156.31,154.88,26.0,1.0000000000000003e-05,743.2899780273438,0.040279998779296874,0.0023986015
QQQ,call,605.0,0.25205479452054796,2026-12-31,126.2,124.4,128.0,127.99,35.0,1.0000000000000003e-05,743.2899780273438,0.040279998779296874,0.0023986015
QQQ,call,615.0,0.25205479452054796,2026-12-31,138.935,138.38,139.49,138.55,45.0,0.38211677459716786,743.2899780273438,0.040279998779296874,0.0023986015
QQQ,call,640.0,0.25205479452054796,2026-12-31,115.93,115.45,116.41,108.76,12.0,0.34668622070312494,743.2899780273438,0.040279998779296874,0.0023986015
QQQ,call,650.0,0.25205479452054796,2026-12-31,107.06,106.45,107.67,105.43,77.0,0.33609672698974613,743.2899780273438,0.040279998779296874,0.0023986015
QQQ,call,670.0,0.25205479452054796,2026-12-31,89.36,88.92,89.8,84.94,26.0,0.3079140254211425,743.2899780273438,0.040279998779296874,0.0023986015
QQQ,call,681.0,0.25205479452054796,2026-12-31,80.12,79.68,80.56,81.87,37.0,0.29560030578613283,743.2899780273438,0.040279998779296874,0.0023986015
QQQ,call,700.0,0.25205479452054796,2026-12-31,64.63,64.24,65.02,62.56,16.0,0.27332269653320307,743.2899780273438,0.040279998779296874,0.0023986015
QQQ,call,705.0,0.25205479452054796,2026-12-31,60.870000000000005,60.47,61.27,58.0,13.0,0.2689968730926513,743.2899780273438,0.040279998779296874,0.0023986015
QQQ,call,715.0,0.25205479452054796,2026-12-31,53.565,53.18,53.95,51.69,10.0,0.2600324241638184,743.2899780273438,0.040279998779296874,0.0023986015
QQQ,call,730.0,0.25205479452054796,2026-12-31,42.894999999999996,42.54,43.25,43.63,64.0,0.244323657913208,743.2899780273438,0.040279998779296874,0.0023986015
QQQ,call,735.0,0.25205479452054796,2026-12-31,39.675,39.33,40.02,36.6,13.0,0.2401504208374023,743.2899780273438,0.040279998779296874,0.0023986015
QQQ,call,736.0,0.25205479452054796,2026-12-31,39.09,38.75,39.43,35.4,88.0,0.239616368560791,743.2899780273438,0.040279998779296874,0.0023986015
QQQ,call,737.0,0.25205479452054796,2026-12-31,38.43,38.11,38.75,34.94,25.0,0.23844145355224605,743.2899780273438,0.040279998779296874,0.0023986015
QQQ,call,740.0,0.25205479452054796,2026-12-31,36.55,36.29,36.81,36.45,17.0,0.23543550216674802,743.2899780273438,0.040279998779296874,0.0023986015
QQQ,call,747.0,0.25205479452054796,2026-12-31,32.385000000000005,32.21,32.56,28.15,10.0,0.2292710130310059,743.2899780273438,0.040279998779296874,0.0023986015
QQQ,call,755.0,0.25205479452054796,2026-12-31,28.04,27.81,28.27,28.54,16.0,0.22420514572143552,743.2899780273438,0.040279998779296874,0.0023986015
QQQ,call,760.0,0.25205479452054796,2026-12-31,25.494999999999997,25.22,25.77,23.07,32.0,0.2212144529724121,743.2899780273438,0.040279998779296874,0.0023986015
QQQ,call,779.0,0.25205479452054796,2026-12-31,17.285,17.12,17.45,17.8,11.0,0.21024349334716796,743.2899780273438,0.040279998779296874,0.0023986015
QQQ,call,800.0,0.25205479452054796,2026-12-31,10.725,10.6,10.85,10.95,22.0,0.20217167465209956,743.2899780273438,0.040279998779296874,0.0023986015
QQQ,call,865.0,0.25205479452054796,2026-12-31,2.0700000000000003,2.0,2.14,1.69,40.0,0.19568675415039063,743.2899780273438,0.040279998779296874,0.0023986015
QQQ,call,870.0,0.25205479452054796,2026-12-31,1.81,1.74,1.88,1.5,14.0,0.19586985778808597,743.2899780273438,0.040279998779296874,0.0023986015
QQQ,call,875.0,0.25205479452054796,2026-12-31,1.6,1.54,1.66,1.24,33.0,0.19623606506347657,743.2899780273438,0.040279998779296874,0.0023986015
QQQ,call,880.0,0.25205479452054796,2026-12-31,1.405,1.34,1.47,1.15,200.0,0.1968158932495117,743.2899780273438,0.040279998779296874,0.0023986015
QQQ,call,885.0,0.25205479452054796,2026-12-31,1.23,1.17,1.29,1.15,20.0,0.1970905487060547,743.2899780273438,0.040279998779296874,0.0023986015
QQQ,call,900.0,0.25205479452054796,2026-12-31,0.8500000000000001,0.78,0.92,0.58,40.0,0.19983710327148438,743.2899780273438,0.040279998779296874,0.0023986015
QQQ,call,920.0,0.25205479452054796,2026-12-31,0.525,0.46,0.59,0.55,25.0,0.20374331420898437,743.2899780273438,0.040279998779296874,0.0023986015
QQQ,call,925.0,0.25205479452054796,2026-12-31,0.465,0.4,0.53,0.29,12.0,0.20478090148925776,743.2899780273438,0.040279998779296874,0.0023986015
QQQ,call,935.0,0.25205479452054796,2026-12-31,0.375,0.31,0.44,0.21,15.0,0.20764952514648435,743.2899780273438,0.040279998779296874,0.0023986015
QQQ,put,415.0,0.25205479452054796,2026-12-31,0.455,0.36,0.55,0.52,10.0,0.5065967309570312,743.2899780273438,0.040279998779296874,0.0023986015
QQQ,put,450.0,0.25205479452054796,2026-12-31,0.6799999999999999,0.58,0.78,0.74,22.0,0.4644828942871094,743.2899780273438,0.040279998779296874,0.0023986015
QQQ,put,490.0,0.25205479452054796,2026-12-31,1.02,0.94,1.1,1.12,289.0,0.4149228430175781,743.2899780273438,0.040279998779296874,0.0023986015
QQQ,put,495.0,0.25205479452054796,2026-12-31,1.075,1.0,1.15,1.26,32.0,0.40906352661132805,743.2899780273438,0.040279998779296874,0.0023986015
QQQ,put,560.0,0.25205479452054796,2026-12-31,2.2199999999999998,2.15,2.29,2.34,15.0,0.3403386279296875,743.2899780273438,0.040279998779296874,0.0023986015
QQQ,put,570.0,0.25205479452054796,2026-12-31,2.475,2.39,2.56,2.8,22.0,0.33020689331054687,743.2899780273438,0.040279998779296874,0.0023986015
QQQ,put,580.0,0.25205479452054796,2026-12-31,2.8049999999999997,2.73,2.88,3.12,20.0,0.3205634350585937,743.2899780273438,0.040279998779296874,0.0023986015
QQQ,put,590.0,0.25205479452054796,2026-12-31,3.15,3.07,3.23,3.15,47.0,0.3106758386230468,743.2899780273438,0.040279998779296874,0.0023986015
QQQ,put,595.0,0.25205479452054796,2026-12-31,3.34,3.25,3.43,3.71,14.0,0.30591514404296877,743.2899780273438,0.040279998779296874,0.0023986015
QQQ,put,600.0,0.25205479452054796,2026-12-31,3.605,3.53,3.68,3.53,46.0,0.30188686401367193,743.2899780273438,0.040279998779296874,0.0023986015
QQQ,put,605.0,0.25205479452054796,2026-12-31,3.8,3.71,3.89,4.21,24.0,0.2967599621582031,743.2899780273438,0.040279998779296874,0.0023986015
QQQ,put,610.0,0.25205479452054796,2026-12-31,4.035,3.94,4.13,4.48,22.0,0.29193823303222644,743.2899780273438,0.040279998779296874,0.0023986015
QQQ,put,615.0,0.25205479452054796,2026-12-31,4.33,4.21,4.45,4.72,28.0,0.28824564300537103,743.2899780273438,0.040279998779296874,0.0023986015
QQQ,put,635.0,0.25205479452054796,2026-12-31,5.625,5.51,5.74,5.55,12.0,0.26995053787231443,743.2899780273438,0.040279998779296874,0.0023986015
QQQ,put,650.0,0.25205479452054796,2026-12-31,6.895,6.79,7.0,6.95,22.0,0.25661448959350586,743.2899780273438,0.040279998779296874,0.0023986015
QQQ,put,655.0,0.25205479452054796,2026-12-31,7.415,7.3,7.53,8.19,20.0,0.2527235372924804,743.2899780273438,0.040279998779296874,0.0023986015
QQQ,put,660.0,0.25205479452054796,2026-12-31,7.96,7.83,8.09,8.48,329.0,0.2486952572631836,743.2899780273438,0.040279998779296874,0.0023986015
QQQ,put,665.0,0.25205479452054796,2026-12-31,8.555,8.43,8.68,9.21,21.0,0.24454490814208985,743.2899780273438,0.040279998779296874,0.0023986015
QQQ,put,672.0,0.25205479452054796,2026-12-31,9.46,9.32,9.6,10.2,19.0,0.23891447128295895,743.2899780273438,0.040279998779296874,0.0023986015
QQQ,put,680.0,0.25205479452054796,2026-12-31,10.615,10.5,10.73,10.51,11.0,0.23206334350585936,743.2899780273438,0.040279998779296874,0.0023986015
QQQ,put,684.0,0.25205479452054796,2026-12-31,11.26,11.12,11.4,12.39,10.0,0.2291031680297852,743.2899780273438,0.040279998779296874,0.0023986015
QQQ,put,725.0,0.25205479452054796,2026-12-31,20.744999999999997,20.58,20.91,21.4,12.0,0.19724313507080077,743.2899780273438,0.040279998779296874,0.0023986015
QQQ,put,730.0,0.25205479452054796,2026-12-31,22.385,22.26,22.51,23.25,17.0,0.19332166549682617,743.2899780273438,0.040279998779296874,0.0023986015
QQQ,put,735.0,0.25205479452054796,2026-12-31,24.15,23.99,24.31,24.26,14.0,0.18994950683593753,743.2899780273438,0.040279998779296874,0.0023986015
QQQ,put,736.0,0.25205479452054796,2026-12-31,24.445,24.29,24.6,24.1,18.0,0.18869829864501952,743.2899780273438,0.040279998779296874,0.0023986015
QQQ,put,737.0,0.25205479452054796,2026-12-31,24.935000000000002,24.67,25.2,27.4,48.0,0.18950700637817386,743.2899780273438,0.040279998779296874,0.0023986015
QQQ,put,740.0,0.25205479452054796,2026-12-31,25.96,25.78,26.14,25.79,19.0,0.18590596817016602,743.2899780273438,0.040279998779296874,0.0023986015
QQQ,put,742.0,0.25205479452054796,2026-12-31,26.825,26.65,27.0,26.89,46.0,0.18489126884460447,743.2899780273438,0.040279998779296874,0.0023986015
QQQ,put,743.0,0.25205479452054796,2026-12-31,27.19,27.01,27.37,26.8,16.0,0.1839223454284668,743.2899780273438,0.040279998779296874,0.0023986015
QQQ,put,785.0,0.25205479452054796,2026-12-31,49.599999999999994,48.47,50.73,52.45,37.0,0.15874559524536136,743.2899780273438,0.040279998779296874,0.0023986015
QQQ,put,795.0,0.25205479452054796,2026-12-31,56.864999999999995,55.75,57.98,56.68,11.0,0.15287102020263676,743.2899780273438,0.040279998779296874,0.0023986015
QQQ,put,805.0,0.25205479452054796,2026-12-31,64.57,63.33,65.81,70.85,119.0,0.14658446197509767,743.2899780273438,0.040279998779296874,0.0023986015
QQQ,put,855.0,0.25205479452054796,2026-12-31,112.02,110.38,113.66,148.61,129.0,0.18042811767578126,743.2899780273438,0.040279998779296874,0.0023986015
QQQ,put,860.0,0.25205479452054796,2026-12-31,116.53999999999999,114.66,118.42,153.61,20.0,0.1810384631347656,743.2899780273438,0.040279998779296874,0.0023986015
QQQ,put,925.0,0.25205479452054796,2026-12-31,218.4,216.9,219.9,223.51,281.0,0.6184577949523928,743.2899780273438,0.040279998779296874,0.0023986015
QQQ,put,930.0,0.25205479452054796,2026-12-31,223.39499999999998,221.76,225.03,229.51,28.0,0.6259650440979005,743.2899780273438,0.040279998779296874,0.0023986015
QQQ,put,935.0,0.25205479452054796,2026-12-31,191.54,189.66,193.42,228.61,20.0,0.25833871551513676,743.2899780273438,0.040279998779296874,0.0023986015
QQQ,call,230.0,0.29315068493150687,2027-01-15,515.96,514.12,517.8,491.0,61.0,1.1323285571289063,743.2899780273438,0.040279998779296874,0.0023986015
QQQ,call,315.0,0.29315068493150687,2027-01-15,431.65,429.88,433.42,398.38,11.0,0.8840343627929688,743.2899780273438,0.040279998779296874,0.0023986015
QQQ,call,450.0,0.29315068493150687,2027-01-15,299.72,297.86,301.58,295.27,12.0,0.6348303118896486,743.2899780273438,0.040279998779296874,0.0023986015
QQQ,call,525.0,0.29315068493150687,2027-01-15,226.85,224.98,228.72,228.52,31.0,0.5086108709716797,743.2899780273438,0.040279998779296874,0.0023986015
QQQ,call,605.0,0.29315068493150687,2027-01-15,150.625,150.1,151.15,145.83,15.0,0.39407954559326175,743.2899780273438,0.040279998779296874,0.0023986015
QQQ,call,630.0,0.29315068493150687,2027-01-15,127.58500000000001,127.05,128.12,121.73,41.0,0.3599154585266113,743.2899780273438,0.040279998779296874,0.0023986015
QQQ,call,635.0,0.29315068493150687,2027-01-15,123.24000000000001,122.72,123.76,116.31,15.0,0.3549564016723632,743.2899780273438,0.040279998779296874,0.0023986015
QQQ,call,645.0,0.29315068493150687,2027-01-15,114.0,113.53,114.47,107.67,44.0,0.33919423019409173,743.2899780273438,0.040279998779296874,0.0023986015
QQQ,call,655.0,0.29315068493150687,2027-01-15,105.355,104.9,105.81,84.2,14.0,0.32829956375122066,743.2899780273438,0.040279998779296874,0.0023986015
QQQ,call,685.0,0.29315068493150687,2027-01-15,80.08500000000001,79.65,80.52,76.61,18.0,0.2945169425964355,743.2899780273438,0.040279998779296874,0.0023986015
QQQ,call,705.0,0.29315068493150687,2027-01-15,64.22,63.83,64.61,59.45,22.0,0.27245295425415034,743.2899780273438,0.040279998779296874,0.0023986015
QQQ,call,720.0,0.29315068493150687,2027-01-15,53.370000000000005,53.04,53.7,53.2,41.0,0.2585065605163575,743.2899780273438,0.040279998779296874,0.0023986015
QQQ,call,725.0,0.29315068493150687,2027-01-15,49.985,49.55,50.42,50.02,15.0,0.2551954364013672,743.2899780273438,0.040279998779296874,0.0023986015
QQQ,call,735.0,0.29315068493150687,2027-01-15,43.445,43.07,43.82,43.7,56.0,0.2466811172485352,743.2899780273438,0.040279998779296874,0.0023986015
QQQ,call,740.0,0.29315068493150687,2027-01-15,40.155,39.85,40.46,40.2,40.0,0.24120326675415038,743.2899780273438,0.040279998779296874,0.0023986015
QQQ,call,745.0,0.29315068493150687,2027-01-15,37.265,36.97,37.56,37.34,86.0,0.238014211730957,743.2899780273438,0.040279998779296874,0.0023986015
QQQ,call,750.0,0.29315068493150687,2027-01-15,34.21,34.13,34.29,34.11,184.0,0.23190312782287595,743.2899780273438,0.040279998779296874,0.0023986015
QQQ,call,755.0,0.29315068493150687,2027-01-15,31.535,31.37,31.7,30.18,10.0,0.2293625648498535,743.2899780273438,0.040279998779296874,0.0023986015
QQQ,call,760.0,0.29315068493150687,2027-01-15,28.955,28.85,29.06,29.35,111.0,0.22583781982421874,743.2899780273438,0.040279998779296874,0.0023986015
QQQ,call,765.0,0.29315068493150687,2027-01-15,26.52,26.4,26.64,25.9,42.0,0.2230073427581787,743.2899780273438,0.040279998779296874,0.0023986015
QQQ,call,770.0,0.29315068493150687,2027-01-15,24.215,24.11,24.32,23.6,150.0,0.22010057250976559,743.2899780273438,0.040279998779296874,0.0023986015
QQQ,call,775.0,0.29315068493150687,2027-01-15,22.045,21.95,22.14,22.23,104.0,0.21735401794433595,743.2899780273438,0.040279998779296874,0.0023986015
QQQ,call,780.0,0.29315068493150687,2027-01-15,20.04,19.95,20.13,19.83,63.0,0.21498892929077146,743.2899780273438,0.040279998779296874,0.0023986015
QQQ,call,790.0,0.29315068493150687,2027-01-15,16.485,16.38,16.59,16.33,16.0,0.21123530471801755,743.2899780273438,0.040279998779296874,0.0023986015
QQQ,call,800.0,0.29315068493150687,2027-01-15,13.365,13.3,13.43,13.3,436.0,0.20713073150634764,743.2899780273438,0.040279998779296874,0.0023986015
QQQ,call,810.0,0.29315068493150687,2027-01-15,10.775,10.71,10.84,10.72,44.0,0.20421633193969724,743.2899780273438,0.040279998779296874,0.0023986015
QQQ,call,820.0,0.29315068493150687,2027-01-15,8.629999999999999,8.57,8.69,8.58,24.0,0.2018665019226074,743.2899780273438,0.040279998779296874,0.0023986015
QQQ,call,830.0,0.29315068493150687,2027-01-15,6.880000000000001,6.82,6.94,6.96,79.0,0.2001727932739258,743.2899780273438,0.040279998779296874,0.0023986015
QQQ,call,845.0,0.29315068493150687,2027-01-15,4.895,4.82,4.97,4.22,22.0,0.1991046887207031,743.2899780273438,0.040279998779296874,0.0023986015
QQQ,call,850.0,0.29315068493150687,2027-01-15,4.35,4.3,4.4,4.25,173.0,0.1984180500793457,743.2899780273438,0.040279998779296874,0.0023986015
QQQ,call,855.0,0.29315068493150687,2027-01-15,3.85,3.79,3.91,3.02,105.0,0.1980671014404297,743.2899780273438,0.040279998779296874,0.0023986015
QQQ,call,870.0,0.29315068493150687,2027-01-15,2.7199999999999998,2.67,2.77,2.31,41.0,0.1980671014404297,743.2899780273438,0.040279998779296874,0.0023986015
QQQ,call,875.0,0.29315068493150687,2027-01-15,2.43,2.37,2.49,2.04,47.0,0.19855537780761717,743.2899780273438,0.040279998779296874,0.0023986015
QQQ,call,880.0,0.29315068493150687,2027-01-15,2.1550000000000002,2.1,2.21,1.64,27.0,0.19855537780761717,743.2899780273438,0.040279998779296874,0.0023986015
QQQ,call,900.0,0.29315068493150687,2027-01-15,1.3599999999999999,1.32,1.4,1.38,209.0,0.19977606872558595,743.2899780273438,0.040279998779296874,0.0023986015
QQQ,call,920.0,0.29315068493150687,2027-01-15,0.885,0.83,0.94,0.64,90.0,0.20337710693359373,743.2899780273438,0.040279998779296874,0.0023986015
QQQ,call,925.0,0.29315068493150687,2027-01-15,0.7849999999999999,0.74,0.83,0.65,30.0,0.2034991760253906,743.2899780273438,0.040279998779296874,0.0023986015
QQQ,call,930.0,0.29315068493150687,2027-01-15,0.71,0.66,0.76,0.59,47.0,0.20471986694335934,743.2899780273438,0.040279998779296874,0.0023986015
QQQ,call,935.0,0.29315068493150687,2027-01-15,0.635,0.59,0.68,0.48,28.0,0.20520814331054685,743.2899780273438,0.040279998779296874,0.0023986015
QQQ,call,1000.0,0.29315068493150687,2027-01-15,0.16999999999999998,0.16,0.18,0.16,87.0,0.21509573974609375,743.2899780273438,0.040279998779296874,0.0023986015
QQQ,call,1035.0,0.29315068493150687,2027-01-15,0.115,0.07,0.16,0.1,10.0,0.23365024169921872,743.2899780273438,0.040279998779296874,0.0023986015
QQQ,call,1055.0,0.29315068493150687,2027-01-15,0.08,0.03,0.13,0.13,53.0,0.24024197265624997,743.2899780273438,0.040279998779296874,0.0023986015
QQQ,call,1060.0,0.29315068493150687,2027-01-15,0.08,0.03,0.13,0.05,1000.0,0.24292749267578123,743.2899780273438,0.040279998779296874,0.0023986015
QQQ,call,1080.0,0.29315068493150687,2027-01-15,0.07,0.03,0.11,0.08,600.0,0.2500075,743.2899780273438,0.040279998779296874,0.0023986015
QQQ,put,210.0,0.29315068493150687,2027-01-15,0.055,0.01,0.1,0.07,40.0,0.7656273437500001,743.2899780273438,0.040279998779296874,0.0023986015
QQQ,put,215.0,0.29315068493150687,2027-01-15,0.065,0.03,0.1,0.07,15.0,0.76367423828125,743.2899780273438,0.040279998779296874,0.0023986015
QQQ,put,225.0,0.29315068493150687,2027-01-15,0.07,0.03,0.11,0.14,38.0,0.7402369726562499,743.2899780273438,0.040279998779296874,0.0023986015
QQQ,put,230.0,0.29315068493150687,2027-01-15,0.07500000000000001,0.01,0.14,0.13,171.0,0.7324245507812499,743.2899780273438,0.040279998779296874,0.0023986015
QQQ,put,245.0,0.29315068493150687,2027-01-15,0.07,0.01,0.13,0.17,64.0,0.6894562304687502,743.2899780273438,0.040279998779296874,0.0023986015
QQQ,put,260.0,0.29315068493150687,2027-01-15,0.1,0.06,0.14,0.09,50.0,0.6757844921875001,743.2899780273438,0.040279998779296874,0.0023986015
QQQ,put,275.0,0.29315068493150687,2027-01-15,0.11499999999999999,0.08,0.15,0.13,10.0,0.65039412109375,743.2899780273438,0.040279998779296874,0.0023986015
QQQ,put,280.0,0.29315068493150687,2027-01-15,0.15,0.09,0.21,0.16,10.0,0.6552768847656252,743.2899780273438,0.040279998779296874,0.0023986015
QQQ,put,285.0,0.29315068493150687,2027-01-15,0.12,0.09,0.15,0.15,20.0,0.629886513671875,743.2899780273438,0.040279998779296874,0.0023986015
QQQ,put,290.0,0.29315068493150687,2027-01-15,0.14,0.11,0.17,0.15,24.0,0.6289099609375001,743.2899780273438,0.040279998779296874,0.0023986015
QQQ,put,295.0,0.29315068493150687,2027-01-15,0.15000000000000002,0.1,0.2,0.19,27.0,0.622074091796875,743.2899780273438,0.040279998779296874,0.0023986015
QQQ,put,360.0,0.29315068493150687,2027-01-15,0.33,0.28,0.38,0.45,12.0,0.5395553857421876,743.2899780273438,0.040279998779296874,0.0023986015
QQQ,put,385.0,0.29315068493150687,2027-01-15,0.435,0.4,0.47,0.46,319.0,0.5097705273437501,743.2899780273438,0.040279998779296874,0.0023986015
QQQ,put,400.0,0.29315068493150687,2027-01-15,0.52,0.49,0.55,0.57,112.0,0.49707534179687507,743.2899780273438,0.040279998779296874,0.0023986015
QQQ,put,435.0,0.29315068493150687,2027-01-15,0.74,0.7,0.78,0.8,60.0,0.45703667968750006,743.2899780273438,0.040279998779296874,0.0023986015
QQQ,put,450.0,0.29315068493150687,2027-01-15,0.865,0.83,0.9,0.87,10.0,0.4401911450195312,743.2899780273438,0.040279998779296874,0.0023986015
QQQ,put,455.0,0.29315068493150687,2027-01-15,0.9099999999999999,0.87,0.95,1.0,50.0,0.43494217407226565,743.2899780273438,0.040279998779296874,0.0023986015
QQQ,put,505.0,0.29315068493150687,2027-01-15,1.525,1.49,1.56,1.66,100.0,0.38233039550781245,743.2899780273438,0.040279998779296874,0.0023986015
QQQ,put,510.0,0.29315068493150687,2027-01-15,1.605,1.58,1.63,1.76,15.0,0.3767762518310547,743.2899780273438,0.040279998779296874,0.0023986015
QQQ,put,515.0,0.29315068493150687,2027-01-15,1.705,1.66,1.75,1.87,14.0,0.3731141790771484,743.2899780273438,0.040279998779296874,0.0023986015
QQQ,put,520.0,0.29315068493150687,2027-01-15,1.78,1.75,1.81,1.97,159.0,0.36694968994140625,743.2899780273438,0.040279998779296874,0.0023986015
QQQ,put,550.0,0.29315068493150687,2027-01-15,2.46,2.42,2.5,2.6,25.0,0.338324487915039,743.2899780273438,0.040279998779296874,0.0023986015
QQQ,put,555.0,0.29315068493150687,2027-01-15,2.59,2.55,2.63,2.56,100.0,0.33338068969726564,743.2899780273438,0.040279998779296874,0.0023986015
QQQ,put,565.0,0.29315068493150687,2027-01-15,2.9050000000000002,2.87,2.94,3.24,10.0,0.32416447326660147,743.2899780273438,0.040279998779296874,0.0023986015
QQQ,put,575.0,0.29315068493150687,2027-01-15,3.24,3.17,3.31,3.59,10.0,0.3154975677490234,743.2899780273438,0.040279998779296874,0.0023986015
QQQ,put,580.0,0.29315068493150687,2027-01-15,3.44,3.4,3.48,3.7,148.0,0.31049273498535157,743.2899780273438,0.040279998779296874,0.0023986015
QQQ,put,600.0,0.29315068493150687,2027-01-15,4.33,4.27,4.39,4.32,25.0,0.29279271667480455,743.2899780273438,0.040279998779296874,0.0023986015
QQQ,put,605.0,0.29315068493150687,2027-01-15,4.615,4.55,4.68,4.57,100.0,0.288794953918457,743.2899780273438,0.040279998779296874,0.0023986015
QQQ,put,625.0,0.29315068493150687,2027-01-15,5.92,5.86,5.98,6.6,62.0,0.2719494192504882,743.2899780273438,0.040279998779296874,0.0023986015
QQQ,put,630.0,0.29315068493150687,2027-01-15,6.295,6.23,6.36,6.3,17.0,0.26772277694702146,743.2899780273438,0.040279998779296874,0.0023986015
QQQ,put,635.0,0.29315068493150687,2027-01-15,6.715,6.64,6.79,6.77,11.0,0.26381656600952147,743.2899780273438,0.040279998779296874,0.0023986015
QQQ,put,640.0,0.29315068493150687,2027-01-15,7.165,7.09,7.24,7.13,107.0,0.2598035446166992,743.2899780273438,0.040279998779296874,0.0023986015
QQQ,put,645.0,0.29315068493150687,2027-01-15,7.640000000000001,7.58,7.7,7.67,107.0,0.2555311264038086,743.2899780273438,0.040279998779296874,0.0023986015
QQQ,put,650.0,0.29315068493150687,2027-01-15,8.15,8.09,8.21,8.23,246.0,0.2514875877380371,743.2899780273438,0.040279998779296874,0.0023986015
QQQ,put,655.0,0.29315068493150687,2027-01-15,8.73,8.68,8.78,8.79,214.0,0.24768818725585937,743.2899780273438,0.040279998779296874,0.0023986015
QQQ,put,660.0,0.29315068493150687,2027-01-15,9.335,9.28,9.39,9.15,103.0,0.24388878677368164,743.2899780273438,0.040279998779296874,0.0023986015
QQQ,put,665.0,0.29315068493150687,2027-01-15,9.955,9.88,10.03,9.94,103.0,0.239967317199707,743.2899780273438,0.040279998779296874,0.0023986015
QQQ,put,690.0,0.29315068493150687,2027-01-15,14.094999999999999,13.91,14.28,14.05,76.0,0.22266402343749997,743.2899780273438,0.040279998779296874,0.0023986015
QQQ,put,695.0,0.29315068493150687,2027-01-15,14.985,14.91,15.06,15.11,14.0,0.21724720748901366,743.2899780273438,0.040279998779296874,0.0023986015
QQQ,put,700.0,0.29315068493150687,2027-01-15,16.07,15.98,16.16,16.09,487.0,0.2137377210998535,743.2899780273438,0.040279998779296874,0.0023986015
QQQ,put,705.0,0.29315068493150687,2027-01-15,17.23,17.14,17.32,16.99,52.0,0.21010616561889645,743.2899780273438,0.040279998779296874,0.0023986015
QQQ,put,715.0,0.29315068493150687,2027-01-15,19.78,19.7,19.86,21.3,37.0,0.20261417510986324,743.2899780273438,0.040279998779296874,0.0023986015
QQQ,put,720.0,0.29315068493150687,2027-01-15,21.285,21.18,21.39,21.02,12.0,0.19966925827026366,743.2899780273438,0.040279998779296874,0.0023986015
QQQ,put,725.0,0.29315068493150687,2027-01-15,22.795,22.7,22.89,22.49,12.0,0.19585459915161135,743.2899780273438,0.040279998779296874,0.0023986015
QQQ,put,730.0,0.29315068493150687,2027-01-15,24.465000000000003,24.42,24.51,24.0,16.0,0.19213149185180667,743.2899780273438,0.040279998779296874,0.0023986015
QQQ,put,735.0,0.29315068493150687,2027-01-15,26.225,26.13,26.32,26.11,14.0,0.18889666091918944,743.2899780273438,0.040279998779296874,0.0023986015
QQQ,put,740.0,0.29315068493150687,2027-01-15,28.134999999999998,28.03,28.24,28.0,70.0,0.18560079544067382,743.2899780273438,0.040279998779296874,0.0023986015
QQQ,put,745.0,0.29315068493150687,2027-01-15,30.165,30.04,30.29,30.3,107.0,0.1823125592803955,743.2899780273438,0.040279998779296874,0.0023986015
QQQ,put,750.0,0.29315068493150687,2027-01-15,32.395,32.27,32.52,32.44,11.0,0.17932949584960936,743.2899780273438,0.040279998779296874,0.0023986015
QQQ,put,760.0,0.29315068493150687,2027-01-15,37.155,37.01,37.3,39.79,51.0,0.17272250625610353,743.2899780273438,0.040279998779296874,0.0023986015
QQQ,put,770.0,0.29315068493150687,2027-01-15,42.77,42.45,43.09,47.09,11.0,0.16886207122802738,743.2899780273438,0.040279998779296874,0.0023986015
QQQ,put,785.0,0.29315068493150687,2027-01-15,51.915,51.53,52.3,55.91,11.0,0.15908128524780274,743.2899780273438,0.040279998779296874,0.0023986015
QQQ,put,805.0,0.29315068493150687,2027-01-15,65.785,64.5,67.07,70.58,12.0,0.1488274815368652,743.2899780273438,0.040279998779296874,0.0023986015
QQQ,put,825.0,0.29315068493150687,2027-01-15,82.74000000000001,81.2,84.28,88.44,11.0,0.14350221740722657,743.2899780273438,0.040279998779296874,0.0023986015
QQQ,put,830.0,0.29315068493150687,2027-01-15,86.995,85.7,88.29,91.5,353.0,0.13324841369628904,743.2899780273438,0.040279998779296874,0.0023986015
QQQ,put,870.0,0.29315068493150687,2027-01-15,127.065,125.37,128.76,160.25,13.0,0.18524984680175777,743.2899780273438,0.040279998779296874,0.0023986015
QQQ,put,910.0,0.29315068493150687,2027-01-15,203.38,201.68,205.08,203.93,42.0,0.5522963471984863,743.2899780273438,0.040279998779296874,0.0023986015
QQQ,put,915.0,0.29315068493150687,2027-01-15,208.38,206.68,210.08,206.88,854.0,0.5595441995239258,743.2899780273438,0.040279998779296874,0.0023986015
QQQ,put,930.0,0.29315068493150687,2027-01-15,223.38,221.68,225.08,219.17,848.0,0.580784221496582,743.2899780273438,0.040279998779296874,0.0023986015
QQQ,put,990.0,0.29315068493150687,2027-01-15,283.38,281.68,285.08,288.59,64.0,0.6592746475219727,743.2899780273438,0.040279998779296874,0.0023986015
QQQ,put,1000.0,0.29315068493150687,2027-01-15,293.39,291.84,294.94,299.47,30.0,0.6715425912475587,743.2899780273438,0.040279998779296874,0.0023986015
QQQ,put,1040.0,0.29315068493150687,2027-01-15,296.735,294.96,298.51,334.39,20.0,0.32807068420410157,743.2899780273438,0.040279998779296874,0.0023986015
QQQ,call,490.0,0.38904109589041097,2027-02-19,263.66499999999996,261.83,265.5,226.48,10.0,0.5369003829956055,743.2899780273438,0.040279998779296874,0.0023986015
QQQ,call,560.0,0.38904109589041097,2027-02-19,196.69,196.11,197.27,161.47,10.0,0.44038950729370113,743.2899780273438,0.040279998779296874,0.0023986015
QQQ,call,715.0,0.38904109589041097,2027-02-19,63.855000000000004,63.45,64.26,62.5,20.0,0.26843993286132806,743.2899780273438,0.040279998779296874,0.0023986015
QQQ,call,775.0,0.38904109589041097,2027-02-19,28.990000000000002,28.72,29.26,25.62,11.0,0.22852333984375,743.2899780273438,0.040279998779296874,0.0023986015
QQQ,call,795.0,0.38904109589041097,2027-02-19,21.075,20.95,21.2,19.18,17.0,0.2194444511413574,743.2899780273438,0.040279998779296874,0.0023986015
QQQ,call,810.0,0.38904109589041097,2027-02-19,16.314999999999998,16.2,16.43,14.55,789.0,0.21447013565063477,743.2899780273438,0.040279998779296874,0.0023986015
QQQ,call,815.0,0.38904109589041097,2027-02-19,14.865,14.64,15.09,12.68,13.0,0.21332573791503906,743.2899780273438,0.040279998779296874,0.0023986015
QQQ,call,825.0,0.38904109589041097,2027-02-19,12.469999999999999,12.36,12.58,12.44,13.0,0.21054866607666017,743.2899780273438,0.040279998779296874,0.0023986015
QQQ,call,865.0,0.38904109589041097,2027-02-19,5.859999999999999,5.77,5.95,6.03,87.0,0.2046588323974609,743.2899780273438,0.040279998779296874,0.0023986015
QQQ,call,875.0,0.38904109589041097,2027-02-19,4.875,4.77,4.98,4.15,25.0,0.20478090148925776,743.2899780273438,0.040279998779296874,0.0023986015
QQQ,call,890.0,0.38904109589041097,2027-02-19,3.6100000000000003,3.52,3.7,3.77,17.0,0.2038043487548828,743.2899780273438,0.040279998779296874,0.0023986015
QQQ,call,925.0,0.38904109589041097,2027-02-19,1.8599999999999999,1.78,1.94,1.62,25.0,0.20536072967529295,743.2899780273438,0.040279998779296874,0.0023986015
QQQ,call,950.0,0.38904109589041097,2027-02-19,1.1600000000000001,1.09,1.23,0.91,12.0,0.20722228332519527,743.2899780273438,0.040279998779296874,0.0023986015
QQQ,call,970.0,0.38904109589041097,2027-02-19,0.815,0.75,0.88,0.67,15.0,0.2098467687988281,743.2899780273438,0.040279998779296874,0.0023986015
QQQ,call,975.0,0.38904109589041097,2027-02-19,0.755,0.7,0.81,0.89,10.0,0.21051814880371095,743.2899780273438,0.040279998779296874,0.0023986015
QQQ,call,985.0,0.38904109589041097,2027-02-19,0.645,0.59,0.7,0.55,48.0,0.2124102197265625,743.2899780273438,0.040279998779296874,0.0023986015
QQQ,call,1035.0,0.38904109589041097,2027-02-19,0.33999999999999997,0.25,0.43,0.17,61.0,0.22791299438476562,743.2899780273438,0.040279998779296874,0.0023986015
QQQ,call,1080.0,0.38904109589041097,2027-02-19,0.20500000000000002,0.13,0.28,0.15,10.0,0.2399978344726562,743.2899780273438,0.040279998779296874,0.0023986015
QQQ,put,380.0,0.38904109589041097,2027-02-19,0.6799999999999999,0.63,0.73,1.15,100.0,0.48242705078125003,743.2899780273438,0.040279998779296874,0.0023986015
QQQ,put,385.0,0.38904109589041097,2027-02-19,0.72,0.66,0.78,1.12,10.0,0.4781546325683594,743.2899780273438,0.040279998779296874,0.0023986015
QQQ,put,400.0,0.38904109589041097,2027-02-19,0.835,0.77,0.9,0.92,361.0,0.4621635815429688,743.2899780273438,0.040279998779296874,0.0023986015
QQQ,put,425.0,0.38904109589041097,2027-02-19,1.0750000000000002,1.03,1.12,1.02,10.0,0.4351863122558594,743.2899780273438,0.040279998779296874,0.0023986015
QQQ,put,440.0,0.38904109589041097,2027-02-19,1.245,1.19,1.3,1.35,37.0,0.4206600903320313,743.2899780273438,0.040279998779296874,0.0023986015
QQQ,put,445.0,0.38904109589041097,2027-02-19,1.31,1.24,1.38,1.48,58.0,0.41663181030273433,743.2899780273438,0.040279998779296874,0.0023986015
QQQ,put,465.0,0.38904109589041097,2027-02-19,1.585,1.53,1.64,1.68,75.0,0.39624627197265627,743.2899780273438,0.040279998779296874,0.0023986015
QQQ,put,490.0,0.38904109589041097,2027-02-19,2.02,1.97,2.07,2.09,50.0,0.3726869372558594,743.2899780273438,0.040279998779296874,0.0023986015
QQQ,put,530.0,0.38904109589041097,2027-02-19,3.0,2.92,3.08,3.25,10.0,0.33792776336669916,743.2899780273438,0.040279998779296874,0.0023986015
QQQ,put,540.0,0.38904109589041097,2027-02-19,3.3200000000000003,3.24,3.4,3.5,15.0,0.32938292694091786,743.2899780273438,0.040279998779296874,0.0023986015
QQQ,put,545.0,0.38904109589041097,2027-02-19,3.4699999999999998,3.36,3.58,3.65,13.0,0.3252630950927734,743.2899780273438,0.040279998779296874,0.0023986015
QQQ,put,550.0,0.38904109589041097,2027-02-19,3.675,3.59,3.76,3.92,10.0,0.3209906768798828,743.2899780273438,0.040279998779296874,0.0023986015
QQQ,put,555.0,0.38904109589041097,2027-02-19,3.845,3.74,3.95,4.14,10.0,0.31674877593994133,743.2899780273438,0.040279998779296874,0.0023986015
QQQ,put,570.0,0.38904109589041097,2027-02-19,4.495,4.41,4.58,5.01,10.0,0.30405359039306634,743.2899780273438,0.040279998779296874,0.0023986015
QQQ,put,580.0,0.38904109589041097,2027-02-19,5.015,4.93,5.1,5.35,11.0,0.2963022030639648,743.2899780273438,0.040279998779296874,0.0023986015
QQQ,put,610.0,0.38904109589041097,2027-02-19,6.96,6.88,7.04,7.4,42.0,0.27307855834960937,743.2899780273438,0.040279998779296874,0.0023986015
QQQ,put,615.0,0.38904109589041097,2027-02-19,7.325,7.2,7.45,8.08,100.0,0.2694470028686523,743.2899780273438,0.040279998779296874,0.0023986015
QQQ,put,660.0,0.38904109589041097,2027-02-19,12.36,12.25,12.47,13.09,39.0,0.23722076263427733,743.2899780273438,0.040279998779296874,0.0023986015
QQQ,put,675.0,0.38904109589041097,2027-02-19,14.725000000000001,14.55,14.9,15.71,25.0,0.22705851074218747,743.2899780273438,0.040279998779296874,0.0023986015
QQQ,put,690.0,0.38904109589041097,2027-02-19,17.735,17.63,17.84,17.89,13.0,0.2171251383972168,743.2899780273438,0.040279998779296874,0.0023986015
QQQ,put,720.0,0.38904109589041097,2027-02-19,25.545,25.4,25.69,25.5,55.0,0.19802132553100588,743.2899780273438,0.040279998779296874,0.0023986015
QQQ,put,725.0,0.38904109589041097,2027-02-19,27.13,26.97,27.29,27.98,10.0,0.1948475291442871,743.2899780273438,0.040279998779296874,0.0023986015
QQQ,put,750.0,0.38904109589041097,2027-02-19,36.84,36.67,37.01,39.83,12.0,0.18006953971862794,743.2899780273438,0.040279998779296874,0.0023986015
QQQ,put,795.0,0.38904109589041097,2027-02-19,62.065,60.23,63.9,66.07,86.0,0.16434551483154297,743.2899780273438,0.040279998779296874,0.0023986015
QQQ,put,810.0,0.38904109589041097,2027-02-19,73.12,72.68,73.56,71.35,15.0,0.1480492910766602,743.2899780273438,0.040279998779296874,0.0023986015
QQQ,put,815.0,0.38904109589041097,2027-02-19,76.625,76.16,77.09,108.95,11.0,0.14215945739746094,743.2899780273438,0.040279998779296874,0.0023986015
QQQ,put,820.0,0.38904109589041097,2027-02-19,80.755,80.33,81.18,77.62,166.0,0.13980962738037112,743.2899780273438,0.040279998779296874,0.0023986015
QQQ,put,845.0,0.38904109589041097,2027-02-19,102.565,102.02,103.11,100.02,37.0,0.12690082092285154,743.2899780273438,0.040279998779296874,0.0023986015
QQQ,put,850.0,0.38904109589041097,2027-02-19,106.945,106.44,107.45,105.09,23.0,0.11664701721191406,743.2899780273438,0.040279998779296874,0.0023986015
QQQ,call,435.0,0.4657534246575342,2027-03-19,299.03,297.35,300.71,322.69,10.0,1.0000000000000003e-05,743.2899780273438,0.040279998779296874,0.0023986015
QQQ,call,475.0,0.4657534246575342,2027-03-19,280.66999999999996,278.76,282.58,253.71,20.0,0.5459029785156251,743.2899780273438,0.040279998779296874,0.0023986015
QQQ,call,515.0,0.4657534246575342,2027-03-19,242.22,240.38,244.06,237.22,40.0,0.5057117300415038,743.2899780273438,0.040279998779296874,0.0023986015
QQQ,call,525.0,0.4657534246575342,2027-03-19,233.10500000000002,231.21,235.0,230.9,20.0,0.49564102996826176,743.2899780273438,0.040279998779296874,0.0023986015
QQQ,call,600.0,0.4657534246575342,2027-03-19,164.36,163.09,165.63,157.59,27.0,0.39818411880493165,743.2899780273438,0.040279998779296874,0.0023986015
QQQ,call,660.0,0.4657534246575342,2027-03-19,112.41,111.13,113.69,114.7,19.0,0.3326330165100098,743.2899780273438,0.040279998779296874,0.0023986015
QQQ,call,680.0,0.4657534246575342,2027-03-19,95.335,94.85,95.82,96.8,13.0,0.3033822103881836,743.2899780273438,0.040279998779296874,0.0023986015
QQQ,call,700.0,0.4657534246575342,2027-03-19,80.32499999999999,79.85,80.8,75.84,16.0,0.28733012481689446,743.2899780273438,0.040279998779296874,0.0023986015
QQQ,call,705.0,0.4657534246575342,2027-03-19,76.715,76.26,77.17,78.54,14.0,0.2833476206970214,743.2899780273438,0.040279998779296874,0.0023986015
QQQ,call,720.0,0.4657534246575342,2027-03-19,66.285,65.84,66.73,63.0,25.0,0.27204860038757317,743.2899780273438,0.040279998779296874,0.0023986015
QQQ,call,750.0,0.4657534246575342,2027-03-19,47.705,47.31,48.1,48.11,24.0,0.25225051956176753,743.2899780273438,0.040279998779296874,0.0023986015
QQQ,call,755.0,0.4657534246575342,2027-03-19,44.894999999999996,44.62,45.17,41.3,43.0,0.24858844680786135,743.2899780273438,0.040279998779296874,0.0023986015
QQQ,call,775.0,0.4657534246575342,2027-03-19,34.865,34.74,34.99,32.34,141.0,0.23769378036499017,743.2899780273438,0.040279998779296874,0.0023986015
QQQ,call,790.0,0.4657534246575342,2027-03-19,28.275,28.0,28.55,25.54,27.0,0.2312317478179932,743.2899780273438,0.040279998779296874,0.0023986015
QQQ,call,795.0,0.4657534246575342,2027-03-19,26.385,26.26,26.51,23.71,114.0,0.22878273666381838,743.2899780273438,0.040279998779296874,0.0023986015
QQQ,call,810.0,0.4657534246575342,2027-03-19,21.174999999999997,21.06,21.29,18.84,50.0,0.22359480026245115,743.2899780273438,0.040279998779296874,0.0023986015
QQQ,call,815.0,0.4657534246575342,2027-03-19,19.61,19.36,19.86,17.83,110.0,0.22272505798339842,743.2899780273438,0.040279998779296874,0.0023986015
QQQ,call,830.0,0.4657534246575342,2027-03-19,15.545,15.44,15.65,13.68,13.0,0.21806354454040525,743.2899780273438,0.040279998779296874,0.0023986015
QQQ,call,835.0,0.4657534246575342,2027-03-19,14.309999999999999,14.1,14.52,12.5,17.0,0.2173082420349121,743.2899780273438,0.040279998779296874,0.0023986015
QQQ,call,840.0,0.4657534246575342,2027-03-19,13.25,13.15,13.35,11.63,39.0,0.21588918884277342,743.2899780273438,0.040279998779296874,0.0023986015
QQQ,call,845.0,0.4657534246575342,2027-03-19,12.225,12.12,12.33,10.71,31.0,0.215027075881958,743.2899780273438,0.040279998779296874,0.0023986015
QQQ,call,850.0,0.4657534246575342,2027-03-19,11.27,11.18,11.36,11.48,10.0,0.2140886697387695,743.2899780273438,0.040279998779296874,0.0023986015
QQQ,call,855.0,0.4657534246575342,2027-03-19,10.370000000000001,10.27,10.47,9.06,23.0,0.21331047927856445,743.2899780273438,0.040279998779296874,0.0023986015
QQQ,call,890.0,0.4657534246575342,2027-03-19,5.82,5.73,5.91,6.41,17.0,0.21039607971191404,743.2899780273438,0.040279998779296874,0.0023986015
QQQ,call,920.0,0.4657534246575342,2027-03-19,3.54,3.46,3.62,3.63,300.0,0.21012142425537106,743.2899780273438,0.040279998779296874,0.0023986015
QQQ,call,965.0,0.4657534246575342,2027-03-19,1.7,1.63,1.77,1.92,75.0,0.2122881506347656,743.2899780273438,0.040279998779296874,0.0023986015
QQQ,call,990.0,0.4657534246575342,2027-03-19,1.155,1.09,1.22,1.02,10.0,0.21469901519775392,743.2899780273438,0.040279998779296874,0.0023986015
QQQ,call,1005.0,0.4657534246575342,2027-03-19,0.9450000000000001,0.88,1.01,1.11,20.0,0.2172929833984375,743.2899780273438,0.040279998779296874,0.0023986015
QQQ,call,1015.0,0.4657534246575342,2027-03-19,0.8200000000000001,0.76,0.88,0.67,31.0,0.21851367431640623,743.2899780273438,0.040279998779296874,0.0023986015
QQQ,call,1030.0,0.4657534246575342,2027-03-19,0.665,0.61,0.72,0.46,316.0,0.2205888488769531,743.2899780273438,0.040279998779296874,0.0023986015
QQQ,call,1045.0,0.4657534246575342,2027-03-19,0.55,0.49,0.61,0.74,13.0,0.2235185070800781,743.2899780273438,0.040279998779296874,0.0023986015
QQQ,call,1050.0,0.4657534246575342,2027-03-19,0.52,0.46,0.58,0.57,260.0,0.22461712890624996,743.2899780273438,0.040279998779296874,0.0023986015
QQQ,call,1065.0,0.4657534246575342,2027-03-19,0.565,0.5,0.63,0.57,39.0,0.23499300170898438,743.2899780273438,0.040279998779296874,0.0023986015
QQQ,call,1080.0,0.4657534246575342,2027-03-19,0.37,0.31,0.43,0.3,300.0,0.2309647216796875,743.2899780273438,0.040279998779296874,0.0023986015
QQQ,call,1110.0,0.4657534246575342,2027-03-19,0.28,0.22,0.34,0.32,25.0,0.23853300537109373,743.2899780273438,0.040279998779296874,0.0023986015
QQQ,put,285.0,0.4657534246575342,2027-03-19,0.34,0.28,0.4,0.4,30.0,0.5585981640625001,743.2899780273438,0.040279998779296874,0.0023986015
QQQ,put,335.0,0.4657534246575342,2027-03-19,0.6000000000000001,0.54,0.66,0.61,22.0,0.5036670727539063,743.2899780273438,0.040279998779296874,0.0023986015
QQQ,put,365.0,0.4657534246575342,2027-03-19,0.86,0.76,0.96,1.15,40.0,0.48340360351562506,743.2899780273438,0.040279998779296874,0.0023986015
QQQ,put,395.0,0.4657534246575342,2027-03-19,1.115,1.05,1.18,1.25,3000.0,0.44788149780273434,743.2899780273438,0.040279998779296874,0.0023986015
QQQ,put,400.0,0.4657534246575342,2027-03-19,1.175,1.11,1.24,1.33,12.0,0.44324287231445314,743.2899780273438,0.040279998779296874,0.0023986015
QQQ,put,410.0,0.4657534246575342,2027-03-19,1.3199999999999998,1.19,1.45,1.65,55.0,0.43793286682128907,743.2899780273438,0.040279998779296874,0.0023986015
QQQ,put,420.0,0.4657534246575342,2027-03-19,1.42,1.36,1.48,1.64,44.0,0.42352871398925784,743.2899780273438,0.040279998779296874,0.0023986015
QQQ,put,455.0,0.4657534246575342,2027-03-19,1.98,1.91,2.05,2.09,300.0,0.3918517846679687,743.2899780273438,0.040279998779296874,0.0023986015
QQQ,put,460.0,0.4657534246575342,2027-03-19,2.07,2.01,2.13,2.2,301.0,0.3869079864501953,743.2899780273438,0.040279998779296874,0.0023986015
QQQ,put,465.0,0.4657534246575342,2027-03-19,2.19,2.1,2.28,2.25,300.0,0.38410039733886714,743.2899780273438,0.040279998779296874,0.0023986015
QQQ,put,470.0,0.4657534246575342,2027-03-19,2.26,2.19,2.33,2.47,301.0,0.37805797729492185,743.2899780273438,0.040279998779296874,0.0023986015
QQQ,put,525.0,0.4657534246575342,2027-03-19,3.77,3.69,3.85,4.19,415.0,0.3317632742309571,743.2899780273438,0.040279998779296874,0.0023986015
QQQ,put,540.0,0.4657534246575342,2027-03-19,4.35,4.27,4.43,4.55,151.0,0.3198005032348632,743.2899780273438,0.040279998779296874,0.0023986015
QQQ,put,600.0,0.4657534246575342,2027-03-19,7.885,7.8,7.97,7.85,19.0,0.27497062927246096,743.2899780273438,0.040279998779296874,0.0023986015
QQQ,put,610.0,0.4657534246575342,2027-03-19,8.75,8.65,8.85,9.48,210.0,0.26818053604125974,743.2899780273438,0.040279998779296874,0.0023986015
QQQ,put,615.0,0.4657534246575342,2027-03-19,9.21,9.12,9.3,10.05,253.0,0.2645489805603027,743.2899780273438,0.040279998779296874,0.0023986015
QQQ,put,625.0,0.4657534246575342,2027-03-19,10.235,10.14,10.33,10.81,317.0,0.2578046632385254,743.2899780273438,0.040279998779296874,0.0023986015
QQQ,put,650.0,0.4657534246575342,2027-03-19,13.365,13.26,13.47,13.41,26.0,0.24127955993652345,743.2899780273438,0.040279998779296874,0.0023986015
QQQ,put,670.0,0.4657534246575342,2027-03-19,16.619999999999997,16.52,16.72,16.7,12.0,0.22849282257080078,743.2899780273438,0.040279998779296874,0.0023986015
QQQ,put,680.0,0.4657534246575342,2027-03-19,18.545,18.42,18.67,18.56,14.0,0.22237410934448237,743.2899780273438,0.040279998779296874,0.0023986015
QQQ,put,695.0,0.4657534246575342,2027-03-19,21.83,21.63,22.03,23.18,20.0,0.21327996200561522,743.2899780273438,0.040279998779296874,0.0023986015
QQQ,put,705.0,0.4657534246575342,2027-03-19,24.485,24.36,24.61,25.7,29.0,0.20734435241699217,743.2899780273438,0.040279998779296874,0.0023986015
QQQ,put,715.0,0.4657534246575342,2027-03-19,27.345,27.22,27.47,28.52,11.0,0.20134770828247067,743.2899780273438,0.040279998779296874,0.0023986015
QQQ,put,725.0,0.4657534246575342,2027-03-19,30.535,30.43,30.64,30.3,11.0,0.1953281761932373,743.2899780273438,0.040279998779296874,0.0023986015
QQQ,put,735.0,0.4657534246575342,2027-03-19,34.18,34.04,34.32,33.8,41.0,0.19011735183715822,743.2899780273438,0.040279998779296874,0.0023986015
QQQ,put,745.0,0.4657534246575342,2027-03-19,38.135,37.98,38.29,38.13,12.0,0.18443350975036618,743.2899780273438,0.040279998779296874,0.0023986015
QQQ,put,760.0,0.4657534246575342,2027-03-19,44.91,44.76,45.06,45.28,10.0,0.17609466491699222,743.2899780273438,0.040279998779296874,0.0023986015
QQQ,put,780.0,0.4657534246575342,2027-03-19,55.465,55.01,55.92,58.85,42.0,0.16618418052673342,743.2899780273438,0.040279998779296874,0.0023986015
QQQ,put,800.0,0.4657534246575342,2027-03-19,68.03999999999999,67.58,68.5,72.0,14.0,0.1550530052185059,743.2899780273438,0.040279998779296874,0.0023986015
QQQ,put,815.0,0.4657534246575342,2027-03-19,79.37,78.14,80.6,80.16,65.0,0.15601429931640626,743.2899780273438,0.040279998779296874,0.0023986015
QQQ,put,840.0,0.4657534246575342,2027-03-19,99.055,98.52,99.59,100.62,142.0,0.13236341278076175,743.2899780273438,0.040279998779296874,0.0023986015
QQQ,put,855.0,0.4657534246575342,2027-03-19,112.495,111.93,113.06,109.3,248.0,0.124032197265625,743.2899780273438,0.040279998779296874,0.0023986015
QQQ,put,885.0,0.4657534246575342,2027-03-19,178.275,176.5,180.05,152.42,638.0,0.41843232940673825,743.2899780273438,0.040279998779296874,0.0023986015
QQQ,put,890.0,0.4657534246575342,2027-03-19,183.27,181.49,185.05,155.58,345.0,0.42459681854248044,743.2899780273438,0.040279998779296874,0.0023986015
QQQ,put,895.0,0.4657534246575342,2027-03-19,188.265,186.49,190.04,161.29,277.0,0.4306239799499512,743.2899780273438,0.040279998779296874,0.0023986015
QQQ,put,905.0,0.4657534246575342,2027-03-19,198.265,196.48,200.05,170.54,66.0,0.4426325268554688,743.2899780273438,0.040279998779296874,0.0023986015
QQQ,put,910.0,0.4657534246575342,2027-03-19,203.265,201.48,205.05,175.28,30.0,0.4484918432617187,743.2899780273438,0.040279998779296874,0.0023986015
QQQ,put,920.0,0.4657534246575342,2027-03-19,177.055,175.36,178.75,201.24,16.0,0.18689777954101564,743.2899780273438,0.040279998779296874,0.0023986015
QQQ,put,985.0,0.4657534246575342,2027-03-19,241.505,239.65,243.36,266.44,12.0,0.22400678344726557,743.2899780273438,0.040279998779296874,0.0023986015
QQQ,call,440.0,0.4986301369863014,2027-03-31,312.64,310.31,314.97,306.49,17.0,0.5544783322143555,743.2899780273438,0.040279998779296874,0.0023986015
QQQ,call,460.0,0.4986301369863014,2027-03-31,253.62,251.81,255.43,297.38,43.0,1.0000000000000003e-05,743.2899780273438,0.040279998779296874,0.0023986015
QQQ,call,490.0,0.4986301369863014,2027-03-31,266.105,264.44,267.77,264.03,19.0,0.5044910391235352,743.2899780273438,0.040279998779296874,0.0023986015
QQQ,call,500.0,0.4986301369863014,2027-03-31,256.6,254.93,258.27,254.75,34.0,0.5096789755249024,743.2899780273438,0.040279998779296874,0.0023986015
QQQ,call,520.0,0.4986301369863014,2027-03-31,238.12,236.28,239.96,199.74,11.0,0.4885305053710938,743.2899780273438,0.040279998779296874,0.0023986015
QQQ,call,535.0,0.4986301369863014,2027-03-31,224.10000000000002,223.43,224.77,193.26,11.0,0.45822685333251967,743.2899780273438,0.040279998779296874,0.0023986015
QQQ,call,602.0,0.4986301369863014,2027-03-31,162.96,162.27,163.65,142.84,21.0,0.3814606532287597,743.2899780273438,0.040279998779296874,0.0023986015
QQQ,call,604.0,0.4986301369863014,2027-03-31,131.765,130.85,132.68,143.18,62.0,1.0000000000000003e-05,743.2899780273438,0.040279998779296874,0.0023986015
QQQ,call,615.0,0.4986301369863014,2027-03-31,151.56,150.68,152.44,116.5,12.0,0.3695436581420898,743.2899780273438,0.040279998779296874,0.0023986015
QQQ,call,660.0,0.4986301369863014,2027-03-31,112.72,111.22,114.22,111.5,10.0,0.3247595600891113,743.2899780273438,0.040279998779296874,0.0023986015
QQQ,call,700.0,0.4986301369863014,2027-03-31,82.15,81.56,82.74,82.68,35.0,0.28784891845703114,743.2899780273438,0.040279998779296874,0.0023986015
QQQ,call,770.0,0.4986301369863014,2027-03-31,39.03,38.51,39.55,35.73,11.0,0.2427138717651367,743.2899780273438,0.040279998779296874,0.0023986015
QQQ,call,775.0,0.4986301369863014,2027-03-31,36.445,36.13,36.76,33.45,21.0,0.23837278968811035,743.2899780273438,0.040279998779296874,0.0023986015
QQQ,call,795.0,0.4986301369863014,2027-03-31,27.93,27.64,28.22,29.5,29.0,0.2298355825805664,743.2899780273438,0.040279998779296874,0.0023986015
QQQ,call,810.0,0.4986301369863014,2027-03-31,22.805,22.45,23.16,20.14,16.0,0.22613536323547365,743.2899780273438,0.040279998779296874,0.0023986015
QQQ,call,855.0,0.4986301369863014,2027-03-31,11.585,11.28,11.89,9.6,102.0,0.2160417752075195,743.2899780273438,0.040279998779296874,0.0023986015
QQQ,call,880.0,0.4986301369863014,2027-03-31,7.885,7.62,8.15,6.75,200.0,0.2139055661010742,743.2899780273438,0.040279998779296874,0.0023986015
QQQ,call,895.0,0.4986301369863014,2027-03-31,6.23,6.0,6.46,6.32,150.0,0.21303582382202146,743.2899780273438,0.040279998779296874,0.0023986015
QQQ,call,920.0,0.4986301369863014,2027-03-31,4.165,4.01,4.32,4.47,29.0,0.2117693569946289,743.2899780273438,0.040279998779296874,0.0023986015
QQQ,call,955.0,0.4986301369863014,2027-03-31,2.4349999999999996,2.3,2.57,2.15,20.0,0.21341728973388674,743.2899780273438,0.040279998779296874,0.0023986015
QQQ,put,415.0,0.4986301369863014,2027-03-31,1.5350000000000001,1.37,1.7,2.04,22.0,0.4265194067382813,743.2899780273438,0.040279998779296874,0.0023986015
QQQ,put,435.0,0.4986301369863014,2027-03-31,1.8399999999999999,1.68,2.0,2.76,20.0,0.4071104211425781,743.2899780273438,0.040279998779296874,0.0023986015
QQQ,put,485.0,0.4986301369863014,2027-03-31,2.9000000000000004,2.72,3.08,4.17,81.0,0.36298244445800787,743.2899780273438,0.040279998779296874,0.0023986015
QQQ,put,490.0,0.4986301369863014,2027-03-31,3.035,2.85,3.22,3.03,18.0,0.35880157806396484,743.2899780273438,0.040279998779296874,0.0023986015
QQQ,put,525.0,0.4986301369863014,2027-03-31,4.145,4.0,4.29,4.54,29.0,0.32855896057128897,743.2899780273438,0.040279998779296874,0.0023986015
QQQ,put,544.0,0.4986301369863014,2027-03-31,4.99,4.8,5.18,7.4,32.0,0.3149482568359374,743.2899780273438,0.040279998779296874,0.0023986015
QQQ,put,550.0,0.4986301369863014,2027-03-31,5.29,5.13,5.45,5.22,25.0,0.3100349758911133,743.2899780273438,0.040279998779296874,0.0023986015
QQQ,put,552.0,0.4986301369863014,2027-03-31,5.405,5.19,5.62,7.9,10.0,0.3094856649780273,743.2899780273438,0.040279998779296874,0.0023986015
QQQ,put,554.0,0.4986301369863014,2027-03-31,9.57,9.11,10.03,15.32,20.0,0.35990019989013666,743.2899780273438,0.040279998779296874,0.0023986015
QQQ,put,556.0,0.4986301369863014,2027-03-31,5.58,5.4,5.76,9.78,46.0,0.30548790222167965,743.2899780273438,0.040279998779296874,0.0023986015
QQQ,put,557.0,0.4986301369863014,2027-03-31,5.6850000000000005,5.45,5.92,8.01,24.0,0.30618979949951175,743.2899780273438,0.040279998779296874,0.0023986015
QQQ,put,558.0,0.4986301369863014,2027-03-31,5.6850000000000005,5.5,5.87,7.6,21.0,0.3040230731201171,743.2899780273438,0.040279998779296874,0.0023986015
QQQ,put,559.0,0.4986301369863014,2027-03-31,5.734999999999999,5.55,5.92,7.72,21.0,0.3031991067504882,743.2899780273438,0.040279998779296874,0.0023986015
QQQ,put,561.0,0.4986301369863014,2027-03-31,5.855,5.67,6.04,7.57,17.0,0.3018258294677735,743.2899780273438,0.040279998779296874,0.0023986015
QQQ,put,564.0,0.4986301369863014,2027-03-31,6.02,5.83,6.21,8.93,21.0,0.2995675512695312,743.2899780273438,0.040279998779296874,0.0023986015
QQQ,put,567.0,0.4986301369863014,2027-03-31,6.199999999999999,6.01,6.39,9.29,15.0,0.29740082489013664,743.2899780273438,0.040279998779296874,0.0023986015
QQQ,put,569.0,0.4986301369863014,2027-03-31,6.32,6.14,6.5,9.54,13.0,0.2957834094238281,743.2899780273438,0.040279998779296874,0.0023986015
QQQ,put,570.0,0.4986301369863014,2027-03-31,6.41,6.24,6.58,6.83,16.0,0.29526461578369134,743.2899780273438,0.040279998779296874,0.0023986015
QQQ,put,571.0,0.4986301369863014,2027-03-31,6.4399999999999995,6.26,6.62,6.84,19.0,0.2942575457763671,743.2899780273438,0.040279998779296874,0.0023986015
QQQ,put,573.0,0.4986301369863014,2027-03-31,6.555,6.36,6.75,7.03,18.0,0.292853751220703,743.2899780273438,0.040279998779296874,0.0023986015
QQQ,put,574.0,0.4986301369863014,2027-03-31,6.630000000000001,6.44,6.82,7.14,18.0,0.29218237121582025,743.2899780273438,0.040279998779296874,0.0023986015
QQQ,put,576.0,0.4986301369863014,2027-03-31,6.755000000000001,6.57,6.94,10.12,10.0,0.2905954730224609,743.2899780273438,0.040279998779296874,0.0023986015
QQQ,put,584.0,0.4986301369863014,2027-03-31,7.300000000000001,7.11,7.49,10.5,38.0,0.28482770843505856,743.2899780273438,0.040279998779296874,0.0023986015
QQQ,put,586.0,0.4986301369863014,2027-03-31,7.445,7.25,7.64,7.73,60.0,0.2834544311523437,743.2899780273438,0.040279998779296874,0.0023986015
QQQ,put,587.0,0.4986301369863014,2027-03-31,7.529999999999999,7.34,7.72,7.76,60.0,0.28279830978393555,743.2899780273438,0.040279998779296874,0.0023986015
QQQ,put,594.0,0.4986301369863014,2027-03-31,8.1,7.86,8.34,8.26,25.0,0.27866321929931637,743.2899780273438,0.040279998779296874,0.0023986015
QQQ,put,595.0,0.4986301369863014,2027-03-31,8.135,7.93,8.34,8.42,15.0,0.2771373556518554,743.2899780273438,0.040279998779296874,0.0023986015
QQQ,put,596.0,0.4986301369863014,2027-03-31,8.23,8.03,8.43,11.78,22.0,0.27651175155639646,743.2899780273438,0.040279998779296874,0.0023986015
QQQ,put,599.0,0.4986301369863014,2027-03-31,8.46,8.26,8.66,11.51,10.0,0.274222956085205,743.2899780273438,0.040279998779296874,0.0023986015
QQQ,put,600.0,0.4986301369863014,2027-03-31,8.54,8.34,8.74,9.05,55.0,0.2734752828979492,743.2899780273438,0.040279998779296874,0.0023986015
QQQ,put,602.0,0.4986301369863014,2027-03-31,8.774999999999999,8.53,9.02,13.6,10.0,0.2731090756225586,743.2899780273438,0.040279998779296874,0.0023986015
QQQ,put,625.0,0.4986301369863014,2027-03-31,11.06,10.8,11.32,11.62,18.0,0.2574079386901856,743.2899780273438,0.040279998779296874,0.0023986015
QQQ,put,650.0,0.4986301369863014,2027-03-31,14.265,14.04,14.49,14.91,11.0,0.24037167106628415,743.2899780273438,0.040279998779296874,0.0023986015
QQQ,put,660.0,0.4986301369863014,2027-03-31,15.919999999999998,15.62,16.22,16.6,303.0,0.23500826034545896,743.2899780273438,0.040279998779296874,0.0023986015
QQQ,put,685.0,0.4986301369863014,2027-03-31,20.675,20.42,20.93,22.05,12.0,0.21887988159179686,743.2899780273438,0.040279998779296874,0.0023986015
QQQ,put,700.0,0.4986301369863014,2027-03-31,24.29,24.01,24.57,26.07,22.0,0.21012905357360837,743.2899780273438,0.040279998779296874,0.0023986015
QQQ,put,755.0,0.4986301369863014,2027-03-31,43.879999999999995,43.43,44.33,44.18,25.0,0.1806417385864258,743.2899780273438,0.040279998779296874,0.0023986015
QQQ,put,810.0,0.4986301369863014,2027-03-31,75.545,74.18,76.91,78.9,10.0,0.15301597724914553,743.2899780273438,0.040279998779296874,0.0023986015
QQQ,put,815.0,0.4986301369863014,2027-03-31,80.04499999999999,79.27,80.82,78.38,13.0,0.15212334701538088,743.2899780273438,0.040279998779296874,0.0023986015
QQQ,put,820.0,0.4986301369863014,2027-03-31,83.06,81.81,84.31,101.69,29.0,0.14767545448303224,743.2899780273438,0.040279998779296874,0.0023986015
QQQ,put,825.0,0.4986301369863014,2027-03-31,87.435,86.81,88.06,107.03,26.0,0.14405152832031248,743.2899780273438,0.040279998779296874,0.0023986015
QQQ,put,835.0,0.4986301369863014,2027-03-31,95.12,93.93,96.31,100.89,42.0,0.14000798965454103,743.2899780273438,0.040279998779296874,0.0023986015
QQQ,put,845.0,0.4986301369863014,2027-03-31,104.245,103.67,104.82,106.37,51.0,0.13477427734375003,743.2899780273438,0.040279998779296874,0.0023986015
QQQ,put,855.0,0.4986301369863014,2027-03-31,112.42,111.18,113.66,109.35,108.0,0.1289149609375,743.2899780273438,0.040279998779296874,0.0023986015
QQQ,put,860.0,0.4986301369863014,2027-03-31,117.495,116.87,118.12,115.01,27.0,0.12439840454101564,743.2899780273438,0.040279998779296874,0.0023986015
QQQ,put,865.0,0.4986301369863014,2027-03-31,122.035,120.73,123.34,118.43,14.0,0.1320277227783203,743.2899780273438,0.040279998779296874,0.0023986015
QQQ,put,870.0,0.4986301369863014,2027-03-31,126.78,124.88,128.68,123.08,12.0,0.14136600830078128,743.2899780273438,0.040279998779296874,0.0023986015
QQQ,put,890.0,0.4986301369863014,2027-03-31,183.28500000000003,181.49,185.08,156.87,564.0,0.41049783843994136,743.2899780273438,0.040279998779296874,0.0023986015
QQQ,put,895.0,0.4986301369863014,2027-03-31,188.425,186.49,190.36,161.21,188.0,0.4178830184936523,743.2899780273438,0.040279998779296874,0.0023986015
QQQ,put,905.0,0.4986301369863014,2027-03-31,198.425,196.49,200.36,170.52,180.0,0.42944143562316894,743.2899780273438,0.040279998779296874,0.0023986015
QQQ,call,245.0,0.7123287671232876,2027-06-17,469.69,467.88,471.5,477.67,646.0,1.0000000000000003e-05,743.2899780273438,0.040279998779296874,0.0023986015
QQQ,call,355.0,0.7123287671232876,2027-06-17,400.895,399.15,402.64,372.4,10.0,0.6676363803100588,743.2899780273438,0.040279998779296874,0.0023986015
QQQ,call,440.0,0.7123287671232876,2027-06-17,320.73,318.83,322.63,295.59,18.0,0.5545241081237793,743.2899780273438,0.040279998779296874,0.0023986015
QQQ,call,450.0,0.7123287671232876,2027-06-17,311.195,309.26,313.13,306.7,32.0,0.5404403866577151,743.2899780273438,0.040279998779296874,0.0023986015
QQQ,call,525.0,0.7123287671232876,2027-06-17,241.7,240.08,243.32,240.62,22.0,0.4644676356506348,743.2899780273438,0.040279998779296874,0.0023986015
QQQ,call,565.0,0.7123287671232876,2027-06-17,205.405,204.02,206.79,198.28,12.0,0.4181576739501953,743.2899780273438,0.040279998779296874,0.0023986015
QQQ,call,610.0,0.7123287671232876,2027-06-17,167.16500000000002,166.21,168.12,170.5,13.0,0.377035648651123,743.2899780273438,0.040279998779296874,0.0023986015
QQQ,call,720.0,0.7123287671232876,2027-06-17,83.43,82.47,84.39,79.71,19.0,0.29302159622192375,743.2899780273438,0.040279998779296874,0.0023986015
QQQ,call,735.0,0.7123287671232876,2027-06-17,73.82499999999999,72.88,74.77,70.24,14.0,0.2835459829711914,743.2899780273438,0.040279998779296874,0.0023986015
QQQ,call,750.0,0.7123287671232876,2027-06-17,64.62,64.43,64.81,63.6,300.0,0.2709576078796387,743.2899780273438,0.040279998779296874,0.0023986015
QQQ,call,760.0,0.7123287671232876,2027-06-17,59.03,58.84,59.22,56.3,14.0,0.26570863693237307,743.2899780273438,0.040279998779296874,0.0023986015
QQQ,call,770.0,0.7123287671232876,2027-06-17,53.825,53.65,54.0,51.0,66.0,0.26104712348937986,743.2899780273438,0.040279998779296874,0.0023986015
QQQ,call,775.0,0.7123287671232876,2027-06-17,51.36,51.18,51.54,48.51,18.0,0.2589643196105958,743.2899780273438,0.040279998779296874,0.0023986015
QQQ,call,780.0,0.7123287671232876,2027-06-17,48.89,48.71,49.07,46.31,21.0,0.25659923095703124,743.2899780273438,0.040279998779296874,0.0023986015
QQQ,call,785.0,0.7123287671232876,2027-06-17,46.584999999999994,46.23,46.94,43.97,31.0,0.2553709107208253,743.2899780273438,0.040279998779296874,0.0023986015
QQQ,call,790.0,0.7123287671232876,2027-06-17,44.254999999999995,44.08,44.43,41.86,18.0,0.2523649593353271,743.2899780273438,0.040279998779296874,0.0023986015
QQQ,call,795.0,0.7123287671232876,2027-06-17,42.065,41.89,42.24,39.76,13.0,0.25041185386657705,743.2899780273438,0.040279998779296874,0.0023986015
QQQ,call,800.0,0.7123287671232876,2027-06-17,40.045,39.77,40.32,37.68,224.0,0.24931323204040526,743.2899780273438,0.040279998779296874,0.0023986015
QQQ,call,840.0,0.7123287671232876,2027-06-17,25.905,25.57,26.24,23.57,34.0,0.2371749867248535,743.2899780273438,0.040279998779296874,0.0023986015
QQQ,call,855.0,0.7123287671232876,2027-06-17,21.770000000000003,21.62,21.92,20.0,14.0,0.23267368896484375,743.2899780273438,0.040279998779296874,0.0023986015
QQQ,call,875.0,0.7123287671232876,2027-06-17,17.27,17.0,17.54,18.01,31.0,0.22991187576293942,743.2899780273438,0.040279998779296874,0.0023986015
QQQ,call,880.0,0.7123287671232876,2027-06-17,16.275,16.17,16.38,16.13,11.0,0.22827157234191894,743.2899780273438,0.040279998779296874,0.0023986015
QQQ,call,890.0,0.7123287671232876,2027-06-17,14.45,14.35,14.55,13.91,10.0,0.22689066574096678,743.2899780273438,0.040279998779296874,0.0023986015
QQQ,call,900.0,0.7123287671232876,2027-06-17,12.855,12.77,12.94,12.8,18.0,0.22585307846069336,743.2899780273438,0.040279998779296874,0.0023986015
QQQ,call,905.0,0.7123287671232876,2027-06-17,12.09,11.99,12.19,12.91,18.0,0.22533428482055662,743.2899780273438,0.040279998779296874,0.0023986015
QQQ,call,910.0,0.7123287671232876,2027-06-17,11.399999999999999,11.29,11.51,10.35,16.0,0.2250291120910644,743.2899780273438,0.040279998779296874,0.0023986015
QQQ,call,925.0,0.7123287671232876,2027-06-17,9.600000000000001,9.39,9.81,8.84,10.0,0.22519695709228515,743.2899780273438,0.040279998779296874,0.0023986015
QQQ,call,935.0,0.7123287671232876,2027-06-17,8.46,8.34,8.58,9.08,18.0,0.22361005889892577,743.2899780273438,0.040279998779296874,0.0023986015
QQQ,call,955.0,0.7123287671232876,2027-06-17,6.745,6.59,6.9,6.0,11.0,0.22402204208374016,743.2899780273438,0.040279998779296874,0.0023986015
QQQ,call,960.0,0.7123287671232876,2027-06-17,6.325,6.23,6.42,5.67,78.0,0.22315229980468748,743.2899780273438,0.040279998779296874,0.0023986015
QQQ,call,975.0,0.7123287671232876,2027-06-17,5.325,5.25,5.4,4.88,92.0,0.22315229980468748,743.2899780273438,0.040279998779296874,0.0023986015
QQQ,call,1000.0,0.7123287671232876,2027-06-17,4.01,3.94,4.08,3.58,16.0,0.22379316253662107,743.2899780273438,0.040279998779296874,0.0023986015
QQQ,call,1020.0,0.7123287671232876,2027-06-17,3.29,3.13,3.45,2.94,10.0,0.22699747619628902,743.2899780273438,0.040279998779296874,0.0023986015
QQQ,call,1025.0,0.7123287671232876,2027-06-17,3.1100000000000003,2.95,3.27,2.73,10.0,0.22724161437988277,743.2899780273438,0.040279998779296874,0.0023986015
QQQ,call,1030.0,0.7123287671232876,2027-06-17,2.87,2.79,2.95,2.58,10.0,0.225319026184082,743.2899780273438,0.040279998779296874,0.0023986015
QQQ,call,1040.0,0.7123287671232876,2027-06-17,2.645,2.5,2.79,2.32,10.0,0.2280350634765625,743.2899780273438,0.040279998779296874,0.0023986015
QQQ,call,1045.0,0.7123287671232876,2027-06-17,2.4450000000000003,2.37,2.52,2.18,15.0,0.2262650616455078,743.2899780273438,0.040279998779296874,0.0023986015
QQQ,call,1065.0,0.7123287671232876,2027-06-17,2.055,1.91,2.2,1.73,10.0,0.2304764453125,743.2899780273438,0.040279998779296874,0.0023986015
QQQ,call,1070.0,0.7123287671232876,2027-06-17,1.88,1.8,1.96,1.64,10.0,0.22827920166015625,743.2899780273438,0.040279998779296874,0.0023986015
QQQ,call,1075.0,0.7123287671232876,2027-06-17,1.79,1.71,1.87,1.56,10.0,0.22876747802734376,743.2899780273438,0.040279998779296874,0.0023986015
QQQ,call,1080.0,0.7123287671232876,2027-06-17,1.705,1.62,1.79,1.56,20.0,0.22940834075927735,743.2899780273438,0.040279998779296874,0.0023986015
QQQ,call,1085.0,0.7123287671232876,2027-06-17,1.615,1.54,1.69,1.48,30.0,0.229499892578125,743.2899780273438,0.040279998779296874,0.0023986015
QQQ,call,1090.0,0.7123287671232876,2027-06-17,1.5350000000000001,1.46,1.61,1.53,10.0,0.22995765167236326,743.2899780273438,0.040279998779296874,0.0023986015
QQQ,call,1095.0,0.7123287671232876,2027-06-17,1.4449999999999998,1.43,1.46,1.35,10.0,0.22858437438964846,743.2899780273438,0.040279998779296874,0.0023986015
QQQ,call,1105.0,0.7123287671232876,2027-06-17,1.3199999999999998,1.24,1.4,1.32,10.0,0.231452998046875,743.2899780273438,0.040279998779296874,0.0023986015
QQQ,call,1110.0,0.7123287671232876,2027-06-17,1.26,1.18,1.34,1.26,10.0,0.23203282623291016,743.2899780273438,0.040279998779296874,0.0023986015
QQQ,call,1115.0,0.7123287671232876,2027-06-17,1.21,1.13,1.29,1.2,20.0,0.23279575805664063,743.2899780273438,0.040279998779296874,0.0023986015
QQQ,put,205.0,0.7123287671232876,2027-06-17,0.295,0.21,0.38,0.32,18.0,0.5903361279296876,743.2899780273438,0.040279998779296874,0.0023986015
QQQ,put,220.0,0.7123287671232876,2027-06-17,0.405,0.28,0.53,0.5,235.0,0.5793499096679688,743.2899780273438,0.040279998779296874,0.0023986015
QQQ,put,240.0,0.7123287671232876,2027-06-17,0.47000000000000003,0.39,0.55,0.8,25.0,0.549076774902344,743.2899780273438,0.040279998779296874,0.0023986015
QQQ,put,255.0,0.7123287671232876,2027-06-17,0.565,0.48,0.65,0.76,50.0,0.5329636547851562,743.2899780273438,0.040279998779296874,0.0023986015
QQQ,put,270.0,0.7123287671232876,2027-06-17,0.675,0.59,0.76,0.84,110.0,0.51758294921875,743.2899780273438,0.040279998779296874,0.0023986015
QQQ,put,275.0,0.7123287671232876,2027-06-17,0.71,0.63,0.79,0.93,20.0,0.5119677709960937,743.2899780273438,0.040279998779296874,0.0023986015
QQQ,put,330.0,0.7123287671232876,2027-06-17,1.25,1.16,1.34,1.44,15.0,0.4637504797363281,743.2899780273438,0.040279998779296874,0.0023986015
QQQ,put,350.0,0.7123287671232876,2027-06-17,1.62,1.51,1.73,1.61,21.0,0.4505670178222656,743.2899780273438,0.040279998779296874,0.0023986015
QQQ,put,355.0,0.7123287671232876,2027-06-17,1.5899999999999999,1.5,1.68,2.05,40.0,0.4408014904785156,743.2899780273438,0.040279998779296874,0.0023986015
QQQ,put,370.0,0.7123287671232876,2027-06-17,1.885,1.73,2.04,2.43,16.0,0.43207355041503903,743.2899780273438,0.040279998779296874,0.0023986015
QQQ,put,395.0,0.7123287671232876,2027-06-17,2.335,2.18,2.49,2.42,20.0,0.4097959411621094,743.2899780273438,0.040279998779296874,0.0023986015
QQQ,put,400.0,0.7123287671232876,2027-06-17,2.415,2.28,2.55,2.4,10.0,0.40430283203125,743.2899780273438,0.040279998779296874,0.0023986015
QQQ,put,420.0,0.7123287671232876,2027-06-17,2.8150000000000004,2.72,2.91,3.05,10.0,0.38556522644042956,743.2899780273438,0.040279998779296874,0.0023986015
QQQ,put,440.0,0.7123287671232876,2027-06-17,3.33,3.23,3.43,3.43,12.0,0.3698183135986328,743.2899780273438,0.040279998779296874,0.0023986015
QQQ,put,450.0,0.7123287671232876,2027-06-17,3.62,3.52,3.72,3.77,13.0,0.36212796081542964,743.2899780273438,0.040279998779296874,0.0023986015
QQQ,put,455.0,0.7123287671232876,2027-06-17,3.77,3.67,3.87,3.97,30.0,0.3582522671508789,743.2899780273438,0.040279998779296874,0.0023986015
QQQ,put,495.0,0.7123287671232876,2027-06-17,5.324999999999999,5.14,5.51,5.46,36.0,0.33115292877197267,743.2899780273438,0.040279998779296874,0.0023986015
QQQ,put,500.0,0.7123287671232876,2027-06-17,5.475,5.36,5.59,5.5,26.0,0.32556826782226556,743.2899780273438,0.040279998779296874,0.0023986015
QQQ,put,520.0,0.7123287671232876,2027-06-17,6.470000000000001,6.36,6.58,6.74,250.0,0.31168290863037107,743.2899780273438,0.040279998779296874,0.0023986015
QQQ,put,540.0,0.7123287671232876,2027-06-17,7.66,7.54,7.78,7.92,11.0,0.29849944671630857,743.2899780273438,0.040279998779296874,0.0023986015
QQQ,put,560.0,0.7123287671232876,2027-06-17,9.09,8.97,9.21,9.71,401.0,0.2857127093505859,743.2899780273438,0.040279998779296874,0.0023986015
QQQ,put,565.0,0.7123287671232876,2027-06-17,9.53,9.36,9.7,10.15,10.0,0.28337813796997063,743.2899780273438,0.040279998779296874,0.0023986015
QQQ,put,570.0,0.7123287671232876,2027-06-17,9.899999999999999,9.77,10.03,10.61,17.0,0.27948718566894526,743.2899780273438,0.040279998779296874,0.0023986015
QQQ,put,585.0,0.7123287671232876,2027-06-17,11.335,11.15,11.52,11.28,11.0,0.2712017460632324,743.2899780273438,0.040279998779296874,0.0023986015
QQQ,put,605.0,0.7123287671232876,2027-06-17,13.515,13.32,13.71,13.79,10.0,0.2594525959777832,743.2899780273438,0.040279998779296874,0.0023986015
QQQ,put,615.0,0.7123287671232876,2027-06-17,14.695,14.56,14.83,15.31,601.0,0.2528303477478027,743.2899780273438,0.040279998779296874,0.0023986015
QQQ,put,620.0,0.7123287671232876,2027-06-17,15.365,15.23,15.5,16.05,35.0,0.2499998706817627,743.2899780273438,0.040279998779296874,0.0023986015
QQQ,put,640.0,0.7123287671232876,2027-06-17,18.405,18.27,18.54,18.88,10.0,0.23905942832946778,743.2899780273438,0.040279998779296874,0.0023986015
QQQ,put,650.0,0.7123287671232876,2027-06-17,20.14,19.99,20.29,20.0,186.0,0.2337417935180664,743.2899780273438,0.040279998779296874,0.0023986015
QQQ,put,660.0,0.7123287671232876,2027-06-17,22.055,21.9,22.21,22.97,30.0,0.2285157105255127,743.2899780273438,0.040279998779296874,0.0023986015
QQQ,put,670.0,0.7123287671232876,2027-06-17,24.115000000000002,23.84,24.39,25.14,163.0,0.22373212799072262,743.2899780273438,0.040279998779296874,0.0023986015
QQQ,put,680.0,0.7123287671232876,2027-06-17,26.445,26.3,26.59,26.62,36.0,0.2181474670410156,743.2899780273438,0.040279998779296874,0.0023986015
QQQ,put,690.0,0.7123287671232876,2027-06-17,28.875,28.56,29.19,30.5,11.0,0.21350121223449708,743.2899780273438,0.040279998779296874,0.0023986015
QQQ,put,695.0,0.7123287671232876,2027-06-17,30.305,30.07,30.54,31.53,11.0,0.21102931312561032,743.2899780273438,0.040279998779296874,0.0023986015
QQQ,put,700.0,0.7123287671232876,2027-06-17,31.64,31.27,32.01,32.99,455.0,0.20883206947326657,743.2899780273438,0.040279998779296874,0.0023986015
QQQ,put,770.0,0.7123287671232876,2027-06-17,58.864999999999995,58.65,59.08,62.15,50.0,0.1744238442230225,743.2899780273438,0.040279998779296874,0.0023986015
QQQ,put,810.0,0.7123287671232876,2027-06-17,81.945,81.69,82.2,84.51,52.0,0.1544579183959961,743.2899780273438,0.040279998779296874,0.0023986015
QQQ,put,815.0,0.7123287671232876,2027-06-17,85.31,85.05,85.57,85.35,10.0,0.15204705383300782,743.2899780273438,0.040279998779296874,0.0023986015
QQQ,put,825.0,0.7123287671232876,2027-06-17,92.785,91.9,93.67,93.46,40.0,0.1527870977020264,743.2899780273438,0.040279998779296874,0.0023986015
QQQ,put,860.0,0.7123287671232876,2027-06-17,119.655,118.14,121.17,117.92,19.0,0.13620858917236328,743.2899780273438,0.040279998779296874,0.0023986015
QQQ,put,865.0,0.7123287671232876,2027-06-17,124.555,123.88,125.23,122.6,42.0,0.13172255004882813,743.2899780273438,0.040279998779296874,0.0023986015
QQQ,put,870.0,0.7123287671232876,2027-06-17,128.96,128.18,129.74,127.33,103.0,0.13053237640380855,743.2899780273438,0.040279998779296874,0.0023986015
QQQ,put,935.0,0.7123287671232876,2027-06-17,240.24,238.35,242.13,199.27,120.0,0.4400995932006836,743.2899780273438,0.040279998779296874,0.0023986015
QQQ,call,665.0,0.7479452054794521,2027-06-30,124.03,122.85,125.21,108.19,12.0,0.33028318649291993,743.2899780273438,0.040279998779296874,0.0023986015
QQQ,call,675.0,0.7479452054794521,2027-06-30,116.72999999999999,115.58,117.88,111.48,55.0,0.3238974471282958,743.2899780273438,0.040279998779296874,0.0023986015
QQQ,call,700.0,0.7479452054794521,2027-06-30,98.39,97.08,99.7,93.6,27.0,0.306021954498291,743.2899780273438,0.040279998779296874,0.0023986015
QQQ,call,735.0,0.7479452054794521,2027-06-30,75.845,74.7,76.99,71.9,10.0,0.2854990884399413,743.2899780273438,0.040279998779296874,0.0023986015
QQQ,call,750.0,0.7479452054794521,2027-06-30,66.89,65.68,68.1,62.96,18.0,0.2772899420166015,743.2899780273438,0.040279998779296874,0.0023986015
QQQ,call,780.0,0.7479452054794521,2027-06-30,50.815,50.03,51.6,48.22,70.0,0.26033759689331054,743.2899780273438,0.040279998779296874,0.0023986015
QQQ,call,790.0,0.7479452054794521,2027-06-30,46.55,45.39,47.71,43.82,70.0,0.25925423370361333,743.2899780273438,0.040279998779296874,0.0023986015
QQQ,call,800.0,0.7479452054794521,2027-06-30,41.769999999999996,41.01,42.53,38.81,15.0,0.2521665970611573,743.2899780273438,0.040279998779296874,0.0023986015
QQQ,call,810.0,0.7479452054794521,2027-06-30,37.83,37.06,38.6,35.79,70.0,0.24911486976623534,743.2899780273438,0.040279998779296874,0.0023986015
QQQ,call,820.0,0.7479452054794521,2027-06-30,34.055,33.45,34.66,31.4,15.0,0.2450789604187012,743.2899780273438,0.040279998779296874,0.0023986015
QQQ,call,825.0,0.7479452054794521,2027-06-30,32.555,31.56,33.55,32.05,12.0,0.24629202201843262,743.2899780273438,0.040279998779296874,0.0023986015
QQQ,call,835.0,0.7479452054794521,2027-06-30,29.175,28.41,29.94,28.73,89.0,0.2422332247161865,743.2899780273438,0.040279998779296874,0.0023986015
QQQ,call,855.0,0.7479452054794521,2027-06-30,23.535,22.64,24.43,21.31,47.0,0.23873136764526365,743.2899780273438,0.040279998779296874,0.0023986015
QQQ,call,870.0,0.7479452054794521,2027-06-30,19.8,19.18,20.42,20.67,80.0,0.2342300698852539,743.2899780273438,0.040279998779296874,0.0023986015
QQQ,call,875.0,0.7479452054794521,2027-06-30,18.884999999999998,18.05,19.72,10.85,21.0,0.23538209693908688,743.2899780273438,0.040279998779296874,0.0023986015
QQQ,call,880.0,0.7479452054794521,2027-06-30,17.810000000000002,17.01,18.61,19.67,86.0,0.23432162170410153,743.2899780273438,0.040279998779296874,0.0023986015
QQQ,call,900.0,0.7479452054794521,2027-06-30,14.030000000000001,13.55,14.51,12.57,17.0,0.2294541166687012,743.2899780273438,0.040279998779296874,0.0023986015
QQQ,call,910.0,0.7479452054794521,2027-06-30,12.61,12.11,13.11,11.21,28.0,0.2293473062133789,743.2899780273438,0.040279998779296874,0.0023986015
QQQ,call,955.0,0.7479452054794521,2027-06-30,7.59,7.29,7.89,6.79,30.0,0.22658549301147457,743.2899780273438,0.040279998779296874,0.0023986015
QQQ,put,485.0,0.7479452054794521,2027-06-30,5.27,4.97,5.57,5.28,75.0,0.3372563833618164,743.2899780273438,0.040279998779296874,0.0023986015
QQQ,put,495.0,0.7479452054794521,2027-06-30,5.71,5.4,6.02,7.52,15.0,0.33008482421874996,743.2899780273438,0.040279998779296874,0.0023986015
QQQ,put,540.0,0.7479452054794521,2027-06-30,8.22,7.94,8.5,8.63,10.0,0.2985757398986816,743.2899780273438,0.040279998779296874,0.0023986015
QQQ,put,580.0,0.7479452054794521,2027-06-30,11.5,11.2,11.8,12.01,10.0,0.2735820933532715,743.2899780273438,0.040279998779296874,0.0023986015
QQQ,put,585.0,0.7479452054794521,2027-06-30,12.035,11.65,12.42,12.38,10.0,0.2714611428833008,743.2899780273438,0.040279998779296874,0.0023986015
QQQ,put,595.0,0.7479452054794521,2027-06-30,13.129999999999999,12.77,13.49,13.65,40.0,0.26546449874877925,743.2899780273438,0.040279998779296874,0.0023986015
QQQ,put,640.0,0.7479452054794521,2027-06-30,19.445,19.04,19.85,21.0,20.0,0.24053188674926756,743.2899780273438,0.040279998779296874,0.0023986015
QQQ,put,675.0,0.7479452054794521,2027-06-30,26.295,25.86,26.73,28.0,422.0,0.22153488433837887,743.2899780273438,0.040279998779296874,0.0023986015
QQQ,put,800.0,0.7479452054794521,2027-06-30,77.115,75.99,78.24,80.85,42.0,0.1661384046173096,743.2899780273438,0.040279998779296874,0.0023986015
QQQ,put,815.0,0.7479452054794521,2027-06-30,86.765,85.66,87.87,89.99,10.0,0.15928727684020996,743.2899780273438,0.040279998779296874,0.0023986015
QQQ,put,825.0,0.7479452054794521,2027-06-30,93.67,92.58,94.76,96.12,35.0,0.15465628067016607,743.2899780273438,0.040279998779296874,0.0023986015
QQQ,put,830.0,0.7479452054794521,2027-06-30,97.27000000000001,96.18,98.36,99.91,477.0,0.15238274383544925,743.2899780273438,0.040279998779296874,0.0023986015
QQQ,put,835.0,0.7479452054794521,2027-06-30,101.12,100.11,102.13,105.76,31.0,0.15052881950378422,743.2899780273438,0.040279998779296874,0.0023986015
QQQ,put,840.0,0.7479452054794521,2027-06-30,104.895,103.85,105.94,109.05,10.0,0.1484002397155762,743.2899780273438,0.040279998779296874,0.0023986015
QQQ,put,845.0,0.7479452054794521,2027-06-30,108.64,107.6,109.68,112.97,16.0,0.14528747787475588,743.2899780273438,0.040279998779296874,0.0023986015
QQQ,call,300.0,0.9643835616438357,2027-09-17,457.20500000000004,455.41,459.0,421.12,17.0,0.7032805551147462,743.2899780273438,0.040279998779296874,0.0023986015
QQQ,call,505.0,0.9643835616438357,2027-09-17,268.09000000000003,266.71,269.47,231.16,15.0,0.4684806570434571,743.2899780273438,0.040279998779296874,0.0023986015
QQQ,call,580.0,0.9643835616438357,2027-09-17,202.825,201.35,204.3,201.54,29.0,0.3999312326812745,743.2899780273438,0.040279998779296874,0.0023986015
QQQ,call,675.0,0.9643835616438357,2027-09-17,127.955,126.4,129.51,124.4,30.0,0.32987883262634266,743.2899780273438,0.040279998779296874,0.0023986015
QQQ,call,720.0,0.9643835616438357,2027-09-17,97.495,96.35,98.64,96.65,15.0,0.302390399017334,743.2899780273438,0.040279998779296874,0.0023986015
QQQ,call,735.0,0.9643835616438357,2027-09-17,87.845,86.46,89.23,85.54,15.0,0.2941354766845703,743.2899780273438,0.040279998779296874,0.0023986015
QQQ,call,740.0,0.9643835616438357,2027-09-17,85.09,83.83,86.35,85.4,26.0,0.29200689689636217,743.2899780273438,0.040279998779296874,0.0023986015
QQQ,call,800.0,0.9643835616438357,2027-09-17,54.215,52.95,55.48,51.54,416.0,0.26734131103515624,743.2899780273438,0.040279998779296874,0.0023986015
QQQ,call,810.0,0.9643835616438357,2027-09-17,49.945,48.83,51.06,47.45,81.0,0.2634885053253174,743.2899780273438,0.040279998779296874,0.0023986015
QQQ,call,815.0,0.9643835616438357,2027-09-17,47.8,46.51,49.09,46.26,20.0,0.26215337463378907,743.2899780273438,0.040279998779296874,0.0023986015
QQQ,call,820.0,0.9643835616438357,2027-09-17,45.69499999999999,44.41,46.98,42.6,11.0,0.2601621225738525,743.2899780273438,0.040279998779296874,0.0023986015
QQQ,call,945.0,0.9643835616438357,2027-09-17,14.33,14.2,14.46,14.46,34.0,0.23256687850952146,743.2899780273438,0.040279998779296874,0.0023986015
QQQ,call,950.0,0.9643835616438357,2027-09-17,13.52,13.16,13.88,13.0,12.0,0.23267368896484375,743.2899780273438,0.040279998779296874,0.0023986015
QQQ,call,955.0,0.9643835616438357,2027-09-17,12.594999999999999,11.86,13.33,11.96,22.0,0.23282627532958983,743.2899780273438,0.040279998779296874,0.0023986015
QQQ,call,960.0,0.9643835616438357,2027-09-17,12.15,11.34,12.96,11.49,17.0,0.23387912124633786,743.2899780273438,0.040279998779296874,0.0023986015
QQQ,call,965.0,0.9643835616438357,2027-09-17,11.63,10.8,12.46,10.95,19.0,0.234108000793457,743.2899780273438,0.040279998779296874,0.0023986015
QQQ,call,975.0,0.9643835616438357,2027-09-17,10.735,10.38,11.09,10.8,34.0,0.2319717916870117,743.2899780273438,0.040279998779296874,0.0023986015
QQQ,call,980.0,0.9643835616438357,2027-09-17,10.08,9.31,10.85,9.44,27.0,0.2334137328338623,743.2899780273438,0.040279998779296874,0.0023986015
QQQ,call,985.0,0.9643835616438357,2027-09-17,9.63,8.88,10.38,9.28,10.0,0.23334506896972657,743.2899780273438,0.040279998779296874,0.0023986015
QQQ,call,1015.0,0.9643835616438357,2027-09-17,7.53,7.15,7.91,7.63,31.0,0.23278049942016604,743.2899780273438,0.040279998779296874,0.0023986015
QQQ,call,1100.0,0.9643835616438357,2027-09-17,3.585,3.3,3.87,3.61,12.0,0.2353439503479004,743.2899780273438,0.040279998779296874,0.0023986015
QQQ,call,1105.0,0.9643835616438357,2027-09-17,3.4299999999999997,3.13,3.73,3.35,14.0,0.23574067489624018,743.2899780273438,0.040279998779296874,0.0023986015
QQQ,call,1110.0,0.9643835616438357,2027-09-17,3.285,2.99,3.58,3.31,24.0,0.23593903717041015,743.2899780273438,0.040279998779296874,0.0023986015
QQQ,call,1115.0,0.9643835616438357,2027-09-17,3.045,2.85,3.24,3.19,149.0,0.2335586898803711,743.2899780273438,0.040279998779296874,0.0023986015
QQQ,put,285.0,0.9643835616438357,2027-09-17,1.205,0.86,1.55,1.49,21.0,0.4749808361816406,743.2899780273438,0.040279998779296874,0.0023986015
QQQ,put,305.0,0.9643835616438357,2027-09-17,1.65,1.16,2.14,1.85,358.0,0.46722944885253903,743.2899780273438,0.040279998779296874,0.0023986015
QQQ,put,370.0,0.9643835616438357,2027-09-17,2.795,2.43,3.16,2.97,75.0,0.4014036911010742,743.2899780273438,0.040279998779296874,0.0023986015
QQQ,put,415.0,0.9643835616438357,2027-09-17,4.03,3.65,4.41,4.38,85.0,0.36643089630126957,743.2899780273438,0.040279998779296874,0.0023986015
QQQ,put,420.0,0.9643835616438357,2027-09-17,4.235,3.89,4.58,4.74,36.0,0.36282985809326174,743.2899780273438,0.040279998779296874,0.0023986015
QQQ,put,450.0,0.9643835616438357,2027-09-17,5.32,4.93,5.71,5.91,12.0,0.3415593188476562,743.2899780273438,0.040279998779296874,0.0023986015
QQQ,put,455.0,0.9643835616438357,2027-09-17,5.52,5.15,5.89,5.85,24.0,0.33768362518310546,743.2899780273438,0.040279998779296874,0.0023986015
QQQ,put,470.0,0.9643835616438357,2027-09-17,6.035,5.48,6.59,7.63,20.0,0.32776551147460936,743.2899780273438,0.040279998779296874,0.0023986015
QQQ,put,500.0,0.9643835616438357,2027-09-17,7.8999999999999995,7.51,8.29,8.6,11.0,0.3091194577026367,743.2899780273438,0.040279998779296874,0.0023986015
QQQ,put,515.0,0.9643835616438357,2027-09-17,8.805,8.38,9.23,9.35,10.0,0.29953703399658205,743.2899780273438,0.040279998779296874,0.0023986015
QQQ,put,540.0,0.9643835616438357,2027-09-17,10.76,10.35,11.17,11.36,40.0,0.2849802947998046,743.2899780273438,0.040279998779296874,0.0023986015
QQQ,put,550.0,0.9643835616438357,2027-09-17,11.675,11.31,12.04,11.78,10.0,0.2791972715759277,743.2899780273438,0.040279998779296874,0.0023986015
QQQ,put,580.0,0.9643835616438357,2027-09-17,15.485,14.17,16.8,15.96,57.0,0.2727810149383544,743.2899780273438,0.040279998779296874,0.0023986015
QQQ,put,590.0,0.9643835616438357,2027-09-17,16.73,15.39,18.07,16.77,10.0,0.2672802764892578,743.2899780273438,0.040279998779296874,0.0023986015
QQQ,put,625.0,0.9643835616438357,2027-09-17,22.095,20.99,23.2,21.15,116.0,0.24793995475769043,743.2899780273438,0.040279998779296874,0.0023986015
QQQ,put,640.0,0.9643835616438357,2027-09-17,23.79,23.13,24.45,25.08,15.0,0.23354343124389648,743.2899780273438,0.040279998779296874,0.0023986015
QQQ,put,650.0,0.9643835616438357,2027-09-17,25.755000000000003,25.09,26.42,26.8,270.0,0.2286911848449707,743.2899780273438,0.040279998779296874,0.0023986015
QQQ,put,660.0,0.9643835616438357,2027-09-17,28.02,27.41,28.63,29.77,29.0,0.22424329231262202,743.2899780273438,0.040279998779296874,0.0023986015
QQQ,put,680.0,0.9643835616438357,2027-09-17,32.72,31.96,33.48,34.98,39.0,0.21508048110961914,743.2899780273438,0.040279998779296874,0.0023986015
QQQ,put,685.0,0.9643835616438357,2027-09-17,33.775000000000006,32.7,34.85,35.78,13.0,0.21297478927612307,743.2899780273438,0.040279998779296874,0.0023986015
QQQ,put,690.0,0.9643835616438357,2027-09-17,35.379999999999995,34.58,36.18,37.0,14.0,0.21052577812194825,743.2899780273438,0.040279998779296874,0.0023986015
QQQ,put,700.0,0.9643835616438357,2027-09-17,38.315,37.52,39.11,40.04,14.0,0.20610077354431147,743.2899780273438,0.040279998779296874,0.0023986015
QQQ,put,725.0,0.9643835616438357,2027-09-17,46.53,45.61,47.45,48.64,264.0,0.19524806835174557,743.2899780273438,0.040279998779296874,0.0023986015
QQQ,put,800.0,0.9643835616438357,2027-09-17,81.35,79.82,82.88,85.17,27.0,0.1636970227813721,743.2899780273438,0.040279998779296874,0.0023986015
QQQ,put,815.0,0.9643835616438357,2027-09-17,90.8,89.5,92.1,95.12,22.0,0.15732654205322266,743.2899780273438,0.040279998779296874,0.0023986015
QQQ,call,210.0,1.2136986301369863,2027-12-17,544.0699999999999,542.64,545.5,517.77,180.0,0.7942830630493164,743.2899780273438,0.040279998779296874,0.0023986015
QQQ,call,225.0,1.2136986301369863,2027-12-17,492.91499999999996,491.33,494.5,515.42,10.0,1.0000000000000003e-05,743.2899780273438,0.040279998779296874,0.0023986015
QQQ,call,235.0,1.2136986301369863,2027-12-17,483.78,482.06,485.5,505.83,17.0,1.0000000000000003e-05,743.2899780273438,0.040279998779296874,0.0023986015
QQQ,call,285.0,1.2136986301369863,2027-12-17,437.71000000000004,435.92,439.5,437.52,16.0,1.0000000000000003e-05,743.2899780273438,0.040279998779296874,0.0023986015
QQQ,call,320.0,1.2136986301369863,2027-12-17,417.94,416.0,419.88,349.82,11.0,1.0000000000000003e-05,743.2899780273438,0.040279998779296874,0.0023986015
QQQ,call,410.0,1.2136986301369863,2027-12-17,360.29499999999996,358.59,362.0,333.78,103.0,0.5420883193969729,743.2899780273438,0.040279998779296874,0.0023986015
QQQ,call,415.0,1.2136986301369863,2027-12-17,355.865,354.53,357.2,320.88,13.0,0.5375259870910647,743.2899780273438,0.040279998779296874,0.0023986015
QQQ,call,465.0,1.2136986301369863,2027-12-17,311.16999999999996,309.77,312.57,277.14,26.0,0.49678542770385753,743.2899780273438,0.040279998779296874,0.0023986015
QQQ,call,480.0,1.2136986301369863,2027-12-17,298.46000000000004,296.82,300.1,292.61,10.0,0.48682153808593753,743.2899780273438,0.040279998779296874,0.0023986015
QQQ,call,490.0,1.2136986301369863,2027-12-17,289.635,288.02,291.25,255.65,12.0,0.47704838142395023,743.2899780273438,0.040279998779296874,0.0023986015
QQQ,call,550.0,1.2136986301369863,2027-12-17,238.265,236.72,239.81,233.11,10.0,0.42522242263793947,743.2899780273438,0.040279998779296874,0.0023986015
QQQ,call,580.0,1.2136986301369863,2027-12-17,213.37,211.7,215.04,211.35,12.0,0.401899596786499,743.2899780273438,0.040279998779296874,0.0023986015
QQQ,call,660.0,1.2136986301369863,2027-12-17,151.88,150.16,153.6,147.0,51.0,0.34847148117065424,743.2899780273438,0.040279998779296874,0.0023986015
QQQ,call,670.0,1.2136986301369863,2027-12-17,144.345,142.81,145.88,139.95,40.0,0.34052936088562014,743.2899780273438,0.040279998779296874,0.0023986015
QQQ,call,720.0,1.2136986301369863,2027-12-17,111.31,109.84,112.78,107.91,13.0,0.3143302820587158,743.2899780273438,0.040279998779296874,0.0023986015
QQQ,call,735.0,1.2136986301369863,2027-12-17,102.095,100.73,103.46,100.66,27.0,0.30657126541137697,743.2899780273438,0.040279998779296874,0.0023986015
QQQ,call,750.0,1.2136986301369863,2027-12-17,93.34,91.91,94.77,90.21,11.0,0.2998498360443115,743.2899780273438,0.040279998779296874,0.0023986015
QQQ,call,760.0,1.2136986301369863,2027-12-17,87.93,86.25,89.61,84.4,22.0,0.2967752207946777,743.2899780273438,0.040279998779296874,0.0023986015
QQQ,call,765.0,1.2136986301369863,2027-12-17,85.25,83.66,86.84,81.71,15.0,0.2944864253234863,743.2899780273438,0.040279998779296874,0.0023986015
QQQ,call,770.0,1.2136986301369863,2027-12-17,82.29499999999999,80.99,83.6,78.95,31.0,0.2906412489318847,743.2899780273438,0.040279998779296874,0.0023986015
QQQ,call,780.0,1.2136986301369863,2027-12-17,77.49000000000001,76.05,78.93,74.2,32.0,0.28816172050476063,743.2899780273438,0.040279998779296874,0.0023986015
QQQ,call,790.0,1.2136986301369863,2027-12-17,72.375,70.76,73.99,69.32,33.0,0.28438139331817625,743.2899780273438,0.040279998779296874,0.0023986015
QQQ,call,805.0,1.2136986301369863,2027-12-17,65.19,63.61,66.77,65.33,11.0,0.2784000078201294,743.2899780273438,0.040279998779296874,0.0023986015
QQQ,call,820.0,1.2136986301369863,2027-12-17,58.974999999999994,57.48,60.47,56.42,10.0,0.274158106880188,743.2899780273438,0.040279998779296874,0.0023986015
QQQ,call,825.0,1.2136986301369863,2027-12-17,56.805,55.42,58.19,56.68,10.0,0.27193797527313224,743.2899780273438,0.040279998779296874,0.0023986015
QQQ,call,845.0,1.2136986301369863,2027-12-17,49.105000000000004,47.71,50.5,50.05,13.0,0.26627320648193364,743.2899780273438,0.040279998779296874,0.0023986015
QQQ,call,880.0,1.2136986301369863,2027-12-17,37.675,36.4,38.95,35.39,12.0,0.25767496482849117,743.2899780273438,0.040279998779296874,0.0023986015
QQQ,call,900.0,1.2136986301369863,2027-12-17,32.385,31.04,33.73,29.99,1541.0,0.254714789352417,743.2899780273438,0.040279998779296874,0.0023986015
QQQ,call,905.0,1.2136986301369863,2027-12-17,31.0,29.32,32.68,30.62,12.0,0.2545850909423829,743.2899780273438,0.040279998779296874,0.0023986015
QQQ,call,925.0,1.2136986301369863,2027-12-17,26.365000000000002,24.69,28.04,26.98,56.0,0.2513807772827148,743.2899780273438,0.040279998779296874,0.0023986015
QQQ,call,935.0,1.2136986301369863,2027-12-17,24.23,22.68,25.78,25.23,21.0,0.24928271476745603,743.2899780273438,0.040279998779296874,0.0023986015
QQQ,call,950.0,1.2136986301369863,2027-12-17,21.855,20.69,23.02,20.3,163.0,0.24772633384704587,743.2899780273438,0.040279998779296874,0.0023986015
QQQ,call,985.0,1.2136986301369863,2027-12-17,16.665,15.61,17.72,17.32,40.0,0.24518577087402343,743.2899780273438,0.040279998779296874,0.0023986015
QQQ,call,990.0,1.2136986301369863,2027-12-17,16.08,15.05,17.11,16.72,20.0,0.2450942190551758,743.2899780273438,0.040279998779296874,0.0023986015
QQQ,call,1000.0,1.2136986301369863,2027-12-17,14.57,14.09,15.05,14.61,58.0,0.24049374015808103,743.2899780273438,0.040279998779296874,0.0023986015
QQQ,call,1015.0,1.2136986301369863,2027-12-17,13.225,12.53,13.92,11.94,64.0,0.24246973358154295,743.2899780273438,0.040279998779296874,0.0023986015
QQQ,call,1025.0,1.2136986301369863,2027-12-17,12.27,11.6,12.94,11.05,94.0,0.24225611267089842,743.2899780273438,0.040279998779296874,0.0023986015
QQQ,call,1030.0,1.2136986301369863,2027-12-17,11.91,11.17,12.65,10.62,14.0,0.24311059631347653,743.2899780273438,0.040279998779296874,0.0023986015
QQQ,call,1035.0,1.2136986301369863,2027-12-17,11.565,10.19,12.94,10.61,36.0,0.24712361770629881,743.2899780273438,0.040279998779296874,0.0023986015
QQQ,call,1040.0,1.2136986301369863,2027-12-17,11.16,9.83,12.49,10.35,164.0,0.2470396952056885,743.2899780273438,0.040279998779296874,0.0023986015
QQQ,call,1065.0,1.2136986301369863,2027-12-17,9.425,8.45,10.4,9.3,16.0,0.24633016860961915,743.2899780273438,0.040279998779296874,0.0023986015
QQQ,call,1070.0,1.2136986301369863,2027-12-17,8.89,8.26,9.52,8.97,10.0,0.24297326858520507,743.2899780273438,0.040279998779296874,0.0023986015
QQQ,call,1080.0,1.2136986301369863,2027-12-17,8.55,7.67,9.43,8.26,10.0,0.24672689315795898,743.2899780273438,0.040279998779296874,0.0023986015
QQQ,call,1085.0,1.2136986301369863,2027-12-17,7.63,7.38,7.88,7.8,14.0,0.2382125740051269,743.2899780273438,0.040279998779296874,0.0023986015
QQQ,call,1100.0,1.2136986301369863,2027-12-17,7.140000000000001,6.53,7.75,7.33,18.0,0.24346154495239258,743.2899780273438,0.040279998779296874,0.0023986015
QQQ,put,225.0,1.2136986301369863,2027-12-17,1.06,0.94,1.18,1.08,200.0,0.5003712072753908,743.2899780273438,0.040279998779296874,0.0023986015
QQQ,put,250.0,1.2136986301369863,2027-12-17,1.2850000000000001,0.97,1.6,1.42,25.0,0.47961946166992186,743.2899780273438,0.040279998779296874,0.0023986015
QQQ,put,275.0,1.2136986301369863,2027-12-17,1.8050000000000002,1.36,2.25,1.75,30.0,0.4647880670166016,743.2899780273438,0.040279998779296874,0.0023986015
QQQ,put,295.0,1.2136986301369863,2027-12-17,2.165,1.73,2.6,2.19,702.0,0.4451959777832031,743.2899780273438,0.040279998779296874,0.0023986015
QQQ,put,300.0,1.2136986301369863,2027-12-17,2.17,1.88,2.46,2.11,25.0,0.4336604486083985,743.2899780273438,0.040279998779296874,0.0023986015
QQQ,put,335.0,1.2136986301369863,2027-12-17,3.035,2.6,3.47,3.28,157.0,0.4100400793457031,743.2899780273438,0.040279998779296874,0.0023986015
QQQ,put,345.0,1.2136986301369863,2027-12-17,3.3,2.87,3.73,3.47,10.0,0.4019530020141602,743.2899780273438,0.040279998779296874,0.0023986015
QQQ,put,350.0,1.2136986301369863,2027-12-17,3.4349999999999996,3.01,3.86,4.09,585.0,0.39786368743896483,743.2899780273438,0.040279998779296874,0.0023986015
QQQ,put,365.0,1.2136986301369863,2027-12-17,3.97,3.49,4.45,3.9,21.0,0.3890441955566406,743.2899780273438,0.040279998779296874,0.0023986015
QQQ,put,370.0,1.2136986301369863,2027-12-17,4.09,3.58,4.6,4.12,409.0,0.38507695007324216,743.2899780273438,0.040279998779296874,0.0023986015
QQQ,put,390.0,1.2136986301369863,2027-12-17,4.9399999999999995,4.24,5.64,4.9,16.0,0.37555556091308595,743.2899780273438,0.040279998779296874,0.0023986015
QQQ,put,400.0,1.2136986301369863,2027-12-17,5.105,4.58,5.63,4.9,48.0,0.3627688235473633,743.2899780273438,0.040279998779296874,0.0023986015
QQQ,put,415.0,1.2136986301369863,2027-12-17,5.9350000000000005,5.18,6.69,6.78,12.0,0.3580386462402344,743.2899780273438,0.040279998779296874,0.0023986015
QQQ,put,420.0,1.2136986301369863,2027-12-17,5.91,5.37,6.45,6.11,13.0,0.34886820571899413,743.2899780273438,0.040279998779296874,0.0023986015
QQQ,put,435.0,1.2136986301369863,2027-12-17,6.550000000000001,6.03,7.07,6.45,204.0,0.33804983245849607,743.2899780273438,0.040279998779296874,0.0023986015
QQQ,put,455.0,1.2136986301369863,2027-12-17,7.595,7.02,8.17,8.33,420.0,0.32590395782470705,743.2899780273438,0.040279998779296874,0.0023986015
QQQ,put,500.0,1.2136986301369863,2027-12-17,10.83,10.0,11.66,10.42,26.0,0.3031991067504882,743.2899780273438,0.040279998779296874,0.0023986015
QQQ,put,505.0,1.2136986301369863,2027-12-17,11.155000000000001,10.24,12.07,11.22,514.0,0.30039151763916017,743.2899780273438,0.040279998779296874,0.0023986015
QQQ,put,510.0,1.2136986301369863,2027-12-17,11.615,10.74,12.49,11.5,16.0,0.29759918716430656,743.2899780273438,0.040279998779296874,0.0023986015
QQQ,put,555.0,1.2136986301369863,2027-12-17,16.064999999999998,15.02,17.11,15.93,10.0,0.27410851631164557,743.2899780273438,0.040279998779296874,0.0023986015
QQQ,put,560.0,1.2136986301369863,2027-12-17,16.67,15.61,17.73,16.44,343.0,0.2716747637939453,743.2899780273438,0.040279998779296874,0.0023986015
QQQ,put,565.0,1.2136986301369863,2027-12-17,17.245,16.12,18.37,16.99,466.0,0.2692562699127198,743.2899780273438,0.040279998779296874,0.0023986015
QQQ,put,570.0,1.2136986301369863,2027-12-17,17.85,16.68,19.02,17.68,135.0,0.2667843708038331,743.2899780273438,0.040279998779296874,0.0023986015
QQQ,put,575.0,1.2136986301369863,2027-12-17,18.595,17.48,19.71,17.82,268.0,0.26442691146850583,743.2899780273438,0.040279998779296874,0.0023986015
QQQ,put,585.0,1.2136986301369863,2027-12-17,19.979999999999997,18.81,21.15,19.93,33.0,0.2596891048431397,743.2899780273438,0.040279998779296874,0.0023986015
QQQ,put,610.0,1.2136986301369863,2027-12-17,23.525,21.92,25.13,24.43,20.0,0.24780262702941894,743.2899780273438,0.040279998779296874,0.0023986015
QQQ,put,615.0,1.2136986301369863,2027-12-17,24.35,22.82,25.88,30.7,15.0,0.2449111154174805,743.2899780273438,0.040279998779296874,0.0023986015
QQQ,put,620.0,1.2136986301369863,2027-12-17,25.174999999999997,24.2,26.15,25.75,20.0,0.23987576538085933,743.2899780273438,0.040279998779296874,0.0023986015
QQQ,put,630.0,1.2136986301369863,2027-12-17,27.2,26.31,28.09,27.83,15.0,0.2355270539855957,743.2899780273438,0.040279998779296874,0.0023986015
QQQ,put,650.0,1.2136986301369863,2027-12-17,30.68,29.71,31.65,32.6,82.0,0.2241822577667236,743.2899780273438,0.040279998779296874,0.0023986015
QQQ,put,685.0,1.2136986301369863,2027-12-17,40.17,38.95,41.39,45.57,10.0,0.21236062915802,743.2899780273438,0.040279998779296874,0.0023986015
QQQ,put,700.0,1.2136986301369863,2027-12-17,44.760000000000005,43.63,45.89,45.68,13.0,0.206138920135498,743.2899780273438,0.040279998779296874,0.0023986015
QQQ,put,725.0,1.2136986301369863,2027-12-17,52.815,51.0,54.63,51.99,50.0,0.19663660427093504,743.2899780273438,0.040279998779296874,0.0023986015
QQQ,put,730.0,1.2136986301369863,2027-12-17,54.515,52.84,56.19,56.43,310.0,0.19365354084014896,743.2899780273438,0.040279998779296874,0.0023986015
QQQ,put,740.0,1.2136986301369863,2027-12-17,58.7,57.37,60.03,59.4,10.0,0.18941926921844482,743.2899780273438,0.040279998779296874,0.0023986015
QQQ,put,745.0,1.2136986301369863,2027-12-17,60.67,59.29,62.05,61.42,10.0,0.18734027999877928,743.2899780273438,0.040279998779296874,0.0023986015
QQQ,put,755.0,1.2136986301369863,2027-12-17,65.0,63.42,66.58,64.5,200.0,0.18412833702087403,743.2899780273438,0.040279998779296874,0.0023986015
QQQ,put,780.0,1.2136986301369863,2027-12-17,76.63,75.02,78.24,79.02,11.0,0.17366091239929202,743.2899780273438,0.040279998779296874,0.0023986015
QQQ,put,785.0,1.2136986301369863,2027-12-17,79.25,77.17,81.33,92.43,200.0,0.17328707580566405,743.2899780273438,0.040279998779296874,0.0023986015
QQQ,put,840.0,1.2136986301369863,2027-12-17,130.25,128.0,132.5,137.19,15.0,0.21443198905944824,743.2899780273438,0.040279998779296874,0.0023986015
QQQ,put,850.0,1.2136986301369863,2027-12-17,118.965,116.97,120.96,122.5,10.0,0.14534851242065427,743.2899780273438,0.040279998779296874,0.0023986015
QQQ,put,870.0,1.2136986301369863,2027-12-17,134.405,132.41,136.4,151.65,10.0,0.1391229887390137,743.2899780273438,0.040279998779296874,0.0023986015
QQQ,call,290.0,1.3095890410958904,2028-01-21,446.0,443.5,448.5,438.0,30.0,1.0000000000000003e-05,743.2899780273438,0.040279998779296874,0.0023986015
QQQ,call,300.0,1.3095890410958904,2028-01-21,461.25,459.0,463.5,420.75,14.0,0.648166360168457,743.2899780273438,0.040279998779296874,0.0023986015
QQQ,call,325.0,1.3095890410958904,2028-01-21,412.0,409.5,414.5,419.44,30.0,1.0000000000000003e-05,743.2899780273438,0.040279998779296874,0.0023986015
QQQ,call,360.0,1.3095890410958904,2028-01-21,380.5,378.0,383.0,388.51,60.0,1.0000000000000003e-05,743.2899780273438,0.040279998779296874,0.0023986015
QQQ,call,550.0,1.3095890410958904,2028-01-21,240.95999999999998,238.92,243.0,236.56,12.0,0.4230938428497314,743.2899780273438,0.040279998779296874,0.0023986015
QQQ,call,590.0,1.3095890410958904,2028-01-21,208.695,206.39,211.0,204.63,15.0,0.39547571083068855,743.2899780273438,0.040279998779296874,0.0023986015
QQQ,call,620.0,1.3095890410958904,2028-01-21,184.35,182.95,185.75,177.98,35.0,0.36833059654235845,743.2899780273438,0.040279998779296874,0.0023986015
QQQ,call,640.0,1.3095890410958904,2028-01-21,170.32999999999998,168.16,172.5,168.49,37.0,0.3620592969512939,743.2899780273438,0.040279998779296874,0.0023986015
QQQ,call,695.0,1.3095890410958904,2028-01-21,131.42000000000002,129.34,133.5,129.66,14.0,0.32946684944152826,743.2899780273438,0.040279998779296874,0.0023986015
QQQ,call,725.0,1.3095890410958904,2028-01-21,112.15,109.8,114.5,109.75,12.0,0.314875778312683,743.2899780273438,0.040279998779296874,0.0023986015
QQQ,call,730.0,1.3095890410958904,2028-01-21,109.25999999999999,107.02,111.5,110.0,22.0,0.31263657341003415,743.2899780273438,0.040279998779296874,0.0023986015
QQQ,call,735.0,1.3095890410958904,2028-01-21,105.96000000000001,103.92,108.0,103.61,18.0,0.3088028409957886,743.2899780273438,0.040279998779296874,0.0023986015
QQQ,call,765.0,1.3095890410958904,2028-01-21,89.27000000000001,87.04,91.5,84.92,23.0,0.2972749411392211,743.2899780273438,0.040279998779296874,0.0023986015
QQQ,call,770.0,1.3095890410958904,2028-01-21,86.34,84.18,88.5,82.37,208.0,0.29426517509460437,743.2899780273438,0.040279998779296874,0.0023986015
QQQ,call,775.0,1.3095890410958904,2028-01-21,83.78999999999999,81.58,86.0,79.8,58.0,0.2926248716735839,743.2899780273438,0.040279998779296874,0.0023986015
QQQ,call,800.0,1.3095890410958904,2028-01-21,71.31,69.12,73.5,68.56,75.0,0.2828288270568847,743.2899780273438,0.040279998779296874,0.0023986015
QQQ,call,840.0,1.3095890410958904,2028-01-21,54.510000000000005,52.02,57.0,51.6,13.0,0.27180446220397947,743.2899780273438,0.040279998779296874,0.0023986015
QQQ,call,850.0,1.3095890410958904,2028-01-21,50.715,48.43,53.0,47.99,24.0,0.2682949758148193,743.2899780273438,0.040279998779296874,0.0023986015
QQQ,call,975.0,1.3095890410958904,2028-01-21,20.52,18.54,22.5,19.0,12.0,0.25082383705139155,743.2899780273438,0.040279998779296874,0.0023986015
QQQ,call,980.0,1.3095890410958904,2028-01-21,19.895,17.79,22.0,17.75,16.0,0.25157151023864743,743.2899780273438,0.040279998779296874,0.0023986015
QQQ,call,990.0,1.3095890410958904,2028-01-21,18.494999999999997,16.49,20.5,16.53,32.0,0.25077806114196766,743.2899780273438,0.040279998779296874,0.0023986015
QQQ,call,1000.0,1.3095890410958904,2028-01-21,17.6,16.95,18.25,16.95,177.0,0.24629202201843262,743.2899780273438,0.040279998779296874,0.0023986015
QQQ,call,1005.0,1.3095890410958904,2028-01-21,16.615000000000002,14.73,18.5,16.74,50.0,0.24999224136352538,743.2899780273438,0.040279998779296874,0.0023986015
QQQ,call,1010.0,1.3095890410958904,2028-01-21,15.495,13.0,17.99,16.12,52.0,0.25026689682006836,743.2899780273438,0.040279998779296874,0.0023986015
QQQ,call,1050.0,1.3095890410958904,2028-01-21,11.645,9.5,13.79,10.66,14.0,0.24929034408569334,743.2899780273438,0.040279998779296874,0.0023986015
QQQ,call,1055.0,1.3095890410958904,2028-01-21,11.184999999999999,9.0,13.37,10.41,124.0,0.2493666372680664,743.2899780273438,0.040279998779296874,0.0023986015
QQQ,call,1065.0,1.3095890410958904,2028-01-21,11.015,9.51,12.52,11.38,12.0,0.2492598268127441,743.2899780273438,0.040279998779296874,0.0023986015
QQQ,call,1075.0,1.3095890410958904,2028-01-21,10.280000000000001,8.84,11.72,10.28,14.0,0.24915301635742187,743.2899780273438,0.040279998779296874,0.0023986015
QQQ,call,1080.0,1.3095890410958904,2028-01-21,9.190000000000001,7.0,11.38,6.42,10.0,0.24933611999511718,743.2899780273438,0.040279998779296874,0.0023986015
QQQ,call,1085.0,1.3095890410958904,2028-01-21,9.01,7.0,11.02,9.18,26.0,0.2493513786315918,743.2899780273438,0.040279998779296874,0.0023986015
QQQ,call,1090.0,1.3095890410958904,2028-01-21,8.575,6.5,10.65,8.84,16.0,0.24922930953979489,743.2899780273438,0.040279998779296874,0.0023986015
QQQ,call,1095.0,1.3095890410958904,2028-01-21,8.17,6.0,10.34,5.03,25.0,0.2494124131774902,743.2899780273438,0.040279998779296874,0.0023986015
QQQ,call,1115.0,1.3095890410958904,2028-01-21,7.755,7.02,8.49,7.0,46.0,0.2454299090576172,743.2899780273438,0.040279998779296874,0.0023986015
QQQ,put,290.0,1.3095890410958904,2028-01-21,3.4,1.8,5.0,2.69,214.0,0.4921010263061524,743.2899780273438,0.040279998779296874,0.0023986015
QQQ,put,315.0,1.3095890410958904,2028-01-21,2.75,0.5,5.0,3.41,1349.0,0.45300839965820316,743.2899780273438,0.040279998779296874,0.0023986015
QQQ,put,320.0,1.3095890410958904,2028-01-21,3.0,0.5,5.5,3.09,16.0,0.45441219421386714,743.2899780273438,0.040279998779296874,0.0023986015
QQQ,put,325.0,1.3095890410958904,2028-01-21,3.0,0.5,5.5,3.06,145.0,0.446996496887207,743.2899780273438,0.040279998779296874,0.0023986015
QQQ,put,335.0,1.3095890410958904,2028-01-21,3.25,1.0,5.5,3.97,26.0,0.43247027496337886,743.2899780273438,0.040279998779296874,0.0023986015
QQQ,put,350.0,1.3095890410958904,2028-01-21,4.63,3.26,6.0,3.86,52.0,0.41919526123046874,743.2899780273438,0.040279998779296874,0.0023986015
QQQ,put,355.0,1.3095890410958904,2028-01-21,4.0,1.5,6.5,4.42,10.0,0.41959198577880863,743.2899780273438,0.040279998779296874,0.0023986015
QQQ,put,365.0,1.3095890410958904,2028-01-21,4.0,1.5,6.5,5.4,10.0,0.4058897302246094,743.2899780273438,0.040279998779296874,0.0023986015
QQQ,put,385.0,1.3095890410958904,2028-01-21,5.0,2.5,7.5,4.75,25.0,0.3922179919433594,743.2899780273438,0.040279998779296874,0.0023986015
QQQ,put,400.0,1.3095890410958904,2028-01-21,5.475,4.95,6.0,5.25,52.0,0.35419346984863276,743.2899780273438,0.040279998779296874,0.0023986015
QQQ,put,405.0,1.3095890410958904,2028-01-21,6.0,3.5,8.5,5.67,25.0,0.3777680632019042,743.2899780273438,0.040279998779296874,0.0023986015
QQQ,put,410.0,1.3095890410958904,2028-01-21,6.0,3.5,8.5,5.94,14.0,0.3713746945190429,743.2899780273438,0.040279998779296874,0.0023986015
QQQ,put,415.0,1.3095890410958904,2028-01-21,7.04,5.58,8.5,6.05,29.0,0.3650576190185547,743.2899780273438,0.040279998779296874,0.0023986015
QQQ,put,440.0,1.3095890410958904,2028-01-21,8.379999999999999,6.76,10.0,7.4,110.0,0.34888346435546874,743.2899780273438,0.040279998779296874,0.0023986015
QQQ,put,455.0,1.3095890410958904,2028-01-21,8.25,6.0,10.5,8.3,84.0,0.3351201742553711,743.2899780273438,0.040279998779296874,0.0023986015
QQQ,put,485.0,1.3095890410958904,2028-01-21,9.525,7.5,11.55,11.02,571.0,0.3082802326965332,743.2899780273438,0.040279998779296874,0.0023986015
QQQ,put,500.0,1.3095890410958904,2028-01-21,11.275,10.55,12.0,11.45,1201.0,0.2943948735046386,743.2899780273438,0.040279998779296874,0.0023986015
QQQ,put,505.0,1.3095890410958904,2028-01-21,11.92,10.62,13.22,12.17,30.0,0.29729401443481435,743.2899780273438,0.040279998779296874,0.0023986015
QQQ,put,525.0,1.3095890410958904,2028-01-21,13.735,12.32,15.15,14.58,46.0,0.2868494777679442,743.2899780273438,0.040279998779296874,0.0023986015
QQQ,put,535.0,1.3095890410958904,2028-01-21,14.74,13.27,16.21,14.46,150.0,0.28173020523071285,743.2899780273438,0.040279998779296874,0.0023986015
QQQ,put,540.0,1.3095890410958904,2028-01-21,15.254999999999999,13.76,16.75,15.11,1100.0,0.27910571975708004,743.2899780273438,0.040279998779296874,0.0023986015
QQQ,put,550.0,1.3095890410958904,2028-01-21,16.02,15.24,16.8,16.7,100.0,0.2678906219482422,743.2899780273438,0.040279998779296874,0.0023986015
QQQ,put,560.0,1.3095890410958904,2028-01-21,17.48,15.96,19.0,17.45,64.0,0.2683026051330566,743.2899780273438,0.040279998779296874,0.0023986015
QQQ,put,570.0,1.3095890410958904,2028-01-21,18.89,17.2,20.58,19.0,119.0,0.26473208419799804,743.2899780273438,0.040279998779296874,0.0023986015
QQQ,put,590.0,1.3095890410958904,2028-01-21,21.82,19.99,23.65,22.02,22.0,0.25579815254211435,743.2899780273438,0.040279998779296874,0.0023986015
QQQ,put,600.0,1.3095890410958904,2028-01-21,23.439999999999998,21.48,25.4,23.28,18.0,0.25167069137573245,743.2899780273438,0.040279998779296874,0.0023986015
QQQ,put,625.0,1.3095890410958904,2028-01-21,27.884999999999998,25.77,30.0,28.85,10.0,0.24040981765747066,743.2899780273438,0.040279998779296874,0.0023986015
QQQ,put,635.0,1.3095890410958904,2028-01-21,29.86,27.72,32.0,31.21,57.0,0.23579408012390132,743.2899780273438,0.040279998779296874,0.0023986015
QQQ,put,695.0,1.3095890410958904,2028-01-21,44.614999999999995,42.55,46.68,46.15,101.0,0.20793180992126462,743.2899780273438,0.040279998779296874,0.0023986015
QQQ,put,700.0,1.3095890410958904,2028-01-21,46.17,44.08,48.26,47.0,24.0,0.20596344581604,743.2899780273438,0.040279998779296874,0.0023986015
QQQ,put,720.0,1.3095890410958904,2028-01-21,52.739999999999995,50.58,54.9,53.77,124.0,0.19760934234619143,743.2899780273438,0.040279998779296874,0.0023986015
QQQ,put,725.0,1.3095890410958904,2028-01-21,54.535,52.35,56.72,55.54,135.0,0.19563334892272952,743.2899780273438,0.040279998779296874,0.0023986015
QQQ,put,730.0,1.3095890410958904,2028-01-21,56.364999999999995,54.23,58.5,57.36,54.0,0.19338270004272462,743.2899780273438,0.040279998779296874,0.0023986015
QQQ,put,735.0,1.3095890410958904,2028-01-21,58.28,56.06,60.5,59.54,44.0,0.19162795684814454,743.2899780273438,0.040279998779296874,0.0023986015
QQQ,put,740.0,1.3095890410958904,2028-01-21,60.22,57.94,62.5,61.75,16.0,0.18970918331146241,743.2899780273438,0.040279998779296874,0.0023986015
QQQ,put,745.0,1.3095890410958904,2028-01-21,62.22,59.94,64.5,63.28,11.0,0.18762256477355957,743.2899780273438,0.040279998779296874,0.0023986015
QQQ,put,750.0,1.3095890410958904,2028-01-21,64.24,61.98,66.5,65.37,11.0,0.18536810123443603,743.2899780273438,0.040279998779296874,0.0023986015
QQQ,put,765.0,1.3095890410958904,2028-01-21,70.795,68.59,73.0,72.08,27.0,0.17901669380187987,743.2899780273438,0.040279998779296874,0.0023986015
QQQ,put,850.0,1.3095890410958904,2028-01-21,120.00999999999999,118.02,122.0,148.16,10.0,0.14399812309265134,743.2899780273438,0.040279998779296874,0.0023986015
QQQ,put,900.0,1.3095890410958904,2028-01-21,159.0,156.5,161.5,166.8,10.0,0.12468831863403321,743.2899780273438,0.040279998779296874,0.0023986015
QQQ,put,950.0,1.3095890410958904,2028-01-21,243.5,241.0,246.0,242.4,100.0,0.29801879966735834,743.2899780273438,0.040279998779296874,0.0023986015
