ticker,kind,strike,expiry,expiry_date,mid,bid,ask,last_price,volume,implied_volatility_yf,S,r,q
SPY,call,670.0,0.0027397260273972603,2026-06-17,82.78,81.34,84.22,84.42,46.0,0.8974619628906249,753.489990234375,0.03634999752044678,0.0075010266
SPY,call,675.0,0.0027397260273972603,2026-06-17,77.65,76.07,79.23,77.96,42.0,0.852540537109375,753.489990234375,0.03634999752044678,0.0075010266
SPY,call,700.0,0.0027397260273972603,2026-06-17,53.245000000000005,52.2,54.29,53.09,91.0,0.6254920263671876,753.489990234375,0.03634999752044678,0.0075010266
SPY,call,702.0,0.0027397260273972603,2026-06-17,50.765,49.09,52.44,36.85,30.0,0.6293982373046876,753.489990234375,0.03634999752044678,0.0075010266
SPY,call,715.0,0.0027397260273972603,2026-06-17,37.925,36.39,39.46,39.76,35.0,0.5012256909179689,753.489990234375,0.03634999752044678,0.0075010266
SPY,call,716.0,0.0027397260273972603,2026-06-17,36.92,35.44,38.4,38.06,14.0,0.48340360351562506,753.489990234375,0.03634999752044678,0.0075010266
SPY,call,717.0,0.0027397260273972603,2026-06-17,35.93,34.33,37.53,25.34,12.0,0.48901878173828134,753.489990234375,0.03634999752044678,0.0075010266
SPY,call,718.0,0.0027397260273972603,2026-06-17,35.0,33.26,36.74,36.44,13.0,0.5022022436523439,753.489990234375,0.03634999752044678,0.0075010266
SPY,call,722.0,0.0027397260273972603,2026-06-17,30.759999999999998,30.4,31.12,32.97,12.0,1.0000000000000003e-05,753.489990234375,0.03634999752044678,0.0075010266
SPY,call,724.0,0.0027397260273972603,2026-06-17,28.83,28.42,29.24,32.23,53.0,1.0000000000000003e-05,753.489990234375,0.03634999752044678,0.0075010266
SPY,call,726.0,0.0027397260273972603,2026-06-17,26.799999999999997,26.45,27.15,29.25,27.0,1.0000000000000003e-05,753.489990234375,0.03634999752044678,0.0075010266
SPY,call,728.0,0.0027397260273972603,2026-06-17,24.825,24.43,25.22,27.01,18.0,1.0000000000000003e-05,753.489990234375,0.03634999752044678,0.0075010266
SPY,call,730.0,0.0027397260273972603,2026-06-17,22.814999999999998,22.45,23.18,25.0,10.0,1.0000000000000003e-05,753.489990234375,0.03634999752044678,0.0075010266
SPY,call,732.0,0.0027397260273972603,2026-06-17,20.905,20.5,21.31,21.0,10.0,1.0000000000000003e-05,753.489990234375,0.03634999752044678,0.0075010266
SPY,call,735.0,0.0027397260273972603,2026-06-17,17.9,17.54,18.26,18.83,10.0,1.0000000000000003e-05,753.489990234375,0.03634999752044678,0.0075010266
SPY,call,740.0,0.0027397260273972603,2026-06-17,13.28,13.11,13.45,13.19,135.0,1.0000000000000003e-05,753.489990234375,0.03634999752044678,0.0075010266
SPY,call,741.0,0.0027397260273972603,2026-06-17,12.225000000000001,11.9,12.55,12.25,11.0,0.11524322265625,753.489990234375,0.03634999752044678,0.0075010266
SPY,call,742.0,0.0027397260273972603,2026-06-17,11.555,11.53,11.58,11.3,11.0,0.1147549462890625,753.489990234375,0.03634999752044678,0.0075010266
SPY,call,743.0,0.0027397260273972603,2026-06-17,10.515,10.48,10.55,10.5,82.0,0.0991301025390625,753.489990234375,0.03634999752044678,0.0075010266
SPY,call,744.0,0.0027397260273972603,2026-06-17,9.67,9.64,9.7,10.56,71.0,0.11744046630859376,753.489990234375,0.03634999752044678,0.0075010266
SPY,call,745.0,0.0027397260273972603,2026-06-17,8.7,8.68,8.72,8.56,184.0,0.11011632080078124,753.489990234375,0.03634999752044678,0.0075010266
SPY,call,746.0,0.0027397260273972603,2026-06-17,7.725,7.69,7.76,7.68,69.0,0.10450114257812498,753.489990234375,0.03634999752044678,0.0075010266
SPY,call,747.0,0.0027397260273972603,2026-06-17,7.085,7.06,7.11,6.93,149.0,0.12256736816406251,753.489990234375,0.03634999752044678,0.0075010266
SPY,call,748.0,0.0027397260273972603,2026-06-17,6.195,6.17,6.22,6.05,126.0,0.11744046630859376,753.489990234375,0.03634999752044678,0.0075010266
SPY,call,749.0,0.0027397260273972603,2026-06-17,5.46,5.43,5.49,5.13,395.0,0.12012598632812499,753.489990234375,0.03634999752044678,0.0075010266
SPY,call,750.0,0.0027397260273972603,2026-06-17,4.515000000000001,4.5,4.53,4.58,517.0,0.10767493896484376,753.489990234375,0.03634999752044678,0.0075010266
SPY,call,751.0,0.0027397260273972603,2026-06-17,4.105,4.08,4.13,4.0,575.0,0.12171288452148438,753.489990234375,0.03634999752044678,0.0075010266
SPY,call,752.0,0.0027397260273972603,2026-06-17,3.3499999999999996,3.34,3.36,3.34,3258.0,0.11451080810546876,753.489990234375,0.03634999752044678,0.0075010266
SPY,call,753.0,0.0027397260273972603,2026-06-17,2.785,2.78,2.79,2.78,4129.0,0.11402253173828125,753.489990234375,0.03634999752044678,0.0075010266
SPY,call,754.0,0.0027397260273972603,2026-06-17,2.26,2.25,2.27,2.29,11417.0,0.11304597900390626,753.489990234375,0.03634999752044678,0.0075010266
SPY,call,755.0,0.0027397260273972603,2026-06-17,1.8050000000000002,1.8,1.81,1.79,21260.0,0.11188632263183593,753.489990234375,0.03634999752044678,0.0075010266
SPY,call,756.0,0.0027397260273972603,2026-06-17,1.4049999999999998,1.4,1.41,1.42,14454.0,0.11060459716796875,753.489990234375,0.03634999752044678,0.0075010266
SPY,call,757.0,0.0027397260273972603,2026-06-17,1.105,1.1,1.11,1.11,8783.0,0.11121494262695311,753.489990234375,0.03634999752044678,0.0075010266
SPY,call,758.0,0.0027397260273972603,2026-06-17,0.845,0.84,0.85,0.84,7090.0,0.11109287353515623,753.489990234375,0.03634999752044678,0.0075010266
SPY,call,759.0,0.0027397260273972603,2026-06-17,0.575,0.57,0.58,0.6,4423.0,0.1069425244140625,753.489990234375,0.03634999752044678,0.0075010266
SPY,call,760.0,0.0027397260273972603,2026-06-17,0.455,0.45,0.46,0.46,10593.0,0.10999425170898436,753.489990234375,0.03634999752044678,0.0075010266
SPY,call,761.0,0.0027397260273972603,2026-06-17,0.335,0.33,0.34,0.32,2184.0,0.11060459716796875,753.489990234375,0.03634999752044678,0.0075010266
SPY,call,762.0,0.0027397260273972603,2026-06-17,0.235,0.23,0.24,0.23,3187.0,0.11036045898437499,753.489990234375,0.03634999752044678,0.0075010266
SPY,call,763.0,0.0027397260273972603,2026-06-17,0.165,0.16,0.17,0.17,5646.0,0.11084873535156249,753.489990234375,0.03634999752044678,0.0075010266
SPY,call,764.0,0.0027397260273972603,2026-06-17,0.10500000000000001,0.1,0.11,0.1,2309.0,0.10938390625,753.489990234375,0.03634999752044678,0.0075010266
SPY,call,765.0,0.0027397260273972603,2026-06-17,0.08499999999999999,0.08,0.09,0.09,3075.0,0.1132901171875,753.489990234375,0.03634999752044678,0.0075010266
SPY,call,766.0,0.0027397260273972603,2026-06-17,0.055,0.05,0.06,0.06,361.0,0.1132901171875,753.489990234375,0.03634999752044678,0.0075010266
SPY,call,767.0,0.0027397260273972603,2026-06-17,0.045,0.04,0.05,0.05,1058.0,0.117196328125,753.489990234375,0.03634999752044678,0.0075010266
SPY,call,768.0,0.0027397260273972603,2026-06-17,0.035,0.03,0.04,0.04,3051.0,0.1211025390625,753.489990234375,0.03634999752044678,0.0075010266
SPY,call,769.0,0.0027397260273972603,2026-06-17,0.025,0.02,0.03,0.03,312.0,0.12305564453125001,753.489990234375,0.03634999752044678,0.0075010266
SPY,call,770.0,0.0027397260273972603,2026-06-17,0.025,0.02,0.03,0.02,1056.0,0.129891513671875,753.489990234375,0.03634999752044678,0.0075010266
SPY,call,771.0,0.0027397260273972603,2026-06-17,0.025,0.02,0.03,0.02,46.0,0.13672738281250002,753.489990234375,0.03634999752044678,0.0075010266
SPY,call,772.0,0.0027397260273972603,2026-06-17,0.015,0.01,0.02,0.02,367.0,0.13575083007812502,753.489990234375,0.03634999752044678,0.0075010266
SPY,call,773.0,0.0027397260273972603,2026-06-17,0.015,0.01,0.02,0.01,24.0,0.14258669921875,753.489990234375,0.03634999752044678,0.0075010266
SPY,call,774.0,0.0027397260273972603,2026-06-17,0.015,0.01,0.02,0.01,15.0,0.148446015625,753.489990234375,0.03634999752044678,0.0075010266
SPY,call,775.0,0.0027397260273972603,2026-06-17,0.015,0.01,0.02,0.02,142.0,0.15430533203125002,753.489990234375,0.03634999752044678,0.0075010266
SPY,call,776.0,0.0027397260273972603,2026-06-17,0.015,0.01,0.02,0.02,263.0,0.1601646484375,753.489990234375,0.03634999752044678,0.0075010266
SPY,call,778.0,0.0027397260273972603,2026-06-17,0.015,0.01,0.02,0.01,52.0,0.17383638671875,753.489990234375,0.03634999752044678,0.0075010266
SPY,call,779.0,0.0027397260273972603,2026-06-17,0.015,0.01,0.02,0.03,106.0,0.179695703125,753.489990234375,0.03634999752044678,0.0075010266
SPY,call,780.0,0.0027397260273972603,2026-06-17,0.015,0.01,0.02,0.02,15.0,0.18555501953124998,753.489990234375,0.03634999752044678,0.0075010266
SPY,call,781.0,0.0027397260273972603,2026-06-17,0.015,0.01,0.02,0.01,37.0,0.1914143359375,753.489990234375,0.03634999752044678,0.0075010266
SPY,call,782.0,0.0027397260273972603,2026-06-17,0.015,0.01,0.02,0.02,192.0,0.19727365234375,753.489990234375,0.03634999752044678,0.0075010266
SPY,call,784.0,0.0027397260273972603,2026-06-17,0.015,0.01,0.02,0.02,56.0,0.20899228515624996,753.489990234375,0.03634999752044678,0.0075010266
SPY,call,786.0,0.0027397260273972603,2026-06-17,0.015,0.01,0.02,0.02,40.0,0.22266402343749997,753.489990234375,0.03634999752044678,0.0075010266
SPY,call,788.0,0.0027397260273972603,2026-06-17,0.015,0.01,0.02,0.02,99.0,0.23438265625,753.489990234375,0.03634999752044678,0.0075010266
SPY,call,789.0,0.0027397260273972603,2026-06-17,0.015,0.01,0.02,0.02,56.0,0.23828886718749998,753.489990234375,0.03634999752044678,0.0075010266
SPY,call,790.0,0.0027397260273972603,2026-06-17,0.015,0.01,0.02,0.02,40.0,0.2461012890625,753.489990234375,0.03634999752044678,0.0075010266
SPY,call,792.0,0.0027397260273972603,2026-06-17,0.015,0.01,0.02,0.01,11.0,0.257819921875,753.489990234375,0.03634999752044678,0.0075010266
SPY,call,793.0,0.0027397260273972603,2026-06-17,0.015,0.01,0.02,0.03,26.0,0.2617261328125,753.489990234375,0.03634999752044678,0.0075010266
SPY,call,794.0,0.0027397260273972603,2026-06-17,0.015,0.01,0.02,0.01,21.0,0.2695385546875,753.489990234375,0.03634999752044678,0.0075010266
SPY,call,795.0,0.0027397260273972603,2026-06-17,0.015,0.01,0.02,0.03,10.0,0.273444765625,753.489990234375,0.03634999752044678,0.0075010266
SPY,call,796.0,0.0027397260273972603,2026-06-17,0.015,0.01,0.02,0.01,33.0,0.27930408203124996,753.489990234375,0.03634999752044678,0.0075010266
SPY,call,797.0,0.0027397260273972603,2026-06-17,0.015,0.01,0.02,0.02,72.0,0.28516339843749994,753.489990234375,0.03634999752044678,0.0075010266
SPY,put,669.0,0.0027397260273972603,2026-06-17,0.015,0.01,0.02,0.01,711.0,0.5546919531250001,753.489990234375,0.03634999752044678,0.0075010266
SPY,put,680.0,0.0027397260273972603,2026-06-17,0.015,0.01,0.02,0.05,80.0,0.49609878906250005,753.489990234375,0.03634999752044678,0.0075010266
SPY,put,684.0,0.0027397260273972603,2026-06-17,0.015,0.01,0.02,0.04,22.0,0.4687553125,753.489990234375,0.03634999752044678,0.0075010266
SPY,put,685.0,0.0027397260273972603,2026-06-17,0.015,0.01,0.02,0.01,14.0,0.46094289062500005,753.489990234375,0.03634999752044678,0.0075010266
SPY,put,688.0,0.0027397260273972603,2026-06-17,0.015,0.01,0.02,0.01,200.0,0.445318046875,753.489990234375,0.03634999752044678,0.0075010266
SPY,put,690.0,0.0027397260273972603,2026-06-17,0.015,0.01,0.02,0.01,13.0,0.42969320312500003,753.489990234375,0.03634999752044678,0.0075010266
SPY,put,692.0,0.0027397260273972603,2026-06-17,0.015,0.01,0.02,0.02,15.0,0.41797457031249996,753.489990234375,0.03634999752044678,0.0075010266
SPY,put,693.0,0.0027397260273972603,2026-06-17,0.025,0.02,0.03,0.02,221.0,0.42969320312500003,753.489990234375,0.03634999752044678,0.0075010266
SPY,put,694.0,0.0027397260273972603,2026-06-17,0.025,0.02,0.03,0.02,65.0,0.42188078125,753.489990234375,0.03634999752044678,0.0075010266
SPY,put,696.0,0.0027397260273972603,2026-06-17,0.025,0.02,0.03,0.04,62.0,0.4101621484375,753.489990234375,0.03634999752044678,0.0075010266
SPY,put,699.0,0.0027397260273972603,2026-06-17,0.025,0.02,0.03,0.09,54.0,0.38867798828125,753.489990234375,0.03634999752044678,0.0075010266
SPY,put,700.0,0.0027397260273972603,2026-06-17,0.025,0.02,0.03,0.03,78.0,0.38281867187499996,753.489990234375,0.03634999752044678,0.0075010266
SPY,put,701.0,0.0027397260273972603,2026-06-17,0.025,0.02,0.03,0.03,90.0,0.37500625,753.489990234375,0.03634999752044678,0.0075010266
SPY,put,703.0,0.0027397260273972603,2026-06-17,0.035,0.03,0.04,0.03,79.0,0.37500625,753.489990234375,0.03634999752044678,0.0075010266
SPY,put,705.0,0.0027397260273972603,2026-06-17,0.035,0.03,0.04,0.04,47.0,0.36133451171875,753.489990234375,0.03634999752044678,0.0075010266
SPY,put,706.0,0.0027397260273972603,2026-06-17,0.035,0.03,0.04,0.06,8917.0,0.35352208984374994,753.489990234375,0.03634999752044678,0.0075010266
SPY,put,708.0,0.0027397260273972603,2026-06-17,0.035,0.03,0.04,0.04,16.0,0.3398503515625,753.489990234375,0.03634999752044678,0.0075010266
SPY,put,710.0,0.0027397260273972603,2026-06-17,0.045,0.04,0.05,0.04,91.0,0.335944140625,753.489990234375,0.03634999752044678,0.0075010266
SPY,put,711.0,0.0027397260273972603,2026-06-17,0.045,0.04,0.05,0.09,71.0,0.32813171874999997,753.489990234375,0.03634999752044678,0.0075010266
SPY,put,712.0,0.0027397260273972603,2026-06-17,0.045,0.04,0.05,0.04,87.0,0.32129584960937496,753.489990234375,0.03634999752044678,0.0075010266
SPY,put,713.0,0.0027397260273972603,2026-06-17,0.045,0.04,0.05,0.05,19.0,0.31445998046874996,753.489990234375,0.03634999752044678,0.0075010266
SPY,put,714.0,0.0027397260273972603,2026-06-17,0.055,0.05,0.06,0.05,126.0,0.31445998046874996,753.489990234375,0.03634999752044678,0.0075010266
SPY,put,715.0,0.0027397260273972603,2026-06-17,0.055,0.05,0.06,0.05,26.0,0.30664755859375,753.489990234375,0.03634999752044678,0.0075010266
SPY,put,719.0,0.0027397260273972603,2026-06-17,0.065,0.06,0.07,0.07,44.0,0.2841868457031249,753.489990234375,0.03634999752044678,0.0075010266
SPY,put,720.0,0.0027397260273972603,2026-06-17,0.07500000000000001,0.07,0.08,0.06,277.0,0.282233740234375,753.489990234375,0.03634999752044678,0.0075010266
SPY,put,721.0,0.0027397260273972603,2026-06-17,0.07500000000000001,0.07,0.08,0.07,28.0,0.274421318359375,753.489990234375,0.03634999752044678,0.0075010266
SPY,put,722.0,0.0027397260273972603,2026-06-17,0.07500000000000001,0.07,0.08,0.07,15.0,0.26709717285156254,753.489990234375,0.03634999752044678,0.0075010266
SPY,put,723.0,0.0027397260273972603,2026-06-17,0.08499999999999999,0.08,0.09,0.07,152.0,0.26367923828125,753.489990234375,0.03634999752044678,0.0075010266
SPY,put,724.0,0.0027397260273972603,2026-06-17,0.08499999999999999,0.08,0.09,0.08,12.0,0.256843369140625,753.489990234375,0.03634999752044678,0.0075010266
SPY,put,725.0,0.0027397260273972603,2026-06-17,0.095,0.09,0.1,0.09,115.0,0.252937158203125,753.489990234375,0.03634999752044678,0.0075010266
SPY,put,726.0,0.0027397260273972603,2026-06-17,0.10500000000000001,0.1,0.11,0.1,35.0,0.249030947265625,753.489990234375,0.03634999752044678,0.0075010266
SPY,put,727.0,0.0027397260273972603,2026-06-17,0.11499999999999999,0.11,0.12,0.1,89.0,0.24414818359375,753.489990234375,0.03634999752044678,0.0075010266
SPY,put,728.0,0.0027397260273972603,2026-06-17,0.11499999999999999,0.11,0.12,0.12,126.0,0.23633576171874998,753.489990234375,0.03634999752044678,0.0075010266
SPY,put,729.0,0.0027397260273972603,2026-06-17,0.125,0.12,0.13,0.13,1369.0,0.231452998046875,753.489990234375,0.03634999752044678,0.0075010266
SPY,put,730.0,0.0027397260273972603,2026-06-17,0.135,0.13,0.14,0.15,631.0,0.2260819580078125,753.489990234375,0.03634999752044678,0.0075010266
SPY,put,731.0,0.0027397260273972603,2026-06-17,0.14500000000000002,0.14,0.15,0.16,433.0,0.22071091796874998,753.489990234375,0.03634999752044678,0.0075010266
SPY,put,732.0,0.0027397260273972603,2026-06-17,0.165,0.16,0.17,0.16,467.0,0.2172929833984375,753.489990234375,0.03634999752044678,0.0075010266
SPY,put,733.0,0.0027397260273972603,2026-06-17,0.175,0.17,0.18,0.18,438.0,0.21094539062499998,753.489990234375,0.03634999752044678,0.0075010266
SPY,put,734.0,0.0027397260273972603,2026-06-17,0.195,0.19,0.2,0.2,595.0,0.20655090332031245,753.489990234375,0.03634999752044678,0.0075010266
SPY,put,735.0,0.0027397260273972603,2026-06-17,0.235,0.23,0.24,0.22,994.0,0.20508607421874997,753.489990234375,0.03634999752044678,0.0075010266
SPY,put,736.0,0.0027397260273972603,2026-06-17,0.245,0.24,0.25,0.24,820.0,0.1977619287109375,753.489990234375,0.03634999752044678,0.0075010266
SPY,put,737.0,0.0027397260273972603,2026-06-17,0.295,0.29,0.3,0.3,510.0,0.19605296142578127,753.489990234375,0.03634999752044678,0.0075010266
SPY,put,738.0,0.0027397260273972603,2026-06-17,0.335,0.33,0.34,0.33,1074.0,0.19214675048828128,753.489990234375,0.03634999752044678,0.0075010266
SPY,put,739.0,0.0027397260273972603,2026-06-17,0.375,0.37,0.38,0.36,1015.0,0.187508125,753.489990234375,0.03634999752044678,0.0075010266
SPY,put,740.0,0.0027397260273972603,2026-06-17,0.405,0.4,0.41,0.4,3941.0,0.18091639404296872,753.489990234375,0.03634999752044678,0.0075010266
SPY,put,741.0,0.0027397260273972603,2026-06-17,0.445,0.44,0.45,0.47,6369.0,0.17505707763671874,753.489990234375,0.03634999752044678,0.0075010266
SPY,put,742.0,0.0027397260273972603,2026-06-17,0.515,0.51,0.52,0.56,1572.0,0.1713950048828125,753.489990234375,0.03634999752044678,0.0075010266
SPY,put,743.0,0.0027397260273972603,2026-06-17,0.605,0.6,0.61,0.6,1365.0,0.16846534667968754,753.489990234375,0.03634999752044678,0.0075010266
SPY,put,744.0,0.0027397260273972603,2026-06-17,0.705,0.7,0.71,0.75,1454.0,0.165047412109375,753.489990234375,0.03634999752044678,0.0075010266
SPY,put,745.0,0.0027397260273972603,2026-06-17,0.795,0.79,0.8,0.79,6922.0,0.15979844116210937,753.489990234375,0.03634999752044678,0.0075010266
SPY,put,746.0,0.0027397260273972603,2026-06-17,0.91,0.9,0.92,0.9,1873.0,0.15552602294921875,753.489990234375,0.03634999752044678,0.0075010266
SPY,put,747.0,0.0027397260273972603,2026-06-17,1.0750000000000002,1.07,1.08,1.07,3554.0,0.1524742956542969,753.489990234375,0.03634999752044678,0.0075010266
SPY,put,748.0,0.0027397260273972603,2026-06-17,1.3050000000000002,1.3,1.31,1.32,3482.0,0.1518639501953125,753.489990234375,0.03634999752044678,0.0075010266
SPY,put,749.0,0.0027397260273972603,2026-06-17,1.525,1.52,1.53,1.52,6010.0,0.14881222290039062,753.489990234375,0.03634999752044678,0.0075010266
SPY,put,750.0,0.0027397260273972603,2026-06-17,1.72,1.71,1.73,1.71,20451.0,0.14301394104003906,753.489990234375,0.03634999752044678,0.0075010266
SPY,put,751.0,0.0027397260273972603,2026-06-17,2.135,2.13,2.14,2.14,8582.0,0.14557739196777342,753.489990234375,0.03634999752044678,0.0075010266
SPY,put,752.0,0.0027397260273972603,2026-06-17,2.385,2.38,2.39,2.38,8396.0,0.13843635009765626,753.489990234375,0.03634999752044678,0.0075010266
SPY,put,753.0,0.0027397260273972603,2026-06-17,2.875,2.87,2.88,2.87,17929.0,0.14020635192871095,753.489990234375,0.03634999752044678,0.0075010266
SPY,put,754.0,0.0027397260273972603,2026-06-17,3.265,3.24,3.29,3.42,17401.0,0.1360560028076172,753.489990234375,0.03634999752044678,0.0075010266
SPY,put,755.0,0.0027397260273972603,2026-06-17,3.925,3.9,3.95,3.88,12727.0,0.14087773193359376,753.489990234375,0.03634999752044678,0.0075010266
SPY,put,756.0,0.0027397260273972603,2026-06-17,4.49,4.46,4.52,4.49,2474.0,0.1392908337402344,753.489990234375,0.03634999752044678,0.0075010266
SPY,put,757.0,0.0027397260273972603,2026-06-17,5.365,5.34,5.39,5.6,680.0,0.1500329138183594,753.489990234375,0.03634999752044678,0.0075010266
SPY,put,758.0,0.0027397260273972603,2026-06-17,5.965,5.94,5.99,5.89,538.0,0.14563842651367187,753.489990234375,0.03634999752044678,0.0075010266
SPY,put,759.0,0.0027397260273972603,2026-06-17,6.8,6.77,6.83,6.99,405.0,0.15161981201171876,753.489990234375,0.03634999752044678,0.0075010266
SPY,put,760.0,0.0027397260273972603,2026-06-17,7.6,7.57,7.63,7.58,324.0,0.1538170556640625,753.489990234375,0.03634999752044678,0.0075010266
SPY,put,761.0,0.0027397260273972603,2026-06-17,8.469999999999999,8.19,8.75,8.18,103.0,0.17432466308593753,753.489990234375,0.03634999752044678,0.0075010266
SPY,put,762.0,0.0027397260273972603,2026-06-17,9.565000000000001,9.21,9.92,9.5,29.0,0.19763985961914063,753.489990234375,0.03634999752044678,0.0075010266
SPY,put,763.0,0.0027397260273972603,2026-06-17,10.385,10.17,10.6,10.48,45.0,0.1901936450195313,753.489990234375,0.03634999752044678,0.0075010266
SPY,put,765.0,0.0027397260273972603,2026-06-17,12.309999999999999,12.08,12.54,12.69,34.0,0.20996883789062498,753.489990234375,0.03634999752044678,0.0075010266
SPY,put,766.0,0.0027397260273972603,2026-06-17,13.165,12.03,14.3,11.29,97.0,0.27259028198242186,753.489990234375,0.03634999752044678,0.0075010266
SPY,put,768.0,0.0027397260273972603,2026-06-17,15.425,13.91,16.94,13.5,14.0,0.3371648315429688,753.489990234375,0.03634999752044678,0.0075010266
SPY,put,770.0,0.0027397260273972603,2026-06-17,17.619999999999997,16.13,19.11,16.55,766.0,0.37329728271484375,753.489990234375,0.03634999752044678,0.0075010266
SPY,put,771.0,0.0027397260273972603,2026-06-17,18.335,16.8,19.87,16.5,14.0,0.3711000390625,753.489990234375,0.03634999752044678,0.0075010266
SPY,put,773.0,0.0027397260273972603,2026-06-17,20.57,19.14,22.0,43.33,18.0,0.40418076293945315,753.489990234375,0.03634999752044678,0.0075010266
SPY,call,355.0,0.005479452054794521,2026-06-18,397.81,396.16,399.46,387.82,19.0,3.8408207104492185,753.489990234375,0.03634999752044678,0.0075010266
SPY,call,365.0,0.005479452054794521,2026-06-18,387.76,386.06,389.46,374.13,19.0,3.71093822265625,753.489990234375,0.03634999752044678,0.0075010266
SPY,call,380.0,0.005479452054794521,2026-06-18,372.81,371.16,374.46,373.34,64.0,3.5224621313476563,753.489990234375,0.03634999752044678,0.0075010266
SPY,call,415.0,0.005479452054794521,2026-06-18,337.84000000000003,336.29,339.39,311.68,42.0,3.076174184570312,753.489990234375,0.03634999752044678,0.0075010266
SPY,call,435.0,0.005479452054794521,2026-06-18,317.865,316.26,319.47,302.51,10.0,2.8935574536132815,753.489990234375,0.03634999752044678,0.0075010266
SPY,call,530.0,0.005479452054794521,2026-06-18,222.78,221.08,224.48,211.07,11.0,1.9560549072265625,753.489990234375,0.03634999752044678,0.0075010266
SPY,call,550.0,0.005479452054794521,2026-06-18,202.79,201.17,204.41,205.0,72.0,1.7553723168945314,753.489990234375,0.03634999752044678,0.0075010266
SPY,call,585.0,0.005479452054794521,2026-06-18,167.88,166.35,169.41,171.61,13.0,1.4545925708007812,753.489990234375,0.03634999752044678,0.0075010266
SPY,call,590.0,0.005479452054794521,2026-06-18,162.77,161.05,164.49,165.97,224.0,1.4331083032226561,753.489990234375,0.03634999752044678,0.0075010266
SPY,call,600.0,0.005479452054794521,2026-06-18,152.92000000000002,151.35,154.49,153.0,18.0,1.3491243481445312,753.489990234375,0.03634999752044678,0.0075010266
SPY,call,615.0,0.005479452054794521,2026-06-18,137.755,136.02,139.49,140.21,269.0,1.2243691125488283,753.489990234375,0.03634999752044678,0.0075010266
SPY,call,620.0,0.005479452054794521,2026-06-18,133.49,132.58,134.4,134.2,62.0,0.500005,753.489990234375,0.03634999752044678,0.0075010266
SPY,call,625.0,0.005479452054794521,2026-06-18,127.81,126.09,129.53,131.0,224.0,1.150394873046875,753.489990234375,0.03634999752044678,0.0075010266
SPY,call,630.0,0.005479452054794521,2026-06-18,122.78999999999999,121.16,124.42,122.95,136.0,1.0869186279296876,753.489990234375,0.03634999752044678,0.0075010266
SPY,call,645.0,0.005479452054794521,2026-06-18,107.83,106.16,109.5,109.75,181.0,0.981445498046875,753.489990234375,0.03634999752044678,0.0075010266
SPY,call,660.0,0.005479452054794521,2026-06-18,92.945,91.21,94.68,94.65,200.0,0.8889171264648437,753.489990234375,0.03634999752044678,0.0075010266
SPY,call,665.0,0.005479452054794521,2026-06-18,87.905,86.37,89.44,88.97,14.0,0.8103046313476561,753.489990234375,0.03634999752044678,0.0075010266
SPY,call,673.0,0.005479452054794521,2026-06-18,79.81,78.11,81.51,83.41,10.0,0.7573266455078126,753.489990234375,0.03634999752044678,0.0075010266
SPY,call,675.0,0.005479452054794521,2026-06-18,77.665,76.18,79.15,79.46,23.0,0.6811555322265627,753.489990234375,0.03634999752044678,0.0075010266
SPY,call,680.0,0.005479452054794521,2026-06-18,73.38499999999999,72.25,74.52,73.56,20.0,0.702151416015625,753.489990234375,0.03634999752044678,0.0075010266
SPY,call,690.0,0.005479452054794521,2026-06-18,63.13,61.89,64.37,64.0,12.0,0.6008340698242189,753.489990234375,0.03634999752044678,0.0075010266
SPY,call,691.0,0.005479452054794521,2026-06-18,61.95,60.38,63.52,37.53,15.0,0.6130409790039064,753.489990234375,0.03634999752044678,0.0075010266
SPY,call,695.0,0.005479452054794521,2026-06-18,57.754999999999995,56.07,59.44,57.82,56.0,0.570316796875,753.489990234375,0.03634999752044678,0.0075010266
SPY,call,700.0,0.005479452054794521,2026-06-18,53.05,51.65,54.45,54.35,47.0,0.5312546875,753.489990234375,0.03634999752044678,0.0075010266
SPY,call,705.0,0.005479452054794521,2026-06-18,47.769999999999996,46.14,49.4,50.57,11.0,0.4846242944335938,753.489990234375,0.03634999752044678,0.0075010266
SPY,call,707.0,0.005479452054794521,2026-06-18,46.010000000000005,44.31,47.71,49.57,13.0,0.5019581054687501,753.489990234375,0.03634999752044678,0.0075010266
SPY,call,712.0,0.005479452054794521,2026-06-18,40.875,39.22,42.53,42.75,35.0,0.4414118359375,753.489990234375,0.03634999752044678,0.0075010266
SPY,call,713.0,0.005479452054794521,2026-06-18,39.8,38.41,41.19,42.5,10.0,0.3952697192382813,753.489990234375,0.03634999752044678,0.0075010266
SPY,call,714.0,0.005479452054794521,2026-06-18,38.745000000000005,37.28,40.21,40.84,18.0,0.389654541015625,753.489990234375,0.03634999752044678,0.0075010266
SPY,call,715.0,0.005479452054794521,2026-06-18,37.8,36.11,39.49,39.0,28.0,0.41235939208984373,753.489990234375,0.03634999752044678,0.0075010266
SPY,call,717.0,0.005479452054794521,2026-06-18,35.76,34.29,37.23,39.6,43.0,0.36817038085937503,753.489990234375,0.03634999752044678,0.0075010266
SPY,call,719.0,0.005479452054794521,2026-06-18,33.92,32.31,35.53,34.44,40.0,0.38233039550781245,753.489990234375,0.03634999752044678,0.0075010266
SPY,call,720.0,0.005479452054794521,2026-06-18,32.985,31.43,34.54,33.35,80.0,0.37476211181640623,753.489990234375,0.03634999752044678,0.0075010266
SPY,call,721.0,0.005479452054794521,2026-06-18,31.925000000000004,30.26,33.59,34.31,13.0,0.3706117626953125,753.489990234375,0.03634999752044678,0.0075010266
SPY,call,722.0,0.005479452054794521,2026-06-18,30.865000000000002,29.14,32.59,32.58,42.0,0.3619448571777344,753.489990234375,0.03634999752044678,0.0075010266
SPY,call,725.0,0.005479452054794521,2026-06-18,27.884999999999998,26.22,29.55,27.6,396.0,0.33228206787109377,753.489990234375,0.03634999752044678,0.0075010266
SPY,call,727.0,0.005479452054794521,2026-06-18,25.545,24.25,26.84,28.21,84.0,0.24195093994140626,753.489990234375,0.03634999752044678,0.0075010266
SPY,call,728.0,0.005479452054794521,2026-06-18,24.96,23.37,26.55,26.36,238.0,0.30591514404296877,753.489990234375,0.03634999752044678,0.0075010266
SPY,call,729.0,0.005479452054794521,2026-06-18,24.045,22.34,25.75,26.19,60.0,0.3122627368164062,753.489990234375,0.03634999752044678,0.0075010266
SPY,call,730.0,0.005479452054794521,2026-06-18,22.884999999999998,21.21,24.56,23.55,321.0,0.288947540283203,753.489990234375,0.03634999752044678,0.0075010266
SPY,call,731.0,0.005479452054794521,2026-06-18,21.84,20.62,23.06,22.94,130.0,0.2368240380859375,753.489990234375,0.03634999752044678,0.0075010266
SPY,call,734.0,0.005479452054794521,2026-06-18,18.96,17.29,20.63,19.05,14.0,0.25757578369140627,753.489990234375,0.03634999752044678,0.0075010266
SPY,call,735.0,0.005479452054794521,2026-06-18,17.4,16.41,18.39,17.65,458.0,1.0000000000000003e-05,753.489990234375,0.03634999752044678,0.0075010266
SPY,call,736.0,0.005479452054794521,2026-06-18,17.22,15.5,18.94,16.74,39.0,0.2585523364257813,753.489990234375,0.03634999752044678,0.0075010266
SPY,call,737.0,0.005479452054794521,2026-06-18,16.08,14.37,17.79,17.15,44.0,0.2395095581054687,753.489990234375,0.03634999752044678,0.0075010266
SPY,call,738.0,0.005479452054794521,2026-06-18,15.175,13.53,16.82,15.0,369.0,0.231452998046875,753.489990234375,0.03634999752044678,0.0075010266
SPY,call,739.0,0.005479452054794521,2026-06-18,14.28,12.7,15.86,15.08,33.0,0.2238847143554687,753.489990234375,0.03634999752044678,0.0075010266
SPY,call,740.0,0.005479452054794521,2026-06-18,13.175,12.35,14.0,12.9,80.0,0.15650257568359377,753.489990234375,0.03634999752044678,0.0075010266
SPY,call,741.0,0.005479452054794521,2026-06-18,12.145,10.78,13.51,12.54,141.0,0.18311363769531247,753.489990234375,0.03634999752044678,0.0075010266
SPY,call,742.0,0.005479452054794521,2026-06-18,11.015,9.86,12.17,11.93,39.0,0.1514977429199219,753.489990234375,0.03634999752044678,0.0075010266
SPY,call,743.0,0.005479452054794521,2026-06-18,11.18,10.26,12.1,11.2,33.0,0.19495433959960937,753.489990234375,0.03634999752044678,0.0075010266
SPY,call,744.0,0.005479452054794521,2026-06-18,9.969999999999999,8.7,11.24,10.39,34.0,0.19080399047851562,753.489990234375,0.03634999752044678,0.0075010266
SPY,call,745.0,0.005479452054794521,2026-06-18,8.129999999999999,7.26,9.0,8.79,1063.0,0.11231356445312499,753.489990234375,0.03634999752044678,0.0075010266
SPY,call,746.0,0.005479452054794521,2026-06-18,8.28,6.8,9.76,7.81,177.0,0.19086502502441405,753.489990234375,0.03634999752044678,0.0075010266
SPY,call,747.0,0.005479452054794521,2026-06-18,7.365,6.2,8.53,7.2,65.0,0.16846534667968754,753.489990234375,0.03634999752044678,0.0075010266
SPY,call,748.0,0.005479452054794521,2026-06-18,6.415,5.45,7.38,6.5,36.0,0.149422568359375,753.489990234375,0.03634999752044678,0.0075010266
SPY,call,749.0,0.005479452054794521,2026-06-18,5.645,4.81,6.48,5.4,90.0,0.14069462829589846,753.489990234375,0.03634999752044678,0.0075010266
SPY,call,750.0,0.005479452054794521,2026-06-18,4.93,4.68,5.18,4.96,896.0,0.11512115356445313,753.489990234375,0.03634999752044678,0.0075010266
SPY,call,751.0,0.005479452054794521,2026-06-18,4.345000000000001,4.32,4.37,4.17,95.0,0.10877356079101563,753.489990234375,0.03634999752044678,0.0075010266
SPY,call,752.0,0.005479452054794521,2026-06-18,3.77,3.75,3.79,3.75,553.0,0.10968907897949219,753.489990234375,0.03634999752044678,0.0075010266
SPY,call,753.0,0.005479452054794521,2026-06-18,3.09,3.07,3.11,3.09,1652.0,0.10492838439941406,753.489990234375,0.03634999752044678,0.0075010266
SPY,call,754.0,0.005479452054794521,2026-06-18,2.6550000000000002,2.65,2.66,2.66,5197.0,0.10663735168457032,753.489990234375,0.03634999752044678,0.0075010266
SPY,call,755.0,0.005479452054794521,2026-06-18,2.175,2.16,2.19,2.19,17048.0,0.1056607989501953,753.489990234375,0.03634999752044678,0.0075010266
SPY,call,756.0,0.005479452054794521,2026-06-18,1.8050000000000002,1.79,1.82,1.79,5242.0,0.10639321350097657,753.489990234375,0.03634999752044678,0.0075010266
SPY,call,757.0,0.005479452054794521,2026-06-18,1.45,1.44,1.46,1.46,2442.0,0.1054776953125,753.489990234375,0.03634999752044678,0.0075010266
SPY,call,758.0,0.005479452054794521,2026-06-18,1.16,1.15,1.17,1.15,3605.0,0.10535562622070313,753.489990234375,0.03634999752044678,0.0075010266
SPY,call,759.0,0.005479452054794521,2026-06-18,0.935,0.93,0.94,0.94,3000.0,0.10596597167968749,753.489990234375,0.03634999752044678,0.0075010266
SPY,call,760.0,0.005479452054794521,2026-06-18,0.755,0.75,0.76,0.74,8727.0,0.10724769714355468,753.489990234375,0.03634999752044678,0.0075010266
SPY,call,761.0,0.005479452054794521,2026-06-18,0.565,0.56,0.57,0.56,2032.0,0.10596597167968749,753.489990234375,0.03634999752044678,0.0075010266
SPY,call,762.0,0.005479452054794521,2026-06-18,0.46499999999999997,0.46,0.47,0.46,1113.0,0.108407353515625,753.489990234375,0.03634999752044678,0.0075010266
SPY,call,763.0,0.005479452054794521,2026-06-18,0.38,0.37,0.39,0.34,699.0,0.11109287353515623,753.489990234375,0.03634999752044678,0.0075010266
SPY,call,764.0,0.005479452054794521,2026-06-18,0.28500000000000003,0.28,0.29,0.27,708.0,0.11060459716796875,753.489990234375,0.03634999752044678,0.0075010266
SPY,call,765.0,0.005479452054794521,2026-06-18,0.225,0.22,0.23,0.23,4260.0,0.11206942626953123,753.489990234375,0.03634999752044678,0.0075010266
SPY,call,766.0,0.005479452054794521,2026-06-18,0.175,0.17,0.18,0.18,382.0,0.1132901171875,753.489990234375,0.03634999752044678,0.0075010266
SPY,call,767.0,0.005479452054794521,2026-06-18,0.135,0.13,0.14,0.13,524.0,0.11451080810546876,753.489990234375,0.03634999752044678,0.0075010266
SPY,call,768.0,0.005479452054794521,2026-06-18,0.125,0.12,0.13,0.12,989.0,0.11963770996093749,753.489990234375,0.03634999752044678,0.0075010266
SPY,call,769.0,0.005479452054794521,2026-06-18,0.095,0.09,0.1,0.1,362.0,0.12037012451171875,753.489990234375,0.03634999752044678,0.0075010266
SPY,call,770.0,0.005479452054794521,2026-06-18,0.07500000000000001,0.07,0.08,0.07,4703.0,0.12207909179687501,753.489990234375,0.03634999752044678,0.0075010266
SPY,call,771.0,0.005479452054794521,2026-06-18,0.065,0.06,0.07,0.07,205.0,0.12549702636718751,753.489990234375,0.03634999752044678,0.0075010266
SPY,call,772.0,0.005479452054794521,2026-06-18,0.055,0.05,0.06,0.06,211.0,0.12842668457031248,753.489990234375,0.03634999752044678,0.0075010266
SPY,call,773.0,0.005479452054794521,2026-06-18,0.055,0.05,0.06,0.05,102.0,0.13428600097656251,753.489990234375,0.03634999752044678,0.0075010266
SPY,call,774.0,0.005479452054794521,2026-06-18,0.045,0.04,0.05,0.05,42.0,0.13672738281250002,753.489990234375,0.03634999752044678,0.0075010266
SPY,call,775.0,0.005479452054794521,2026-06-18,0.045,0.04,0.05,0.04,2852.0,0.1420984228515625,753.489990234375,0.03634999752044678,0.0075010266
SPY,call,776.0,0.005479452054794521,2026-06-18,0.045,0.04,0.05,0.04,52.0,0.147469462890625,753.489990234375,0.03634999752044678,0.0075010266
SPY,call,777.0,0.005479452054794521,2026-06-18,0.035,0.03,0.04,0.04,2062.0,0.148446015625,753.489990234375,0.03634999752044678,0.0075010266
SPY,call,778.0,0.005479452054794521,2026-06-18,0.035,0.03,0.04,0.03,70.0,0.15430533203125002,753.489990234375,0.03634999752044678,0.0075010266
SPY,call,779.0,0.005479452054794521,2026-06-18,0.035,0.03,0.04,0.04,16.0,0.159188095703125,753.489990234375,0.03634999752044678,0.0075010266
SPY,call,780.0,0.005479452054794521,2026-06-18,0.035,0.03,0.04,0.04,143.0,0.165047412109375,753.489990234375,0.03634999752044678,0.0075010266
SPY,call,781.0,0.005479452054794521,2026-06-18,0.035,0.03,0.04,0.03,10.0,0.16993017578125003,753.489990234375,0.03634999752044678,0.0075010266
SPY,call,782.0,0.005479452054794521,2026-06-18,0.035,0.03,0.04,0.03,514.0,0.1757894921875,753.489990234375,0.03634999752044678,0.0075010266
SPY,call,783.0,0.005479452054794521,2026-06-18,0.025,0.02,0.03,0.03,41.0,0.17383638671875,753.489990234375,0.03634999752044678,0.0075010266
SPY,call,784.0,0.005479452054794521,2026-06-18,0.025,0.02,0.03,0.02,159.0,0.179695703125,753.489990234375,0.03634999752044678,0.0075010266
SPY,call,785.0,0.005479452054794521,2026-06-18,0.025,0.02,0.03,0.02,610.0,0.18457846679687498,753.489990234375,0.03634999752044678,0.0075010266
SPY,call,786.0,0.005479452054794521,2026-06-18,0.025,0.02,0.03,0.03,218.0,0.18946123046875002,753.489990234375,0.03634999752044678,0.0075010266
SPY,call,787.0,0.005479452054794521,2026-06-18,0.025,0.02,0.03,0.03,40.0,0.194343994140625,753.489990234375,0.03634999752044678,0.0075010266
SPY,call,788.0,0.005479452054794521,2026-06-18,0.025,0.02,0.03,0.02,131.0,0.1992267578125,753.489990234375,0.03634999752044678,0.0075010266
SPY,call,790.0,0.005479452054794521,2026-06-18,0.025,0.02,0.03,0.03,15.0,0.20899228515624996,753.489990234375,0.03634999752044678,0.0075010266
SPY,call,791.0,0.005479452054794521,2026-06-18,0.025,0.02,0.03,0.03,12.0,0.2148516015625,753.489990234375,0.03634999752044678,0.0075010266
SPY,call,792.0,0.005479452054794521,2026-06-18,0.025,0.02,0.03,0.03,199.0,0.21875781249999998,753.489990234375,0.03634999752044678,0.0075010266
SPY,call,793.0,0.005479452054794521,2026-06-18,0.025,0.02,0.03,0.02,16.0,0.22461712890624996,753.489990234375,0.03634999752044678,0.0075010266
SPY,call,794.0,0.005479452054794521,2026-06-18,0.015,0.01,0.02,0.03,216.0,0.21875781249999998,753.489990234375,0.03634999752044678,0.0075010266
SPY,call,796.0,0.005479452054794521,2026-06-18,0.015,0.01,0.02,0.02,200.0,0.22852333984375,753.489990234375,0.03634999752044678,0.0075010266
SPY,call,797.0,0.005479452054794521,2026-06-18,0.015,0.01,0.02,0.02,1005.0,0.23242955078125,753.489990234375,0.03634999752044678,0.0075010266
SPY,call,798.0,0.005479452054794521,2026-06-18,0.015,0.01,0.02,0.02,40.0,0.23828886718749998,753.489990234375,0.03634999752044678,0.0075010266
SPY,call,799.0,0.005479452054794521,2026-06-18,0.015,0.01,0.02,0.02,189.0,0.242195078125,753.489990234375,0.03634999752044678,0.0075010266
SPY,call,800.0,0.005479452054794521,2026-06-18,0.015,0.01,0.02,0.01,144.0,0.2461012890625,753.489990234375,0.03634999752044678,0.0075010266
SPY,call,825.0,0.005479452054794521,2026-06-18,0.015,0.01,0.02,0.02,50.0,0.35938140625,753.489990234375,0.03634999752044678,0.0075010266
SPY,call,830.0,0.005479452054794521,2026-06-18,0.015,0.01,0.02,0.02,130.0,0.3789124609375,753.489990234375,0.03634999752044678,0.0075010266
SPY,call,835.0,0.005479452054794521,2026-06-18,0.015,0.01,0.02,0.01,1100.0,0.4023497265625,753.489990234375,0.03634999752044678,0.0075010266
SPY,put,625.0,0.005479452054794521,2026-06-18,0.015,0.01,0.02,0.02,215.0,0.6796907031250001,753.489990234375,0.03634999752044678,0.0075010266
SPY,put,640.0,0.005479452054794521,2026-06-18,0.015,0.01,0.02,0.02,408.0,0.6015664843750002,753.489990234375,0.03634999752044678,0.0075010266
SPY,put,645.0,0.005479452054794521,2026-06-18,0.015,0.01,0.02,0.02,119.0,0.57812921875,753.489990234375,0.03634999752044678,0.0075010266
SPY,put,650.0,0.005479452054794521,2026-06-18,0.025,0.02,0.03,0.03,563.0,0.5742230078125,753.489990234375,0.03634999752044678,0.0075010266
SPY,put,655.0,0.005479452054794521,2026-06-18,0.025,0.02,0.03,0.02,34.0,0.5468795312500001,753.489990234375,0.03634999752044678,0.0075010266
SPY,put,660.0,0.005479452054794521,2026-06-18,0.035,0.03,0.04,0.03,243.0,0.5390671093750001,753.489990234375,0.03634999752044678,0.0075010266
SPY,put,663.0,0.005479452054794521,2026-06-18,0.035,0.03,0.04,0.03,113.0,0.5214891601562499,753.489990234375,0.03634999752044678,0.0075010266
SPY,put,664.0,0.005479452054794521,2026-06-18,0.035,0.03,0.04,0.03,21.0,0.51562984375,753.489990234375,0.03634999752044678,0.0075010266
SPY,put,665.0,0.005479452054794521,2026-06-18,0.035,0.03,0.04,0.03,102.0,0.5117236328125,753.489990234375,0.03634999752044678,0.0075010266
SPY,put,666.0,0.005479452054794521,2026-06-18,0.035,0.03,0.04,0.03,85.0,0.5039112109375,753.489990234375,0.03634999752044678,0.0075010266
SPY,put,667.0,0.005479452054794521,2026-06-18,0.035,0.03,0.04,0.03,380.0,0.500005,753.489990234375,0.03634999752044678,0.0075010266
SPY,put,668.0,0.005479452054794521,2026-06-18,0.035,0.03,0.04,0.05,184.0,0.500005,753.489990234375,0.03634999752044678,0.0075010266
SPY,put,669.0,0.005479452054794521,2026-06-18,0.045,0.04,0.05,0.06,397.0,0.5019581054687501,753.489990234375,0.03634999752044678,0.0075010266
SPY,put,670.0,0.005479452054794521,2026-06-18,0.045,0.04,0.05,0.04,375.0,0.5019581054687501,753.489990234375,0.03634999752044678,0.0075010266
SPY,put,671.0,0.005479452054794521,2026-06-18,0.045,0.04,0.05,0.06,69.0,0.49609878906250005,753.489990234375,0.03634999752044678,0.0075010266
SPY,put,672.0,0.005479452054794521,2026-06-18,0.045,0.04,0.05,0.06,101.0,0.49023947265625006,753.489990234375,0.03634999752044678,0.0075010266
SPY,put,673.0,0.005479452054794521,2026-06-18,0.045,0.04,0.05,0.05,250.0,0.48438015625,753.489990234375,0.03634999752044678,0.0075010266
SPY,put,674.0,0.005479452054794521,2026-06-18,0.045,0.04,0.05,0.04,816.0,0.47852083984375,753.489990234375,0.03634999752044678,0.0075010266
SPY,put,675.0,0.005479452054794521,2026-06-18,0.045,0.04,0.05,0.04,164.0,0.4726615234375,753.489990234375,0.03634999752044678,0.0075010266
SPY,put,676.0,0.005479452054794521,2026-06-18,0.045,0.04,0.05,0.04,775.0,0.46680220703125,753.489990234375,0.03634999752044678,0.0075010266
SPY,put,677.0,0.005479452054794521,2026-06-18,0.055,0.05,0.06,0.04,95.0,0.47070841796875,753.489990234375,0.03634999752044678,0.0075010266
SPY,put,678.0,0.005479452054794521,2026-06-18,0.045,0.04,0.05,0.05,16.0,0.45508357421875,753.489990234375,0.03634999752044678,0.0075010266
SPY,put,679.0,0.005479452054794521,2026-06-18,0.055,0.05,0.06,0.07,490.0,0.45898978515625005,753.489990234375,0.03634999752044678,0.0075010266
SPY,put,680.0,0.005479452054794521,2026-06-18,0.055,0.05,0.06,0.04,724.0,0.45313046875,753.489990234375,0.03634999752044678,0.0075010266
SPY,put,681.0,0.005479452054794521,2026-06-18,0.055,0.05,0.06,0.07,200.0,0.44727115234375,753.489990234375,0.03634999752044678,0.0075010266
SPY,put,685.0,0.005479452054794521,2026-06-18,0.065,0.06,0.07,0.05,203.0,0.432622861328125,753.489990234375,0.03634999752044678,0.0075010266
SPY,put,686.0,0.005479452054794521,2026-06-18,0.065,0.06,0.07,0.05,188.0,0.42676354492187507,753.489990234375,0.03634999752044678,0.0075010266
SPY,put,687.0,0.005479452054794521,2026-06-18,0.065,0.06,0.07,0.05,11.0,0.42090422851562503,753.489990234375,0.03634999752044678,0.0075010266
SPY,put,689.0,0.005479452054794521,2026-06-18,0.065,0.06,0.07,0.1,87.0,0.40918559570312496,753.489990234375,0.03634999752044678,0.0075010266
SPY,put,690.0,0.005479452054794521,2026-06-18,0.065,0.06,0.07,0.07,2864.0,0.40332627929687503,753.489990234375,0.03634999752044678,0.0075010266
SPY,put,692.0,0.005479452054794521,2026-06-18,0.07500000000000001,0.07,0.08,0.06,41.0,0.398443515625,753.489990234375,0.03634999752044678,0.0075010266
SPY,put,694.0,0.005479452054794521,2026-06-18,0.07500000000000001,0.07,0.08,0.11,224.0,0.3857483300781249,753.489990234375,0.03634999752044678,0.0075010266
SPY,put,695.0,0.005479452054794521,2026-06-18,0.08499999999999999,0.08,0.09,0.07,32.0,0.3857483300781249,753.489990234375,0.03634999752044678,0.0075010266
SPY,put,696.0,0.005479452054794521,2026-06-18,0.08499999999999999,0.08,0.09,0.07,125.0,0.379889013671875,753.489990234375,0.03634999752044678,0.0075010266
SPY,put,699.0,0.005479452054794521,2026-06-18,0.095,0.09,0.1,0.07,32.0,0.367193828125,753.489990234375,0.03634999752044678,0.0075010266
SPY,put,700.0,0.005479452054794521,2026-06-18,0.095,0.09,0.1,0.09,443.0,0.36035795898437495,753.489990234375,0.03634999752044678,0.0075010266
SPY,put,701.0,0.005479452054794521,2026-06-18,0.095,0.09,0.1,0.11,105.0,0.3544986425781249,753.489990234375,0.03634999752044678,0.0075010266
SPY,put,702.0,0.005479452054794521,2026-06-18,0.10500000000000001,0.1,0.11,0.08,95.0,0.3530338134765625,753.489990234375,0.03634999752044678,0.0075010266
SPY,put,704.0,0.005479452054794521,2026-06-18,0.10500000000000001,0.1,0.11,0.09,173.0,0.340826904296875,753.489990234375,0.03634999752044678,0.0075010266
SPY,put,705.0,0.005479452054794521,2026-06-18,0.11499999999999999,0.11,0.12,0.11,1032.0,0.33887379882812496,753.489990234375,0.03634999752044678,0.0075010266
SPY,put,706.0,0.005479452054794521,2026-06-18,0.125,0.12,0.13,0.1,31.0,0.335944140625,753.489990234375,0.03634999752044678,0.0075010266
SPY,put,707.0,0.005479452054794521,2026-06-18,0.125,0.12,0.13,0.11,24.0,0.33008482421874996,753.489990234375,0.03634999752044678,0.0075010266
SPY,put,708.0,0.005479452054794521,2026-06-18,0.135,0.13,0.14,0.1,34.0,0.327155166015625,753.489990234375,0.03634999752044678,0.0075010266
SPY,put,709.0,0.005479452054794521,2026-06-18,0.135,0.13,0.14,0.11,26.0,0.32080757324218745,753.489990234375,0.03634999752044678,0.0075010266
SPY,put,710.0,0.005479452054794521,2026-06-18,0.14500000000000002,0.14,0.15,0.13,309.0,0.317389638671875,753.489990234375,0.03634999752044678,0.0075010266
SPY,put,712.0,0.005479452054794521,2026-06-18,0.155,0.15,0.16,0.14,17.0,0.30762411132812495,753.489990234375,0.03634999752044678,0.0075010266
SPY,put,713.0,0.005479452054794521,2026-06-18,0.155,0.15,0.16,0.14,114.0,0.3012765185546875,753.489990234375,0.03634999752044678,0.0075010266
SPY,put,714.0,0.005479452054794521,2026-06-18,0.175,0.17,0.18,0.17,56.0,0.3002999658203125,753.489990234375,0.03634999752044678,0.0075010266
SPY,put,715.0,0.005479452054794521,2026-06-18,0.175,0.17,0.18,0.14,61.0,0.2934640966796874,753.489990234375,0.03634999752044678,0.0075010266
SPY,put,717.0,0.005479452054794521,2026-06-18,0.195,0.19,0.2,0.2,16.0,0.28516339843749994,753.489990234375,0.03634999752044678,0.0075010266
SPY,put,718.0,0.005479452054794521,2026-06-18,0.20500000000000002,0.2,0.21,0.22,29.0,0.28076891113281244,753.489990234375,0.03634999752044678,0.0075010266
SPY,put,719.0,0.005479452054794521,2026-06-18,0.215,0.21,0.22,0.2,10.0,0.27637442382812494,753.489990234375,0.03634999752044678,0.0075010266
SPY,put,720.0,0.005479452054794521,2026-06-18,0.235,0.23,0.24,0.23,2714.0,0.273444765625,753.489990234375,0.03634999752044678,0.0075010266
SPY,put,721.0,0.005479452054794521,2026-06-18,0.245,0.24,0.25,0.25,54.0,0.26856200195312496,753.489990234375,0.03634999752044678,0.0075010266
SPY,put,722.0,0.005479452054794521,2026-06-18,0.255,0.25,0.26,0.23,75.0,0.26367923828125,753.489990234375,0.03634999752044678,0.0075010266
SPY,put,723.0,0.005479452054794521,2026-06-18,0.275,0.27,0.28,0.29,334.0,0.2600171655273438,753.489990234375,0.03634999752044678,0.0075010266
SPY,put,724.0,0.005479452054794521,2026-06-18,0.305,0.3,0.31,0.3,56.0,0.257819921875,753.489990234375,0.03634999752044678,0.0075010266
SPY,put,725.0,0.005479452054794521,2026-06-18,0.305,0.3,0.31,0.31,981.0,0.2507399145507812,753.489990234375,0.03634999752044678,0.0075010266
SPY,put,726.0,0.005479452054794521,2026-06-18,0.325,0.32,0.33,0.34,358.0,0.24634542724609376,753.489990234375,0.03634999752044678,0.0075010266
SPY,put,727.0,0.005479452054794521,2026-06-18,0.355,0.35,0.36,0.37,253.0,0.24341576904296874,753.489990234375,0.03634999752044678,0.0075010266
SPY,put,728.0,0.005479452054794521,2026-06-18,0.365,0.36,0.37,0.39,305.0,0.23731231445312498,753.489990234375,0.03634999752044678,0.0075010266
SPY,put,729.0,0.005479452054794521,2026-06-18,0.415,0.41,0.42,0.41,289.0,0.23609162353515623,753.489990234375,0.03634999752044678,0.0075010266
SPY,put,730.0,0.005479452054794521,2026-06-18,0.425,0.42,0.43,0.47,2396.0,0.229499892578125,753.489990234375,0.03634999752044678,0.0075010266
SPY,put,731.0,0.005479452054794521,2026-06-18,0.475,0.47,0.48,0.5,640.0,0.22730264892578123,753.489990234375,0.03634999752044678,0.0075010266
SPY,put,732.0,0.005479452054794521,2026-06-18,0.515,0.51,0.52,0.51,884.0,0.22364057617187497,753.489990234375,0.03634999752044678,0.0075010266
SPY,put,733.0,0.005479452054794521,2026-06-18,0.555,0.55,0.56,0.58,159.0,0.21949022705078125,753.489990234375,0.03634999752044678,0.0075010266
SPY,put,734.0,0.005479452054794521,2026-06-18,0.605,0.6,0.61,0.62,422.0,0.21595022338867187,753.489990234375,0.03634999752044678,0.0075010266
SPY,put,735.0,0.005479452054794521,2026-06-18,0.655,0.65,0.66,0.64,1874.0,0.21192194335937498,753.489990234375,0.03634999752044678,0.0075010266
SPY,put,736.0,0.005479452054794521,2026-06-18,0.705,0.7,0.71,0.75,498.0,0.2074053869628906,753.489990234375,0.03634999752044678,0.0075010266
SPY,put,737.0,0.005479452054794521,2026-06-18,0.815,0.81,0.82,0.81,562.0,0.20703917968749996,753.489990234375,0.03634999752044678,0.0075010266
SPY,put,738.0,0.005479452054794521,2026-06-18,0.855,0.85,0.86,0.9,522.0,0.20093572509765623,753.489990234375,0.03634999752044678,0.0075010266
SPY,put,739.0,0.005479452054794521,2026-06-18,0.98,0.97,0.99,0.99,403.0,0.2004474487304687,753.489990234375,0.03634999752044678,0.0075010266
SPY,put,740.0,0.005479452054794521,2026-06-18,1.005,1.0,1.01,1.01,3650.0,0.19214675048828128,753.489990234375,0.03634999752044678,0.0075010266
SPY,put,741.0,0.005479452054794521,2026-06-18,1.145,1.14,1.15,1.11,400.0,0.1909260595703125,753.489990234375,0.03634999752044678,0.0075010266
SPY,put,742.0,0.005479452054794521,2026-06-18,1.225,1.22,1.23,1.25,1198.0,0.1854329504394531,753.489990234375,0.03634999752044678,0.0075010266
SPY,put,743.0,0.005479452054794521,2026-06-18,1.41,1.4,1.42,1.52,479.0,0.18524984680175777,753.489990234375,0.03634999752044678,0.0075010266
SPY,put,744.0,0.005479452054794521,2026-06-18,1.5950000000000002,1.59,1.6,1.6,492.0,0.1834798449707031,753.489990234375,0.03634999752044678,0.0075010266
SPY,put,745.0,0.005479452054794521,2026-06-18,1.725,1.72,1.73,1.78,3281.0,0.17841397766113282,753.489990234375,0.03634999752044678,0.0075010266
SPY,put,746.0,0.005479452054794521,2026-06-18,1.99,1.98,2.0,2.0,854.0,0.17896328857421873,753.489990234375,0.03634999752044678,0.0075010266
SPY,put,747.0,0.005479452054794521,2026-06-18,2.2649999999999997,2.26,2.27,2.27,1050.0,0.1783529431152344,753.489990234375,0.03634999752044678,0.0075010266
SPY,put,748.0,0.005479452054794521,2026-06-18,2.4800000000000004,2.47,2.49,2.61,2819.0,0.1744467321777344,753.489990234375,0.03634999752044678,0.0075010266
SPY,put,749.0,0.005479452054794521,2026-06-18,2.84,2.83,2.85,2.82,768.0,0.1753012158203125,753.489990234375,0.03634999752044678,0.0075010266
SPY,put,750.0,0.005479452054794521,2026-06-18,3.2,3.19,3.21,3.16,8218.0,0.174812939453125,753.489990234375,0.03634999752044678,0.0075010266
SPY,put,751.0,0.005479452054794521,2026-06-18,3.5,3.49,3.51,3.72,1534.0,0.17090672851562502,753.489990234375,0.03634999752044678,0.0075010266
SPY,put,752.0,0.005479452054794521,2026-06-18,4.029999999999999,4.02,4.04,4.01,3917.0,0.17438569763183598,753.489990234375,0.03634999752044678,0.0075010266
SPY,put,753.0,0.005479452054794521,2026-06-18,4.535,4.49,4.58,4.62,5350.0,0.17701018310546873,753.489990234375,0.03634999752044678,0.0075010266
SPY,put,754.0,0.005479452054794521,2026-06-18,5.075,4.9,5.25,5.1,4186.0,0.18311363769531247,753.489990234375,0.03634999752044678,0.0075010266
SPY,put,755.0,0.005479452054794521,2026-06-18,5.77,5.65,5.89,5.85,3333.0,0.18695881408691406,753.489990234375,0.03634999752044678,0.0075010266
SPY,put,756.0,0.005479452054794521,2026-06-18,6.395,5.99,6.8,6.5,527.0,0.19977606872558595,753.489990234375,0.03634999752044678,0.0075010266
SPY,put,757.0,0.005479452054794521,2026-06-18,7.1899999999999995,6.35,8.03,7.29,123.0,0.2238847143554687,753.489990234375,0.03634999752044678,0.0075010266
SPY,put,758.0,0.005479452054794521,2026-06-18,7.615,6.31,8.92,7.8,116.0,0.2346878289794922,753.489990234375,0.03634999752044678,0.0075010266
SPY,put,759.0,0.005479452054794521,2026-06-18,8.235,7.29,9.18,8.1,27.0,0.22046677978515622,753.489990234375,0.03634999752044678,0.0075010266
SPY,put,760.0,0.005479452054794521,2026-06-18,9.075,8.27,9.88,9.7,555.0,0.222114712524414,753.489990234375,0.03634999752044678,0.0075010266
SPY,put,762.0,0.005479452054794521,2026-06-18,11.055,9.33,12.78,11.0,17.0,0.2845530529785155,753.489990234375,0.03634999752044678,0.0075010266
SPY,put,765.0,0.005479452054794521,2026-06-18,13.405000000000001,12.33,14.48,13.8,34.0,0.2670361383056641,753.489990234375,0.03634999752044678,0.0075010266
SPY,put,767.0,0.005479452054794521,2026-06-18,16.125,14.51,17.74,15.0,207.0,0.34534346069335936,753.489990234375,0.03634999752044678,0.0075010266
SPY,put,769.0,0.005479452054794521,2026-06-18,17.735,16.19,19.28,16.62,44.0,0.348639326171875,753.489990234375,0.03634999752044678,0.0075010266
SPY,put,770.0,0.005479452054794521,2026-06-18,18.775,17.18,20.37,16.81,102.0,0.3639589971923829,753.489990234375,0.03634999752044678,0.0075010266
SPY,put,771.0,0.005479452054794521,2026-06-18,19.715,18.09,21.34,18.53,22.0,0.3737855590820312,753.489990234375,0.03634999752044678,0.0075010266
SPY,put,774.0,0.005479452054794521,2026-06-18,22.67,21.14,24.2,21.49,16.0,0.39990834472656256,753.489990234375,0.03634999752044678,0.0075010266
SPY,put,775.0,0.005479452054794521,2026-06-18,23.665,22.14,25.19,21.5,36.0,0.4100400793457031,753.489990234375,0.03634999752044678,0.0075010266
SPY,put,785.0,0.005479452054794521,2026-06-18,33.805,32.1,35.51,32.43,10.0,0.5277146838378908,753.489990234375,0.03634999752044678,0.0075010266
SPY,put,787.0,0.005479452054794521,2026-06-18,35.629999999999995,34.11,37.15,34.42,10.0,0.5279588220214844,753.489990234375,0.03634999752044678,0.0075010266
SPY,call,710.0,0.01643835616438356,2026-06-22,42.775,41.11,44.44,44.27,28.0,0.2941965112304687,753.489990234375,0.03634999752044678,0.0075010266
SPY,call,715.0,0.01643835616438356,2026-06-22,37.71,36.13,39.29,40.14,30.0,0.25659923095703124,753.489990234375,0.03634999752044678,0.0075010266
SPY,call,716.0,0.01643835616438356,2026-06-22,37.480000000000004,36.43,38.53,38.79,12.0,0.26746338012695314,753.489990234375,0.03634999752044678,0.0075010266
SPY,call,720.0,0.01643835616438356,2026-06-22,32.25,31.27,33.23,33.39,32.0,1.0000000000000003e-05,753.489990234375,0.03634999752044678,0.0075010266
SPY,call,724.0,0.01643835616438356,2026-06-22,29.740000000000002,28.63,30.85,32.18,22.0,0.239692661743164,753.489990234375,0.03634999752044678,0.0075010266
SPY,call,725.0,0.01643835616438356,2026-06-22,28.634999999999998,27.59,29.68,29.62,13.0,0.22504437072753902,753.489990234375,0.03634999752044678,0.0075010266
SPY,call,727.0,0.01643835616438356,2026-06-22,26.9,25.85,27.95,28.59,26.0,0.2264481652832031,753.489990234375,0.03634999752044678,0.0075010266
SPY,call,728.0,0.01643835616438356,2026-06-22,25.6,24.52,26.68,28.51,119.0,0.2074053869628906,753.489990234375,0.03634999752044678,0.0075010266
SPY,call,731.0,0.01643835616438356,2026-06-22,22.92,21.88,23.96,24.34,117.0,0.2022174505615234,753.489990234375,0.03634999752044678,0.0075010266
SPY,call,733.0,0.01643835616438356,2026-06-22,21.009999999999998,20.04,21.98,23.3,30.0,0.19043778320312502,753.489990234375,0.03634999752044678,0.0075010266
SPY,call,740.0,0.01643835616438356,2026-06-22,13.61,13.38,13.84,14.19,504.0,0.09351492431640626,753.489990234375,0.03634999752044678,0.0075010266
SPY,call,741.0,0.01643835616438356,2026-06-22,12.57,12.39,12.75,14.72,102.0,0.08216249877929688,753.489990234375,0.03634999752044678,0.0075010266
SPY,call,742.0,0.01643835616438356,2026-06-22,11.835,11.63,12.04,13.44,61.0,0.09351492431640626,753.489990234375,0.03634999752044678,0.0075010266
SPY,call,744.0,0.01643835616438356,2026-06-22,10.84,9.86,11.82,11.25,81.0,0.14283083740234376,753.489990234375,0.03634999752044678,0.0075010266
SPY,call,745.0,0.01643835616438356,2026-06-22,9.46,9.32,9.6,9.71,254.0,0.09693285888671876,753.489990234375,0.03634999752044678,0.0075010266
SPY,call,748.0,0.01643835616438356,2026-06-22,7.035,6.88,7.19,8.76,110.0,0.09266044067382811,753.489990234375,0.03634999752044678,0.0075010266
SPY,call,749.0,0.01643835616438356,2026-06-22,6.42,6.26,6.58,7.06,11.0,0.09491871887207033,753.489990234375,0.03634999752044678,0.0075010266
SPY,call,750.0,0.01643835616438356,2026-06-22,5.744999999999999,5.72,5.77,5.65,945.0,0.09095147338867188,753.489990234375,0.03634999752044678,0.0075010266
SPY,call,751.0,0.01643835616438356,2026-06-22,5.109999999999999,5.09,5.13,5.0,114.0,0.09046319702148437,753.489990234375,0.03634999752044678,0.0075010266
SPY,call,752.0,0.01643835616438356,2026-06-22,4.4399999999999995,4.42,4.46,4.38,579.0,0.08829647064208986,753.489990234375,0.03634999752044678,0.0075010266
SPY,call,753.0,0.01643835616438356,2026-06-22,3.985,3.96,4.01,3.96,856.0,0.09046319702148437,753.489990234375,0.03634999752044678,0.0075010266
SPY,call,754.0,0.01643835616438356,2026-06-22,3.4699999999999998,3.46,3.48,3.38,1269.0,0.08966974792480469,753.489990234375,0.03634999752044678,0.0075010266
SPY,call,755.0,0.01643835616438356,2026-06-22,2.84,2.83,2.85,2.87,3013.0,0.08539732971191408,753.489990234375,0.03634999752044678,0.0075010266
SPY,call,756.0,0.01643835616438356,2026-06-22,2.455,2.44,2.47,2.48,1811.0,0.08606870971679689,753.489990234375,0.03634999752044678,0.0075010266
SPY,call,757.0,0.01643835616438356,2026-06-22,2.12,2.11,2.13,2.08,980.0,0.08677060699462891,753.489990234375,0.03634999752044678,0.0075010266
SPY,call,758.0,0.01643835616438356,2026-06-22,1.865,1.85,1.88,1.83,940.0,0.088876298828125,753.489990234375,0.03634999752044678,0.0075010266
SPY,call,759.0,0.01643835616438356,2026-06-22,1.51,1.5,1.52,1.46,981.0,0.08692319335937501,753.489990234375,0.03634999752044678,0.0075010266
SPY,call,760.0,0.01643835616438356,2026-06-22,1.275,1.27,1.28,1.27,2045.0,0.08728940063476565,753.489990234375,0.03634999752044678,0.0075010266
SPY,call,761.0,0.01643835616438356,2026-06-22,1.0550000000000002,1.05,1.06,0.99,1094.0,0.08728940063476565,753.489990234375,0.03634999752044678,0.0075010266
SPY,call,762.0,0.01643835616438356,2026-06-22,0.89,0.88,0.9,0.84,194.0,0.08838802246093751,753.489990234375,0.03634999752044678,0.0075010266
SPY,call,763.0,0.01643835616438356,2026-06-22,0.69,0.68,0.7,0.7,141.0,0.08692319335937501,753.489990234375,0.03634999752044678,0.0075010266
SPY,call,764.0,0.01643835616438356,2026-06-22,0.555,0.55,0.56,0.55,198.0,0.08667905517578126,753.489990234375,0.03634999752044678,0.0075010266
SPY,call,765.0,0.01643835616438356,2026-06-22,0.475,0.47,0.48,0.47,973.0,0.08838802246093751,753.489990234375,0.03634999752044678,0.0075010266
SPY,call,766.0,0.01643835616438356,2026-06-22,0.385,0.38,0.39,0.38,318.0,0.08875422973632813,753.489990234375,0.03634999752044678,0.0075010266
SPY,call,767.0,0.01643835616438356,2026-06-22,0.315,0.31,0.32,0.32,136.0,0.08948664428710937,753.489990234375,0.03634999752044678,0.0075010266
SPY,call,768.0,0.01643835616438356,2026-06-22,0.235,0.23,0.24,0.24,671.0,0.08851009155273437,753.489990234375,0.03634999752044678,0.0075010266
SPY,call,769.0,0.01643835616438356,2026-06-22,0.215,0.21,0.22,0.21,126.0,0.09156181884765624,753.489990234375,0.03634999752044678,0.0075010266
SPY,call,770.0,0.01643835616438356,2026-06-22,0.175,0.17,0.18,0.16,536.0,0.0922942333984375,753.489990234375,0.03634999752044678,0.0075010266
SPY,call,771.0,0.01643835616438356,2026-06-22,0.135,0.13,0.14,0.13,121.0,0.0922942333984375,753.489990234375,0.03634999752044678,0.0075010266
SPY,call,772.0,0.01643835616438356,2026-06-22,0.11499999999999999,0.11,0.12,0.12,54.0,0.09400320068359375,753.489990234375,0.03634999752044678,0.0075010266
SPY,call,773.0,0.01643835616438356,2026-06-22,0.095,0.09,0.1,0.12,232.0,0.09522389160156251,753.489990234375,0.03634999752044678,0.0075010266
SPY,call,775.0,0.01643835616438356,2026-06-22,0.07500000000000001,0.07,0.08,0.07,360.0,0.09961837890625,753.489990234375,0.03634999752044678,0.0075010266
SPY,call,776.0,0.01643835616438356,2026-06-22,0.065,0.06,0.07,0.06,59.0,0.10157148437499999,753.489990234375,0.03634999752044678,0.0075010266
SPY,call,777.0,0.01643835616438356,2026-06-22,0.055,0.05,0.06,0.07,56.0,0.10303631347656249,753.489990234375,0.03634999752044678,0.0075010266
SPY,call,778.0,0.01643835616438356,2026-06-22,0.055,0.05,0.06,0.06,42.0,0.106454248046875,753.489990234375,0.03634999752044678,0.0075010266
SPY,call,779.0,0.01643835616438356,2026-06-22,0.055,0.05,0.06,0.05,11.0,0.11036045898437499,753.489990234375,0.03634999752044678,0.0075010266
SPY,call,780.0,0.01643835616438356,2026-06-22,0.045,0.04,0.05,0.05,87.0,0.11084873535156249,753.489990234375,0.03634999752044678,0.0075010266
SPY,call,781.0,0.01643835616438356,2026-06-22,0.045,0.04,0.05,0.05,49.0,0.1147549462890625,753.489990234375,0.03634999752044678,0.0075010266
SPY,call,782.0,0.01643835616438356,2026-06-22,0.045,0.04,0.05,0.05,157.0,0.118172880859375,753.489990234375,0.03634999752044678,0.0075010266
SPY,call,783.0,0.01643835616438356,2026-06-22,0.035,0.03,0.04,0.04,130.0,0.118172880859375,753.489990234375,0.03634999752044678,0.0075010266
SPY,call,784.0,0.01643835616438356,2026-06-22,0.035,0.03,0.04,0.04,106.0,0.1215908154296875,753.489990234375,0.03634999752044678,0.0075010266
SPY,call,786.0,0.01643835616438356,2026-06-22,0.035,0.03,0.04,0.04,813.0,0.12842668457031248,753.489990234375,0.03634999752044678,0.0075010266
SPY,call,787.0,0.01643835616438356,2026-06-22,0.035,0.03,0.04,0.02,26.0,0.131844619140625,753.489990234375,0.03634999752044678,0.0075010266
SPY,call,788.0,0.01643835616438356,2026-06-22,0.035,0.03,0.04,0.02,26.0,0.13477427734375003,753.489990234375,0.03634999752044678,0.0075010266
SPY,call,789.0,0.01643835616438356,2026-06-22,0.035,0.03,0.04,0.02,17.0,0.13868048828125001,753.489990234375,0.03634999752044678,0.0075010266
SPY,call,790.0,0.01643835616438356,2026-06-22,0.035,0.03,0.04,0.03,10.0,0.141610146484375,753.489990234375,0.03634999752044678,0.0075010266
SPY,call,792.0,0.01643835616438356,2026-06-22,0.025,0.02,0.03,0.04,35.0,0.143563251953125,753.489990234375,0.03634999752044678,0.0075010266
SPY,call,794.0,0.01643835616438356,2026-06-22,0.025,0.02,0.03,0.05,20.0,0.15039912109375003,753.489990234375,0.03634999752044678,0.0075010266
SPY,call,795.0,0.01643835616438356,2026-06-22,0.025,0.02,0.03,0.03,16.0,0.15332877929687502,753.489990234375,0.03634999752044678,0.0075010266
SPY,call,796.0,0.01643835616438356,2026-06-22,0.025,0.02,0.03,0.04,13.0,0.1562584375,753.489990234375,0.03634999752044678,0.0075010266
SPY,call,797.0,0.01643835616438356,2026-06-22,0.025,0.02,0.03,0.05,27.0,0.159188095703125,753.489990234375,0.03634999752044678,0.0075010266
SPY,call,800.0,0.01643835616438356,2026-06-22,0.025,0.02,0.03,0.03,155.0,0.16895362304687503,753.489990234375,0.03634999752044678,0.0075010266
SPY,call,805.0,0.01643835616438356,2026-06-22,0.025,0.02,0.03,0.02,10.0,0.18457846679687498,753.489990234375,0.03634999752044678,0.0075010266
SPY,call,810.0,0.01643835616438356,2026-06-22,0.015,0.01,0.02,0.02,49.0,0.1914143359375,753.489990234375,0.03634999752044678,0.0075010266
SPY,call,815.0,0.01643835616438356,2026-06-22,0.015,0.01,0.02,0.02,66.0,0.20508607421874997,753.489990234375,0.03634999752044678,0.0075010266
SPY,call,820.0,0.01643835616438356,2026-06-22,0.015,0.01,0.02,0.01,88.0,0.22071091796874998,753.489990234375,0.03634999752044678,0.0075010266
SPY,call,825.0,0.01643835616438356,2026-06-22,0.015,0.01,0.02,0.01,175.0,0.23438265625,753.489990234375,0.03634999752044678,0.0075010266
SPY,call,830.0,0.01643835616438356,2026-06-22,0.015,0.01,0.02,0.02,73.0,0.24805439453125,753.489990234375,0.03634999752044678,0.0075010266
SPY,call,835.0,0.01643835616438356,2026-06-22,0.015,0.01,0.02,0.01,48.0,0.2617261328125,753.489990234375,0.03634999752044678,0.0075010266
SPY,call,850.0,0.01643835616438356,2026-06-22,0.015,0.01,0.02,0.02,156.0,0.30274134765625,753.489990234375,0.03634999752044678,0.0075010266
SPY,put,590.0,0.01643835616438356,2026-06-22,0.015,0.01,0.02,0.02,20.0,0.570316796875,753.489990234375,0.03634999752044678,0.0075010266
SPY,put,600.0,0.01643835616438356,2026-06-22,0.015,0.01,0.02,0.02,17.0,0.5390671093750001,753.489990234375,0.03634999752044678,0.0075010266
SPY,put,610.0,0.01643835616438356,2026-06-22,0.015,0.01,0.02,0.03,46.0,0.500005,753.489990234375,0.03634999752044678,0.0075010266
SPY,put,620.0,0.01643835616438356,2026-06-22,0.015,0.01,0.02,0.03,62.0,0.476567734375,753.489990234375,0.03634999752044678,0.0075010266
SPY,put,625.0,0.01643835616438356,2026-06-22,0.025,0.02,0.03,0.03,130.0,0.476567734375,753.489990234375,0.03634999752044678,0.0075010266
SPY,put,630.0,0.01643835616438356,2026-06-22,0.025,0.02,0.03,0.03,23.0,0.45703667968750006,753.489990234375,0.03634999752044678,0.0075010266
SPY,put,635.0,0.01643835616438356,2026-06-22,0.025,0.02,0.03,0.04,11.0,0.437505625,753.489990234375,0.03634999752044678,0.0075010266
SPY,put,645.0,0.01643835616438356,2026-06-22,0.035,0.03,0.04,0.03,11.0,0.414068359375,753.489990234375,0.03634999752044678,0.0075010266
SPY,put,650.0,0.01643835616438356,2026-06-22,0.045,0.04,0.05,0.06,119.0,0.40430283203125,753.489990234375,0.03634999752044678,0.0075010266
SPY,put,655.0,0.01643835616438356,2026-06-22,0.045,0.04,0.05,0.05,15.0,0.38477177734374995,753.489990234375,0.03634999752044678,0.0075010266
SPY,put,660.0,0.01643835616438356,2026-06-22,0.055,0.05,0.06,0.09,42.0,0.37305314453125,753.489990234375,0.03634999752044678,0.0075010266
SPY,put,665.0,0.01643835616438356,2026-06-22,0.065,0.06,0.07,0.08,42.0,0.36035795898437495,753.489990234375,0.03634999752044678,0.0075010266
SPY,put,675.0,0.01643835616438356,2026-06-22,0.07500000000000001,0.07,0.08,0.07,10.0,0.327155166015625,753.489990234375,0.03634999752044678,0.0075010266
SPY,put,685.0,0.01643835616438356,2026-06-22,0.10500000000000001,0.1,0.11,0.1,12.0,0.299811689453125,753.489990234375,0.03634999752044678,0.0075010266
SPY,put,690.0,0.01643835616438356,2026-06-22,0.11499999999999999,0.11,0.12,0.12,99.0,0.2827220166015625,753.489990234375,0.03634999752044678,0.0075010266
SPY,put,700.0,0.01643835616438356,2026-06-22,0.165,0.16,0.17,0.14,373.0,0.25440198730468755,753.489990234375,0.03634999752044678,0.0075010266
SPY,put,702.0,0.01643835616438356,2026-06-22,0.175,0.17,0.18,0.21,114.0,0.24805439453125,753.489990234375,0.03634999752044678,0.0075010266
SPY,put,703.0,0.01643835616438356,2026-06-22,0.175,0.17,0.18,0.27,812.0,0.2436599072265625,753.489990234375,0.03634999752044678,0.0075010266
SPY,put,704.0,0.01643835616438356,2026-06-22,0.185,0.18,0.19,0.16,250.0,0.24146266357421875,753.489990234375,0.03634999752044678,0.0075010266
SPY,put,705.0,0.01643835616438356,2026-06-22,0.195,0.19,0.2,0.2,32.0,0.23902128173828124,753.489990234375,0.03634999752044678,0.0075010266
SPY,put,707.0,0.01643835616438356,2026-06-22,0.215,0.21,0.22,0.25,73.0,0.23389437988281248,753.489990234375,0.03634999752044678,0.0075010266
SPY,put,708.0,0.01643835616438356,2026-06-22,0.215,0.21,0.22,0.21,26.0,0.229499892578125,753.489990234375,0.03634999752044678,0.0075010266
SPY,put,709.0,0.01643835616438356,2026-06-22,0.235,0.23,0.24,0.2,66.0,0.22852333984375,753.489990234375,0.03634999752044678,0.0075010266
SPY,put,710.0,0.01643835616438356,2026-06-22,0.245,0.24,0.25,0.24,55.0,0.225593681640625,753.489990234375,0.03634999752044678,0.0075010266
SPY,put,713.0,0.01643835616438356,2026-06-22,0.275,0.27,0.28,0.36,17.0,0.21631643066406248,753.489990234375,0.03634999752044678,0.0075010266
SPY,put,714.0,0.01643835616438356,2026-06-22,0.295,0.29,0.3,0.24,13.0,0.21436332519531248,753.489990234375,0.03634999752044678,0.0075010266
SPY,put,715.0,0.01643835616438356,2026-06-22,0.295,0.29,0.3,0.31,133.0,0.20972469970703123,753.489990234375,0.03634999752044678,0.0075010266
SPY,put,716.0,0.01643835616438356,2026-06-22,0.305,0.3,0.31,0.29,14.0,0.2063067651367187,753.489990234375,0.03634999752044678,0.0075010266
SPY,put,717.0,0.01643835616438356,2026-06-22,0.335,0.33,0.34,0.27,49.0,0.20508607421874997,753.489990234375,0.03634999752044678,0.0075010266
SPY,put,718.0,0.01643835616438356,2026-06-22,0.355,0.35,0.36,0.33,91.0,0.20264469238281246,753.489990234375,0.03634999752044678,0.0075010266
SPY,put,719.0,0.01643835616438356,2026-06-22,0.355,0.35,0.36,0.39,171.0,0.1977619287109375,753.489990234375,0.03634999752044678,0.0075010266
SPY,put,720.0,0.01643835616438356,2026-06-22,0.375,0.37,0.38,0.38,452.0,0.19507640869140624,753.489990234375,0.03634999752044678,0.0075010266
SPY,put,721.0,0.01643835616438356,2026-06-22,0.415,0.41,0.42,0.42,21.0,0.19409985595703128,753.489990234375,0.03634999752044678,0.0075010266
SPY,put,722.0,0.01643835616438356,2026-06-22,0.425,0.42,0.43,0.45,61.0,0.1901936450195313,753.489990234375,0.03634999752044678,0.0075010266
SPY,put,723.0,0.01643835616438356,2026-06-22,0.475,0.47,0.48,0.46,23.0,0.1895832995605469,753.489990234375,0.03634999752044678,0.0075010266
SPY,put,724.0,0.01643835616438356,2026-06-22,0.495,0.49,0.5,0.38,417.0,0.18616536499023437,753.489990234375,0.03634999752044678,0.0075010266
SPY,put,725.0,0.01643835616438356,2026-06-22,0.545,0.54,0.55,0.55,355.0,0.18506674316406246,753.489990234375,0.03634999752044678,0.0075010266
SPY,put,726.0,0.01643835616438356,2026-06-22,0.555,0.55,0.56,0.5,10.0,0.1805501867675781,753.489990234375,0.03634999752044678,0.0075010266
SPY,put,727.0,0.01643835616438356,2026-06-22,0.605,0.6,0.61,0.6,24.0,0.17896328857421873,753.489990234375,0.03634999752044678,0.0075010266
SPY,put,728.0,0.01643835616438356,2026-06-22,0.635,0.63,0.64,0.66,67.0,0.17566742309570313,753.489990234375,0.03634999752044678,0.0075010266
SPY,put,729.0,0.01643835616438356,2026-06-22,0.675,0.67,0.68,0.72,114.0,0.17285983398437502,753.489990234375,0.03634999752044678,0.0075010266
SPY,put,730.0,0.01643835616438356,2026-06-22,0.715,0.71,0.72,0.73,349.0,0.16993017578125003,753.489990234375,0.03634999752044678,0.0075010266
SPY,put,731.0,0.01643835616438356,2026-06-22,0.815,0.81,0.82,0.82,78.0,0.1700522448730469,753.489990234375,0.03634999752044678,0.0075010266
SPY,put,732.0,0.01643835616438356,2026-06-22,0.865,0.86,0.87,0.88,186.0,0.1671225866699219,753.489990234375,0.03634999752044678,0.0075010266
SPY,put,733.0,0.01643835616438356,2026-06-22,0.915,0.91,0.92,0.97,223.0,0.16394879028320314,753.489990234375,0.03634999752044678,0.0075010266
SPY,put,734.0,0.01643835616438356,2026-06-22,0.97,0.96,0.98,1.01,175.0,0.16101913208007812,753.489990234375,0.03634999752044678,0.0075010266
SPY,put,735.0,0.01643835616438356,2026-06-22,1.0550000000000002,1.05,1.06,1.06,245.0,0.1588218884277344,753.489990234375,0.03634999752044678,0.0075010266
SPY,put,736.0,0.01643835616438356,2026-06-22,1.16,1.15,1.17,1.18,23.0,0.15760119750976562,753.489990234375,0.03634999752044678,0.0075010266
SPY,put,737.0,0.01643835616438356,2026-06-22,1.26,1.25,1.27,1.34,71.0,0.15552602294921875,753.489990234375,0.03634999752044678,0.0075010266
SPY,put,738.0,0.01643835616438356,2026-06-22,1.36,1.35,1.37,1.38,76.0,0.1530846411132813,753.489990234375,0.03634999752044678,0.0075010266
SPY,put,739.0,0.01643835616438356,2026-06-22,1.49,1.48,1.5,1.6,92.0,0.15143670837402345,753.489990234375,0.03634999752044678,0.0075010266
SPY,put,740.0,0.01643835616438356,2026-06-22,1.62,1.61,1.63,1.66,536.0,0.14936153381347655,753.489990234375,0.03634999752044678,0.0075010266
SPY,put,741.0,0.01643835616438356,2026-06-22,1.79,1.78,1.8,1.81,68.0,0.1482629119873047,753.489990234375,0.03634999752044678,0.0075010266
SPY,put,742.0,0.01643835616438356,2026-06-22,1.97,1.96,1.98,2.03,134.0,0.14692015197753905,753.489990234375,0.03634999752044678,0.0075010266
SPY,put,743.0,0.01643835616438356,2026-06-22,2.12,2.11,2.13,2.16,115.0,0.1442346319580078,753.489990234375,0.03634999752044678,0.0075010266
SPY,put,744.0,0.01643835616438356,2026-06-22,2.33,2.32,2.34,2.3,136.0,0.1428918719482422,753.489990234375,0.03634999752044678,0.0075010266
SPY,put,745.0,0.01643835616438356,2026-06-22,2.545,2.54,2.55,2.62,1586.0,0.14099980102539064,753.489990234375,0.03634999752044678,0.0075010266
SPY,put,746.0,0.01643835616438356,2026-06-22,2.74,2.73,2.75,2.81,274.0,0.1383753155517578,753.489990234375,0.03634999752044678,0.0075010266
SPY,put,747.0,0.01643835616438356,2026-06-22,3.1100000000000003,3.1,3.12,3.25,374.0,0.1397791101074219,753.489990234375,0.03634999752044678,0.0075010266
SPY,put,748.0,0.01643835616438356,2026-06-22,3.3049999999999997,3.29,3.32,3.43,137.0,0.1360560028076172,753.489990234375,0.03634999752044678,0.0075010266
SPY,put,749.0,0.01643835616438356,2026-06-22,3.815,3.8,3.83,3.74,211.0,0.139657041015625,753.489990234375,0.03634999752044678,0.0075010266
SPY,put,750.0,0.01643835616438356,2026-06-22,3.9850000000000003,3.97,4.0,4.03,1357.0,0.13407238006591798,753.489990234375,0.03634999752044678,0.0075010266
SPY,put,751.0,0.01643835616438356,2026-06-22,4.445,4.43,4.46,4.56,493.0,0.13507945007324224,753.489990234375,0.03634999752044678,0.0075010266
SPY,put,752.0,0.01643835616438356,2026-06-22,4.915,4.9,4.93,4.9,561.0,0.13562876098632815,753.489990234375,0.03634999752044678,0.0075010266
SPY,put,753.0,0.01643835616438356,2026-06-22,5.33,5.24,5.42,5.28,585.0,0.13593393371582033,753.489990234375,0.03634999752044678,0.0075010266
SPY,put,754.0,0.01643835616438356,2026-06-22,5.84,5.74,5.94,6.17,1302.0,0.1363306582641602,753.489990234375,0.03634999752044678,0.0075010266
SPY,put,755.0,0.01643835616438356,2026-06-22,6.385,6.28,6.49,6.56,883.0,0.13675790008544925,753.489990234375,0.03634999752044678,0.0075010266
SPY,put,756.0,0.01643835616438356,2026-06-22,7.275,7.16,7.39,7.25,204.0,0.1450280810546875,753.489990234375,0.03634999752044678,0.0075010266
SPY,put,757.0,0.01643835616438356,2026-06-22,7.88,7.73,8.03,7.43,83.0,0.14643187561035154,753.489990234375,0.03634999752044678,0.0075010266
SPY,put,758.0,0.01643835616438356,2026-06-22,7.68,6.72,8.64,8.0,46.0,0.14649291015625,753.489990234375,0.03634999752044678,0.0075010266
SPY,put,760.0,0.01643835616438356,2026-06-22,10.035,9.86,10.21,9.14,16.0,0.15384757293701173,753.489990234375,0.03634999752044678,0.0075010266
SPY,put,765.0,0.01643835616438356,2026-06-22,13.215,12.26,14.17,12.35,10.0,0.16553568847656253,753.489990234375,0.03634999752044678,0.0075010266
SPY,put,768.0,0.01643835616438356,2026-06-22,16.26,15.26,17.26,15.21,23.0,0.1900715759277344,753.489990234375,0.03634999752044678,0.0075010266
SPY,put,775.0,0.01643835616438356,2026-06-22,23.195,22.17,24.22,22.8,14.0,0.23639679626464843,753.489990234375,0.03634999752044678,0.0075010266
SPY,put,788.0,0.01643835616438356,2026-06-22,35.975,35.02,36.93,36.59,32.0,0.30493859130859374,753.489990234375,0.03634999752044678,0.0075010266
SPY,call,738.0,0.019178082191780823,2026-06-23,15.59,15.41,15.77,18.0,40.0,0.09180595703125,753.489990234375,0.03634999752044678,0.0075010266
SPY,call,739.0,0.019178082191780823,2026-06-23,14.594999999999999,14.43,14.76,17.33,22.0,0.08643491699218751,753.489990234375,0.03634999752044678,0.0075010266
SPY,call,740.0,0.019178082191780823,2026-06-23,13.68,13.52,13.84,14.0,12.0,0.08692319335937501,753.489990234375,0.03634999752044678,0.0075010266
SPY,call,741.0,0.019178082191780823,2026-06-23,12.99,12.81,13.17,14.72,25.0,0.09839768798828125,753.489990234375,0.03634999752044678,0.0075010266
SPY,call,745.0,0.019178082191780823,2026-06-23,9.83,9.71,9.95,10.0,68.0,0.1012663116455078,753.489990234375,0.03634999752044678,0.0075010266
SPY,call,748.0,0.019178082191780823,2026-06-23,7.449999999999999,7.34,7.56,7.3,55.0,0.09613940979003907,753.489990234375,0.03634999752044678,0.0075010266
SPY,call,749.0,0.019178082191780823,2026-06-23,6.75,6.65,6.85,8.38,80.0,0.09534596069335938,753.489990234375,0.03634999752044678,0.0075010266
SPY,call,750.0,0.019178082191780823,2026-06-23,5.970000000000001,5.95,5.99,6.11,383.0,0.09018854156494141,753.489990234375,0.03634999752044678,0.0075010266
SPY,call,751.0,0.019178082191780823,2026-06-23,5.52,5.5,5.54,5.36,26.0,0.09400320068359375,753.489990234375,0.03634999752044678,0.0075010266
SPY,call,752.0,0.019178082191780823,2026-06-23,4.9,4.88,4.92,4.82,145.0,0.0929350961303711,753.489990234375,0.03634999752044678,0.0075010266
SPY,call,753.0,0.019178082191780823,2026-06-23,4.32,4.3,4.34,4.42,335.0,0.09192802612304687,753.489990234375,0.03634999752044678,0.0075010266
SPY,call,754.0,0.019178082191780823,2026-06-23,3.83,3.82,3.84,3.83,663.0,0.09186699157714844,753.489990234375,0.03634999752044678,0.0075010266
SPY,call,755.0,0.019178082191780823,2026-06-23,3.4450000000000003,3.43,3.46,3.31,1798.0,0.09363699340820314,753.489990234375,0.03634999752044678,0.0075010266
SPY,call,756.0,0.019178082191780823,2026-06-23,2.9699999999999998,2.96,2.98,2.87,743.0,0.09226371612548828,753.489990234375,0.03634999752044678,0.0075010266
SPY,call,757.0,0.019178082191780823,2026-06-23,2.5949999999999998,2.59,2.6,2.58,137.0,0.09235526794433593,753.489990234375,0.03634999752044678,0.0075010266
SPY,call,758.0,0.019178082191780823,2026-06-23,2.215,2.2,2.23,2.18,61.0,0.09174492248535156,753.489990234375,0.03634999752044678,0.0075010266
SPY,call,759.0,0.019178082191780823,2026-06-23,1.9,1.89,1.91,1.84,475.0,0.0915007843017578,753.489990234375,0.03634999752044678,0.0075010266
SPY,call,760.0,0.019178082191780823,2026-06-23,1.62,1.61,1.63,1.57,955.0,0.09143974975585936,753.489990234375,0.03634999752044678,0.0075010266
SPY,call,761.0,0.019178082191780823,2026-06-23,1.36,1.35,1.37,1.3,378.0,0.09095147338867188,753.489990234375,0.03634999752044678,0.0075010266
SPY,call,762.0,0.019178082191780823,2026-06-23,1.12,1.11,1.13,1.1,221.0,0.0901580242919922,753.489990234375,0.03634999752044678,0.0075010266
SPY,call,763.0,0.019178082191780823,2026-06-23,0.94,0.93,0.95,1.08,142.0,0.0903411279296875,753.489990234375,0.03634999752044678,0.0075010266
SPY,call,764.0,0.019178082191780823,2026-06-23,0.75,0.74,0.76,0.84,61.0,0.0891814715576172,753.489990234375,0.03634999752044678,0.0075010266
SPY,call,765.0,0.019178082191780823,2026-06-23,0.625,0.62,0.63,0.6,552.0,0.0893645751953125,753.489990234375,0.03634999752044678,0.0075010266
SPY,call,766.0,0.019178082191780823,2026-06-23,0.515,0.51,0.52,0.51,30.0,0.08960871337890625,753.489990234375,0.03634999752044678,0.0075010266
SPY,call,767.0,0.019178082191780823,2026-06-23,0.425,0.42,0.43,0.43,115.0,0.09009698974609376,753.489990234375,0.03634999752044678,0.0075010266
SPY,call,768.0,0.019178082191780823,2026-06-23,0.345,0.34,0.35,0.38,38.0,0.09021905883789064,753.489990234375,0.03634999752044678,0.0075010266
SPY,call,769.0,0.019178082191780823,2026-06-23,0.28,0.27,0.29,0.29,72.0,0.090829404296875,753.489990234375,0.03634999752044678,0.0075010266
SPY,call,770.0,0.019178082191780823,2026-06-23,0.235,0.23,0.24,0.24,215.0,0.09156181884765624,753.489990234375,0.03634999752044678,0.0075010266
SPY,call,771.0,0.019178082191780823,2026-06-23,0.185,0.18,0.19,0.24,98.0,0.09143974975585936,753.489990234375,0.03634999752044678,0.0075010266
SPY,call,772.0,0.019178082191780823,2026-06-23,0.155,0.15,0.16,0.16,143.0,0.09253837158203124,753.489990234375,0.03634999752044678,0.0075010266
SPY,call,773.0,0.019178082191780823,2026-06-23,0.125,0.12,0.13,0.12,10.0,0.09302664794921875,753.489990234375,0.03634999752044678,0.0075010266
SPY,call,774.0,0.019178082191780823,2026-06-23,0.11499999999999999,0.11,0.12,0.11,124.0,0.09546802978515626,753.489990234375,0.03634999752044678,0.0075010266
SPY,call,775.0,0.019178082191780823,2026-06-23,0.095,0.09,0.1,0.1,198.0,0.09644458251953125,753.489990234375,0.03634999752044678,0.0075010266
SPY,call,776.0,0.019178082191780823,2026-06-23,0.08499999999999999,0.08,0.09,0.1,15.0,0.098641826171875,753.489990234375,0.03634999752044678,0.0075010266
SPY,call,777.0,0.019178082191780823,2026-06-23,0.07500000000000001,0.07,0.08,0.08,70.0,0.1001066552734375,753.489990234375,0.03634999752044678,0.0075010266
SPY,call,779.0,0.019178082191780823,2026-06-23,0.055,0.05,0.06,0.08,20.0,0.10303631347656249,753.489990234375,0.03634999752044678,0.0075010266
SPY,call,780.0,0.019178082191780823,2026-06-23,0.055,0.05,0.06,0.05,39.0,0.106454248046875,753.489990234375,0.03634999752044678,0.0075010266
SPY,call,781.0,0.019178082191780823,2026-06-23,0.055,0.05,0.06,0.05,10.0,0.1098721826171875,753.489990234375,0.03634999752044678,0.0075010266
SPY,call,782.0,0.019178082191780823,2026-06-23,0.045,0.04,0.05,0.06,32.0,0.11036045898437499,753.489990234375,0.03634999752044678,0.0075010266
SPY,call,783.0,0.019178082191780823,2026-06-23,0.045,0.04,0.05,0.04,20.0,0.1137783935546875,753.489990234375,0.03634999752044678,0.0075010266
SPY,call,784.0,0.019178082191780823,2026-06-23,0.045,0.04,0.05,0.05,108.0,0.117196328125,753.489990234375,0.03634999752044678,0.0075010266
SPY,call,786.0,0.019178082191780823,2026-06-23,0.035,0.03,0.04,0.04,46.0,0.12012598632812499,753.489990234375,0.03634999752044678,0.0075010266
SPY,call,787.0,0.019178082191780823,2026-06-23,0.035,0.03,0.04,0.04,53.0,0.12305564453125001,753.489990234375,0.03634999752044678,0.0075010266
SPY,call,788.0,0.019178082191780823,2026-06-23,0.035,0.03,0.04,0.07,49.0,0.12647357910156248,753.489990234375,0.03634999752044678,0.0075010266
SPY,call,790.0,0.019178082191780823,2026-06-23,0.035,0.03,0.04,0.03,32.0,0.132821171875,753.489990234375,0.03634999752044678,0.0075010266
SPY,call,795.0,0.019178082191780823,2026-06-23,0.025,0.02,0.03,0.04,24.0,0.143563251953125,753.489990234375,0.03634999752044678,0.0075010266
SPY,call,796.0,0.019178082191780823,2026-06-23,0.025,0.02,0.03,0.02,10.0,0.14649291015625,753.489990234375,0.03634999752044678,0.0075010266
SPY,call,797.0,0.019178082191780823,2026-06-23,0.025,0.02,0.03,0.04,74.0,0.149422568359375,753.489990234375,0.03634999752044678,0.0075010266
SPY,call,810.0,0.019178082191780823,2026-06-23,0.025,0.02,0.03,0.02,24.0,0.186531572265625,753.489990234375,0.03634999752044678,0.0075010266
SPY,call,815.0,0.019178082191780823,2026-06-23,0.015,0.01,0.02,0.02,14.0,0.19336744140625,753.489990234375,0.03634999752044678,0.0075010266
SPY,call,835.0,0.019178082191780823,2026-06-23,0.015,0.01,0.02,0.03,52.0,0.2461012890625,753.489990234375,0.03634999752044678,0.0075010266
SPY,call,840.0,0.019178082191780823,2026-06-23,0.015,0.01,0.02,0.02,40.0,0.257819921875,753.489990234375,0.03634999752044678,0.0075010266
SPY,call,855.0,0.019178082191780823,2026-06-23,0.015,0.01,0.02,0.02,58.0,0.29688203124999996,753.489990234375,0.03634999752044678,0.0075010266
SPY,put,600.0,0.019178082191780823,2026-06-23,0.025,0.02,0.03,0.03,90.0,0.523442265625,753.489990234375,0.03634999752044678,0.0075010266
SPY,put,605.0,0.019178082191780823,2026-06-23,0.025,0.02,0.03,0.03,45.0,0.507817421875,753.489990234375,0.03634999752044678,0.0075010266
SPY,put,615.0,0.019178082191780823,2026-06-23,0.025,0.02,0.03,0.03,40.0,0.4804739453125,753.489990234375,0.03634999752044678,0.0075010266
SPY,put,625.0,0.019178082191780823,2026-06-23,0.035,0.03,0.04,0.05,25.0,0.45703667968750006,753.489990234375,0.03634999752044678,0.0075010266
SPY,put,650.0,0.019178082191780823,2026-06-23,0.065,0.06,0.07,0.08,14.0,0.39160764648437496,753.489990234375,0.03634999752044678,0.0075010266
SPY,put,655.0,0.019178082191780823,2026-06-23,0.07500000000000001,0.07,0.08,0.08,15.0,0.3789124609375,753.489990234375,0.03634999752044678,0.0075010266
SPY,put,660.0,0.019178082191780823,2026-06-23,0.07500000000000001,0.07,0.08,0.08,13.0,0.36035795898437495,753.489990234375,0.03634999752044678,0.0075010266
SPY,put,665.0,0.019178082191780823,2026-06-23,0.08499999999999999,0.08,0.09,0.1,24.0,0.34668622070312494,753.489990234375,0.03634999752044678,0.0075010266
SPY,put,670.0,0.019178082191780823,2026-06-23,0.095,0.09,0.1,0.12,44.0,0.33301448242187504,753.489990234375,0.03634999752044678,0.0075010266
SPY,put,675.0,0.019178082191780823,2026-06-23,0.10500000000000001,0.1,0.11,0.15,16.0,0.3178779150390625,753.489990234375,0.03634999752044678,0.0075010266
SPY,put,690.0,0.019178082191780823,2026-06-23,0.14500000000000002,0.14,0.15,0.14,101.0,0.27246821289062495,753.489990234375,0.03634999752044678,0.0075010266
SPY,put,695.0,0.019178082191780823,2026-06-23,0.185,0.18,0.19,0.18,1553.0,0.26197027099609377,753.489990234375,0.03634999752044678,0.0075010266
SPY,put,700.0,0.019178082191780823,2026-06-23,0.20500000000000002,0.2,0.21,0.2,17.0,0.2456130126953125,753.489990234375,0.03634999752044678,0.0075010266
SPY,put,701.0,0.019178082191780823,2026-06-23,0.215,0.21,0.22,0.19,17.0,0.24341576904296874,753.489990234375,0.03634999752044678,0.0075010266
SPY,put,704.0,0.019178082191780823,2026-06-23,0.235,0.23,0.24,0.33,22.0,0.23438265625,753.489990234375,0.03634999752044678,0.0075010266
SPY,put,705.0,0.019178082191780823,2026-06-23,0.255,0.25,0.26,0.22,11.0,0.233406103515625,753.489990234375,0.03634999752044678,0.0075010266
SPY,put,707.0,0.019178082191780823,2026-06-23,0.265,0.26,0.27,0.29,178.0,0.22632609619140626,753.489990234375,0.03634999752044678,0.0075010266
SPY,put,711.0,0.019178082191780823,2026-06-23,0.335,0.33,0.34,0.29,20.0,0.21826953613281247,753.489990234375,0.03634999752044678,0.0075010266
SPY,put,712.0,0.019178082191780823,2026-06-23,0.335,0.33,0.34,0.34,90.0,0.213875048828125,753.489990234375,0.03634999752044678,0.0075010266
SPY,put,713.0,0.019178082191780823,2026-06-23,0.345,0.34,0.35,0.27,11.0,0.21057918334960937,753.489990234375,0.03634999752044678,0.0075010266
SPY,put,714.0,0.019178082191780823,2026-06-23,0.355,0.35,0.36,0.37,38.0,0.20728331787109372,753.489990234375,0.03634999752044678,0.0075010266
SPY,put,720.0,0.019178082191780823,2026-06-23,0.495,0.49,0.5,0.51,107.0,0.19312330322265625,753.489990234375,0.03634999752044678,0.0075010266
SPY,put,721.0,0.019178082191780823,2026-06-23,0.535,0.53,0.54,0.45,104.0,0.1915364050292969,753.489990234375,0.03634999752044678,0.0075010266
SPY,put,722.0,0.019178082191780823,2026-06-23,0.555,0.55,0.56,0.44,107.0,0.18824053955078124,753.489990234375,0.03634999752044678,0.0075010266
SPY,put,723.0,0.019178082191780823,2026-06-23,0.61,0.6,0.62,0.46,11.0,0.18775226318359373,753.489990234375,0.03634999752044678,0.0075010266
SPY,put,724.0,0.019178082191780823,2026-06-23,0.615,0.61,0.62,0.64,101.0,0.1828694995117187,753.489990234375,0.03634999752044678,0.0075010266
SPY,put,725.0,0.019178082191780823,2026-06-23,0.685,0.68,0.69,0.68,95.0,0.1825032922363281,753.489990234375,0.03634999752044678,0.0075010266
SPY,put,726.0,0.019178082191780823,2026-06-23,0.715,0.71,0.72,0.68,59.0,0.17932949584960936,753.489990234375,0.03634999752044678,0.0075010266
SPY,put,727.0,0.019178082191780823,2026-06-23,0.78,0.77,0.79,0.85,124.0,0.1783529431152344,753.489990234375,0.03634999752044678,0.0075010266
SPY,put,728.0,0.019178082191780823,2026-06-23,0.795,0.79,0.8,0.76,19.0,0.17377535217285156,753.489990234375,0.03634999752044678,0.0075010266
SPY,put,729.0,0.019178082191780823,2026-06-23,0.865,0.86,0.87,0.7,109.0,0.17237155761718753,753.489990234375,0.03634999752044678,0.0075010266
SPY,put,730.0,0.019178082191780823,2026-06-23,0.935,0.93,0.94,0.97,205.0,0.1706625903320313,753.489990234375,0.03634999752044678,0.0075010266
SPY,put,731.0,0.019178082191780823,2026-06-23,0.985,0.98,0.99,1.03,91.0,0.16767189758300782,753.489990234375,0.03634999752044678,0.0075010266
SPY,put,732.0,0.019178082191780823,2026-06-23,1.105,1.1,1.11,1.05,51.0,0.16773293212890628,753.489990234375,0.03634999752044678,0.0075010266
SPY,put,734.0,0.019178082191780823,2026-06-23,1.21,1.2,1.22,1.14,33.0,0.161141201171875,753.489990234375,0.03634999752044678,0.0075010266
SPY,put,735.0,0.019178082191780823,2026-06-23,1.375,1.37,1.38,1.36,104.0,0.16169051208496094,753.489990234375,0.03634999752044678,0.0075010266
SPY,put,736.0,0.019178082191780823,2026-06-23,1.4449999999999998,1.44,1.45,1.48,38.0,0.1583946466064453,753.489990234375,0.03634999752044678,0.0075010266
SPY,put,737.0,0.019178082191780823,2026-06-23,1.54,1.53,1.55,1.3,92.0,0.1559532647705078,753.489990234375,0.03634999752044678,0.0075010266
SPY,put,738.0,0.019178082191780823,2026-06-23,1.67,1.66,1.68,1.75,47.0,0.15424429748535157,753.489990234375,0.03634999752044678,0.0075010266
SPY,put,739.0,0.019178082191780823,2026-06-23,1.86,1.85,1.87,1.83,10.0,0.15418326293945314,753.489990234375,0.03634999752044678,0.0075010266
SPY,put,740.0,0.019178082191780823,2026-06-23,1.95,1.94,1.96,2.06,273.0,0.15046015563964849,753.489990234375,0.03634999752044678,0.0075010266
SPY,put,741.0,0.019178082191780823,2026-06-23,2.0999999999999996,2.09,2.11,2.1,132.0,0.14832394653320313,753.489990234375,0.03634999752044678,0.0075010266
SPY,put,742.0,0.019178082191780823,2026-06-23,2.25,2.24,2.26,2.44,81.0,0.14582153015136717,753.489990234375,0.03634999752044678,0.0075010266
SPY,put,743.0,0.019178082191780823,2026-06-23,2.4299999999999997,2.42,2.44,2.52,705.0,0.14380739013671873,753.489990234375,0.03634999752044678,0.0075010266
SPY,put,744.0,0.019178082191780823,2026-06-23,2.71,2.7,2.72,2.76,659.0,0.14411256286621094,753.489990234375,0.03634999752044678,0.0075010266
SPY,put,745.0,0.019178082191780823,2026-06-23,2.99,2.98,3.0,3.09,297.0,0.14383790740966795,753.489990234375,0.03634999752044678,0.0075010266
SPY,put,746.0,0.019178082191780823,2026-06-23,3.25,3.24,3.26,3.36,63.0,0.14252566467285155,753.489990234375,0.03634999752044678,0.0075010266
SPY,put,747.0,0.019178082191780823,2026-06-23,3.505,3.49,3.52,3.57,75.0,0.1407251455688477,753.489990234375,0.03634999752044678,0.0075010266
SPY,put,748.0,0.019178082191780823,2026-06-23,3.895,3.88,3.91,3.93,105.0,0.1415796292114258,753.489990234375,0.03634999752044678,0.0075010266
SPY,put,749.0,0.019178082191780823,2026-06-23,4.039999999999999,4.02,4.06,4.17,99.0,0.13617807189941405,753.489990234375,0.03634999752044678,0.0075010266
SPY,put,750.0,0.019178082191780823,2026-06-23,4.425000000000001,4.41,4.44,4.53,545.0,0.13572031280517582,753.489990234375,0.03634999752044678,0.0075010266
SPY,put,752.0,0.019178082191780823,2026-06-23,5.445,5.43,5.46,5.54,82.0,0.13892462646484377,753.489990234375,0.03634999752044678,0.0075010266
SPY,put,753.0,0.019178082191780823,2026-06-23,5.695,5.68,5.71,5.68,448.0,0.133797724609375,753.489990234375,0.03634999752044678,0.0075010266
SPY,put,754.0,0.019178082191780823,2026-06-23,6.4399999999999995,6.37,6.51,6.42,981.0,0.1404504901123047,753.489990234375,0.03634999752044678,0.0075010266
SPY,put,755.0,0.019178082191780823,2026-06-23,6.85,6.78,6.92,6.91,1568.0,0.13776497009277344,753.489990234375,0.03634999752044678,0.0075010266
SPY,put,757.0,0.019178082191780823,2026-06-23,8.015,7.9,8.13,7.79,14.0,0.13941290283203128,753.489990234375,0.03634999752044678,0.0075010266
SPY,call,728.0,0.021917808219178082,2026-06-24,25.805,24.92,26.69,26.17,11.0,0.18293053405761717,753.489990234375,0.03634999752044678,0.0075010266
SPY,call,731.0,0.021917808219178082,2026-06-24,22.45,22.24,22.66,24.1,81.0,0.10608804077148437,753.489990234375,0.03634999752044678,0.0075010266
SPY,call,732.0,0.021917808219178082,2026-06-24,21.205,20.98,21.43,22.68,46.0,1.0000000000000003e-05,753.489990234375,0.03634999752044678,0.0075010266
SPY,call,735.0,0.021917808219178082,2026-06-24,18.46,18.27,18.65,21.19,20.0,0.08912043701171876,753.489990234375,0.03634999752044678,0.0075010266
SPY,call,736.0,0.021917808219178082,2026-06-24,17.17,16.27,18.07,19.95,364.0,0.1132901171875,753.489990234375,0.03634999752044678,0.0075010266
SPY,call,741.0,0.021917808219178082,2026-06-24,13.485,13.34,13.63,15.24,54.0,0.1098721826171875,753.489990234375,0.03634999752044678,0.0075010266
SPY,call,749.0,0.021917808219178082,2026-06-24,7.24,7.14,7.34,8.2,11.0,0.10114424255371093,753.489990234375,0.03634999752044678,0.0075010266
SPY,call,750.0,0.021917808219178082,2026-06-24,6.705,6.69,6.72,6.41,13.0,0.10132734619140624,753.489990234375,0.03634999752044678,0.0075010266
SPY,call,752.0,0.021917808219178082,2026-06-24,5.515000000000001,5.5,5.53,5.37,133.0,0.10065596618652344,753.489990234375,0.03634999752044678,0.0075010266
SPY,call,753.0,0.021917808219178082,2026-06-24,4.915,4.9,4.93,4.7,67.0,0.09919113708496094,753.489990234375,0.03634999752044678,0.0075010266
SPY,call,754.0,0.021917808219178082,2026-06-24,4.43,4.42,4.44,4.24,217.0,0.0993132061767578,753.489990234375,0.03634999752044678,0.0075010266
SPY,call,755.0,0.021917808219178082,2026-06-24,3.8,3.79,3.81,3.81,1046.0,0.09574268524169924,753.489990234375,0.03634999752044678,0.0075010266
SPY,call,756.0,0.021917808219178082,2026-06-24,3.3499999999999996,3.34,3.36,3.37,427.0,0.09525440887451173,753.489990234375,0.03634999752044678,0.0075010266
SPY,call,757.0,0.021917808219178082,2026-06-24,3.065,3.05,3.08,2.95,187.0,0.09772630798339844,753.489990234375,0.03634999752044678,0.0075010266
SPY,call,758.0,0.021917808219178082,2026-06-24,2.6900000000000004,2.68,2.7,2.62,113.0,0.09729906616210937,753.489990234375,0.03634999752044678,0.0075010266
SPY,call,759.0,0.021917808219178082,2026-06-24,2.2699999999999996,2.26,2.28,2.28,132.0,0.09516285705566407,753.489990234375,0.03634999752044678,0.0075010266
SPY,call,760.0,0.021917808219178082,2026-06-24,1.935,1.93,1.94,1.93,245.0,0.09406423522949219,753.489990234375,0.03634999752044678,0.0075010266
SPY,call,761.0,0.021917808219178082,2026-06-24,1.69,1.68,1.7,1.64,190.0,0.09467458068847658,753.489990234375,0.03634999752044678,0.0075010266
SPY,call,762.0,0.021917808219178082,2026-06-24,1.47,1.46,1.48,1.41,48.0,0.09510182250976565,753.489990234375,0.03634999752044678,0.0075010266
SPY,call,763.0,0.021917808219178082,2026-06-24,1.23,1.22,1.24,1.41,43.0,0.0942473388671875,753.489990234375,0.03634999752044678,0.0075010266
SPY,call,764.0,0.021917808219178082,2026-06-24,1.0550000000000002,1.05,1.06,0.99,19.0,0.09436940795898438,753.489990234375,0.03634999752044678,0.0075010266
SPY,call,765.0,0.021917808219178082,2026-06-24,0.85,0.84,0.86,0.85,128.0,0.09302664794921875,753.489990234375,0.03634999752044678,0.0075010266
SPY,call,766.0,0.021917808219178082,2026-06-24,0.745,0.74,0.75,0.71,78.0,0.09412526977539062,753.489990234375,0.03634999752044678,0.0075010266
SPY,call,767.0,0.021917808219178082,2026-06-24,0.615,0.61,0.62,0.7,14.0,0.0937590625,753.489990234375,0.03634999752044678,0.0075010266
SPY,call,768.0,0.021917808219178082,2026-06-24,0.495,0.49,0.5,0.48,69.0,0.09302664794921875,753.489990234375,0.03634999752044678,0.0075010266
SPY,call,769.0,0.021917808219178082,2026-06-24,0.41000000000000003,0.4,0.42,0.41,592.0,0.09339285522460938,753.489990234375,0.03634999752044678,0.0075010266
SPY,call,770.0,0.021917808219178082,2026-06-24,0.345,0.34,0.35,0.37,891.0,0.0937590625,753.489990234375,0.03634999752044678,0.0075010266
SPY,call,772.0,0.021917808219178082,2026-06-24,0.235,0.23,0.24,0.36,24.0,0.09436940795898438,753.489990234375,0.03634999752044678,0.0075010266
SPY,call,773.0,0.021917808219178082,2026-06-24,0.195,0.19,0.2,0.25,432.0,0.09485768432617189,753.489990234375,0.03634999752044678,0.0075010266
SPY,call,775.0,0.021917808219178082,2026-06-24,0.14500000000000002,0.14,0.15,0.18,19.0,0.09742113525390625,753.489990234375,0.03634999752044678,0.0075010266
SPY,call,776.0,0.021917808219178082,2026-06-24,0.125,0.12,0.13,0.13,34.0,0.098641826171875,753.489990234375,0.03634999752044678,0.0075010266
SPY,call,778.0,0.021917808219178082,2026-06-24,0.095,0.09,0.1,0.12,88.0,0.10132734619140624,753.489990234375,0.03634999752044678,0.0075010266
SPY,call,779.0,0.021917808219178082,2026-06-24,0.08499999999999999,0.08,0.09,0.2,55.0,0.10303631347656249,753.489990234375,0.03634999752044678,0.0075010266
SPY,call,780.0,0.021917808219178082,2026-06-24,0.07500000000000001,0.07,0.08,0.09,83.0,0.10450114257812498,753.489990234375,0.03634999752044678,0.0075010266
SPY,call,785.0,0.021917808219178082,2026-06-24,0.055,0.05,0.06,0.05,117.0,0.116219775390625,753.489990234375,0.03634999752044678,0.0075010266
SPY,call,795.0,0.021917808219178082,2026-06-24,0.035,0.03,0.04,0.03,17.0,0.139657041015625,753.489990234375,0.03634999752044678,0.0075010266
SPY,call,810.0,0.021917808219178082,2026-06-24,0.025,0.02,0.03,0.02,132.0,0.1757894921875,753.489990234375,0.03634999752044678,0.0075010266
SPY,call,815.0,0.021917808219178082,2026-06-24,0.025,0.02,0.03,0.03,76.0,0.18946123046875002,753.489990234375,0.03634999752044678,0.0075010266
SPY,call,830.0,0.021917808219178082,2026-06-24,0.015,0.01,0.02,0.02,92.0,0.21875781249999998,753.489990234375,0.03634999752044678,0.0075010266
SPY,call,895.0,0.021917808219178082,2026-06-24,0.015,0.01,0.02,0.01,84.0,0.367193828125,753.489990234375,0.03634999752044678,0.0075010266
SPY,put,535.0,0.021917808219178082,2026-06-24,0.015,0.01,0.02,0.01,20.0,0.6875031250000001,753.489990234375,0.03634999752044678,0.0075010266
SPY,put,570.0,0.021917808219178082,2026-06-24,0.015,0.01,0.02,0.02,115.0,0.570316796875,753.489990234375,0.03634999752044678,0.0075010266
SPY,put,575.0,0.021917808219178082,2026-06-24,0.015,0.01,0.02,0.04,10.0,0.5546919531250001,753.489990234375,0.03634999752044678,0.0075010266
SPY,put,580.0,0.021917808219178082,2026-06-24,0.025,0.02,0.03,0.03,10.0,0.5625043750000001,753.489990234375,0.03634999752044678,0.0075010266
SPY,put,585.0,0.021917808219178082,2026-06-24,0.025,0.02,0.03,0.03,51.0,0.5429733203125001,753.489990234375,0.03634999752044678,0.0075010266
SPY,put,595.0,0.021917808219178082,2026-06-24,0.025,0.02,0.03,0.02,65.0,0.5117236328125,753.489990234375,0.03634999752044678,0.0075010266
SPY,put,610.0,0.021917808219178082,2026-06-24,0.035,0.03,0.04,0.04,25.0,0.48242705078125003,753.489990234375,0.03634999752044678,0.0075010266
SPY,put,615.0,0.021917808219178082,2026-06-24,0.045,0.04,0.05,0.04,60.0,0.47461462890625,753.489990234375,0.03634999752044678,0.0075010266
SPY,put,655.0,0.021917808219178082,2026-06-24,0.095,0.09,0.1,0.1,10.0,0.367193828125,753.489990234375,0.03634999752044678,0.0075010266
SPY,put,665.0,0.021917808219178082,2026-06-24,0.11499999999999999,0.11,0.12,0.11,11.0,0.33887379882812496,753.489990234375,0.03634999752044678,0.0075010266
SPY,put,670.0,0.021917808219178082,2026-06-24,0.11499999999999999,0.11,0.12,0.14,11.0,0.32129584960937496,753.489990234375,0.03634999752044678,0.0075010266
SPY,put,680.0,0.021917808219178082,2026-06-24,0.155,0.15,0.16,0.17,142.0,0.2963937548828125,753.489990234375,0.03634999752044678,0.0075010266
SPY,put,685.0,0.021917808219178082,2026-06-24,0.175,0.17,0.18,0.18,74.0,0.28247787841796873,753.489990234375,0.03634999752044678,0.0075010266
SPY,put,695.0,0.021917808219178082,2026-06-24,0.225,0.22,0.23,0.21,20.0,0.25440198730468755,753.489990234375,0.03634999752044678,0.0075010266
SPY,put,700.0,0.021917808219178082,2026-06-24,0.265,0.26,0.27,0.22,60.0,0.241218525390625,753.489990234375,0.03634999752044678,0.0075010266
SPY,put,703.0,0.021917808219178082,2026-06-24,0.28500000000000003,0.28,0.29,0.31,27.0,0.23194127441406248,753.489990234375,0.03634999752044678,0.0075010266
SPY,put,704.0,0.021917808219178082,2026-06-24,0.305,0.3,0.31,0.31,57.0,0.2304764453125,753.489990234375,0.03634999752044678,0.0075010266
SPY,put,706.0,0.021917808219178082,2026-06-24,0.325,0.32,0.33,0.39,174.0,0.2249833361816406,753.489990234375,0.03634999752044678,0.0075010266
SPY,put,710.0,0.021917808219178082,2026-06-24,0.395,0.39,0.4,0.31,23.0,0.21607229248046872,753.489990234375,0.03634999752044678,0.0075010266
SPY,put,711.0,0.021917808219178082,2026-06-24,0.395,0.39,0.4,0.42,50.0,0.21192194335937498,753.489990234375,0.03634999752044678,0.0075010266
SPY,put,712.0,0.021917808219178082,2026-06-24,0.425,0.42,0.43,0.4,11.0,0.21070125244140625,753.489990234375,0.03634999752044678,0.0075010266
SPY,put,713.0,0.021917808219178082,2026-06-24,0.445,0.44,0.45,0.43,10.0,0.2082598706054687,753.489990234375,0.03634999752044678,0.0075010266
SPY,put,715.0,0.021917808219178082,2026-06-24,0.485,0.48,0.49,0.39,13.0,0.20313296874999998,753.489990234375,0.03634999752044678,0.0075010266
SPY,put,717.0,0.021917808219178082,2026-06-24,0.535,0.53,0.54,0.48,74.0,0.19837227416992187,753.489990234375,0.03634999752044678,0.0075010266
SPY,put,719.0,0.021917808219178082,2026-06-24,0.58,0.57,0.59,0.52,13.0,0.19312330322265625,753.489990234375,0.03634999752044678,0.0075010266
SPY,put,720.0,0.021917808219178082,2026-06-24,0.625,0.62,0.63,0.53,322.0,0.1914143359375,753.489990234375,0.03634999752044678,0.0075010266
SPY,put,722.0,0.021917808219178082,2026-06-24,0.7,0.69,0.71,0.79,63.0,0.18738605590820312,753.489990234375,0.03634999752044678,0.0075010266
SPY,put,723.0,0.021917808219178082,2026-06-24,0.765,0.76,0.77,0.64,56.0,0.18628743408203124,753.489990234375,0.03634999752044678,0.0075010266
SPY,put,724.0,0.021917808219178082,2026-06-24,0.795,0.79,0.8,0.83,29.0,0.18323570678710935,753.489990234375,0.03634999752044678,0.0075010266
SPY,put,725.0,0.021917808219178082,2026-06-24,0.825,0.82,0.83,0.68,240.0,0.18006191040039063,753.489990234375,0.03634999752044678,0.0075010266
SPY,put,726.0,0.021917808219178082,2026-06-24,0.885,0.88,0.89,0.83,139.0,0.1783529431152344,753.489990234375,0.03634999752044678,0.0075010266
SPY,put,727.0,0.021917808219178082,2026-06-24,0.925,0.92,0.93,0.8,71.0,0.17542328491210937,753.489990234375,0.03634999752044678,0.0075010266
SPY,put,728.0,0.021917808219178082,2026-06-24,1.01,1.0,1.02,0.91,55.0,0.174812939453125,753.489990234375,0.03634999752044678,0.0075010266
SPY,put,729.0,0.021917808219178082,2026-06-24,1.065,1.06,1.07,0.88,73.0,0.1720053503417969,753.489990234375,0.03634999752044678,0.0075010266
SPY,put,730.0,0.021917808219178082,2026-06-24,1.185,1.18,1.19,0.88,83.0,0.17206638488769532,753.489990234375,0.03634999752044678,0.0075010266
SPY,put,731.0,0.021917808219178082,2026-06-24,1.26,1.25,1.27,1.27,82.0,0.17011327941894533,753.489990234375,0.03634999752044678,0.0075010266
SPY,put,732.0,0.021917808219178082,2026-06-24,1.335,1.33,1.34,1.15,85.0,0.16748879394531252,753.489990234375,0.03634999752044678,0.0075010266
SPY,put,733.0,0.021917808219178082,2026-06-24,1.38,1.37,1.39,1.47,22.0,0.16394879028320314,753.489990234375,0.03634999752044678,0.0075010266
SPY,put,734.0,0.021917808219178082,2026-06-24,1.5,1.49,1.51,1.55,31.0,0.16285016845703126,753.489990234375,0.03634999752044678,0.0075010266
SPY,put,735.0,0.021917808219178082,2026-06-24,1.665,1.66,1.67,1.36,13.0,0.16272809936523439,753.489990234375,0.03634999752044678,0.0075010266
SPY,put,738.0,0.021917808219178082,2026-06-24,1.95,1.94,1.96,2.08,40.0,0.15430533203125002,753.489990234375,0.03634999752044678,0.0075010266
SPY,put,739.0,0.021917808219178082,2026-06-24,2.12,2.11,2.13,1.94,191.0,0.15320671020507814,753.489990234375,0.03634999752044678,0.0075010266
SPY,put,740.0,0.021917808219178082,2026-06-24,2.3099999999999996,2.3,2.32,2.38,278.0,0.15229119201660157,753.489990234375,0.03634999752044678,0.0075010266
SPY,put,741.0,0.021917808219178082,2026-06-24,2.4699999999999998,2.46,2.48,2.55,65.0,0.1501855001831055,753.489990234375,0.03634999752044678,0.0075010266
SPY,put,742.0,0.021917808219178082,2026-06-24,2.67,2.66,2.68,2.78,70.0,0.14881222290039062,753.489990234375,0.03634999752044678,0.0075010266
SPY,put,743.0,0.021917808219178082,2026-06-24,2.9699999999999998,2.96,2.98,2.95,45.0,0.1496056719970703,753.489990234375,0.03634999752044678,0.0075010266
SPY,put,744.0,0.021917808219178082,2026-06-24,3.09,3.08,3.1,3.1,73.0,0.14542480560302734,753.489990234375,0.03634999752044678,0.0075010266
SPY,put,745.0,0.021917808219178082,2026-06-24,3.285,3.27,3.3,3.46,138.0,0.14292238922119144,753.489990234375,0.03634999752044678,0.0075010266
SPY,put,746.0,0.021917808219178082,2026-06-24,3.5599999999999996,3.55,3.57,3.67,708.0,0.14173221557617188,753.489990234375,0.03634999752044678,0.0075010266
SPY,put,747.0,0.021917808219178082,2026-06-24,3.9450000000000003,3.93,3.96,3.45,58.0,0.14283083740234376,753.489990234375,0.03634999752044678,0.0075010266
SPY,put,749.0,0.021917808219178082,2026-06-24,4.555,4.54,4.57,4.71,99.0,0.139657041015625,753.489990234375,0.03634999752044678,0.0075010266
SPY,put,750.0,0.021917808219178082,2026-06-24,5.074999999999999,5.06,5.09,5.1,221.0,0.1420984228515625,753.489990234375,0.03634999752044678,0.0075010266
SPY,put,751.0,0.021917808219178082,2026-06-24,5.380000000000001,5.36,5.4,5.56,327.0,0.1394434201049805,753.489990234375,0.03634999752044678,0.0075010266
SPY,put,752.0,0.021917808219178082,2026-06-24,5.895,5.88,5.91,5.86,309.0,0.14057255920410155,753.489990234375,0.03634999752044678,0.0075010266
SPY,put,753.0,0.021917808219178082,2026-06-24,6.154999999999999,6.14,6.17,6.15,479.0,0.13590341644287113,753.489990234375,0.03634999752044678,0.0075010266
SPY,put,754.0,0.021917808219178082,2026-06-24,6.855,6.79,6.92,6.8,512.0,0.14112187011718752,753.489990234375,0.03634999752044678,0.0075010266
SPY,put,755.0,0.021917808219178082,2026-06-24,7.145,7.07,7.22,7.51,346.0,0.1362391064453125,753.489990234375,0.03634999752044678,0.0075010266
SPY,put,756.0,0.021917808219178082,2026-06-24,7.99,7.9,8.08,8.02,41.0,0.14280032012939453,753.489990234375,0.03634999752044678,0.0075010266
SPY,call,730.0,0.024657534246575342,2026-06-25,23.58,23.4,23.76,25.74,68.0,0.11390046264648437,753.489990234375,0.03634999752044678,0.0075010266
SPY,call,731.0,0.024657534246575342,2026-06-25,21.68,20.81,22.55,24.82,224.0,0.08497008789062502,753.489990234375,0.03634999752044678,0.0075010266
SPY,call,732.0,0.024657534246575342,2026-06-25,20.975,20.0,21.95,23.75,132.0,0.11890529541015624,753.489990234375,0.03634999752044678,0.0075010266
SPY,call,737.0,0.024657534246575342,2026-06-25,17.03,16.88,17.18,18.91,124.0,0.10785804260253906,753.489990234375,0.03634999752044678,0.0075010266
SPY,call,738.0,0.024657534246575342,2026-06-25,16.2,16.02,16.38,18.07,235.0,0.11115390808105467,753.489990234375,0.03634999752044678,0.0075010266
SPY,call,739.0,0.024657534246575342,2026-06-25,15.36,15.18,15.54,17.11,58.0,0.11188632263183593,753.489990234375,0.03634999752044678,0.0075010266
SPY,call,747.0,0.024657534246575342,2026-06-25,9.055,8.93,9.18,10.52,37.0,0.10730873168945312,753.489990234375,0.03634999752044678,0.0075010266
SPY,call,748.0,0.024657534246575342,2026-06-25,8.260000000000002,8.14,8.38,9.47,57.0,0.10444010803222654,753.489990234375,0.03634999752044678,0.0075010266
SPY,call,752.0,0.024657534246575342,2026-06-25,5.82,5.8,5.84,5.8,64.0,0.10178510528564452,753.489990234375,0.03634999752044678,0.0075010266
SPY,call,753.0,0.024657534246575342,2026-06-25,5.390000000000001,5.37,5.41,5.29,85.0,0.10373821075439452,753.489990234375,0.03634999752044678,0.0075010266
SPY,call,754.0,0.024657534246575342,2026-06-25,4.675000000000001,4.66,4.69,4.73,422.0,0.09925217163085936,753.489990234375,0.03634999752044678,0.0075010266
SPY,call,755.0,0.024657534246575342,2026-06-25,4.225,4.21,4.24,4.13,472.0,0.09955734436035156,753.489990234375,0.03634999752044678,0.0075010266
SPY,call,756.0,0.024657534246575342,2026-06-25,3.7699999999999996,3.76,3.78,3.95,284.0,0.09897751617431641,753.489990234375,0.03634999752044678,0.0075010266
SPY,call,757.0,0.024657534246575342,2026-06-25,3.3449999999999998,3.33,3.36,3.3,14.0,0.09858079162597656,753.489990234375,0.03634999752044678,0.0075010266
SPY,call,758.0,0.024657534246575342,2026-06-25,2.995,2.99,3.0,3.28,158.0,0.09876389526367188,753.489990234375,0.03634999752044678,0.0075010266
SPY,call,759.0,0.024657534246575342,2026-06-25,2.6900000000000004,2.68,2.7,2.59,205.0,0.09967941345214844,753.489990234375,0.03634999752044678,0.0075010266
SPY,call,760.0,0.024657534246575342,2026-06-25,2.245,2.23,2.26,2.32,96.0,0.09671923797607423,753.489990234375,0.03634999752044678,0.0075010266
SPY,call,761.0,0.024657534246575342,2026-06-25,2.04,2.03,2.05,1.93,70.0,0.09839768798828125,753.489990234375,0.03634999752044678,0.0075010266
SPY,call,762.0,0.024657534246575342,2026-06-25,1.71,1.7,1.72,1.78,513.0,0.09650561706542969,753.489990234375,0.03634999752044678,0.0075010266
SPY,call,763.0,0.024657534246575342,2026-06-25,1.52,1.51,1.53,1.82,15.0,0.09748216979980469,753.489990234375,0.03634999752044678,0.0075010266
SPY,call,765.0,0.024657534246575342,2026-06-25,1.11,1.1,1.12,1.41,48.0,0.09674975524902345,753.489990234375,0.03634999752044678,0.0075010266
SPY,call,768.0,0.024657534246575342,2026-06-25,0.6799999999999999,0.67,0.69,0.88,22.0,0.09650561706542969,753.489990234375,0.03634999752044678,0.0075010266
SPY,call,769.0,0.024657534246575342,2026-06-25,0.56,0.55,0.57,0.82,11.0,0.09589527160644533,753.489990234375,0.03634999752044678,0.0075010266
SPY,call,770.0,0.024657534246575342,2026-06-25,0.475,0.47,0.48,0.52,34.0,0.09595630615234377,753.489990234375,0.03634999752044678,0.0075010266
SPY,call,772.0,0.024657534246575342,2026-06-25,0.325,0.32,0.33,0.56,364.0,0.09571216796875001,753.489990234375,0.03634999752044678,0.0075010266
SPY,call,773.0,0.024657534246575342,2026-06-25,0.28500000000000003,0.28,0.29,0.32,82.0,0.09693285888671876,753.489990234375,0.03634999752044678,0.0075010266
SPY,call,775.0,0.024657534246575342,2026-06-25,0.195,0.19,0.2,0.19,55.0,0.09729906616210937,753.489990234375,0.03634999752044678,0.0075010266
SPY,call,785.0,0.024657534246575342,2026-06-25,0.065,0.06,0.07,0.07,51.0,0.11231356445312499,753.489990234375,0.03634999752044678,0.0075010266
SPY,call,795.0,0.024657534246575342,2026-06-25,0.045,0.04,0.05,0.04,32.0,0.13575083007812502,753.489990234375,0.03634999752044678,0.0075010266
SPY,call,800.0,0.024657534246575342,2026-06-25,0.035,0.03,0.04,0.03,18.0,0.145516357421875,753.489990234375,0.03634999752044678,0.0075010266
SPY,call,805.0,0.024657534246575342,2026-06-25,0.035,0.03,0.04,0.04,79.0,0.159188095703125,753.489990234375,0.03634999752044678,0.0075010266
SPY,put,580.0,0.024657534246575342,2026-06-25,0.025,0.02,0.03,0.03,20.0,0.5312546875,753.489990234375,0.03634999752044678,0.0075010266
SPY,put,600.0,0.024657534246575342,2026-06-25,0.035,0.03,0.04,0.04,20.0,0.49023947265625006,753.489990234375,0.03634999752044678,0.0075010266
SPY,put,660.0,0.024657534246575342,2026-06-25,0.11499999999999999,0.11,0.12,0.13,22.0,0.33887379882812496,753.489990234375,0.03634999752044678,0.0075010266
SPY,put,665.0,0.024657534246575342,2026-06-25,0.135,0.13,0.14,0.15,11.0,0.32813171874999997,753.489990234375,0.03634999752044678,0.0075010266
SPY,put,685.0,0.024657534246575342,2026-06-25,0.20500000000000002,0.2,0.21,0.19,10.0,0.2739330419921875,753.489990234375,0.03634999752044678,0.0075010266
SPY,put,695.0,0.024657534246575342,2026-06-25,0.255,0.25,0.26,0.27,26.0,0.24585715087890625,753.489990234375,0.03634999752044678,0.0075010266
SPY,put,700.0,0.024657534246575342,2026-06-25,0.315,0.31,0.32,0.33,99.0,0.23535920898437498,753.489990234375,0.03634999752044678,0.0075010266
SPY,put,702.0,0.024657534246575342,2026-06-25,0.335,0.33,0.34,0.3,10.0,0.2299881689453125,753.489990234375,0.03634999752044678,0.0075010266
SPY,put,704.0,0.024657534246575342,2026-06-25,0.365,0.36,0.37,0.36,25.0,0.225593681640625,753.489990234375,0.03634999752044678,0.0075010266
SPY,put,705.0,0.024657534246575342,2026-06-25,0.375,0.37,0.38,0.32,11.0,0.22278609252929685,753.489990234375,0.03634999752044678,0.0075010266
SPY,put,710.0,0.024657534246575342,2026-06-25,0.475,0.47,0.48,0.41,10.0,0.2124102197265625,753.489990234375,0.03634999752044678,0.0075010266
SPY,put,711.0,0.024657534246575342,2026-06-25,0.475,0.47,0.48,0.58,81.0,0.2082598706054687,753.489990234375,0.03634999752044678,0.0075010266
SPY,put,714.0,0.024657534246575342,2026-06-25,0.565,0.56,0.57,0.59,17.0,0.2030108996582031,753.489990234375,0.03634999752044678,0.0075010266
SPY,put,716.0,0.024657534246575342,2026-06-25,0.625,0.62,0.63,0.56,155.0,0.19886055053710935,753.489990234375,0.03634999752044678,0.0075010266
SPY,put,718.0,0.024657534246575342,2026-06-25,0.705,0.7,0.71,0.62,27.0,0.19544261596679688,753.489990234375,0.03634999752044678,0.0075010266
SPY,put,720.0,0.024657534246575342,2026-06-25,0.75,0.74,0.76,0.72,26.0,0.1895832995605469,753.489990234375,0.03634999752044678,0.0075010266
SPY,put,722.0,0.024657534246575342,2026-06-25,0.845,0.84,0.85,0.81,154.0,0.18561605407714843,753.489990234375,0.03634999752044678,0.0075010266
SPY,put,724.0,0.024657534246575342,2026-06-25,0.975,0.97,0.98,0.82,65.0,0.1829915686035156,753.489990234375,0.03634999752044678,0.0075010266
SPY,put,725.0,0.024657534246575342,2026-06-25,0.99,0.98,1.0,1.03,253.0,0.17920742675781248,753.489990234375,0.03634999752044678,0.0075010266
SPY,put,726.0,0.024657534246575342,2026-06-25,1.0750000000000002,1.07,1.08,1.12,154.0,0.17816983947753906,753.489990234375,0.03634999752044678,0.0075010266
SPY,put,727.0,0.024657534246575342,2026-06-25,1.12,1.11,1.13,1.09,58.0,0.17554535400390625,753.489990234375,0.03634999752044678,0.0075010266
SPY,put,728.0,0.024657534246575342,2026-06-25,1.22,1.21,1.23,1.19,82.0,0.17487397399902344,753.489990234375,0.03634999752044678,0.0075010266
SPY,put,729.0,0.024657534246575342,2026-06-25,1.315,1.31,1.32,1.24,22.0,0.17347017944335938,753.489990234375,0.03634999752044678,0.0075010266
SPY,put,730.0,0.024657534246575342,2026-06-25,1.36,1.35,1.37,1.43,111.0,0.17035741760253909,753.489990234375,0.03634999752044678,0.0075010266
SPY,put,731.0,0.024657534246575342,2026-06-25,1.495,1.49,1.5,1.23,25.0,0.1700522448730469,753.489990234375,0.03634999752044678,0.0075010266
SPY,put,732.0,0.024657534246575342,2026-06-25,1.52,1.51,1.53,1.53,19.0,0.16584086120605473,753.489990234375,0.03634999752044678,0.0075010266
SPY,put,733.0,0.024657534246575342,2026-06-25,1.62,1.61,1.63,1.4,32.0,0.16394879028320314,753.489990234375,0.03634999752044678,0.0075010266
SPY,put,734.0,0.024657534246575342,2026-06-25,1.82,1.81,1.83,1.83,171.0,0.16510844665527347,753.489990234375,0.03634999752044678,0.0075010266
SPY,put,735.0,0.024657534246575342,2026-06-25,1.9,1.89,1.91,1.9,37.0,0.16205671936035154,753.489990234375,0.03634999752044678,0.0075010266
SPY,put,736.0,0.024657534246575342,2026-06-25,2.0199999999999996,2.01,2.03,2.12,83.0,0.16004257934570312,753.489990234375,0.03634999752044678,0.0075010266
SPY,put,740.0,0.024657534246575342,2026-06-25,2.665,2.65,2.68,2.65,230.0,0.15403067657470704,753.489990234375,0.03634999752044678,0.0075010266
SPY,put,741.0,0.024657534246575342,2026-06-25,2.8899999999999997,2.88,2.9,2.28,29.0,0.15320671020507814,753.489990234375,0.03634999752044678,0.0075010266
SPY,put,743.0,0.024657534246575342,2026-06-25,3.2199999999999998,3.21,3.23,3.32,42.0,0.14795773925781253,753.489990234375,0.03634999752044678,0.0075010266
SPY,put,744.0,0.024657534246575342,2026-06-25,3.395,3.38,3.41,3.42,122.0,0.1452111846923828,753.489990234375,0.03634999752044678,0.0075010266
SPY,put,745.0,0.024657534246575342,2026-06-25,3.715,3.7,3.73,3.87,169.0,0.14539428833007811,753.489990234375,0.03634999752044678,0.0075010266
SPY,put,746.0,0.024657534246575342,2026-06-25,3.93,3.91,3.95,3.97,232.0,0.1428918719482422,753.489990234375,0.03634999752044678,0.0075010266
SPY,put,750.0,0.024657534246575342,2026-06-25,5.390000000000001,5.37,5.41,5.5,191.0,0.14136600830078128,753.489990234375,0.03634999752044678,0.0075010266
SPY,put,751.0,0.024657534246575342,2026-06-25,5.74,5.72,5.76,5.98,192.0,0.13959600646972659,753.489990234375,0.03634999752044678,0.0075010266
SPY,put,752.0,0.024657534246575342,2026-06-25,6.265000000000001,6.25,6.28,6.23,169.0,0.14084721466064454,753.489990234375,0.03634999752044678,0.0075010266
SPY,put,754.0,0.024657534246575342,2026-06-25,7.24,7.17,7.31,7.25,391.0,0.14170169830322266,753.489990234375,0.03634999752044678,0.0075010266
SPY,put,755.0,0.024657534246575342,2026-06-25,7.52,7.44,7.6,7.75,221.0,0.13691048645019532,753.489990234375,0.03634999752044678,0.0075010266
SPY,put,760.0,0.024657534246575342,2026-06-25,10.665,10.47,10.86,9.02,12.0,0.14286135467529298,753.489990234375,0.03634999752044678,0.0075010266
SPY,call,595.0,0.0273972602739726,2026-06-26,157.785,156.15,159.42,146.05,15.0,0.7172879833984375,753.489990234375,0.03634999752044678,0.0075010266
SPY,call,645.0,0.0273972602739726,2026-06-26,107.725,106.1,109.35,107.74,20.0,0.4974415490722657,753.489990234375,0.03634999752044678,0.0075010266
SPY,call,650.0,0.0273972602739726,2026-06-26,102.72,101.07,104.37,105.79,70.0,0.47876497802734375,753.489990234375,0.03634999752044678,0.0075010266
SPY,call,655.0,0.0273972602739726,2026-06-26,97.86,96.22,99.5,100.8,50.0,0.47022014160156256,753.489990234375,0.03634999752044678,0.0075010266
SPY,call,660.0,0.0273972602739726,2026-06-26,92.72999999999999,91.1,94.36,95.79,50.0,0.436529072265625,753.489990234375,0.03634999752044678,0.0075010266
SPY,call,665.0,0.0273972602739726,2026-06-26,87.65,86.1,89.2,88.46,20.0,0.40051869018554687,753.489990234375,0.03634999752044678,0.0075010266
SPY,call,705.0,0.0273972602739726,2026-06-26,48.075,46.66,49.49,48.93,10.0,0.2585523364257813,753.489990234375,0.03634999752044678,0.0075010266
SPY,call,709.0,0.0273972602739726,2026-06-26,43.885000000000005,42.32,45.45,46.31,19.0,0.23902128173828124,753.489990234375,0.03634999752044678,0.0075010266
SPY,call,710.0,0.0273972602739726,2026-06-26,43.005,41.27,44.74,44.65,12.0,0.25025163818359375,753.489990234375,0.03634999752044678,0.0075010266
SPY,call,711.0,0.0273972602739726,2026-06-26,42.035,40.41,43.66,44.14,17.0,0.2417068017578125,753.489990234375,0.03634999752044678,0.0075010266
SPY,call,712.0,0.0273972602739726,2026-06-26,40.91,39.31,42.51,43.11,12.0,0.22937782348632813,753.489990234375,0.03634999752044678,0.0075010266
SPY,call,713.0,0.0273972602739726,2026-06-26,39.885000000000005,38.32,41.45,42.53,45.0,0.22180953979492185,753.489990234375,0.03634999752044678,0.0075010266
SPY,call,715.0,0.0273972602739726,2026-06-26,38.019999999999996,36.41,39.63,39.23,11.0,0.22235885070800776,753.489990234375,0.03634999752044678,0.0075010266
SPY,call,716.0,0.0273972602739726,2026-06-26,37.71,36.84,38.58,39.24,31.0,0.21546194702148438,753.489990234375,0.03634999752044678,0.0075010266
SPY,call,717.0,0.0273972602739726,2026-06-26,36.745000000000005,35.82,37.67,39.88,240.0,0.2153398779296875,753.489990234375,0.03634999752044678,0.0075010266
SPY,call,718.0,0.0273972602739726,2026-06-26,35.81,34.87,36.75,36.43,77.0,0.21448539428710936,753.489990234375,0.03634999752044678,0.0075010266
SPY,call,719.0,0.0273972602739726,2026-06-26,34.05,33.82,34.28,36.32,77.0,1.0000000000000003e-05,753.489990234375,0.03634999752044678,0.0075010266
SPY,call,720.0,0.0273972602739726,2026-06-26,33.38,33.17,33.59,33.02,204.0,0.12378805908203125,753.489990234375,0.03634999752044678,0.0075010266
SPY,call,722.0,0.0273972602739726,2026-06-26,30.415,29.48,31.35,31.86,15.0,1.0000000000000003e-05,753.489990234375,0.03634999752044678,0.0075010266
SPY,call,723.0,0.0273972602739726,2026-06-26,29.59,28.77,30.41,30.37,112.0,1.0000000000000003e-05,753.489990234375,0.03634999752044678,0.0075010266
SPY,call,724.0,0.0273972602739726,2026-06-26,29.37,29.12,29.62,29.94,25.0,0.11524322265625,753.489990234375,0.03634999752044678,0.0075010266
SPY,call,725.0,0.0273972602739726,2026-06-26,28.57,28.38,28.76,28.97,288.0,0.12720599365234375,753.489990234375,0.03634999752044678,0.0075010266
SPY,call,726.0,0.0273972602739726,2026-06-26,27.36,27.16,27.56,28.02,24.0,0.098641826171875,753.489990234375,0.03634999752044678,0.0075010266
SPY,call,727.0,0.0273972602739726,2026-06-26,26.68,26.49,26.87,27.11,33.0,0.12842668457031248,753.489990234375,0.03634999752044678,0.0075010266
SPY,call,728.0,0.0273972602739726,2026-06-26,25.615000000000002,25.32,25.91,26.16,20.0,0.12708392456054687,753.489990234375,0.03634999752044678,0.0075010266
SPY,call,729.0,0.0273972602739726,2026-06-26,24.625,24.41,24.84,25.2,20.0,0.11841701904296875,753.489990234375,0.03634999752044678,0.0075010266
SPY,call,730.0,0.0273972602739726,2026-06-26,23.91,23.73,24.09,23.39,333.0,0.1294032373046875,753.489990234375,0.03634999752044678,0.0075010266
SPY,call,733.0,0.0273972602739726,2026-06-26,20.990000000000002,20.77,21.21,21.93,2092.0,0.12220116088867189,753.489990234375,0.03634999752044678,0.0075010266
SPY,call,734.0,0.0273972602739726,2026-06-26,20.18,19.9,20.46,23.19,1203.0,0.12806047729492187,753.489990234375,0.03634999752044678,0.0075010266
SPY,call,735.0,0.0273972602739726,2026-06-26,19.075,18.91,19.24,21.18,916.0,0.11451080810546876,753.489990234375,0.03634999752044678,0.0075010266
SPY,call,736.0,0.0273972602739726,2026-06-26,18.13,17.99,18.27,20.4,534.0,0.11115390808105467,753.489990234375,0.03634999752044678,0.0075010266
SPY,call,740.0,0.0273972602739726,2026-06-26,15.08,14.94,15.22,15.4,62.0,0.12195702270507813,753.489990234375,0.03634999752044678,0.0075010266
SPY,call,741.0,0.0273972602739726,2026-06-26,14.085,13.96,14.21,15.8,90.0,0.11609770629882812,753.489990234375,0.03634999752044678,0.0075010266
SPY,call,744.0,0.0273972602739726,2026-06-26,11.719999999999999,11.65,11.79,12.8,20.0,0.11304597900390626,753.489990234375,0.03634999752044678,0.0075010266
SPY,call,745.0,0.0273972602739726,2026-06-26,11.065,10.93,11.2,11.5,22.0,0.11612822357177735,753.489990234375,0.03634999752044678,0.0075010266
SPY,call,747.0,0.0273972602739726,2026-06-26,9.675,9.49,9.86,9.67,27.0,0.11683012084960936,753.489990234375,0.03634999752044678,0.0075010266
SPY,call,748.0,0.0273972602739726,2026-06-26,8.94,8.85,9.03,8.92,24.0,0.1131070135498047,753.489990234375,0.03634999752044678,0.0075010266
SPY,call,749.0,0.0273972602739726,2026-06-26,8.295,8.22,8.37,9.45,26.0,0.11246615081787109,753.489990234375,0.03634999752044678,0.0075010266
SPY,call,750.0,0.0273972602739726,2026-06-26,7.665,7.63,7.7,7.69,210.0,0.11115390808105467,753.489990234375,0.03634999752044678,0.0075010266
SPY,call,751.0,0.0273972602739726,2026-06-26,7.05,7.04,7.06,7.0,35.0,0.10993321716308593,753.489990234375,0.03634999752044678,0.0075010266
SPY,call,752.0,0.0273972602739726,2026-06-26,6.3149999999999995,6.3,6.33,6.42,127.0,0.10651528259277344,753.489990234375,0.03634999752044678,0.0075010266
SPY,call,753.0,0.0273972602739726,2026-06-26,5.835,5.82,5.85,5.84,632.0,0.10736976623535156,753.489990234375,0.03634999752044678,0.0075010266
SPY,call,754.0,0.0273972602739726,2026-06-26,5.324999999999999,5.31,5.34,5.21,547.0,0.1070951107788086,753.489990234375,0.03634999752044678,0.0075010266
SPY,call,755.0,0.0273972602739726,2026-06-26,4.8149999999999995,4.8,4.83,4.8,5288.0,0.10627114440917969,753.489990234375,0.03634999752044678,0.0075010266
SPY,call,756.0,0.0273972602739726,2026-06-26,4.29,4.28,4.3,4.3,989.0,0.10450114257812498,753.489990234375,0.03634999752044678,0.0075010266
SPY,call,757.0,0.0273972602739726,2026-06-26,3.965,3.95,3.98,3.93,139.0,0.10627114440917969,753.489990234375,0.03634999752044678,0.0075010266
SPY,call,758.0,0.0273972602739726,2026-06-26,3.535,3.52,3.55,3.42,320.0,0.1053251089477539,753.489990234375,0.03634999752044678,0.0075010266
SPY,call,759.0,0.0273972602739726,2026-06-26,3.05,3.04,3.06,3.09,163.0,0.10254803710937499,753.489990234375,0.03634999752044678,0.0075010266
SPY,call,760.0,0.0273972602739726,2026-06-26,2.7199999999999998,2.71,2.73,2.72,1144.0,0.10242596801757811,753.489990234375,0.03634999752044678,0.0075010266
SPY,call,761.0,0.0273972602739726,2026-06-26,2.45,2.44,2.46,2.39,236.0,0.10303631347656249,753.489990234375,0.03634999752044678,0.0075010266
SPY,call,762.0,0.0273972602739726,2026-06-26,2.065,2.05,2.08,2.11,29.0,0.100594931640625,753.489990234375,0.03634999752044678,0.0075010266
SPY,call,763.0,0.0273972602739726,2026-06-26,1.89,1.88,1.9,1.94,194.0,0.10218182983398436,753.489990234375,0.03634999752044678,0.0075010266
SPY,call,764.0,0.0273972602739726,2026-06-26,1.61,1.6,1.62,1.58,35.0,0.10077803527832031,753.489990234375,0.03634999752044678,0.0075010266
SPY,call,765.0,0.0273972602739726,2026-06-26,1.41,1.4,1.42,1.37,821.0,0.10083906982421875,753.489990234375,0.03634999752044678,0.0075010266
SPY,call,766.0,0.0273972602739726,2026-06-26,1.18,1.17,1.19,1.17,73.0,0.09937424072265624,753.489990234375,0.03634999752044678,0.0075010266
SPY,call,767.0,0.0273972602739726,2026-06-26,1.0350000000000001,1.03,1.04,1.03,139.0,0.09961837890625,753.489990234375,0.03634999752044678,0.0075010266
SPY,call,768.0,0.0273972602739726,2026-06-26,0.88,0.87,0.89,0.96,162.0,0.09937424072265624,753.489990234375,0.03634999752044678,0.0075010266
SPY,call,769.0,0.0273972602739726,2026-06-26,0.765,0.76,0.77,0.75,72.0,0.09949630981445312,753.489990234375,0.03634999752044678,0.0075010266
SPY,call,770.0,0.0273972602739726,2026-06-26,0.625,0.62,0.63,0.63,899.0,0.09827561889648437,753.489990234375,0.03634999752044678,0.0075010266
SPY,call,771.0,0.0273972602739726,2026-06-26,0.545,0.54,0.55,0.62,58.0,0.09888596435546876,753.489990234375,0.03634999752044678,0.0075010266
SPY,call,772.0,0.0273972602739726,2026-06-26,0.45999999999999996,0.45,0.47,0.45,85.0,0.0991301025390625,753.489990234375,0.03634999752044678,0.0075010266
SPY,call,773.0,0.0273972602739726,2026-06-26,0.395,0.39,0.4,0.44,18.0,0.09925217163085936,753.489990234375,0.03634999752044678,0.0075010266
SPY,call,775.0,0.0273972602739726,2026-06-26,0.295,0.29,0.3,0.3,489.0,0.10047286254882812,753.489990234375,0.03634999752044678,0.0075010266
SPY,call,776.0,0.0273972602739726,2026-06-26,0.245,0.24,0.25,0.27,92.0,0.10035079345703124,753.489990234375,0.03634999752044678,0.0075010266
SPY,call,778.0,0.0273972602739726,2026-06-26,0.195,0.19,0.2,0.22,53.0,0.10303631347656249,753.489990234375,0.03634999752044678,0.0075010266
SPY,call,779.0,0.0273972602739726,2026-06-26,0.165,0.16,0.17,0.26,341.0,0.10328045166015623,753.489990234375,0.03634999752044678,0.0075010266
SPY,call,780.0,0.0273972602739726,2026-06-26,0.14500000000000002,0.14,0.15,0.15,146.0,0.10425700439453123,753.489990234375,0.03634999752044678,0.0075010266
SPY,call,781.0,0.0273972602739726,2026-06-26,0.135,0.13,0.14,0.15,10.0,0.10621010986328125,753.489990234375,0.03634999752044678,0.0075010266
SPY,call,782.0,0.0273972602739726,2026-06-26,0.11499999999999999,0.11,0.12,0.17,42.0,0.1069425244140625,753.489990234375,0.03634999752044678,0.0075010266
SPY,call,784.0,0.0273972602739726,2026-06-26,0.095,0.09,0.1,0.13,715.0,0.1098721826171875,753.489990234375,0.03634999752044678,0.0075010266
SPY,call,785.0,0.0273972602739726,2026-06-26,0.08499999999999999,0.08,0.09,0.09,444.0,0.11109287353515623,753.489990234375,0.03634999752044678,0.0075010266
SPY,call,786.0,0.0273972602739726,2026-06-26,0.08499999999999999,0.08,0.09,0.08,23.0,0.11402253173828125,753.489990234375,0.03634999752044678,0.0075010266
SPY,call,787.0,0.0273972602739726,2026-06-26,0.07500000000000001,0.07,0.08,0.13,26.0,0.11524322265625,753.489990234375,0.03634999752044678,0.0075010266
SPY,call,788.0,0.0273972602739726,2026-06-26,0.07500000000000001,0.07,0.08,0.15,132.0,0.11792874267578124,753.489990234375,0.03634999752044678,0.0075010266
SPY,call,789.0,0.0273972602739726,2026-06-26,0.065,0.06,0.07,0.07,41.0,0.1186611572265625,753.489990234375,0.03634999752044678,0.0075010266
SPY,call,790.0,0.0273972602739726,2026-06-26,0.065,0.06,0.07,0.07,16.0,0.1215908154296875,753.489990234375,0.03634999752044678,0.0075010266
SPY,call,792.0,0.0273972602739726,2026-06-26,0.055,0.05,0.06,0.06,505.0,0.1245204736328125,753.489990234375,0.03634999752044678,0.0075010266
SPY,call,794.0,0.0273972602739726,2026-06-26,0.055,0.05,0.06,0.11,21.0,0.129891513671875,753.489990234375,0.03634999752044678,0.0075010266
SPY,call,795.0,0.0273972602739726,2026-06-26,0.055,0.05,0.06,0.06,107.0,0.132821171875,753.489990234375,0.03634999752044678,0.0075010266
SPY,call,796.0,0.0273972602739726,2026-06-26,0.055,0.05,0.06,0.07,47.0,0.13526255371093754,753.489990234375,0.03634999752044678,0.0075010266
SPY,call,799.0,0.0273972602739726,2026-06-26,0.045,0.04,0.05,0.05,25.0,0.1401453173828125,753.489990234375,0.03634999752044678,0.0075010266
SPY,call,800.0,0.0273972602739726,2026-06-26,0.045,0.04,0.05,0.04,127.0,0.14258669921875,753.489990234375,0.03634999752044678,0.0075010266
SPY,call,805.0,0.0273972602739726,2026-06-26,0.04,0.03,0.05,0.06,90.0,0.1557701611328125,753.489990234375,0.03634999752044678,0.0075010266
SPY,call,815.0,0.0273972602739726,2026-06-26,0.035,0.03,0.04,0.03,38.0,0.176766044921875,753.489990234375,0.03634999752044678,0.0075010266
SPY,call,820.0,0.0273972602739726,2026-06-26,0.025,0.02,0.03,0.03,19.0,0.18360191406249998,753.489990234375,0.03634999752044678,0.0075010266
SPY,call,830.0,0.0273972602739726,2026-06-26,0.025,0.02,0.03,0.03,49.0,0.20606262695312497,753.489990234375,0.03634999752044678,0.0075010266
SPY,call,835.0,0.0273972602739726,2026-06-26,0.025,0.02,0.03,0.03,1809.0,0.21778125976562498,753.489990234375,0.03634999752044678,0.0075010266
SPY,call,845.0,0.0273972602739726,2026-06-26,0.025,0.02,0.03,0.03,1991.0,0.24024197265624997,753.489990234375,0.03634999752044678,0.0075010266
SPY,call,850.0,0.0273972602739726,2026-06-26,0.015,0.01,0.02,0.01,51.0,0.242195078125,753.489990234375,0.03634999752044678,0.0075010266
SPY,call,855.0,0.0273972602739726,2026-06-26,0.015,0.01,0.02,0.01,50.0,0.25196060546875,753.489990234375,0.03634999752044678,0.0075010266
SPY,call,880.0,0.0273972602739726,2026-06-26,0.015,0.01,0.02,0.01,251.0,0.304694453125,753.489990234375,0.03634999752044678,0.0075010266
SPY,call,885.0,0.0273972602739726,2026-06-26,0.015,0.01,0.02,0.02,310.0,0.31250687499999996,753.489990234375,0.03634999752044678,0.0075010266
SPY,call,890.0,0.0273972602739726,2026-06-26,0.015,0.01,0.02,0.02,736.0,0.3242255078124999,753.489990234375,0.03634999752044678,0.0075010266
SPY,call,895.0,0.0273972602739726,2026-06-26,0.015,0.01,0.02,0.02,4598.0,0.3320379296875,753.489990234375,0.03634999752044678,0.0075010266
SPY,call,900.0,0.0273972602739726,2026-06-26,0.015,0.01,0.02,0.01,46.0,0.3437565625,753.489990234375,0.03634999752044678,0.0075010266
SPY,put,480.0,0.0273972602739726,2026-06-26,0.015,0.01,0.02,0.05,44.0,0.8125018749999999,753.489990234375,0.03634999752044678,0.0075010266
SPY,put,485.0,0.0273972602739726,2026-06-26,0.015,0.01,0.02,0.04,21.0,0.789064609375,753.489990234375,0.03634999752044678,0.0075010266
SPY,put,490.0,0.0273972602739726,2026-06-26,0.015,0.01,0.02,0.02,22.0,0.773439765625,753.489990234375,0.03634999752044678,0.0075010266
SPY,put,495.0,0.0273972602739726,2026-06-26,0.015,0.01,0.02,0.05,21.0,0.7578149218750001,753.489990234375,0.03634999752044678,0.0075010266
SPY,put,500.0,0.0273972602739726,2026-06-26,0.015,0.01,0.02,0.02,14.0,0.7421900781249999,753.489990234375,0.03634999752044678,0.0075010266
SPY,put,505.0,0.0273972602739726,2026-06-26,0.015,0.01,0.02,0.06,10.0,0.726565234375,753.489990234375,0.03634999752044678,0.0075010266
SPY,put,530.0,0.0273972602739726,2026-06-26,0.015,0.01,0.02,0.03,13.0,0.64062859375,753.489990234375,0.03634999752044678,0.0075010266
SPY,put,535.0,0.0273972602739726,2026-06-26,0.015,0.01,0.02,0.03,170.0,0.6250037500000001,753.489990234375,0.03634999752044678,0.0075010266
SPY,put,540.0,0.0273972602739726,2026-06-26,0.025,0.02,0.03,0.02,143.0,0.6367223828125,753.489990234375,0.03634999752044678,0.0075010266
SPY,put,545.0,0.0273972602739726,2026-06-26,0.025,0.02,0.03,0.03,15.0,0.6171913281250001,753.489990234375,0.03634999752044678,0.0075010266
SPY,put,550.0,0.0273972602739726,2026-06-26,0.025,0.02,0.03,0.03,62.0,0.6015664843750002,753.489990234375,0.03634999752044678,0.0075010266
SPY,put,555.0,0.0273972602739726,2026-06-26,0.025,0.02,0.03,0.03,27.0,0.585941640625,753.489990234375,0.03634999752044678,0.0075010266
SPY,put,560.0,0.0273972602739726,2026-06-26,0.025,0.02,0.03,0.03,50.0,0.570316796875,753.489990234375,0.03634999752044678,0.0075010266
SPY,put,565.0,0.0273972602739726,2026-06-26,0.025,0.02,0.03,0.04,10.0,0.5546919531250001,753.489990234375,0.03634999752044678,0.0075010266
SPY,put,570.0,0.0273972602739726,2026-06-26,0.035,0.03,0.04,0.04,17.0,0.5546919531250001,753.489990234375,0.03634999752044678,0.0075010266
SPY,put,585.0,0.0273972602739726,2026-06-26,0.035,0.03,0.04,0.05,41.0,0.507817421875,753.489990234375,0.03634999752044678,0.0075010266
SPY,put,590.0,0.0273972602739726,2026-06-26,0.045,0.04,0.05,0.06,56.0,0.5039112109375,753.489990234375,0.03634999752044678,0.0075010266
SPY,put,600.0,0.0273972602739726,2026-06-26,0.045,0.04,0.05,0.05,25.0,0.476567734375,753.489990234375,0.03634999752044678,0.0075010266
SPY,put,605.0,0.0273972602739726,2026-06-26,0.055,0.05,0.06,0.06,83.0,0.46973186523437505,753.489990234375,0.03634999752044678,0.0075010266
SPY,put,610.0,0.0273972602739726,2026-06-26,0.055,0.05,0.06,0.08,83.0,0.45313046875,753.489990234375,0.03634999752044678,0.0075010266
SPY,put,615.0,0.0273972602739726,2026-06-26,0.065,0.06,0.07,0.08,14.0,0.445318046875,753.489990234375,0.03634999752044678,0.0075010266
SPY,put,625.0,0.0273972602739726,2026-06-26,0.07500000000000001,0.07,0.08,0.09,72.0,0.418951123046875,753.489990234375,0.03634999752044678,0.0075010266
SPY,put,630.0,0.0273972602739726,2026-06-26,0.07500000000000001,0.07,0.08,0.09,30.0,0.4023497265625,753.489990234375,0.03634999752044678,0.0075010266
SPY,put,635.0,0.0273972602739726,2026-06-26,0.08499999999999999,0.08,0.09,0.1,39.0,0.39160764648437496,753.489990234375,0.03634999752044678,0.0075010266
SPY,put,640.0,0.0273972602739726,2026-06-26,0.095,0.09,0.1,0.09,22.0,0.3803772900390625,753.489990234375,0.03634999752044678,0.0075010266
SPY,put,645.0,0.0273972602739726,2026-06-26,0.10500000000000001,0.1,0.11,0.11,45.0,0.36817038085937503,753.489990234375,0.03634999752044678,0.0075010266
SPY,put,650.0,0.0273972602739726,2026-06-26,0.11499999999999999,0.11,0.12,0.11,42.0,0.35547519531249994,753.489990234375,0.03634999752044678,0.0075010266
SPY,put,655.0,0.0273972602739726,2026-06-26,0.125,0.12,0.13,0.17,164.0,0.34278000976562495,753.489990234375,0.03634999752044678,0.0075010266
SPY,put,660.0,0.0273972602739726,2026-06-26,0.135,0.13,0.14,0.13,128.0,0.32910827148437494,753.489990234375,0.03634999752044678,0.0075010266
SPY,put,675.0,0.0273972602739726,2026-06-26,0.185,0.18,0.19,0.18,37.0,0.2915109912109374,753.489990234375,0.03634999752044678,0.0075010266
SPY,put,680.0,0.0273972602739726,2026-06-26,0.215,0.21,0.22,0.19,18.0,0.2802806347656249,753.489990234375,0.03634999752044678,0.0075010266
SPY,put,690.0,0.0273972602739726,2026-06-26,0.265,0.26,0.27,0.27,49.0,0.2536695727539063,753.489990234375,0.03634999752044678,0.0075010266
SPY,put,695.0,0.0273972602739726,2026-06-26,0.305,0.3,0.31,0.28,29.0,0.241218525390625,753.489990234375,0.03634999752044678,0.0075010266
SPY,put,700.0,0.0273972602739726,2026-06-26,0.375,0.37,0.38,0.37,101.0,0.2310867907714844,753.489990234375,0.03634999752044678,0.0075010266
SPY,put,701.0,0.0273972602739726,2026-06-26,0.385,0.38,0.39,0.34,13.0,0.22840127075195313,753.489990234375,0.03634999752044678,0.0075010266
SPY,put,703.0,0.0273972602739726,2026-06-26,0.415,0.41,0.42,0.43,39.0,0.2238847143554687,753.489990234375,0.03634999752044678,0.0075010266
SPY,put,704.0,0.0273972602739726,2026-06-26,0.445,0.44,0.45,0.43,5157.0,0.22290816162109373,753.489990234375,0.03634999752044678,0.0075010266
SPY,put,705.0,0.0273972602739726,2026-06-26,0.46499999999999997,0.46,0.47,0.43,16.0,0.22095505615234373,753.489990234375,0.03634999752044678,0.0075010266
SPY,put,707.0,0.0273972602739726,2026-06-26,0.495,0.49,0.5,0.42,20.0,0.215828154296875,753.489990234375,0.03634999752044678,0.0075010266
SPY,put,710.0,0.0273972602739726,2026-06-26,0.555,0.55,0.56,0.55,320.0,0.2087481469726562,753.489990234375,0.03634999752044678,0.0075010266
SPY,put,712.0,0.0273972602739726,2026-06-26,0.615,0.61,0.62,0.57,47.0,0.20508607421874997,753.489990234375,0.03634999752044678,0.0075010266
SPY,put,714.0,0.0273972602739726,2026-06-26,0.655,0.65,0.66,0.55,46.0,0.1997150341796875,753.489990234375,0.03634999752044678,0.0075010266
SPY,put,715.0,0.0273972602739726,2026-06-26,0.72,0.71,0.73,0.73,1066.0,0.2000812414550781,753.489990234375,0.03634999752044678,0.0075010266
SPY,put,716.0,0.0273972602739726,2026-06-26,0.725,0.72,0.73,0.67,24.0,0.1958088232421875,753.489990234375,0.03634999752044678,0.0075010266
SPY,put,717.0,0.0273972602739726,2026-06-26,0.77,0.76,0.78,0.76,636.0,0.19458813232421873,753.489990234375,0.03634999752044678,0.0075010266
SPY,put,718.0,0.0273972602739726,2026-06-26,0.815,0.81,0.82,0.83,30.0,0.19263502685546874,753.489990234375,0.03634999752044678,0.0075010266
SPY,put,719.0,0.0273972602739726,2026-06-26,0.85,0.84,0.86,0.7,28.0,0.1905598522949219,753.489990234375,0.03634999752044678,0.0075010266
SPY,put,720.0,0.0273972602739726,2026-06-26,0.905,0.9,0.91,0.92,137.0,0.1887898504638672,753.489990234375,0.03634999752044678,0.0075010266
SPY,put,721.0,0.0273972602739726,2026-06-26,0.955,0.95,0.96,0.96,50.0,0.18689777954101564,753.489990234375,0.03634999752044678,0.0075010266
SPY,put,722.0,0.0273972602739726,2026-06-26,1.01,1.0,1.02,1.03,351.0,0.18531088134765622,753.489990234375,0.03634999752044678,0.0075010266
SPY,put,723.0,0.0273972602739726,2026-06-26,1.065,1.06,1.07,1.1,219.0,0.18311363769531247,753.489990234375,0.03634999752044678,0.0075010266
SPY,put,724.0,0.0273972602739726,2026-06-26,1.1,1.09,1.11,0.92,239.0,0.1803670831298828,753.489990234375,0.03634999752044678,0.0075010266
SPY,put,725.0,0.0273972602739726,2026-06-26,1.19,1.18,1.2,1.18,286.0,0.17963466857910154,753.489990234375,0.03634999752044678,0.0075010266
SPY,put,726.0,0.0273972602739726,2026-06-26,1.24,1.23,1.25,1.29,17.0,0.17701018310546873,753.489990234375,0.03634999752044678,0.0075010266
SPY,put,727.0,0.0273972602739726,2026-06-26,1.335,1.33,1.34,1.35,124.0,0.1757894921875,753.489990234375,0.03634999752044678,0.0075010266
SPY,put,728.0,0.0273972602739726,2026-06-26,1.43,1.42,1.44,1.44,236.0,0.174812939453125,753.489990234375,0.03634999752044678,0.0075010266
SPY,put,729.0,0.0273972602739726,2026-06-26,1.4849999999999999,1.48,1.49,1.34,122.0,0.17170017761230472,753.489990234375,0.03634999752044678,0.0075010266
SPY,put,730.0,0.0273972602739726,2026-06-26,1.63,1.62,1.64,1.63,1698.0,0.17194431579589847,753.489990234375,0.03634999752044678,0.0075010266
SPY,put,731.0,0.0273972602739726,2026-06-26,1.69,1.68,1.7,1.68,29.0,0.1688925885009766,753.489990234375,0.03634999752044678,0.0075010266
SPY,put,732.0,0.0273972602739726,2026-06-26,1.83,1.82,1.84,1.77,297.0,0.16828224304199224,753.489990234375,0.03634999752044678,0.0075010266
SPY,put,733.0,0.0273972602739726,2026-06-26,1.92,1.91,1.93,1.96,374.0,0.16584086120605473,753.489990234375,0.03634999752044678,0.0075010266
SPY,put,734.0,0.0273972602739726,2026-06-26,2.04,2.03,2.05,2.06,155.0,0.16407085937500002,753.489990234375,0.03634999752044678,0.0075010266
SPY,put,735.0,0.0273972602739726,2026-06-26,2.16,2.15,2.17,2.13,424.0,0.16211775390625,753.489990234375,0.03634999752044678,0.0075010266
SPY,put,736.0,0.0273972602739726,2026-06-26,2.285,2.27,2.3,2.11,19.0,0.16022568298339845,753.489990234375,0.03634999752044678,0.0075010266
SPY,put,737.0,0.0273972602739726,2026-06-26,2.3899999999999997,2.38,2.4,2.1,29.0,0.1572655075073242,753.489990234375,0.03634999752044678,0.0075010266
SPY,put,738.0,0.0273972602739726,2026-06-26,2.6500000000000004,2.64,2.66,2.2,423.0,0.15827257751464846,753.489990234375,0.03634999752044678,0.0075010266
SPY,put,740.0,0.0273972602739726,2026-06-26,2.96,2.95,2.97,2.9,921.0,0.1540001593017578,753.489990234375,0.03634999752044678,0.0075010266
SPY,put,741.0,0.0273972602739726,2026-06-26,3.1500000000000004,3.14,3.16,2.65,94.0,0.15229119201660157,753.489990234375,0.03634999752044678,0.0075010266
SPY,put,742.0,0.0273972602739726,2026-06-26,3.42,3.41,3.43,3.39,61.0,0.1521386056518555,753.489990234375,0.03634999752044678,0.0075010266
SPY,put,743.0,0.0273972602739726,2026-06-26,3.565,3.55,3.58,3.69,105.0,0.1489342919921875,753.489990234375,0.03634999752044678,0.0075010266
SPY,put,744.0,0.0273972602739726,2026-06-26,3.895,3.88,3.91,3.69,36.0,0.149422568359375,753.489990234375,0.03634999752044678,0.0075010266
SPY,put,745.0,0.0273972602739726,2026-06-26,4.08,4.07,4.09,4.01,268.0,0.14630980651855469,753.489990234375,0.03634999752044678,0.0075010266
SPY,put,746.0,0.0273972602739726,2026-06-26,4.29,4.28,4.3,4.29,91.0,0.143563251953125,753.489990234375,0.03634999752044678,0.0075010266
SPY,put,747.0,0.0273972602739726,2026-06-26,4.574999999999999,4.56,4.59,4.68,74.0,0.14215945739746094,753.489990234375,0.03634999752044678,0.0075010266
SPY,put,748.0,0.0273972602739726,2026-06-26,4.99,4.97,5.01,5.09,159.0,0.14301394104003906,753.489990234375,0.03634999752044678,0.0075010266
SPY,put,749.0,0.0273972602739726,2026-06-26,5.395,5.38,5.41,5.26,121.0,0.14301394104003906,753.489990234375,0.03634999752044678,0.0075010266
SPY,put,750.0,0.0273972602739726,2026-06-26,5.800000000000001,5.78,5.82,5.78,1210.0,0.14283083740234376,753.489990234375,0.03634999752044678,0.0075010266
SPY,put,751.0,0.0273972602739726,2026-06-26,6.08,6.06,6.1,6.07,182.0,0.13971807556152344,753.489990234375,0.03634999752044678,0.0075010266
SPY,put,752.0,0.0273972602739726,2026-06-26,6.395,6.38,6.41,6.54,243.0,0.13678841735839847,753.489990234375,0.03634999752044678,0.0075010266
SPY,put,753.0,0.0273972602739726,2026-06-26,7.0,6.98,7.02,6.95,336.0,0.13922979919433598,753.489990234375,0.03634999752044678,0.0075010266
SPY,put,754.0,0.0273972602739726,2026-06-26,7.35,7.33,7.37,7.44,863.0,0.13626962371826173,753.489990234375,0.03634999752044678,0.0075010266
SPY,put,755.0,0.0273972602739726,2026-06-26,7.859999999999999,7.79,7.93,7.99,1605.0,0.13691048645019532,753.489990234375,0.03634999752044678,0.0075010266
SPY,put,756.0,0.0273972602739726,2026-06-26,8.434999999999999,8.27,8.6,7.99,134.0,0.13922979919433598,753.489990234375,0.03634999752044678,0.0075010266
SPY,put,757.0,0.0273972602739726,2026-06-26,8.92,8.83,9.01,9.19,29.0,0.13611703735351563,753.489990234375,0.03634999752044678,0.0075010266
SPY,put,759.0,0.0273972602739726,2026-06-26,10.14,10.04,10.24,10.4,69.0,0.13654427917480472,753.489990234375,0.03634999752044678,0.0075010266
SPY,put,760.0,0.0273972602739726,2026-06-26,11.08,10.96,11.2,11.05,17.0,0.14313601013183597,753.489990234375,0.03634999752044678,0.0075010266
SPY,put,761.0,0.0273972602739726,2026-06-26,11.655000000000001,11.55,11.76,11.23,51.0,0.1412744564819336,753.489990234375,0.03634999752044678,0.0075010266
SPY,put,762.0,0.0273972602739726,2026-06-26,12.245000000000001,12.1,12.39,10.89,29.0,0.14038945556640625,753.489990234375,0.03634999752044678,0.0075010266
SPY,put,763.0,0.0273972602739726,2026-06-26,13.18,13.05,13.31,11.74,14.0,0.1453332537841797,753.489990234375,0.03634999752044678,0.0075010266
SPY,put,765.0,0.0273972602739726,2026-06-26,14.870000000000001,14.73,15.01,13.75,16.0,0.15155877746582033,753.489990234375,0.03634999752044678,0.0075010266
SPY,put,768.0,0.0273972602739726,2026-06-26,17.28,17.06,17.5,15.25,20.0,0.15769274932861327,753.489990234375,0.03634999752044678,0.0075010266
SPY,put,770.0,0.0273972602739726,2026-06-26,19.665,18.67,20.66,18.3,19.0,0.19687692779541016,753.489990234375,0.03634999752044678,0.0075010266
SPY,put,780.0,0.0273972602739726,2026-06-26,28.854999999999997,27.13,30.58,27.21,13.0,0.2512892254638671,753.489990234375,0.03634999752044678,0.0075010266
SPY,call,460.0,0.038356164383561646,2026-06-30,292.82500000000005,291.18,294.47,275.47,13.0,1.175541231689453,753.489990234375,0.03634999752044678,0.0075010266
SPY,call,495.0,0.038356164383561646,2026-06-30,219.29000000000002,217.58,221.0,165.67,11.0,1.0000000000000003e-05,753.489990234375,0.03634999752044678,0.0075010266
SPY,call,580.0,0.038356164383561646,2026-06-30,172.845,171.2,174.49,174.5,11.0,0.6787141503906251,753.489990234375,0.03634999752044678,0.0075010266
SPY,call,590.0,0.038356164383561646,2026-06-30,162.82999999999998,161.07,164.59,165.54,25.0,0.6512486047363282,753.489990234375,0.03634999752044678,0.0075010266
SPY,call,595.0,0.038356164383561646,2026-06-30,157.735,156.05,159.42,142.55,568.0,0.6141396008300781,753.489990234375,0.03634999752044678,0.0075010266
SPY,call,598.0,0.038356164383561646,2026-06-30,142.01,140.62,143.4,117.55,16.0,1.0000000000000003e-05,753.489990234375,0.03634999752044678,0.0075010266
SPY,call,625.0,0.038356164383561646,2026-06-30,127.735,126.06,129.41,113.62,200.0,0.503056727294922,753.489990234375,0.03634999752044678,0.0075010266
SPY,call,633.0,0.038356164383561646,2026-06-30,119.91499999999999,118.17,121.66,120.09,10.0,0.49573258178710944,753.489990234375,0.03634999752044678,0.0075010266
SPY,call,648.0,0.038356164383561646,2026-06-30,104.94,103.18,106.7,105.33,10.0,0.44312080322265623,753.489990234375,0.03634999752044678,0.0075010266
SPY,call,650.0,0.038356164383561646,2026-06-30,102.93,101.19,104.67,105.29,1000.0,0.4335994140625,753.489990234375,0.03634999752044678,0.0075010266
SPY,call,651.0,0.038356164383561646,2026-06-30,101.99000000000001,100.23,103.75,107.11,15.0,0.43555251953125,753.489990234375,0.03634999752044678,0.0075010266
SPY,call,663.0,0.038356164383561646,2026-06-30,89.78,88.08,91.48,74.44,50.0,0.3723207299804688,753.489990234375,0.03634999752044678,0.0075010266
SPY,call,686.0,0.038356164383561646,2026-06-30,66.92,65.3,68.54,69.09,12.0,0.2934640966796874,753.489990234375,0.03634999752044678,0.0075010266
SPY,call,687.0,0.038356164383561646,2026-06-30,65.98,64.37,67.59,69.49,11.0,0.29273168212890616,753.489990234375,0.03634999752044678,0.0075010266
SPY,call,689.0,0.038356164383561646,2026-06-30,63.855000000000004,62.15,65.56,67.92,11.0,0.2836985693359374,753.489990234375,0.03634999752044678,0.0075010266
SPY,call,690.0,0.038356164383561646,2026-06-30,63.120000000000005,61.51,64.73,65.18,30.0,0.2893137475585937,753.489990234375,0.03634999752044678,0.0075010266
SPY,call,698.0,0.038356164383561646,2026-06-30,54.87,53.26,56.48,57.14,145.0,0.24634542724609376,753.489990234375,0.03634999752044678,0.0075010266
SPY,call,703.0,0.038356164383561646,2026-06-30,49.989999999999995,48.29,51.69,52.14,702.0,0.2386550744628906,753.489990234375,0.03634999752044678,0.0075010266
SPY,call,704.0,0.038356164383561646,2026-06-30,49.2,47.77,50.63,48.99,108.0,0.23194127441406248,753.489990234375,0.03634999752044678,0.0075010266
SPY,call,706.0,0.038356164383561646,2026-06-30,47.135000000000005,45.38,48.89,49.12,381.0,0.23615265808105468,753.489990234375,0.03634999752044678,0.0075010266
SPY,call,707.0,0.038356164383561646,2026-06-30,46.69,45.72,47.66,46.1,24.0,0.222114712524414,753.489990234375,0.03634999752044678,0.0075010266
SPY,call,709.0,0.038356164383561646,2026-06-30,44.09,42.45,45.73,46.1,128.0,0.2176591906738281,753.489990234375,0.03634999752044678,0.0075010266
SPY,call,710.0,0.038356164383561646,2026-06-30,43.035,41.4,44.67,43.07,247.0,0.2111895288085937,753.489990234375,0.03634999752044678,0.0075010266
SPY,call,711.0,0.038356164383561646,2026-06-30,42.135,40.58,43.69,44.13,34.0,0.2082598706054687,753.489990234375,0.03634999752044678,0.0075010266
SPY,call,713.0,0.038356164383561646,2026-06-30,40.28,38.71,41.85,42.15,260.0,0.20716124877929684,753.489990234375,0.03634999752044678,0.0075010266
SPY,call,715.0,0.038356164383561646,2026-06-30,38.605000000000004,37.57,39.64,39.55,10.0,0.19080399047851562,753.489990234375,0.03634999752044678,0.0075010266
SPY,call,717.0,0.038356164383561646,2026-06-30,36.58,36.31,36.85,36.24,207.0,0.14148807739257813,753.489990234375,0.03634999752044678,0.0075010266
SPY,call,718.0,0.038356164383561646,2026-06-30,35.65,35.44,35.86,35.39,203.0,0.13892462646484377,753.489990234375,0.03634999752044678,0.0075010266
SPY,call,719.0,0.038356164383561646,2026-06-30,34.58,34.32,34.84,35.12,16.0,0.13428600097656251,753.489990234375,0.03634999752044678,0.0075010266
SPY,call,721.0,0.038356164383561646,2026-06-30,32.635000000000005,32.38,32.89,34.16,282.0,0.13111220458984374,753.489990234375,0.03634999752044678,0.0075010266
SPY,call,722.0,0.038356164383561646,2026-06-30,31.685000000000002,31.44,31.93,33.73,498.0,0.13037979003906247,753.489990234375,0.03634999752044678,0.0075010266
SPY,call,724.0,0.038356164383561646,2026-06-30,29.86,29.61,30.11,31.26,14.0,0.13337048278808594,753.489990234375,0.03634999752044678,0.0075010266
SPY,call,726.0,0.038356164383561646,2026-06-30,27.96,27.73,28.19,28.81,162.0,0.129891513671875,753.489990234375,0.03634999752044678,0.0075010266
SPY,call,727.0,0.038356164383561646,2026-06-30,27.259999999999998,27.06,27.46,28.7,73.0,0.1373377282714844,753.489990234375,0.03634999752044678,0.0075010266
SPY,call,729.0,0.038356164383561646,2026-06-30,26.08,25.13,27.03,27.0,12.0,0.17615569946289064,753.489990234375,0.03634999752044678,0.0075010266
SPY,call,733.0,0.038356164383561646,2026-06-30,21.68,21.52,21.84,22.42,689.0,0.12574116455078127,753.489990234375,0.03634999752044678,0.0075010266
SPY,call,735.0,0.038356164383561646,2026-06-30,19.93,19.78,20.08,19.93,14.0,0.12384909362792969,753.489990234375,0.03634999752044678,0.0075010266
SPY,call,736.0,0.038356164383561646,2026-06-30,19.07,18.9,19.24,20.56,34.0,0.1235439208984375,753.489990234375,0.03634999752044678,0.0075010266
SPY,call,737.0,0.038356164383561646,2026-06-30,18.185000000000002,18.02,18.35,19.73,51.0,0.12171288452148438,753.489990234375,0.03634999752044678,0.0075010266
SPY,call,738.0,0.038356164383561646,2026-06-30,17.585,17.35,17.82,19.74,69.0,0.1280909945678711,753.489990234375,0.03634999752044678,0.0075010266
SPY,call,739.0,0.038356164383561646,2026-06-30,16.575,16.43,16.72,19.54,54.0,0.12088891815185548,753.489990234375,0.03634999752044678,0.0075010266
SPY,call,740.0,0.038356164383561646,2026-06-30,15.95,15.81,16.09,16.0,80.0,0.12400167999267578,753.489990234375,0.03634999752044678,0.0075010266
SPY,call,741.0,0.038356164383561646,2026-06-30,15.14,15.02,15.26,15.73,10.0,0.1223842645263672,753.489990234375,0.03634999752044678,0.0075010266
SPY,call,742.0,0.038356164383561646,2026-06-30,14.34,14.19,14.49,15.58,14.0,0.12171288452148438,753.489990234375,0.03634999752044678,0.0075010266
SPY,call,743.0,0.038356164383561646,2026-06-30,13.46,13.33,13.59,14.12,160.0,0.11820339813232422,753.489990234375,0.03634999752044678,0.0075010266
SPY,call,744.0,0.038356164383561646,2026-06-30,12.945,12.83,13.06,14.47,150.0,0.12156029815673827,753.489990234375,0.03634999752044678,0.0075010266
SPY,call,746.0,0.038356164383561646,2026-06-30,11.21,11.12,11.3,12.48,73.0,0.11408356628417969,753.489990234375,0.03634999752044678,0.0075010266
SPY,call,747.0,0.038356164383561646,2026-06-30,10.695,10.57,10.82,12.4,92.0,0.11713529357910156,753.489990234375,0.03634999752044678,0.0075010266
SPY,call,748.0,0.038356164383561646,2026-06-30,10.105,10.02,10.19,11.09,293.0,0.11707425903320312,753.489990234375,0.03634999752044678,0.0075010266
SPY,call,750.0,0.038356164383561646,2026-06-30,8.795,8.68,8.91,8.62,174.0,0.1155483953857422,753.489990234375,0.03634999752044678,0.0075010266
SPY,call,751.0,0.038356164383561646,2026-06-30,8.215,8.2,8.23,8.08,11.0,0.11362580718994139,753.489990234375,0.03634999752044678,0.0075010266
SPY,call,752.0,0.038356164383561646,2026-06-30,7.550000000000001,7.53,7.57,7.33,67.0,0.1116727017211914,753.489990234375,0.03634999752044678,0.0075010266
SPY,call,753.0,0.038356164383561646,2026-06-30,6.93,6.91,6.95,6.86,103.0,0.10999425170898436,753.489990234375,0.03634999752044678,0.0075010266
SPY,call,754.0,0.038356164383561646,2026-06-30,6.495,6.48,6.51,6.39,117.0,0.11090976989746093,753.489990234375,0.03634999752044678,0.0075010266
SPY,call,755.0,0.038356164383561646,2026-06-30,5.890000000000001,5.88,5.9,5.86,1302.0,0.10862097442626953,753.489990234375,0.03634999752044678,0.0075010266
SPY,call,756.0,0.038356164383561646,2026-06-30,5.365,5.35,5.38,5.2,694.0,0.10743080078125,753.489990234375,0.03634999752044678,0.0075010266
SPY,call,757.0,0.038356164383561646,2026-06-30,4.955,4.94,4.97,4.88,47.0,0.10764442169189453,753.489990234375,0.03634999752044678,0.0075010266
SPY,call,758.0,0.038356164383561646,2026-06-30,4.395,4.38,4.41,4.49,379.0,0.10492838439941406,753.489990234375,0.03634999752044678,0.0075010266
SPY,call,759.0,0.038356164383561646,2026-06-30,4.1,4.08,4.12,3.98,98.0,0.10639321350097657,753.489990234375,0.03634999752044678,0.0075010266
SPY,call,760.0,0.038356164383561646,2026-06-30,3.705,3.69,3.72,3.71,359.0,0.10553872985839843,753.489990234375,0.03634999752044678,0.0075010266
SPY,call,761.0,0.038356164383561646,2026-06-30,3.285,3.27,3.3,3.5,61.0,0.10389079711914062,753.489990234375,0.03634999752044678,0.0075010266
SPY,call,762.0,0.038356164383561646,2026-06-30,2.915,2.91,2.92,2.88,113.0,0.10242596801757811,753.489990234375,0.03634999752044678,0.0075010266
SPY,call,764.0,0.038356164383561646,2026-06-30,2.3099999999999996,2.3,2.32,2.77,115.0,0.10120527709960936,753.489990234375,0.03634999752044678,0.0075010266
SPY,call,765.0,0.038356164383561646,2026-06-30,2.05,2.04,2.06,2.03,411.0,0.10071700073242187,753.489990234375,0.03634999752044678,0.0075010266
SPY,call,766.0,0.038356164383561646,2026-06-30,1.83,1.82,1.84,1.75,10.0,0.10062544891357422,753.489990234375,0.03634999752044678,0.0075010266
SPY,call,767.0,0.038356164383561646,2026-06-30,1.61,1.6,1.62,1.72,44.0,0.1001066552734375,753.489990234375,0.03634999752044678,0.0075010266
SPY,call,768.0,0.038356164383561646,2026-06-30,1.39,1.38,1.4,1.61,68.0,0.09906906799316406,753.489990234375,0.03634999752044678,0.0075010266
SPY,call,769.0,0.038356164383561646,2026-06-30,1.22,1.21,1.23,1.25,20.0,0.09882492980957032,753.489990234375,0.03634999752044678,0.0075010266
SPY,call,770.0,0.038356164383561646,2026-06-30,1.1,1.09,1.11,1.08,244.0,0.09955734436035156,753.489990234375,0.03634999752044678,0.0075010266
SPY,call,772.0,0.038356164383561646,2026-06-30,0.835,0.83,0.84,0.81,15.0,0.09888596435546876,753.489990234375,0.03634999752044678,0.0075010266
SPY,call,773.0,0.038356164383561646,2026-06-30,0.73,0.72,0.74,0.72,56.0,0.09906906799316406,753.489990234375,0.03634999752044678,0.0075010266
SPY,call,774.0,0.038356164383561646,2026-06-30,0.645,0.64,0.65,0.8,26.0,0.09925217163085936,753.489990234375,0.03634999752044678,0.0075010266
SPY,call,775.0,0.038356164383561646,2026-06-30,0.56,0.55,0.57,0.55,57.0,0.09943527526855468,753.489990234375,0.03634999752044678,0.0075010266
SPY,call,776.0,0.038356164383561646,2026-06-30,0.48,0.47,0.49,0.47,11.0,0.09925217163085936,753.489990234375,0.03634999752044678,0.0075010266
SPY,call,778.0,0.038356164383561646,2026-06-30,0.355,0.35,0.36,0.52,298.0,0.09888596435546876,753.489990234375,0.03634999752044678,0.0075010266
SPY,call,779.0,0.038356164383561646,2026-06-30,0.305,0.3,0.31,0.32,56.0,0.09900803344726564,753.489990234375,0.03634999752044678,0.0075010266
SPY,call,780.0,0.038356164383561646,2026-06-30,0.27,0.26,0.28,0.29,475.0,0.09998458618164063,753.489990234375,0.03634999752044678,0.0075010266
SPY,call,781.0,0.038356164383561646,2026-06-30,0.245,0.24,0.25,0.33,262.0,0.10071700073242187,753.489990234375,0.03634999752044678,0.0075010266
SPY,call,782.0,0.038356164383561646,2026-06-30,0.225,0.22,0.23,0.29,101.0,0.10205976074218749,753.489990234375,0.03634999752044678,0.0075010266
SPY,call,783.0,0.038356164383561646,2026-06-30,0.195,0.19,0.2,0.19,24.0,0.10230389892578123,753.489990234375,0.03634999752044678,0.0075010266
SPY,call,784.0,0.038356164383561646,2026-06-30,0.175,0.17,0.18,0.21,18.0,0.10328045166015623,753.489990234375,0.03634999752044678,0.0075010266
SPY,call,786.0,0.038356164383561646,2026-06-30,0.135,0.13,0.14,0.19,316.0,0.10450114257812498,753.489990234375,0.03634999752044678,0.0075010266
SPY,call,787.0,0.038356164383561646,2026-06-30,0.135,0.13,0.14,0.24,432.0,0.1069425244140625,753.489990234375,0.03634999752044678,0.0075010266
SPY,call,791.0,0.038356164383561646,2026-06-30,0.10500000000000001,0.1,0.11,0.12,14.0,0.1132901171875,753.489990234375,0.03634999752044678,0.0075010266
SPY,call,793.0,0.038356164383561646,2026-06-30,0.095,0.09,0.1,0.09,10.0,0.1167080517578125,753.489990234375,0.03634999752044678,0.0075010266
SPY,call,794.0,0.038356164383561646,2026-06-30,0.08499999999999999,0.08,0.09,0.08,70.0,0.11744046630859376,753.489990234375,0.03634999752044678,0.0075010266
SPY,call,796.0,0.038356164383561646,2026-06-30,0.07500000000000001,0.07,0.08,0.12,18.0,0.12012598632812499,753.489990234375,0.03634999752044678,0.0075010266
SPY,call,797.0,0.038356164383561646,2026-06-30,0.07500000000000001,0.07,0.08,0.13,71.0,0.12256736816406251,753.489990234375,0.03634999752044678,0.0075010266
SPY,call,799.0,0.038356164383561646,2026-06-30,0.065,0.06,0.07,0.07,562.0,0.12500875,753.489990234375,0.03634999752044678,0.0075010266
SPY,call,800.0,0.038356164383561646,2026-06-30,0.065,0.06,0.07,0.07,143.0,0.1274501318359375,753.489990234375,0.03634999752044678,0.0075010266
SPY,call,805.0,0.038356164383561646,2026-06-30,0.055,0.05,0.06,0.06,29.0,0.1362391064453125,753.489990234375,0.03634999752044678,0.0075010266
SPY,call,810.0,0.038356164383561646,2026-06-30,0.045,0.04,0.05,0.06,40.0,0.1445398046875,753.489990234375,0.03634999752044678,0.0075010266
SPY,call,815.0,0.038356164383561646,2026-06-30,0.045,0.04,0.05,0.07,121.0,0.15528188476562502,753.489990234375,0.03634999752044678,0.0075010266
SPY,call,825.0,0.038356164383561646,2026-06-30,0.035,0.03,0.04,0.04,25.0,0.17188328125000002,753.489990234375,0.03634999752044678,0.0075010266
SPY,call,830.0,0.038356164383561646,2026-06-30,0.035,0.03,0.04,0.04,134.0,0.18164880859375,753.489990234375,0.03634999752044678,0.0075010266
SPY,call,835.0,0.038356164383561646,2026-06-30,0.035,0.03,0.04,0.04,44.0,0.192390888671875,753.489990234375,0.03634999752044678,0.0075010266
SPY,call,840.0,0.038356164383561646,2026-06-30,0.025,0.02,0.03,0.04,24.0,0.196297099609375,753.489990234375,0.03634999752044678,0.0075010266
SPY,call,845.0,0.038356164383561646,2026-06-30,0.025,0.02,0.03,0.05,150.0,0.20508607421874997,753.489990234375,0.03634999752044678,0.0075010266
SPY,call,850.0,0.038356164383561646,2026-06-30,0.025,0.02,0.03,0.04,259.0,0.2148516015625,753.489990234375,0.03634999752044678,0.0075010266
SPY,call,855.0,0.038356164383561646,2026-06-30,0.025,0.02,0.03,0.02,16.0,0.22461712890624996,753.489990234375,0.03634999752044678,0.0075010266
SPY,call,865.0,0.038356164383561646,2026-06-30,0.025,0.02,0.03,0.03,326.0,0.242195078125,753.489990234375,0.03634999752044678,0.0075010266
SPY,call,870.0,0.038356164383561646,2026-06-30,0.025,0.02,0.03,0.03,614.0,0.25196060546875,753.489990234375,0.03634999752044678,0.0075010266
SPY,call,875.0,0.038356164383561646,2026-06-30,0.025,0.02,0.03,0.03,738.0,0.2617261328125,753.489990234375,0.03634999752044678,0.0075010266
SPY,call,880.0,0.038356164383561646,2026-06-30,0.015,0.01,0.02,0.02,10.0,0.25977302734375,753.489990234375,0.03634999752044678,0.0075010266
SPY,call,885.0,0.038356164383561646,2026-06-30,0.015,0.01,0.02,0.02,1402.0,0.2695385546875,753.489990234375,0.03634999752044678,0.0075010266
SPY,call,890.0,0.038356164383561646,2026-06-30,0.015,0.01,0.02,0.02,2215.0,0.27735097656249996,753.489990234375,0.03634999752044678,0.0075010266
SPY,call,895.0,0.038356164383561646,2026-06-30,0.015,0.01,0.02,0.02,4273.0,0.28516339843749994,753.489990234375,0.03634999752044678,0.0075010266
SPY,call,900.0,0.038356164383561646,2026-06-30,0.015,0.01,0.02,0.02,58.0,0.2929758203124999,753.489990234375,0.03634999752044678,0.0075010266
SPY,put,445.0,0.038356164383561646,2026-06-30,0.015,0.01,0.02,0.01,51.0,0.804689453125,753.489990234375,0.03634999752044678,0.0075010266
SPY,put,480.0,0.038356164383561646,2026-06-30,0.015,0.01,0.02,0.02,308.0,0.6953155468750001,753.489990234375,0.03634999752044678,0.0075010266
SPY,put,485.0,0.038356164383561646,2026-06-30,0.015,0.01,0.02,0.02,604.0,0.6796907031250001,753.489990234375,0.03634999752044678,0.0075010266
SPY,put,490.0,0.038356164383561646,2026-06-30,0.015,0.01,0.02,0.02,104.0,0.6640658593750002,753.489990234375,0.03634999752044678,0.0075010266
SPY,put,495.0,0.038356164383561646,2026-06-30,0.015,0.01,0.02,0.03,218.0,0.648441015625,753.489990234375,0.03634999752044678,0.0075010266
SPY,put,500.0,0.038356164383561646,2026-06-30,0.025,0.02,0.03,0.02,23.0,0.6601596484375001,753.489990234375,0.03634999752044678,0.0075010266
SPY,put,501.0,0.038356164383561646,2026-06-30,0.025,0.02,0.03,0.06,393.0,0.6562534375000001,753.489990234375,0.03634999752044678,0.0075010266
SPY,put,503.0,0.038356164383561646,2026-06-30,0.025,0.02,0.03,0.1,76.0,0.6523472265625001,753.489990234375,0.03634999752044678,0.0075010266
SPY,put,505.0,0.038356164383561646,2026-06-30,0.025,0.02,0.03,0.02,201.0,0.6445348046875,753.489990234375,0.03634999752044678,0.0075010266
SPY,put,508.0,0.038356164383561646,2026-06-30,0.025,0.02,0.03,0.02,22.0,0.6367223828125,753.489990234375,0.03634999752044678,0.0075010266
SPY,put,509.0,0.038356164383561646,2026-06-30,0.025,0.02,0.03,0.03,70.0,0.632816171875,753.489990234375,0.03634999752044678,0.0075010266
SPY,put,510.0,0.038356164383561646,2026-06-30,0.025,0.02,0.03,0.15,198.0,0.6289099609375001,753.489990234375,0.03634999752044678,0.0075010266
SPY,put,511.0,0.038356164383561646,2026-06-30,0.025,0.02,0.03,0.03,1473.0,0.6289099609375001,753.489990234375,0.03634999752044678,0.0075010266
SPY,put,512.0,0.038356164383561646,2026-06-30,0.025,0.02,0.03,0.02,1405.0,0.6250037500000001,753.489990234375,0.03634999752044678,0.0075010266
SPY,put,513.0,0.038356164383561646,2026-06-30,0.025,0.02,0.03,0.03,93.0,0.6210975390625001,753.489990234375,0.03634999752044678,0.0075010266
SPY,put,515.0,0.038356164383561646,2026-06-30,0.025,0.02,0.03,0.21,156.0,0.6171913281250001,753.489990234375,0.03634999752044678,0.0075010266
SPY,put,516.0,0.038356164383561646,2026-06-30,0.025,0.02,0.03,0.03,1975.0,0.6132851171875001,753.489990234375,0.03634999752044678,0.0075010266
SPY,put,517.0,0.038356164383561646,2026-06-30,0.025,0.02,0.03,0.02,1981.0,0.6093789062500001,753.489990234375,0.03634999752044678,0.0075010266
SPY,put,518.0,0.038356164383561646,2026-06-30,0.025,0.02,0.03,0.03,206.0,0.6054726953125001,753.489990234375,0.03634999752044678,0.0075010266
SPY,put,519.0,0.038356164383561646,2026-06-30,0.025,0.02,0.03,0.03,401.0,0.6054726953125001,753.489990234375,0.03634999752044678,0.0075010266
SPY,put,520.0,0.038356164383561646,2026-06-30,0.025,0.02,0.03,0.02,103.0,0.6015664843750002,753.489990234375,0.03634999752044678,0.0075010266
SPY,put,521.0,0.038356164383561646,2026-06-30,0.025,0.02,0.03,0.03,3906.0,0.5976602734375001,753.489990234375,0.03634999752044678,0.0075010266
SPY,put,522.0,0.038356164383561646,2026-06-30,0.025,0.02,0.03,0.03,292.0,0.5937540625000001,753.489990234375,0.03634999752044678,0.0075010266
SPY,put,523.0,0.038356164383561646,2026-06-30,0.025,0.02,0.03,0.2,35.0,0.5937540625000001,753.489990234375,0.03634999752044678,0.0075010266
SPY,put,526.0,0.038356164383561646,2026-06-30,0.025,0.02,0.03,0.11,100.0,0.5820354296875,753.489990234375,0.03634999752044678,0.0075010266
SPY,put,527.0,0.038356164383561646,2026-06-30,0.025,0.02,0.03,0.11,100.0,0.5820354296875,753.489990234375,0.03634999752044678,0.0075010266
SPY,put,528.0,0.038356164383561646,2026-06-30,0.025,0.02,0.03,0.03,117.0,0.57812921875,753.489990234375,0.03634999752044678,0.0075010266
SPY,put,530.0,0.038356164383561646,2026-06-30,0.025,0.02,0.03,0.03,83.0,0.5742230078125,753.489990234375,0.03634999752044678,0.0075010266
SPY,put,531.0,0.038356164383561646,2026-06-30,0.035,0.03,0.04,0.26,126.0,0.585941640625,753.489990234375,0.03634999752044678,0.0075010266
SPY,put,533.0,0.038356164383561646,2026-06-30,0.035,0.03,0.04,0.04,55.0,0.5820354296875,753.489990234375,0.03634999752044678,0.0075010266
SPY,put,536.0,0.038356164383561646,2026-06-30,0.035,0.03,0.04,0.04,103.0,0.5722699023437501,753.489990234375,0.03634999752044678,0.0075010266
SPY,put,537.0,0.038356164383561646,2026-06-30,0.035,0.03,0.04,0.12,402.0,0.570316796875,753.489990234375,0.03634999752044678,0.0075010266
SPY,put,538.0,0.038356164383561646,2026-06-30,0.035,0.03,0.04,0.12,521.0,0.5664105859375,753.489990234375,0.03634999752044678,0.0075010266
SPY,put,539.0,0.038356164383561646,2026-06-30,0.035,0.03,0.04,0.22,22.0,0.5625043750000001,753.489990234375,0.03634999752044678,0.0075010266
SPY,put,543.0,0.038356164383561646,2026-06-30,0.035,0.03,0.04,0.04,2128.0,0.5507857421875001,753.489990234375,0.03634999752044678,0.0075010266
SPY,put,544.0,0.038356164383561646,2026-06-30,0.035,0.03,0.04,0.04,2215.0,0.5488326367187502,753.489990234375,0.03634999752044678,0.0075010266
SPY,put,545.0,0.038356164383561646,2026-06-30,0.035,0.03,0.04,0.13,25.0,0.5468795312500001,753.489990234375,0.03634999752044678,0.0075010266
SPY,put,546.0,0.038356164383561646,2026-06-30,0.035,0.03,0.04,0.04,66.0,0.5429733203125001,753.489990234375,0.03634999752044678,0.0075010266
SPY,put,547.0,0.038356164383561646,2026-06-30,0.035,0.03,0.04,0.17,109.0,0.5390671093750001,753.489990234375,0.03634999752044678,0.0075010266
SPY,put,550.0,0.038356164383561646,2026-06-30,0.035,0.03,0.04,0.04,13.0,0.5312546875,753.489990234375,0.03634999752044678,0.0075010266
SPY,put,551.0,0.038356164383561646,2026-06-30,0.035,0.03,0.04,0.05,400.0,0.5293015820312501,753.489990234375,0.03634999752044678,0.0075010266
SPY,put,552.0,0.038356164383561646,2026-06-30,0.035,0.03,0.04,0.05,194.0,0.5273484765625001,753.489990234375,0.03634999752044678,0.0075010266
SPY,put,553.0,0.038356164383561646,2026-06-30,0.035,0.03,0.04,0.18,22.0,0.523442265625,753.489990234375,0.03634999752044678,0.0075010266
SPY,put,555.0,0.038356164383561646,2026-06-30,0.045,0.04,0.05,0.05,190.0,0.5293015820312501,753.489990234375,0.03634999752044678,0.0075010266
SPY,put,557.0,0.038356164383561646,2026-06-30,0.045,0.04,0.05,0.15,108.0,0.523442265625,753.489990234375,0.03634999752044678,0.0075010266
SPY,put,558.0,0.038356164383561646,2026-06-30,0.045,0.04,0.05,0.15,100.0,0.5214891601562499,753.489990234375,0.03634999752044678,0.0075010266
SPY,put,560.0,0.038356164383561646,2026-06-30,0.045,0.04,0.05,0.05,1410.0,0.51562984375,753.489990234375,0.03634999752044678,0.0075010266
SPY,put,561.0,0.038356164383561646,2026-06-30,0.045,0.04,0.05,0.05,1346.0,0.5117236328125,753.489990234375,0.03634999752044678,0.0075010266
SPY,put,565.0,0.038356164383561646,2026-06-30,0.045,0.04,0.05,0.31,298.0,0.5019581054687501,753.489990234375,0.03634999752044678,0.0075010266
SPY,put,572.0,0.038356164383561646,2026-06-30,0.055,0.05,0.06,0.18,100.0,0.495122236328125,753.489990234375,0.03634999752044678,0.0075010266
SPY,put,573.0,0.038356164383561646,2026-06-30,0.055,0.05,0.06,0.05,100.0,0.49219257812500006,753.489990234375,0.03634999752044678,0.0075010266
SPY,put,574.0,0.038356164383561646,2026-06-30,0.055,0.05,0.06,0.06,30.0,0.4892629199218751,753.489990234375,0.03634999752044678,0.0075010266
SPY,put,576.0,0.038356164383561646,2026-06-30,0.055,0.05,0.06,0.29,33.0,0.48438015625,753.489990234375,0.03634999752044678,0.0075010266
SPY,put,577.0,0.038356164383561646,2026-06-30,0.055,0.05,0.06,0.19,100.0,0.4804739453125,753.489990234375,0.03634999752044678,0.0075010266
SPY,put,578.0,0.038356164383561646,2026-06-30,0.055,0.05,0.06,0.35,38.0,0.47852083984375,753.489990234375,0.03634999752044678,0.0075010266
SPY,put,583.0,0.038356164383561646,2026-06-30,0.055,0.05,0.06,0.23,21.0,0.463872548828125,753.489990234375,0.03634999752044678,0.0075010266
SPY,put,584.0,0.038356164383561646,2026-06-30,0.055,0.05,0.06,0.3,82.0,0.46094289062500005,753.489990234375,0.03634999752044678,0.0075010266
SPY,put,585.0,0.038356164383561646,2026-06-30,0.065,0.06,0.07,0.05,55.0,0.46484910156250003,753.489990234375,0.03634999752044678,0.0075010266
SPY,put,586.0,0.038356164383561646,2026-06-30,0.065,0.06,0.07,0.45,200.0,0.46289599609375004,753.489990234375,0.03634999752044678,0.0075010266
SPY,put,588.0,0.038356164383561646,2026-06-30,0.065,0.06,0.07,0.46,32.0,0.45703667968750006,753.489990234375,0.03634999752044678,0.0075010266
SPY,put,589.0,0.038356164383561646,2026-06-30,0.065,0.06,0.07,0.38,50.0,0.454107021484375,753.489990234375,0.03634999752044678,0.0075010266
SPY,put,590.0,0.038356164383561646,2026-06-30,0.065,0.06,0.07,0.06,60.0,0.45117736328125,753.489990234375,0.03634999752044678,0.0075010266
SPY,put,593.0,0.038356164383561646,2026-06-30,0.065,0.06,0.07,0.77,19.0,0.442388388671875,753.489990234375,0.03634999752044678,0.0075010266
SPY,put,603.0,0.038356164383561646,2026-06-30,0.07500000000000001,0.07,0.08,0.09,101.0,0.41992767578125,753.489990234375,0.03634999752044678,0.0075010266
SPY,put,604.0,0.038356164383561646,2026-06-30,0.07500000000000001,0.07,0.08,0.09,390.0,0.41797457031249996,753.489990234375,0.03634999752044678,0.0075010266
SPY,put,606.0,0.038356164383561646,2026-06-30,0.08499999999999999,0.08,0.09,0.27,51.0,0.41699801757812494,753.489990234375,0.03634999752044678,0.0075010266
SPY,put,609.0,0.038356164383561646,2026-06-30,0.08499999999999999,0.08,0.09,0.1,238.0,0.40820904296875,753.489990234375,0.03634999752044678,0.0075010266
SPY,put,610.0,0.038356164383561646,2026-06-30,0.08499999999999999,0.08,0.09,0.11,250.0,0.405279384765625,753.489990234375,0.03634999752044678,0.0075010266
SPY,put,611.0,0.038356164383561646,2026-06-30,0.095,0.09,0.1,0.1,129.0,0.407232490234375,753.489990234375,0.03634999752044678,0.0075010266
SPY,put,615.0,0.038356164383561646,2026-06-30,0.095,0.09,0.1,0.09,14.0,0.39649041015625003,753.489990234375,0.03634999752044678,0.0075010266
SPY,put,616.0,0.038356164383561646,2026-06-30,0.095,0.09,0.1,0.11,155.0,0.393560751953125,753.489990234375,0.03634999752044678,0.0075010266
SPY,put,618.0,0.038356164383561646,2026-06-30,0.095,0.09,0.1,0.09,10.0,0.387701435546875,753.489990234375,0.03634999752044678,0.0075010266
SPY,put,619.0,0.038356164383561646,2026-06-30,0.095,0.09,0.1,0.11,190.0,0.38477177734374995,753.489990234375,0.03634999752044678,0.0075010266
SPY,put,620.0,0.038356164383561646,2026-06-30,0.10500000000000001,0.1,0.11,0.11,16.0,0.3857483300781249,753.489990234375,0.03634999752044678,0.0075010266
SPY,put,623.0,0.038356164383561646,2026-06-30,0.10500000000000001,0.1,0.11,0.11,30.0,0.37744763183593744,753.489990234375,0.03634999752044678,0.0075010266
SPY,put,624.0,0.038356164383561646,2026-06-30,0.10500000000000001,0.1,0.11,0.1,14.0,0.37500625,753.489990234375,0.03634999752044678,0.0075010266
SPY,put,629.0,0.038356164383561646,2026-06-30,0.11499999999999999,0.11,0.12,0.12,14.0,0.36426416992187505,753.489990234375,0.03634999752044678,0.0075010266
SPY,put,635.0,0.038356164383561646,2026-06-30,0.135,0.13,0.14,0.13,15.0,0.35352208984374994,753.489990234375,0.03634999752044678,0.0075010266
SPY,put,638.0,0.038356164383561646,2026-06-30,0.135,0.13,0.14,0.43,50.0,0.344733115234375,753.489990234375,0.03634999752044678,0.0075010266
SPY,put,641.0,0.038356164383561646,2026-06-30,0.14500000000000002,0.14,0.15,0.56,10.0,0.33887379882812496,753.489990234375,0.03634999752044678,0.0075010266
SPY,put,645.0,0.038356164383561646,2026-06-30,0.155,0.15,0.16,0.15,294.0,0.33008482421874996,753.489990234375,0.03634999752044678,0.0075010266
SPY,put,647.0,0.038356164383561646,2026-06-30,0.155,0.15,0.16,1.14,152.0,0.3242255078124999,753.489990234375,0.03634999752044678,0.0075010266
SPY,put,650.0,0.038356164383561646,2026-06-30,0.165,0.16,0.17,0.16,19.0,0.31836619140624994,753.489990234375,0.03634999752044678,0.0075010266
SPY,put,653.0,0.038356164383561646,2026-06-30,0.175,0.17,0.18,0.83,12.0,0.31201859863281245,753.489990234375,0.03634999752044678,0.0075010266
SPY,put,655.0,0.038356164383561646,2026-06-30,0.185,0.18,0.19,0.17,55.0,0.30811238769531246,753.489990234375,0.03634999752044678,0.0075010266
SPY,put,656.0,0.038356164383561646,2026-06-30,0.185,0.18,0.19,0.73,132.0,0.3051827294921875,753.489990234375,0.03634999752044678,0.0075010266
SPY,put,657.0,0.038356164383561646,2026-06-30,0.185,0.18,0.19,0.69,120.0,0.30225307128906254,753.489990234375,0.03634999752044678,0.0075010266
SPY,put,659.0,0.038356164383561646,2026-06-30,0.20500000000000002,0.2,0.21,0.18,101.0,0.30054410400390624,753.489990234375,0.03634999752044678,0.0075010266
SPY,put,663.0,0.038356164383561646,2026-06-30,0.215,0.21,0.22,0.24,31.0,0.29053443847656246,753.489990234375,0.03634999752044678,0.0075010266
SPY,put,664.0,0.038356164383561646,2026-06-30,0.225,0.22,0.23,0.2,95.0,0.2893137475585937,753.489990234375,0.03634999752044678,0.0075010266
SPY,put,665.0,0.038356164383561646,2026-06-30,0.225,0.22,0.23,0.21,25.0,0.2863840893554687,753.489990234375,0.03634999752044678,0.0075010266
SPY,put,666.0,0.038356164383561646,2026-06-30,0.225,0.22,0.23,0.21,52.0,0.2834544311523437,753.489990234375,0.03634999752044678,0.0075010266
SPY,put,672.0,0.038356164383561646,2026-06-30,0.255,0.25,0.26,0.29,33.0,0.27027096923828126,753.489990234375,0.03634999752044678,0.0075010266
SPY,put,674.0,0.038356164383561646,2026-06-30,0.265,0.26,0.27,0.3,413.0,0.26563234375,753.489990234375,0.03634999752044678,0.0075010266
SPY,put,677.0,0.038356164383561646,2026-06-30,0.295,0.29,0.3,0.32,155.0,0.260749580078125,753.489990234375,0.03634999752044678,0.0075010266
SPY,put,678.0,0.038356164383561646,2026-06-30,0.305,0.3,0.31,0.3,338.0,0.2590406127929688,753.489990234375,0.03634999752044678,0.0075010266
SPY,put,679.0,0.038356164383561646,2026-06-30,0.295,0.29,0.3,0.32,100.0,0.2546461254882813,753.489990234375,0.03634999752044678,0.0075010266
SPY,put,680.0,0.038356164383561646,2026-06-30,0.305,0.3,0.31,0.32,1090.0,0.252937158203125,753.489990234375,0.03634999752044678,0.0075010266
SPY,put,682.0,0.038356164383561646,2026-06-30,0.335,0.33,0.34,0.36,247.0,0.25049577636718745,753.489990234375,0.03634999752044678,0.0075010266
SPY,put,684.0,0.038356164383561646,2026-06-30,0.345,0.34,0.35,0.34,50.0,0.24536887451171874,753.489990234375,0.03634999752044678,0.0075010266
SPY,put,686.0,0.038356164383561646,2026-06-30,0.365,0.36,0.37,0.33,10.0,0.241218525390625,753.489990234375,0.03634999752044678,0.0075010266
SPY,put,687.0,0.038356164383561646,2026-06-30,0.365,0.36,0.37,0.39,40.0,0.23804472900390622,753.489990234375,0.03634999752044678,0.0075010266
SPY,put,688.0,0.038356164383561646,2026-06-30,0.395,0.39,0.4,0.35,221.0,0.23804472900390622,753.489990234375,0.03634999752044678,0.0075010266
SPY,put,690.0,0.038356164383561646,2026-06-30,0.415,0.41,0.42,0.42,31.0,0.23365024169921872,753.489990234375,0.03634999752044678,0.0075010266
SPY,put,691.0,0.038356164383561646,2026-06-30,0.425,0.42,0.43,0.4,11.0,0.231452998046875,753.489990234375,0.03634999752044678,0.0075010266
SPY,put,693.0,0.038356164383561646,2026-06-30,0.445,0.44,0.45,0.43,95.0,0.2268143725585937,753.489990234375,0.03634999752044678,0.0075010266
SPY,put,694.0,0.038356164383561646,2026-06-30,0.455,0.45,0.46,0.5,289.0,0.2243729907226562,753.489990234375,0.03634999752044678,0.0075010266
SPY,put,695.0,0.038356164383561646,2026-06-30,0.475,0.47,0.48,0.44,7510.0,0.22290816162109373,753.489990234375,0.03634999752044678,0.0075010266
SPY,put,696.0,0.038356164383561646,2026-06-30,0.515,0.51,0.52,0.45,12.0,0.22290816162109373,753.489990234375,0.03634999752044678,0.0075010266
SPY,put,700.0,0.038356164383561646,2026-06-30,0.565,0.56,0.57,0.58,316.0,0.21326470336914063,753.489990234375,0.03634999752044678,0.0075010266
SPY,put,703.0,0.038356164383561646,2026-06-30,0.625,0.62,0.63,0.54,12.0,0.20728331787109372,753.489990234375,0.03634999752044678,0.0075010266
SPY,put,705.0,0.038356164383561646,2026-06-30,0.69,0.68,0.7,0.65,59.0,0.2048419360351562,753.489990234375,0.03634999752044678,0.0075010266
SPY,put,706.0,0.038356164383561646,2026-06-30,0.705,0.7,0.71,0.72,68.0,0.20191227783203125,753.489990234375,0.03634999752044678,0.0075010266
SPY,put,708.0,0.038356164383561646,2026-06-30,0.785,0.78,0.79,0.66,12.0,0.19947089599609374,753.489990234375,0.03634999752044678,0.0075010266
SPY,put,710.0,0.038356164383561646,2026-06-30,0.85,0.84,0.86,0.84,7837.0,0.19605296142578127,753.489990234375,0.03634999752044678,0.0075010266
SPY,put,711.0,0.038356164383561646,2026-06-30,0.865,0.86,0.87,0.76,19.0,0.19300123413085937,753.489990234375,0.03634999752044678,0.0075010266
SPY,put,713.0,0.038356164383561646,2026-06-30,0.945,0.94,0.95,0.84,497.0,0.1895832995605469,753.489990234375,0.03634999752044678,0.0075010266
SPY,put,714.0,0.038356164383561646,2026-06-30,1.0,0.99,1.01,1.0,73.0,0.18860674682617187,753.489990234375,0.03634999752044678,0.0075010266
SPY,put,715.0,0.038356164383561646,2026-06-30,1.0550000000000002,1.05,1.06,1.02,365.0,0.18708088317871097,753.489990234375,0.03634999752044678,0.0075010266
SPY,put,716.0,0.038356164383561646,2026-06-30,1.1150000000000002,1.11,1.12,0.91,11.0,0.18586019226074219,753.489990234375,0.03634999752044678,0.0075010266
SPY,put,717.0,0.038356164383561646,2026-06-30,1.165,1.16,1.17,1.17,95.0,0.1840901904296875,753.489990234375,0.03634999752044678,0.0075010266
SPY,put,718.0,0.038356164383561646,2026-06-30,1.18,1.17,1.19,1.13,199.0,0.1810384631347656,753.489990234375,0.03634999752044678,0.0075010266
SPY,put,719.0,0.038356164383561646,2026-06-30,1.24,1.23,1.25,1.19,446.0,0.17945156494140624,753.489990234375,0.03634999752044678,0.0075010266
SPY,put,720.0,0.038356164383561646,2026-06-30,1.315,1.31,1.32,1.33,161.0,0.17810880493164064,753.489990234375,0.03634999752044678,0.0075010266
SPY,put,721.0,0.038356164383561646,2026-06-30,1.36,1.35,1.37,1.29,155.0,0.1759725958251953,753.489990234375,0.03634999752044678,0.0075010266
SPY,put,722.0,0.038356164383561646,2026-06-30,1.4249999999999998,1.42,1.43,1.31,247.0,0.17408052490234377,753.489990234375,0.03634999752044678,0.0075010266
SPY,put,723.0,0.038356164383561646,2026-06-30,1.52,1.51,1.53,1.35,28.0,0.1733481103515625,753.489990234375,0.03634999752044678,0.0075010266
SPY,put,725.0,0.038356164383561646,2026-06-30,1.68,1.67,1.69,1.74,279.0,0.17017431396484378,753.489990234375,0.03634999752044678,0.0075010266
SPY,put,727.0,0.038356164383561646,2026-06-30,1.84,1.83,1.85,1.87,44.0,0.1664512066650391,753.489990234375,0.03634999752044678,0.0075010266
SPY,put,728.0,0.038356164383561646,2026-06-30,1.94,1.93,1.95,1.77,30.0,0.16492534301757814,753.489990234375,0.03634999752044678,0.0075010266
SPY,put,730.0,0.038356164383561646,2026-06-30,2.1399999999999997,2.13,2.15,2.24,1615.0,0.16144637390136718,753.489990234375,0.03634999752044678,0.0075010266
SPY,put,731.0,0.038356164383561646,2026-06-30,2.3200000000000003,2.31,2.33,2.16,67.0,0.16156844299316403,753.489990234375,0.03634999752044678,0.0075010266
SPY,put,732.0,0.038356164383561646,2026-06-30,2.45,2.44,2.46,2.44,229.0,0.1601646484375,753.489990234375,0.03634999752044678,0.0075010266
SPY,put,733.0,0.038356164383561646,2026-06-30,2.59,2.58,2.6,2.3,64.0,0.1588218884277344,753.489990234375,0.03634999752044678,0.0075010266
SPY,put,734.0,0.038356164383561646,2026-06-30,2.7300000000000004,2.72,2.74,2.23,13.0,0.1572655075073242,753.489990234375,0.03634999752044678,0.0075010266
SPY,put,735.0,0.038356164383561646,2026-06-30,2.88,2.87,2.89,2.85,369.0,0.1557701611328125,753.489990234375,0.03634999752044678,0.0075010266
SPY,put,737.0,0.038356164383561646,2026-06-30,3.115,3.11,3.12,3.2,129.0,0.15070429382324224,753.489990234375,0.03634999752044678,0.0075010266
SPY,put,738.0,0.038356164383561646,2026-06-30,3.355,3.34,3.37,2.82,64.0,0.15076532836914067,753.489990234375,0.03634999752044678,0.0075010266
SPY,put,740.0,0.038356164383561646,2026-06-30,3.75,3.74,3.76,3.74,8452.0,0.14789670471191407,753.489990234375,0.03634999752044678,0.0075010266
SPY,put,741.0,0.038356164383561646,2026-06-30,3.995,3.98,4.01,3.98,35.0,0.14722532470703126,753.489990234375,0.03634999752044678,0.0075010266
SPY,put,742.0,0.038356164383561646,2026-06-30,4.154999999999999,4.14,4.17,3.54,65.0,0.1445398046875,753.489990234375,0.03634999752044678,0.0075010266
SPY,put,743.0,0.038356164383561646,2026-06-30,4.390000000000001,4.38,4.4,4.12,35.0,0.14301394104003906,753.489990234375,0.03634999752044678,0.0075010266
SPY,put,744.0,0.038356164383561646,2026-06-30,4.6850000000000005,4.67,4.7,4.11,50.0,0.14249514739990232,753.489990234375,0.03634999752044678,0.0075010266
SPY,put,745.0,0.038356164383561646,2026-06-30,4.975,4.96,4.99,5.13,1237.0,0.14154911193847658,753.489990234375,0.03634999752044678,0.0075010266
SPY,put,746.0,0.038356164383561646,2026-06-30,5.245,5.23,5.26,4.42,30.0,0.1399622137451172,753.489990234375,0.03634999752044678,0.0075010266
SPY,put,747.0,0.038356164383561646,2026-06-30,5.654999999999999,5.64,5.67,5.27,190.0,0.14051152465820313,753.489990234375,0.03634999752044678,0.0075010266
SPY,put,748.0,0.038356164383561646,2026-06-30,5.845000000000001,5.83,5.86,5.88,204.0,0.13703255554199223,753.489990234375,0.03634999752044678,0.0075010266
SPY,put,749.0,0.038356164383561646,2026-06-30,6.225,6.21,6.24,6.06,84.0,0.1365137619018555,753.489990234375,0.03634999752044678,0.0075010266
SPY,put,750.0,0.038356164383561646,2026-06-30,6.5600000000000005,6.54,6.58,6.82,210.0,0.13501841552734378,753.489990234375,0.03634999752044678,0.0075010266
SPY,put,751.0,0.038356164383561646,2026-06-30,6.890000000000001,6.87,6.91,7.01,283.0,0.13306531005859373,753.489990234375,0.03634999752044678,0.0075010266
SPY,put,752.0,0.038356164383561646,2026-06-30,7.380000000000001,7.36,7.4,7.43,128.0,0.13346203460693357,753.489990234375,0.03634999752044678,0.0075010266
SPY,put,753.0,0.038356164383561646,2026-06-30,7.76,7.74,7.78,8.02,166.0,0.13172255004882813,753.489990234375,0.03634999752044678,0.0075010266
SPY,put,754.0,0.038356164383561646,2026-06-30,8.3,8.28,8.32,8.41,173.0,0.1323023782348633,753.489990234375,0.03634999752044678,0.0075010266
SPY,put,755.0,0.038356164383561646,2026-06-30,8.879999999999999,8.81,8.95,8.91,246.0,0.13401134552001953,753.489990234375,0.03634999752044678,0.0075010266
SPY,put,756.0,0.038356164383561646,2026-06-30,9.215,9.12,9.31,8.35,100.0,0.13095961822509766,753.489990234375,0.03634999752044678,0.0075010266
SPY,put,758.0,0.038356164383561646,2026-06-30,10.54,10.44,10.64,9.68,10.0,0.13401134552001953,753.489990234375,0.03634999752044678,0.0075010266
SPY,put,760.0,0.038356164383561646,2026-06-30,11.78,11.69,11.87,11.72,86.0,0.13413341461181644,753.489990234375,0.03634999752044678,0.0075010266
SPY,put,761.0,0.038356164383561646,2026-06-30,12.42,12.28,12.56,11.24,21.0,0.135048932800293,753.489990234375,0.03634999752044678,0.0075010266
SPY,put,765.0,0.038356164383561646,2026-06-30,15.05,14.9,15.2,14.32,20.0,0.13343151733398437,753.489990234375,0.03634999752044678,0.0075010266
SPY,put,770.0,0.038356164383561646,2026-06-30,19.365,19.15,19.58,18.6,56.0,0.14649291015625,753.489990234375,0.03634999752044678,0.0075010266
SPY,put,788.0,0.038356164383561646,2026-06-30,37.455,36.36,38.55,29.5,10.0,0.2500685345458984,753.489990234375,0.03634999752044678,0.0075010266
SPY,put,800.0,0.038356164383561646,2026-06-30,48.72,47.1,50.34,46.2,20.0,0.294379614868164,753.489990234375,0.03634999752044678,0.0075010266
SPY,call,675.0,0.043835616438356165,2026-07-02,77.92,76.23,79.61,80.36,124.0,0.31726756958007807,753.489990234375,0.03634999752044678,0.0075010266
SPY,call,705.0,0.043835616438356165,2026-07-02,48.435,46.73,50.14,48.64,10.0,0.2352371398925781,753.489990234375,0.03634999752044678,0.0075010266
SPY,call,706.0,0.043835616438356165,2026-07-02,47.5,45.83,49.17,33.89,10.0,0.23255161987304687,753.489990234375,0.03634999752044678,0.0075010266
SPY,call,719.0,0.043835616438356165,2026-07-02,35.275000000000006,35.03,35.52,26.64,10.0,0.16010361389160155,753.489990234375,0.03634999752044678,0.0075010266
SPY,call,729.0,0.043835616438356165,2026-07-02,26.11,25.92,26.3,28.37,148.0,0.1469811865234375,753.489990234375,0.03634999752044678,0.0075010266
SPY,call,733.0,0.043835616438356165,2026-07-02,22.655,22.48,22.83,25.87,41.0,0.14313601013183597,753.489990234375,0.03634999752044678,0.0075010266
SPY,call,734.0,0.043835616438356165,2026-07-02,21.92,21.74,22.1,22.93,18.0,0.14478394287109375,753.489990234375,0.03634999752044678,0.0075010266
SPY,call,737.0,0.043835616438356165,2026-07-02,19.275,19.11,19.44,20.48,12.0,0.1380091082763672,753.489990234375,0.03634999752044678,0.0075010266
SPY,call,739.0,0.043835616438356165,2026-07-02,17.715,17.56,17.87,19.21,54.0,0.13675790008544925,753.489990234375,0.03634999752044678,0.0075010266
SPY,call,740.0,0.043835616438356165,2026-07-02,17.015,16.92,17.11,17.54,54.0,0.1362391064453125,753.489990234375,0.03634999752044678,0.0075010266
SPY,call,743.0,0.043835616438356165,2026-07-02,14.83,14.72,14.94,14.71,16.0,0.13514048461914066,753.489990234375,0.03634999752044678,0.0075010266
SPY,call,744.0,0.043835616438356165,2026-07-02,14.07,13.91,14.23,13.9,11.0,0.13446910461425782,753.489990234375,0.03634999752044678,0.0075010266
SPY,call,745.0,0.043835616438356165,2026-07-02,13.305,13.18,13.43,13.83,14.0,0.13205824005126954,753.489990234375,0.03634999752044678,0.0075010266
SPY,call,746.0,0.043835616438356165,2026-07-02,12.395,12.3,12.49,14.21,227.0,0.12711444183349607,753.489990234375,0.03634999752044678,0.0075010266
SPY,call,750.0,0.043835616438356165,2026-07-02,9.77,9.7,9.84,9.7,56.0,0.12317771362304689,753.489990234375,0.03634999752044678,0.0075010266
SPY,call,753.0,0.043835616438356165,2026-07-02,8.155000000000001,8.14,8.17,8.09,172.0,0.12214012634277345,753.489990234375,0.03634999752044678,0.0075010266
SPY,call,754.0,0.043835616438356165,2026-07-02,7.5649999999999995,7.55,7.58,7.78,29.0,0.12067529724121094,753.489990234375,0.03634999752044678,0.0075010266
SPY,call,755.0,0.043835616438356165,2026-07-02,6.965,6.95,6.98,6.8,289.0,0.11872219177246093,753.489990234375,0.03634999752044678,0.0075010266
SPY,call,756.0,0.043835616438356165,2026-07-02,6.535,6.52,6.55,6.91,186.0,0.11908839904785155,753.489990234375,0.03634999752044678,0.0075010266
SPY,call,757.0,0.043835616438356165,2026-07-02,5.875,5.86,5.89,5.95,41.0,0.1155483953857422,753.489990234375,0.03634999752044678,0.0075010266
SPY,call,758.0,0.043835616438356165,2026-07-02,5.484999999999999,5.47,5.5,6.0,25.0,0.1158840853881836,753.489990234375,0.03634999752044678,0.0075010266
SPY,call,759.0,0.043835616438356165,2026-07-02,5.029999999999999,5.02,5.04,5.24,21.0,0.11478546356201172,753.489990234375,0.03634999752044678,0.0075010266
SPY,call,760.0,0.043835616438356165,2026-07-02,4.6,4.59,4.61,4.56,186.0,0.1137783935546875,753.489990234375,0.03634999752044678,0.0075010266
SPY,call,761.0,0.043835616438356165,2026-07-02,4.285,4.27,4.3,4.36,50.0,0.11441925628662111,753.489990234375,0.03634999752044678,0.0075010266
SPY,call,762.0,0.043835616438356165,2026-07-02,3.865,3.85,3.88,4.14,28.0,0.11289339263916015,753.489990234375,0.03634999752044678,0.0075010266
SPY,call,764.0,0.043835616438356165,2026-07-02,3.1550000000000002,3.14,3.17,3.73,67.0,0.1108792526245117,753.489990234375,0.03634999752044678,0.0075010266
SPY,call,765.0,0.043835616438356165,2026-07-02,2.91,2.9,2.92,2.84,79.0,0.11121494262695311,753.489990234375,0.03634999752044678,0.0075010266
SPY,call,766.0,0.043835616438356165,2026-07-02,2.605,2.59,2.62,2.7,31.0,0.11029942443847655,753.489990234375,0.03634999752044678,0.0075010266
SPY,call,768.0,0.043835616438356165,2026-07-02,2.0599999999999996,2.05,2.07,2.29,11.0,0.10813269805908202,753.489990234375,0.03634999752044678,0.0075010266
SPY,call,769.0,0.043835616438356165,2026-07-02,1.84,1.83,1.85,1.85,124.0,0.1075833871459961,753.489990234375,0.03634999752044678,0.0075010266
SPY,call,770.0,0.043835616438356165,2026-07-02,1.66,1.65,1.67,1.79,283.0,0.1075833871459961,753.489990234375,0.03634999752044678,0.0075010266
SPY,call,771.0,0.043835616438356165,2026-07-02,1.51,1.5,1.52,1.54,60.0,0.10798011169433594,753.489990234375,0.03634999752044678,0.0075010266
SPY,call,772.0,0.043835616438356165,2026-07-02,1.32,1.31,1.33,1.31,42.0,0.10700355895996094,753.489990234375,0.03634999752044678,0.0075010266
SPY,call,773.0,0.043835616438356165,2026-07-02,1.14,1.13,1.15,1.52,263.0,0.10578286804199218,753.489990234375,0.03634999752044678,0.0075010266
SPY,call,774.0,0.043835616438356165,2026-07-02,1.03,1.02,1.04,1.04,14.0,0.10621010986328125,753.489990234375,0.03634999752044678,0.0075010266
SPY,call,775.0,0.043835616438356165,2026-07-02,0.92,0.91,0.93,0.92,1204.0,0.10627114440917969,753.489990234375,0.03634999752044678,0.0075010266
SPY,call,776.0,0.043835616438356165,2026-07-02,0.8,0.79,0.81,0.85,121.0,0.1056607989501953,753.489990234375,0.03634999752044678,0.0075010266
SPY,call,777.0,0.043835616438356165,2026-07-02,0.715,0.71,0.72,0.77,45.0,0.10572183349609374,753.489990234375,0.03634999752044678,0.0075010266
SPY,call,780.0,0.043835616438356165,2026-07-02,0.5,0.49,0.51,0.53,2185.0,0.106454248046875,753.489990234375,0.03634999752044678,0.0075010266
SPY,call,782.0,0.043835616438356165,2026-07-02,0.395,0.39,0.4,0.41,12.0,0.10682045532226564,753.489990234375,0.03634999752044678,0.0075010266
SPY,call,783.0,0.043835616438356165,2026-07-02,0.355,0.35,0.36,0.4,105.0,0.10730873168945312,753.489990234375,0.03634999752044678,0.0075010266
SPY,call,785.0,0.043835616438356165,2026-07-02,0.28500000000000003,0.28,0.29,0.35,20.0,0.108407353515625,753.489990234375,0.03634999752044678,0.0075010266
SPY,call,786.0,0.043835616438356165,2026-07-02,0.245,0.24,0.25,0.36,112.0,0.10816321533203124,753.489990234375,0.03634999752044678,0.0075010266
SPY,call,787.0,0.043835616438356165,2026-07-02,0.235,0.23,0.24,0.36,96.0,0.10999425170898436,753.489990234375,0.03634999752044678,0.0075010266
SPY,call,790.0,0.043835616438356165,2026-07-02,0.175,0.17,0.18,0.21,14.0,0.11231356445312499,753.489990234375,0.03634999752044678,0.0075010266
SPY,call,792.0,0.043835616438356165,2026-07-02,0.14500000000000002,0.14,0.15,0.19,504.0,0.11402253173828125,753.489990234375,0.03634999752044678,0.0075010266
SPY,call,793.0,0.043835616438356165,2026-07-02,0.135,0.13,0.14,0.17,162.0,0.11524322265625,753.489990234375,0.03634999752044678,0.0075010266
SPY,call,794.0,0.043835616438356165,2026-07-02,0.125,0.12,0.13,0.15,14.0,0.116219775390625,753.489990234375,0.03634999752044678,0.0075010266
SPY,call,796.0,0.043835616438356165,2026-07-02,0.11499999999999999,0.11,0.12,0.2,76.0,0.11963770996093749,753.489990234375,0.03634999752044678,0.0075010266
SPY,call,797.0,0.043835616438356165,2026-07-02,0.11499999999999999,0.11,0.12,0.13,36.0,0.12183495361328125,753.489990234375,0.03634999752044678,0.0075010266
SPY,call,798.0,0.043835616438356165,2026-07-02,0.10500000000000001,0.1,0.11,0.17,126.0,0.12256736816406251,753.489990234375,0.03634999752044678,0.0075010266
SPY,call,799.0,0.043835616438356165,2026-07-02,0.095,0.09,0.1,0.11,293.0,0.12329978271484376,753.489990234375,0.03634999752044678,0.0075010266
SPY,call,800.0,0.043835616438356165,2026-07-02,0.095,0.09,0.1,0.09,111.0,0.12549702636718751,753.489990234375,0.03634999752044678,0.0075010266
SPY,call,805.0,0.043835616438356165,2026-07-02,0.07500000000000001,0.07,0.08,0.1,1211.0,0.132821171875,753.489990234375,0.03634999752044678,0.0075010266
SPY,call,815.0,0.043835616438356165,2026-07-02,0.065,0.06,0.07,0.05,102.0,0.15137567382812503,753.489990234375,0.03634999752044678,0.0075010266
SPY,call,820.0,0.043835616438356165,2026-07-02,0.055,0.05,0.06,0.07,13.0,0.159188095703125,753.489990234375,0.03634999752044678,0.0075010266
SPY,call,835.0,0.043835616438356165,2026-07-02,0.045,0.04,0.05,0.04,287.0,0.18457846679687498,753.489990234375,0.03634999752044678,0.0075010266
SPY,call,840.0,0.043835616438356165,2026-07-02,0.035,0.03,0.04,0.04,287.0,0.18946123046875002,753.489990234375,0.03634999752044678,0.0075010266
SPY,call,850.0,0.043835616438356165,2026-07-02,0.035,0.03,0.04,0.04,20.0,0.20801573242187496,753.489990234375,0.03634999752044678,0.0075010266
SPY,call,855.0,0.043835616438356165,2026-07-02,0.035,0.03,0.04,0.03,13.0,0.21680470703125,753.489990234375,0.03634999752044678,0.0075010266
SPY,call,860.0,0.043835616438356165,2026-07-02,0.025,0.02,0.03,0.03,33.0,0.21973436523437498,753.489990234375,0.03634999752044678,0.0075010266
SPY,call,865.0,0.043835616438356165,2026-07-02,0.025,0.02,0.03,0.03,161.0,0.22852333984375,753.489990234375,0.03634999752044678,0.0075010266
SPY,call,870.0,0.043835616438356165,2026-07-02,0.025,0.02,0.03,0.02,10.0,0.23633576171874998,753.489990234375,0.03634999752044678,0.0075010266
SPY,call,875.0,0.043835616438356165,2026-07-02,0.025,0.02,0.03,0.03,40.0,0.245124736328125,753.489990234375,0.03634999752044678,0.0075010266
SPY,call,880.0,0.043835616438356165,2026-07-02,0.025,0.02,0.03,0.02,51.0,0.25391371093750004,753.489990234375,0.03634999752044678,0.0075010266
SPY,call,885.0,0.043835616438356165,2026-07-02,0.025,0.02,0.03,0.02,23.0,0.2617261328125,753.489990234375,0.03634999752044678,0.0075010266
SPY,call,895.0,0.043835616438356165,2026-07-02,0.015,0.01,0.02,0.03,23.0,0.26758544921875,753.489990234375,0.03634999752044678,0.0075010266
SPY,call,900.0,0.043835616438356165,2026-07-02,0.015,0.01,0.02,0.02,800.0,0.27539787109374997,753.489990234375,0.03634999752044678,0.0075010266
SPY,put,480.0,0.043835616438356165,2026-07-02,0.025,0.02,0.03,0.03,22.0,0.6796907031250001,753.489990234375,0.03634999752044678,0.0075010266
SPY,put,485.0,0.043835616438356165,2026-07-02,0.025,0.02,0.03,0.03,280.0,0.6640658593750002,753.489990234375,0.03634999752044678,0.0075010266
SPY,put,490.0,0.043835616438356165,2026-07-02,0.025,0.02,0.03,0.03,41.0,0.648441015625,753.489990234375,0.03634999752044678,0.0075010266
SPY,put,495.0,0.043835616438356165,2026-07-02,0.025,0.02,0.03,0.03,249.0,0.632816171875,753.489990234375,0.03634999752044678,0.0075010266
SPY,put,505.0,0.043835616438356165,2026-07-02,0.025,0.02,0.03,0.03,30.0,0.6054726953125001,753.489990234375,0.03634999752044678,0.0075010266
SPY,put,510.0,0.043835616438356165,2026-07-02,0.035,0.03,0.04,0.18,50.0,0.6093789062500001,753.489990234375,0.03634999752044678,0.0075010266
SPY,put,520.0,0.043835616438356165,2026-07-02,0.035,0.03,0.04,0.04,200.0,0.5820354296875,753.489990234375,0.03634999752044678,0.0075010266
SPY,put,525.0,0.043835616438356165,2026-07-02,0.035,0.03,0.04,0.04,50.0,0.5664105859375,753.489990234375,0.03634999752044678,0.0075010266
SPY,put,545.0,0.043835616438356165,2026-07-02,0.045,0.04,0.05,0.18,25.0,0.52539537109375,753.489990234375,0.03634999752044678,0.0075010266
SPY,put,550.0,0.043835616438356165,2026-07-02,0.055,0.05,0.06,0.07,20.0,0.5214891601562499,753.489990234375,0.03634999752044678,0.0075010266
SPY,put,555.0,0.043835616438356165,2026-07-02,0.055,0.05,0.06,0.05,32.0,0.507817421875,753.489990234375,0.03634999752044678,0.0075010266
SPY,put,570.0,0.043835616438356165,2026-07-02,0.065,0.06,0.07,0.06,13.0,0.477544287109375,753.489990234375,0.03634999752044678,0.0075010266
SPY,put,585.0,0.043835616438356165,2026-07-02,0.08499999999999999,0.08,0.09,0.09,32.0,0.44922425781249997,753.489990234375,0.03634999752044678,0.0075010266
SPY,put,600.0,0.043835616438356165,2026-07-02,0.10500000000000001,0.1,0.11,0.11,13.0,0.41699801757812494,753.489990234375,0.03634999752044678,0.0075010266
SPY,put,620.0,0.043835616438356165,2026-07-02,0.14500000000000002,0.14,0.15,0.18,27.0,0.375982802734375,753.489990234375,0.03634999752044678,0.0075010266
SPY,put,640.0,0.043835616438356165,2026-07-02,0.195,0.19,0.2,0.22,304.0,0.33350275878906255,753.489990234375,0.03634999752044678,0.0075010266
SPY,put,645.0,0.043835616438356165,2026-07-02,0.215,0.21,0.22,0.19,11.0,0.32349309326171866,753.489990234375,0.03634999752044678,0.0075010266
SPY,put,655.0,0.043835616438356165,2026-07-02,0.245,0.24,0.25,0.26,54.0,0.3007882421875,753.489990234375,0.03634999752044678,0.0075010266
SPY,put,657.0,0.043835616438356165,2026-07-02,0.255,0.25,0.26,0.29,146.0,0.2966378930664062,753.489990234375,0.03634999752044678,0.0075010266
SPY,put,660.0,0.043835616438356165,2026-07-02,0.275,0.27,0.28,0.25,14.0,0.2910227148437499,753.489990234375,0.03634999752044678,0.0075010266
SPY,put,665.0,0.043835616438356165,2026-07-02,0.305,0.3,0.31,0.27,17.0,0.2810130493164062,753.489990234375,0.03634999752044678,0.0075010266
SPY,put,668.0,0.043835616438356165,2026-07-02,0.315,0.31,0.32,0.35,217.0,0.27368890380859373,753.489990234375,0.03634999752044678,0.0075010266
SPY,put,669.0,0.043835616438356165,2026-07-02,0.33,0.32,0.34,0.34,150.0,0.2732006274414062,753.489990234375,0.03634999752044678,0.0075010266
SPY,put,670.0,0.043835616438356165,2026-07-02,0.335,0.33,0.34,0.35,50.0,0.27027096923828126,753.489990234375,0.03634999752044678,0.0075010266
SPY,put,674.0,0.043835616438356165,2026-07-02,0.375,0.37,0.38,0.35,42.0,0.26319096191406255,753.489990234375,0.03634999752044678,0.0075010266
SPY,put,675.0,0.043835616438356165,2026-07-02,0.375,0.37,0.38,0.39,14.0,0.2602613037109375,753.489990234375,0.03634999752044678,0.0075010266
SPY,put,676.0,0.043835616438356165,2026-07-02,0.385,0.38,0.39,0.39,22.0,0.25843026733398444,753.489990234375,0.03634999752044678,0.0075010266
SPY,put,680.0,0.043835616438356165,2026-07-02,0.425,0.42,0.43,0.39,45.0,0.25049577636718745,753.489990234375,0.03634999752044678,0.0075010266
SPY,put,681.0,0.043835616438356165,2026-07-02,0.435,0.43,0.44,0.46,49.0,0.2485426708984375,753.489990234375,0.03634999752044678,0.0075010266
SPY,put,685.0,0.043835616438356165,2026-07-02,0.475,0.47,0.48,0.42,219.0,0.2399978344726562,753.489990234375,0.03634999752044678,0.0075010266
SPY,put,690.0,0.043835616438356165,2026-07-02,0.555,0.55,0.56,0.5,77.0,0.2310867907714844,753.489990234375,0.03634999752044678,0.0075010266
SPY,put,691.0,0.043835616438356165,2026-07-02,0.575,0.57,0.58,0.55,138.0,0.229499892578125,753.489990234375,0.03634999752044678,0.0075010266
SPY,put,695.0,0.043835616438356165,2026-07-02,0.635,0.63,0.64,0.58,18.0,0.22095505615234373,753.489990234375,0.03634999752044678,0.0075010266
SPY,put,696.0,0.043835616438356165,2026-07-02,0.675,0.67,0.68,0.59,39.0,0.22046677978515622,753.489990234375,0.03634999752044678,0.0075010266
SPY,put,697.0,0.043835616438356165,2026-07-02,0.675,0.67,0.68,0.65,59.0,0.21717091430664062,753.489990234375,0.03634999752044678,0.0075010266
SPY,put,698.0,0.043835616438356165,2026-07-02,0.7,0.69,0.71,0.67,66.0,0.215828154296875,753.489990234375,0.03634999752044678,0.0075010266
SPY,put,700.0,0.043835616438356165,2026-07-02,0.76,0.75,0.77,0.78,66.0,0.21289849609375,753.489990234375,0.03634999752044678,0.0075010266
SPY,put,702.0,0.043835616438356165,2026-07-02,0.805,0.8,0.81,0.72,12.0,0.20850400878906244,753.489990234375,0.03634999752044678,0.0075010266
SPY,put,703.0,0.043835616438356165,2026-07-02,0.86,0.85,0.87,0.73,20.0,0.20838193969726557,753.489990234375,0.03634999752044678,0.0075010266
SPY,put,705.0,0.043835616438356165,2026-07-02,0.915,0.91,0.92,0.77,40.0,0.20410952148437497,753.489990234375,0.03634999752044678,0.0075010266
SPY,put,707.0,0.043835616438356165,2026-07-02,0.985,0.98,0.99,0.94,206.0,0.20069158691406247,753.489990234375,0.03634999752044678,0.0075010266
SPY,put,708.0,0.043835616438356165,2026-07-02,1.025,1.02,1.03,0.88,20.0,0.19904365417480469,753.489990234375,0.03634999752044678,0.0075010266
SPY,put,710.0,0.043835616438356165,2026-07-02,1.1150000000000002,1.11,1.12,1.02,32.0,0.19599192687988282,753.489990234375,0.03634999752044678,0.0075010266
SPY,put,712.0,0.043835616438356165,2026-07-02,1.2,1.19,1.21,1.13,13.0,0.1925739923095703,753.489990234375,0.03634999752044678,0.0075010266
SPY,put,713.0,0.043835616438356165,2026-07-02,1.23,1.22,1.24,1.26,205.0,0.19013261047363283,753.489990234375,0.03634999752044678,0.0075010266
SPY,put,715.0,0.043835616438356165,2026-07-02,1.34,1.33,1.35,1.21,97.0,0.1870198486328125,753.489990234375,0.03634999752044678,0.0075010266
SPY,put,717.0,0.043835616438356165,2026-07-02,1.46,1.45,1.47,1.32,83.0,0.18378501770019529,753.489990234375,0.03634999752044678,0.0075010266
SPY,put,719.0,0.043835616438356165,2026-07-02,1.64,1.63,1.65,1.47,21.0,0.1821370849609375,753.489990234375,0.03634999752044678,0.0075010266
SPY,put,720.0,0.043835616438356165,2026-07-02,1.67,1.66,1.68,1.67,91.0,0.17920742675781248,753.489990234375,0.03634999752044678,0.0075010266
SPY,put,721.0,0.043835616438356165,2026-07-02,1.74,1.73,1.75,1.75,49.0,0.17749845947265624,753.489990234375,0.03634999752044678,0.0075010266
SPY,put,722.0,0.043835616438356165,2026-07-02,1.82,1.81,1.83,1.62,39.0,0.17591156127929689,753.489990234375,0.03634999752044678,0.0075010266
SPY,put,723.0,0.043835616438356165,2026-07-02,1.92,1.91,1.93,1.85,53.0,0.174812939453125,753.489990234375,0.03634999752044678,0.0075010266
SPY,put,725.0,0.043835616438356165,2026-07-02,2.0999999999999996,2.09,2.11,2.14,253.0,0.17163914306640626,753.489990234375,0.03634999752044678,0.0075010266
SPY,put,726.0,0.043835616438356165,2026-07-02,2.205,2.2,2.21,2.23,193.0,0.17014379669189456,753.489990234375,0.03634999752044678,0.0075010266
SPY,put,727.0,0.043835616438356165,2026-07-02,2.33,2.32,2.34,1.96,31.0,0.1692587957763672,753.489990234375,0.03634999752044678,0.0075010266
SPY,put,728.0,0.043835616438356165,2026-07-02,2.465,2.45,2.48,2.45,79.0,0.16846534667968754,753.489990234375,0.03634999752044678,0.0075010266
SPY,put,729.0,0.043835616438356165,2026-07-02,2.54,2.53,2.55,2.45,15.0,0.16577982666015628,753.489990234375,0.03634999752044678,0.0075010266
SPY,put,730.0,0.043835616438356165,2026-07-02,2.625,2.61,2.64,2.64,116.0,0.16352154846191408,753.489990234375,0.03634999752044678,0.0075010266
SPY,put,731.0,0.043835616438356165,2026-07-02,2.7649999999999997,2.75,2.78,2.58,55.0,0.1623008575439453,753.489990234375,0.03634999752044678,0.0075010266
SPY,put,732.0,0.043835616438356165,2026-07-02,2.9299999999999997,2.92,2.94,2.81,40.0,0.1613243048095703,753.489990234375,0.03634999752044678,0.0075010266
SPY,put,735.0,0.043835616438356165,2026-07-02,3.395,3.38,3.41,3.17,27.0,0.15714343841552736,753.489990234375,0.03634999752044678,0.0075010266
SPY,put,736.0,0.043835616438356165,2026-07-02,3.545,3.53,3.56,3.18,46.0,0.15528188476562502,753.489990234375,0.03634999752044678,0.0075010266
SPY,put,737.0,0.043835616438356165,2026-07-02,3.755,3.74,3.77,3.34,756.0,0.1544274011230469,753.489990234375,0.03634999752044678,0.0075010266
SPY,put,738.0,0.043835616438356165,2026-07-02,3.9450000000000003,3.93,3.96,3.37,46.0,0.15302360656738284,753.489990234375,0.03634999752044678,0.0075010266
SPY,put,739.0,0.043835616438356165,2026-07-02,4.140000000000001,4.13,4.15,4.3,203.0,0.15140619110107423,753.489990234375,0.03634999752044678,0.0075010266
SPY,put,740.0,0.043835616438356165,2026-07-02,4.345000000000001,4.33,4.36,4.35,415.0,0.14997187927246097,753.489990234375,0.03634999752044678,0.0075010266
SPY,put,741.0,0.043835616438356165,2026-07-02,4.605,4.59,4.62,3.93,224.0,0.1492394647216797,753.489990234375,0.03634999752044678,0.0075010266
SPY,put,742.0,0.043835616438356165,2026-07-02,4.8149999999999995,4.8,4.83,4.81,37.0,0.14740842834472656,753.489990234375,0.03634999752044678,0.0075010266
SPY,put,743.0,0.043835616438356165,2026-07-02,5.01,4.99,5.03,5.09,40.0,0.14524170196533204,753.489990234375,0.03634999752044678,0.0075010266
SPY,put,744.0,0.043835616438356165,2026-07-02,5.279999999999999,5.26,5.3,5.03,86.0,0.14405152832031248,753.489990234375,0.03634999752044678,0.0075010266
SPY,put,745.0,0.043835616438356165,2026-07-02,5.5649999999999995,5.55,5.58,5.72,177.0,0.14280032012939453,753.489990234375,0.03634999752044678,0.0075010266
SPY,put,747.0,0.043835616438356165,2026-07-02,6.26,6.24,6.28,5.54,27.0,0.14185428466796873,753.489990234375,0.03634999752044678,0.0075010266
SPY,put,748.0,0.043835616438356165,2026-07-02,6.675000000000001,6.66,6.69,6.63,32.0,0.1419763537597656,753.489990234375,0.03634999752044678,0.0075010266
SPY,put,750.0,0.043835616438356165,2026-07-02,7.265,7.26,7.27,7.47,256.0,0.1376429010009766,753.489990234375,0.03634999752044678,0.0075010266
SPY,put,752.0,0.043835616438356165,2026-07-02,8.1,8.08,8.12,7.81,64.0,0.1365137619018555,753.489990234375,0.03634999752044678,0.0075010266
SPY,put,753.0,0.043835616438356165,2026-07-02,8.685,8.66,8.71,8.63,227.0,0.13807014282226562,753.489990234375,0.03634999752044678,0.0075010266
SPY,put,754.0,0.043835616438356165,2026-07-02,8.985,8.96,9.01,8.67,88.0,0.1348963464355469,753.489990234375,0.03634999752044678,0.0075010266
SPY,put,755.0,0.043835616438356165,2026-07-02,9.31,9.3,9.32,9.7,118.0,0.13160048095703125,753.489990234375,0.03634999752044678,0.0075010266
SPY,put,756.0,0.043835616438356165,2026-07-02,9.985,9.9,10.07,9.89,331.0,0.13480479461669925,753.489990234375,0.03634999752044678,0.0075010266
SPY,put,758.0,0.043835616438356165,2026-07-02,11.01,10.91,11.11,10.22,82.0,0.13327893096923826,753.489990234375,0.03634999752044678,0.0075010266
SPY,put,759.0,0.043835616438356165,2026-07-02,11.735,11.62,11.85,10.51,34.0,0.13553720916748052,753.489990234375,0.03634999752044678,0.0075010266
SPY,put,769.0,0.043835616438356165,2026-07-02,18.73,18.53,18.93,32.0,214.0,0.13984014465332031,753.489990234375,0.03634999752044678,0.0075010266
SPY,call,700.0,0.06575342465753424,2026-07-10,54.57,53.01,56.13,56.89,20.0,0.23810576354980467,753.489990234375,0.03634999752044678,0.0075010266
SPY,call,705.0,0.06575342465753424,2026-07-10,49.870000000000005,48.17,51.57,49.63,10.0,0.23230748168945312,753.489990234375,0.03634999752044678,0.0075010266
SPY,call,707.0,0.06575342465753424,2026-07-10,47.81,46.54,49.08,38.22,10.0,0.2135088415527344,753.489990234375,0.03634999752044678,0.0075010266
SPY,call,710.0,0.06575342465753424,2026-07-10,45.105,43.55,46.66,47.92,107.0,0.21707936248779297,753.489990234375,0.03634999752044678,0.0075010266
SPY,call,718.0,0.06575342465753424,2026-07-10,38.36,37.54,39.18,31.51,32.0,0.19944037872314452,753.489990234375,0.03634999752044678,0.0075010266
SPY,call,721.0,0.06575342465753424,2026-07-10,35.765,34.81,36.72,36.2,40.0,0.1985858950805664,753.489990234375,0.03634999752044678,0.0075010266
SPY,call,723.0,0.06575342465753424,2026-07-10,33.89,32.93,34.85,25.13,22.0,0.19324537231445313,753.489990234375,0.03634999752044678,0.0075010266
SPY,call,728.0,0.06575342465753424,2026-07-10,29.53,28.58,30.48,31.41,86.0,0.1842732940673828,753.489990234375,0.03634999752044678,0.0075010266
SPY,call,733.0,0.06575342465753424,2026-07-10,24.535,24.39,24.68,26.6,11.0,0.15058222473144534,753.489990234375,0.03634999752044678,0.0075010266
SPY,call,734.0,0.06575342465753424,2026-07-10,23.72,23.57,23.87,25.25,21.0,0.14954463745117189,753.489990234375,0.03634999752044678,0.0075010266
SPY,call,735.0,0.06575342465753424,2026-07-10,22.880000000000003,22.73,23.03,23.94,101.0,0.14789670471191407,753.489990234375,0.03634999752044678,0.0075010266
SPY,call,736.0,0.06575342465753424,2026-07-10,22.105,21.98,22.23,23.36,234.0,0.1467980828857422,753.489990234375,0.03634999752044678,0.0075010266
SPY,call,738.0,0.06575342465753424,2026-07-10,20.59,20.45,20.73,21.9,35.0,0.14563842651367187,753.489990234375,0.03634999752044678,0.0075010266
SPY,call,739.0,0.06575342465753424,2026-07-10,19.86,19.73,19.99,21.07,55.0,0.14496704650878905,753.489990234375,0.03634999752044678,0.0075010266
SPY,call,740.0,0.06575342465753424,2026-07-10,19.04,18.92,19.16,19.5,14.0,0.14283083740234376,753.489990234375,0.03634999752044678,0.0075010266
SPY,call,741.0,0.06575342465753424,2026-07-10,18.24,18.15,18.33,19.13,126.0,0.14060307647705078,753.489990234375,0.03634999752044678,0.0075010266
SPY,call,742.0,0.06575342465753424,2026-07-10,17.625,17.52,17.73,18.43,13.0,0.1414575601196289,753.489990234375,0.03634999752044678,0.0075010266
SPY,call,742.5,0.06575342465753424,2026-07-10,17.085,16.95,17.22,18.01,126.0,0.13890936782836916,753.489990234375,0.03634999752044678,0.0075010266
SPY,call,743.0,0.06575342465753424,2026-07-10,16.79,16.67,16.91,18.02,54.0,0.13910773010253907,753.489990234375,0.03634999752044678,0.0075010266
SPY,call,745.0,0.06575342465753424,2026-07-10,15.5,15.37,15.63,15.36,66.0,0.1388025573730469,753.489990234375,0.03634999752044678,0.0075010266
SPY,call,746.0,0.06575342465753424,2026-07-10,14.815000000000001,14.72,14.91,15.58,10.0,0.1373377282714844,753.489990234375,0.03634999752044678,0.0075010266
SPY,call,747.0,0.06575342465753424,2026-07-10,13.92,13.79,14.05,15.31,154.0,0.13385875915527345,753.489990234375,0.03634999752044678,0.0075010266
SPY,call,747.5,0.06575342465753424,2026-07-10,13.725000000000001,13.63,13.82,16.26,17.0,0.13468272552490235,753.489990234375,0.03634999752044678,0.0075010266
SPY,call,750.0,0.06575342465753424,2026-07-10,12.129999999999999,12.04,12.22,11.89,44.0,0.13224134368896484,753.489990234375,0.03634999752044678,0.0075010266
SPY,call,751.0,0.06575342465753424,2026-07-10,11.43,11.41,11.45,11.4,242.0,0.12928116821289062,753.489990234375,0.03634999752044678,0.0075010266
SPY,call,753.0,0.06575342465753424,2026-07-10,10.219999999999999,10.2,10.24,10.14,79.0,0.12703814865112306,753.489990234375,0.03634999752044678,0.0075010266
SPY,call,754.0,0.06575342465753424,2026-07-10,9.57,9.55,9.59,9.57,518.0,0.12503926727294923,753.489990234375,0.03634999752044678,0.0075010266
SPY,call,755.0,0.06575342465753424,2026-07-10,9.02,9.0,9.04,9.11,677.0,0.12412374908447266,753.489990234375,0.03634999752044678,0.0075010266
SPY,call,756.0,0.06575342465753424,2026-07-10,8.559999999999999,8.54,8.58,8.47,607.0,0.12412374908447266,753.489990234375,0.03634999752044678,0.0075010266
SPY,call,757.0,0.06575342465753424,2026-07-10,8.11,8.09,8.13,8.02,31.0,0.12406271453857423,753.489990234375,0.03634999752044678,0.0075010266
SPY,call,757.5,0.06575342465753424,2026-07-10,7.869999999999999,7.85,7.89,7.76,50.0,0.12375754180908202,753.489990234375,0.03634999752044678,0.0075010266
SPY,call,758.0,0.06575342465753424,2026-07-10,7.484999999999999,7.47,7.5,8.02,10.0,0.12146874633789062,753.489990234375,0.03634999752044678,0.0075010266
SPY,call,759.0,0.06575342465753424,2026-07-10,6.965,6.95,6.98,7.04,60.0,0.12006495178222655,753.489990234375,0.03634999752044678,0.0075010266
SPY,call,760.0,0.06575342465753424,2026-07-10,6.654999999999999,6.64,6.67,6.59,677.0,0.12116357360839844,753.489990234375,0.03634999752044678,0.0075010266
SPY,call,761.0,0.06575342465753424,2026-07-10,6.234999999999999,6.22,6.25,6.14,98.0,0.1206142626953125,753.489990234375,0.03634999752044678,0.0075010266
SPY,call,762.0,0.06575342465753424,2026-07-10,5.6850000000000005,5.67,5.7,5.72,67.0,0.11811184631347656,753.489990234375,0.03634999752044678,0.0075010266
SPY,call,762.5,0.06575342465753424,2026-07-10,5.5649999999999995,5.55,5.58,6.5,74.0,0.1188442608642578,753.489990234375,0.03634999752044678,0.0075010266
SPY,call,763.0,0.06575342465753424,2026-07-10,5.324999999999999,5.31,5.34,5.32,109.0,0.11789822540283201,753.489990234375,0.03634999752044678,0.0075010266
SPY,call,764.0,0.06575342465753424,2026-07-10,5.005,4.99,5.02,5.3,66.0,0.11802029449462889,753.489990234375,0.03634999752044678,0.0075010266
SPY,call,765.0,0.06575342465753424,2026-07-10,4.574999999999999,4.56,4.59,4.54,311.0,0.1163723617553711,753.489990234375,0.03634999752044678,0.0075010266
SPY,call,766.0,0.06575342465753424,2026-07-10,4.255,4.24,4.27,4.21,13.0,0.11600615447998047,753.489990234375,0.03634999752044678,0.0075010266
SPY,call,767.0,0.06575342465753424,2026-07-10,3.965,3.95,3.98,3.94,14.0,0.1158840853881836,753.489990234375,0.03634999752044678,0.0075010266
SPY,call,768.0,0.06575342465753424,2026-07-10,3.66,3.65,3.67,3.58,19.0,0.11521270538330078,753.489990234375,0.03634999752044678,0.0075010266
SPY,call,769.0,0.06575342465753424,2026-07-10,3.3449999999999998,3.33,3.36,3.31,23.0,0.11429718719482423,753.489990234375,0.03634999752044678,0.0075010266
SPY,call,770.0,0.06575342465753424,2026-07-10,3.09,3.08,3.1,3.01,313.0,0.1139309799194336,753.489990234375,0.03634999752044678,0.0075010266
SPY,call,771.0,0.06575342465753424,2026-07-10,2.815,2.8,2.83,2.79,129.0,0.1131070135498047,753.489990234375,0.03634999752044678,0.0075010266
SPY,call,773.0,0.06575342465753424,2026-07-10,2.355,2.34,2.37,2.33,136.0,0.11209994354248046,753.489990234375,0.03634999752044678,0.0075010266
SPY,call,774.0,0.06575342465753424,2026-07-10,2.1399999999999997,2.13,2.15,2.37,29.0,0.11136752899169922,753.489990234375,0.03634999752044678,0.0075010266
SPY,call,775.0,0.06575342465753424,2026-07-10,1.92,1.91,1.93,1.95,579.0,0.11036045898437499,753.489990234375,0.03634999752044678,0.0075010266
SPY,call,777.0,0.06575342465753424,2026-07-10,1.605,1.59,1.62,1.9,15.0,0.11017735534667968,753.489990234375,0.03634999752044678,0.0075010266
SPY,call,780.0,0.06575342465753424,2026-07-10,1.2349999999999999,1.23,1.24,1.23,709.0,0.11011632080078124,753.489990234375,0.03634999752044678,0.0075010266
SPY,call,781.0,0.06575342465753424,2026-07-10,1.11,1.1,1.12,1.06,10.0,0.10981114807128906,753.489990234375,0.03634999752044678,0.0075010266
SPY,call,784.0,0.06575342465753424,2026-07-10,0.83,0.82,0.84,0.81,16.0,0.10968907897949219,753.489990234375,0.03634999752044678,0.0075010266
SPY,call,785.0,0.06575342465753424,2026-07-10,0.74,0.73,0.75,0.8,15.0,0.10926183715820312,753.489990234375,0.03634999752044678,0.0075010266
SPY,call,787.0,0.06575342465753424,2026-07-10,0.615,0.61,0.62,0.78,61.0,0.10950597534179687,753.489990234375,0.03634999752044678,0.0075010266
SPY,call,788.0,0.06575342465753424,2026-07-10,0.54,0.53,0.55,0.72,15.0,0.10901769897460936,753.489990234375,0.03634999752044678,0.0075010266
SPY,call,789.0,0.06575342465753424,2026-07-10,0.5,0.49,0.51,0.85,27.0,0.10968907897949219,753.489990234375,0.03634999752044678,0.0075010266
SPY,call,790.0,0.06575342465753424,2026-07-10,0.46499999999999997,0.46,0.47,0.48,36.0,0.11023838989257811,753.489990234375,0.03634999752044678,0.0075010266
SPY,call,793.0,0.06575342465753424,2026-07-10,0.35,0.34,0.36,0.52,36.0,0.11133701171874999,753.489990234375,0.03634999752044678,0.0075010266
SPY,call,797.0,0.06575342465753424,2026-07-10,0.255,0.25,0.26,0.27,13.0,0.11341218627929686,753.489990234375,0.03634999752044678,0.0075010266
SPY,call,799.0,0.06575342465753424,2026-07-10,0.225,0.22,0.23,0.33,183.0,0.11524322265625,753.489990234375,0.03634999752044678,0.0075010266
SPY,call,800.0,0.06575342465753424,2026-07-10,0.215,0.21,0.22,0.21,49.0,0.11646391357421876,753.489990234375,0.03634999752044678,0.0075010266
SPY,call,805.0,0.06575342465753424,2026-07-10,0.155,0.15,0.16,0.17,103.0,0.12037012451171875,753.489990234375,0.03634999752044678,0.0075010266
SPY,call,825.0,0.06575342465753424,2026-07-10,0.08499999999999999,0.08,0.09,0.1,167.0,0.14624877197265623,753.489990234375,0.03634999752044678,0.0075010266
SPY,call,830.0,0.06575342465753424,2026-07-10,0.07500000000000001,0.07,0.08,0.09,181.0,0.15235222656250003,753.489990234375,0.03634999752044678,0.0075010266
SPY,call,840.0,0.06575342465753424,2026-07-10,0.065,0.06,0.07,0.07,412.0,0.16651224121093755,753.489990234375,0.03634999752044678,0.0075010266
SPY,call,845.0,0.06575342465753424,2026-07-10,0.055,0.05,0.06,0.07,50.0,0.1713950048828125,753.489990234375,0.03634999752044678,0.0075010266
SPY,call,850.0,0.06575342465753424,2026-07-10,0.055,0.05,0.06,0.07,285.0,0.178719150390625,753.489990234375,0.03634999752044678,0.0075010266
SPY,call,860.0,0.06575342465753424,2026-07-10,0.045,0.04,0.05,0.04,17.0,0.19043778320312502,753.489990234375,0.03634999752044678,0.0075010266
SPY,call,865.0,0.06575342465753424,2026-07-10,0.035,0.03,0.04,0.03,57.0,0.19336744140625,753.489990234375,0.03634999752044678,0.0075010266
SPY,call,870.0,0.06575342465753424,2026-07-10,0.035,0.03,0.04,0.03,23.0,0.20117986328124998,753.489990234375,0.03634999752044678,0.0075010266
SPY,call,875.0,0.06575342465753424,2026-07-10,0.035,0.03,0.04,0.03,41.0,0.20801573242187496,753.489990234375,0.03634999752044678,0.0075010266
SPY,call,885.0,0.06575342465753424,2026-07-10,0.03,0.02,0.04,0.03,100.0,0.22168747070312497,753.489990234375,0.03634999752044678,0.0075010266
SPY,call,890.0,0.06575342465753424,2026-07-10,0.025,0.02,0.03,0.03,220.0,0.22266402343749997,753.489990234375,0.03634999752044678,0.0075010266
SPY,call,895.0,0.06575342465753424,2026-07-10,0.025,0.02,0.03,0.03,21.0,0.229499892578125,753.489990234375,0.03634999752044678,0.0075010266
SPY,put,450.0,0.06575342465753424,2026-07-10,0.035,0.03,0.04,0.03,11.0,0.6523472265625001,753.489990234375,0.03634999752044678,0.0075010266
SPY,put,460.0,0.06575342465753424,2026-07-10,0.035,0.03,0.04,0.04,44.0,0.6250037500000001,753.489990234375,0.03634999752044678,0.0075010266
SPY,put,465.0,0.06575342465753424,2026-07-10,0.035,0.03,0.04,0.04,15.0,0.6132851171875001,753.489990234375,0.03634999752044678,0.0075010266
SPY,put,470.0,0.06575342465753424,2026-07-10,0.035,0.03,0.04,0.04,200.0,0.6015664843750002,753.489990234375,0.03634999752044678,0.0075010266
SPY,put,480.0,0.06575342465753424,2026-07-10,0.045,0.04,0.05,0.05,10.0,0.58789474609375,753.489990234375,0.03634999752044678,0.0075010266
SPY,put,490.0,0.06575342465753424,2026-07-10,0.045,0.04,0.05,0.05,627.0,0.5625043750000001,753.489990234375,0.03634999752044678,0.0075010266
SPY,put,495.0,0.06575342465753424,2026-07-10,0.055,0.05,0.06,0.05,598.0,0.56055126953125,753.489990234375,0.03634999752044678,0.0075010266
SPY,put,500.0,0.06575342465753424,2026-07-10,0.055,0.05,0.06,0.06,20.0,0.5488326367187502,753.489990234375,0.03634999752044678,0.0075010266
SPY,put,505.0,0.06575342465753424,2026-07-10,0.065,0.06,0.07,0.32,141.0,0.5449264257812501,753.489990234375,0.03634999752044678,0.0075010266
SPY,put,530.0,0.06575342465753424,2026-07-10,0.08499999999999999,0.08,0.09,0.1,15.0,0.500005,753.489990234375,0.03634999752044678,0.0075010266
SPY,put,595.0,0.06575342465753424,2026-07-10,0.215,0.21,0.22,0.25,10.0,0.3857483300781249,753.489990234375,0.03634999752044678,0.0075010266
SPY,put,600.0,0.06575342465753424,2026-07-10,0.225,0.22,0.23,0.25,132.0,0.3754945263671875,753.489990234375,0.03634999752044678,0.0075010266
SPY,put,605.0,0.06575342465753424,2026-07-10,0.235,0.23,0.24,0.25,315.0,0.3654848608398438,753.489990234375,0.03634999752044678,0.0075010266
SPY,put,610.0,0.06575342465753424,2026-07-10,0.255,0.25,0.26,0.25,63.0,0.3569400244140625,753.489990234375,0.03634999752044678,0.0075010266
SPY,put,615.0,0.06575342465753424,2026-07-10,0.275,0.27,0.28,0.28,26.0,0.34839518798828123,753.489990234375,0.03634999752044678,0.0075010266
SPY,put,620.0,0.06575342465753424,2026-07-10,0.295,0.29,0.3,0.3,311.0,0.3393620751953125,753.489990234375,0.03634999752044678,0.0075010266
SPY,put,635.0,0.06575342465753424,2026-07-10,0.365,0.36,0.37,0.38,52.0,0.31201859863281245,753.489990234375,0.03634999752044678,0.0075010266
SPY,put,640.0,0.06575342465753424,2026-07-10,0.395,0.39,0.4,0.35,74.0,0.30322962402343745,753.489990234375,0.03634999752044678,0.0075010266
SPY,put,645.0,0.06575342465753424,2026-07-10,0.425,0.42,0.43,0.45,103.0,0.29395237304687494,753.489990234375,0.03634999752044678,0.0075010266
SPY,put,655.0,0.06575342465753424,2026-07-10,0.485,0.48,0.49,0.49,36.0,0.2745433874511719,753.489990234375,0.03634999752044678,0.0075010266
SPY,put,660.0,0.06575342465753424,2026-07-10,0.525,0.52,0.53,0.48,82.0,0.26538820556640624,753.489990234375,0.03634999752044678,0.0075010266
SPY,put,665.0,0.06575342465753424,2026-07-10,0.575,0.57,0.58,0.51,553.0,0.2564771618652344,753.489990234375,0.03634999752044678,0.0075010266
SPY,put,675.0,0.06575342465753424,2026-07-10,0.71,0.7,0.72,0.63,19.0,0.23987576538085933,753.489990234375,0.03634999752044678,0.0075010266
SPY,put,678.0,0.06575342465753424,2026-07-10,0.755,0.75,0.76,0.75,41.0,0.2342605871582031,753.489990234375,0.03634999752044678,0.0075010266
SPY,put,679.0,0.06575342465753424,2026-07-10,0.755,0.75,0.76,0.79,18.0,0.23157506713867188,753.489990234375,0.03634999752044678,0.0075010266
SPY,put,680.0,0.06575342465753424,2026-07-10,0.795,0.79,0.8,0.79,25.0,0.23120885986328127,753.489990234375,0.03634999752044678,0.0075010266
SPY,put,681.0,0.06575342465753424,2026-07-10,0.795,0.79,0.8,0.87,35.0,0.22852333984375,753.489990234375,0.03634999752044678,0.0075010266
SPY,put,683.0,0.06575342465753424,2026-07-10,0.845,0.84,0.85,0.9,28.0,0.22583781982421874,753.489990234375,0.03634999752044678,0.0075010266
SPY,put,685.0,0.06575342465753424,2026-07-10,0.885,0.88,0.89,0.78,538.0,0.2224198852539062,753.489990234375,0.03634999752044678,0.0075010266
SPY,put,689.0,0.06575342465753424,2026-07-10,0.99,0.98,1.0,1.0,42.0,0.2166826379394531,753.489990234375,0.03634999752044678,0.0075010266
SPY,put,690.0,0.06575342465753424,2026-07-10,0.995,0.99,1.0,1.02,29.0,0.213875048828125,753.489990234375,0.03634999752044678,0.0075010266
SPY,put,691.0,0.06575342465753424,2026-07-10,1.04,1.03,1.05,0.96,12.0,0.21332573791503906,753.489990234375,0.03634999752044678,0.0075010266
SPY,put,695.0,0.06575342465753424,2026-07-10,1.165,1.16,1.17,1.01,22.0,0.2069781451416015,753.489990234375,0.03634999752044678,0.0075010266
SPY,put,696.0,0.06575342465753424,2026-07-10,1.19,1.18,1.2,1.16,91.0,0.20526917785644527,753.489990234375,0.03634999752044678,0.0075010266
SPY,put,697.0,0.06575342465753424,2026-07-10,1.24,1.23,1.25,1.19,13.0,0.2043536596679687,753.489990234375,0.03634999752044678,0.0075010266
SPY,put,698.0,0.06575342465753424,2026-07-10,1.2850000000000001,1.28,1.29,1.23,86.0,0.20288883056640622,753.489990234375,0.03634999752044678,0.0075010266
SPY,put,700.0,0.06575342465753424,2026-07-10,1.36,1.35,1.37,1.35,159.0,0.1998981378173828,753.489990234375,0.03634999752044678,0.0075010266
SPY,put,704.0,0.06575342465753424,2026-07-10,1.51,1.5,1.52,1.47,38.0,0.19300123413085937,753.489990234375,0.03634999752044678,0.0075010266
SPY,put,705.0,0.06575342465753424,2026-07-10,1.58,1.57,1.59,1.59,33.0,0.1922077850341797,753.489990234375,0.03634999752044678,0.0075010266
SPY,put,708.0,0.06575342465753424,2026-07-10,1.72,1.71,1.73,1.5,10.0,0.1871419177246094,753.489990234375,0.03634999752044678,0.0075010266
SPY,put,710.0,0.06575342465753424,2026-07-10,1.87,1.86,1.88,1.89,58.0,0.18512777770996092,753.489990234375,0.03634999752044678,0.0075010266
SPY,put,713.0,0.06575342465753424,2026-07-10,2.0599999999999996,2.05,2.07,1.95,32.0,0.1805501867675781,753.489990234375,0.03634999752044678,0.0075010266
SPY,put,714.0,0.06575342465753424,2026-07-10,2.1399999999999997,2.13,2.15,2.08,13.0,0.17932949584960936,753.489990234375,0.03634999752044678,0.0075010266
SPY,put,715.0,0.06575342465753424,2026-07-10,2.1900000000000004,2.18,2.2,2.24,28.0,0.17728483856201172,753.489990234375,0.03634999752044678,0.0075010266
SPY,put,717.0,0.06575342465753424,2026-07-10,2.4050000000000002,2.39,2.42,2.4,12.0,0.17585052673339846,753.489990234375,0.03634999752044678,0.0075010266
SPY,put,719.0,0.06575342465753424,2026-07-10,2.59,2.58,2.6,2.54,147.0,0.17310397216796874,753.489990234375,0.03634999752044678,0.0075010266
SPY,put,720.0,0.06575342465753424,2026-07-10,2.62,2.61,2.63,2.46,519.0,0.17029638305664066,753.489990234375,0.03634999752044678,0.0075010266
SPY,put,721.0,0.06575342465753424,2026-07-10,2.74,2.73,2.75,2.77,13.0,0.16938086486816406,753.489990234375,0.03634999752044678,0.0075010266
SPY,put,723.0,0.06575342465753424,2026-07-10,2.9699999999999998,2.96,2.98,2.91,22.0,0.16700051757812504,753.489990234375,0.03634999752044678,0.0075010266
SPY,put,725.0,0.06575342465753424,2026-07-10,3.24,3.23,3.25,3.07,44.0,0.165047412109375,753.489990234375,0.03634999752044678,0.0075010266
SPY,put,726.0,0.06575342465753424,2026-07-10,3.3099999999999996,3.3,3.32,3.18,36.0,0.16266706481933596,753.489990234375,0.03634999752044678,0.0075010266
SPY,put,729.0,0.06575342465753424,2026-07-10,3.775,3.76,3.79,3.75,25.0,0.15979844116210937,753.489990234375,0.03634999752044678,0.0075010266
SPY,put,730.0,0.06575342465753424,2026-07-10,3.83,3.82,3.84,3.93,83.0,0.15674671386718753,753.489990234375,0.03634999752044678,0.0075010266
SPY,put,732.0,0.06575342465753424,2026-07-10,4.245,4.23,4.26,3.94,20.0,0.15589223022460938,753.489990234375,0.03634999752044678,0.0075010266
SPY,put,734.0,0.06575342465753424,2026-07-10,4.55,4.54,4.56,3.98,91.0,0.1525048129272461,753.489990234375,0.03634999752044678,0.0075010266
SPY,put,735.0,0.06575342465753424,2026-07-10,4.705,4.69,4.72,4.86,106.0,0.1508263629150391,753.489990234375,0.03634999752044678,0.0075010266
SPY,put,737.0,0.06575342465753424,2026-07-10,5.135,5.12,5.15,5.23,18.0,0.14878170562744142,753.489990234375,0.03634999752044678,0.0075010266
SPY,put,740.0,0.06575342465753424,2026-07-10,5.795,5.78,5.81,5.89,51.0,0.14493652923583983,753.489990234375,0.03634999752044678,0.0075010266
SPY,put,741.0,0.06575342465753424,2026-07-10,6.055,6.04,6.07,5.89,19.0,0.1439294592285156,753.489990234375,0.03634999752044678,0.0075010266
SPY,put,742.0,0.06575342465753424,2026-07-10,6.390000000000001,6.37,6.41,6.36,74.0,0.1438989419555664,753.489990234375,0.03634999752044678,0.0075010266
SPY,put,743.0,0.06575342465753424,2026-07-10,6.51,6.49,6.53,6.56,15.0,0.14067936965942385,753.489990234375,0.03634999752044678,0.0075010266
SPY,put,744.0,0.06575342465753424,2026-07-10,6.9350000000000005,6.92,6.95,6.93,11.0,0.1414270428466797,753.489990234375,0.03634999752044678,0.0075010266
SPY,put,745.0,0.06575342465753424,2026-07-10,7.24,7.22,7.26,7.28,115.0,0.14048100738525393,753.489990234375,0.03634999752044678,0.0075010266
SPY,put,747.0,0.06575342465753424,2026-07-10,7.789999999999999,7.77,7.81,7.85,210.0,0.13721565917968753,753.489990234375,0.03634999752044678,0.0075010266
SPY,put,750.0,0.06575342465753424,2026-07-10,8.79,8.77,8.81,8.94,193.0,0.13333996551513672,753.489990234375,0.03634999752044678,0.0075010266
SPY,put,751.0,0.06575342465753424,2026-07-10,9.274999999999999,9.26,9.29,8.72,108.0,0.13358410369873047,753.489990234375,0.03634999752044678,0.0075010266
SPY,put,752.0,0.06575342465753424,2026-07-10,9.55,9.53,9.57,8.66,15.0,0.1310664286804199,753.489990234375,0.03634999752044678,0.0075010266
SPY,put,752.5,0.06575342465753424,2026-07-10,9.805,9.79,9.82,10.01,118.0,0.13114272186279297,753.489990234375,0.03634999752044678,0.0075010266
SPY,put,753.0,0.06575342465753424,2026-07-10,9.969999999999999,9.95,9.99,10.22,38.0,0.13016616912841794,753.489990234375,0.03634999752044678,0.0075010266
SPY,put,754.0,0.06575342465753424,2026-07-10,10.455,10.43,10.48,10.5,129.0,0.1299525482177734,753.489990234375,0.03634999752044678,0.0075010266
SPY,put,755.0,0.06575342465753424,2026-07-10,11.01,10.98,11.04,11.04,96.0,0.1304103073120117,753.489990234375,0.03634999752044678,0.0075010266
SPY,put,756.0,0.06575342465753424,2026-07-10,11.365,11.35,11.38,11.47,14.0,0.1279078909301758,753.489990234375,0.03634999752044678,0.0075010266
SPY,put,757.0,0.06575342465753424,2026-07-10,12.075,11.97,12.18,11.14,32.0,0.1310511700439453,753.489990234375,0.03634999752044678,0.0075010266
SPY,put,757.5,0.06575342465753424,2026-07-10,12.335,12.23,12.44,11.52,189.0,0.1307765145874023,753.489990234375,0.03634999752044678,0.0075010266
SPY,put,758.0,0.06575342465753424,2026-07-10,12.559999999999999,12.45,12.67,11.77,146.0,0.1300441000366211,753.489990234375,0.03634999752044678,0.0075010266
SPY,put,760.0,0.06575342465753424,2026-07-10,13.705,13.59,13.82,13.6,58.0,0.12961685821533203,753.489990234375,0.03634999752044678,0.0075010266
SPY,put,762.0,0.06575342465753424,2026-07-10,14.8,14.69,14.91,13.47,10.0,0.12757220092773439,753.489990234375,0.03634999752044678,0.0075010266
SPY,put,768.0,0.06575342465753424,2026-07-10,18.7,18.56,18.84,32.69,11.0,0.12528340545654298,753.489990234375,0.03634999752044678,0.0075010266
SPY,call,370.0,0.08493150684931507,2026-07-17,369.53999999999996,368.15,370.93,355.11,10.0,1.0000000000000003e-05,753.489990234375,0.03634999752044678,0.0075010266
SPY,call,375.0,0.08493150684931507,2026-07-17,364.55,363.16,365.94,358.95,13.0,1.0000000000000003e-05,753.489990234375,0.03634999752044678,0.0075010266
SPY,call,525.0,0.08493150684931507,2026-07-17,227.88,226.36,229.4,218.3,37.0,0.6022988989257814,753.489990234375,0.03634999752044678,0.0075010266
SPY,call,575.0,0.08493150684931507,2026-07-17,178.38,176.69,180.07,182.32,20.0,0.516606396484375,753.489990234375,0.03634999752044678,0.0075010266
SPY,call,595.0,0.08493150684931507,2026-07-17,158.73000000000002,156.97,160.49,142.08,20.0,0.4834646380615235,753.489990234375,0.03634999752044678,0.0075010266
SPY,call,600.0,0.08493150684931507,2026-07-17,153.59,151.86,155.32,156.07,23.0,0.46094289062500005,753.489990234375,0.03634999752044678,0.0075010266
SPY,call,630.0,0.08493150684931507,2026-07-17,124.175,122.55,125.8,127.39,13.0,0.39838248107910157,753.489990234375,0.03634999752044678,0.0075010266
SPY,call,645.0,0.08493150684931507,2026-07-17,109.04499999999999,107.35,110.74,110.75,20.0,0.3541324353027343,753.489990234375,0.03634999752044678,0.0075010266
SPY,call,650.0,0.08493150684931507,2026-07-17,104.12,102.45,105.79,106.62,29.0,0.3419865606689453,753.489990234375,0.03634999752044678,0.0075010266
SPY,call,665.0,0.08493150684931507,2026-07-17,89.265,87.63,90.9,91.97,21.0,0.3036568658447265,753.489990234375,0.03634999752044678,0.0075010266
SPY,call,670.0,0.08493150684931507,2026-07-17,84.735,82.99,86.48,86.32,24.0,0.3064034204101562,753.489990234375,0.03634999752044678,0.0075010266
SPY,call,680.0,0.08493150684931507,2026-07-17,74.83,73.24,76.42,75.01,11.0,0.27558097473144527,753.489990234375,0.03634999752044678,0.0075010266
SPY,call,685.0,0.08493150684931507,2026-07-17,70.035,68.64,71.43,73.72,17.0,0.2612378564453125,753.489990234375,0.03634999752044678,0.0075010266
SPY,call,700.0,0.08493150684931507,2026-07-17,55.7,54.07,57.33,57.18,20.0,0.23612214080810545,753.489990234375,0.03634999752044678,0.0075010266
SPY,call,703.0,0.08493150684931507,2026-07-17,53.0,51.55,54.45,53.0,36.0,0.22907265075683597,753.489990234375,0.03634999752044678,0.0075010266
SPY,call,705.0,0.08493150684931507,2026-07-17,50.955,49.39,52.52,53.23,29.0,0.224067817993164,753.489990234375,0.03634999752044678,0.0075010266
SPY,call,709.0,0.08493150684931507,2026-07-17,48.025000000000006,47.06,48.99,35.94,101.0,0.21985643432617186,753.489990234375,0.03634999752044678,0.0075010266
SPY,call,710.0,0.08493150684931507,2026-07-17,47.239999999999995,46.26,48.22,46.52,28.0,0.2206193661499023,753.489990234375,0.03634999752044678,0.0075010266
SPY,call,718.0,0.08493150684931507,2026-07-17,40.06,39.13,40.99,41.73,127.0,0.20603210968017577,753.489990234375,0.03634999752044678,0.0075010266
SPY,call,728.0,0.08493150684931507,2026-07-17,30.555,30.42,30.69,32.16,44.0,0.16571879211425783,753.489990234375,0.03634999752044678,0.0075010266
SPY,call,730.0,0.08493150684931507,2026-07-17,28.86,28.72,29.0,28.63,66.0,0.16281965118408204,753.489990234375,0.03634999752044678,0.0075010266
SPY,call,732.0,0.08493150684931507,2026-07-17,27.405,27.27,27.54,28.82,56.0,0.16274335800170897,753.489990234375,0.03634999752044678,0.0075010266
SPY,call,734.0,0.08493150684931507,2026-07-17,25.75,25.57,25.93,27.39,57.0,0.16019516571044923,753.489990234375,0.03634999752044678,0.0075010266
SPY,call,735.0,0.08493150684931507,2026-07-17,24.895,24.81,24.98,25.12,1020.0,0.1568687829589844,753.489990234375,0.03634999752044678,0.0075010266
SPY,call,738.0,0.08493150684931507,2026-07-17,22.575,22.47,22.68,22.83,20.0,0.15360343475341798,753.489990234375,0.03634999752044678,0.0075010266
SPY,call,740.0,0.08493150684931507,2026-07-17,21.09,20.93,21.25,21.43,130.0,0.15219964019775395,753.489990234375,0.03634999752044678,0.0075010266
SPY,call,741.0,0.08493150684931507,2026-07-17,20.33,20.23,20.43,20.08,11.0,0.1500329138183594,753.489990234375,0.03634999752044678,0.0075010266
SPY,call,742.0,0.08493150684931507,2026-07-17,19.66,19.57,19.75,20.94,80.0,0.14945308563232423,753.489990234375,0.03634999752044678,0.0075010266
SPY,call,743.0,0.08493150684931507,2026-07-17,18.869999999999997,18.75,18.99,18.86,106.0,0.14780515289306645,753.489990234375,0.03634999752044678,0.0075010266
SPY,call,745.0,0.08493150684931507,2026-07-17,17.5,17.38,17.62,17.38,994.0,0.14597411651611325,753.489990234375,0.03634999752044678,0.0075010266
SPY,call,746.0,0.08493150684931507,2026-07-17,16.770000000000003,16.67,16.87,17.96,97.0,0.14409730422973632,753.489990234375,0.03634999752044678,0.0075010266
SPY,call,747.0,0.08493150684931507,2026-07-17,16.115000000000002,16.03,16.2,17.47,109.0,0.1430444583129883,753.489990234375,0.03634999752044678,0.0075010266
SPY,call,748.0,0.08493150684931507,2026-07-17,15.245000000000001,15.16,15.33,16.81,295.0,0.13956548919677736,753.489990234375,0.03634999752044678,0.0075010266
SPY,call,750.0,0.08493150684931507,2026-07-17,14.184999999999999,14.12,14.25,14.06,1527.0,0.1397943687438965,753.489990234375,0.03634999752044678,0.0075010266
SPY,call,751.0,0.08493150684931507,2026-07-17,13.565000000000001,13.49,13.64,14.39,11.0,0.13889410919189454,753.489990234375,0.03634999752044678,0.0075010266
SPY,call,752.0,0.08493150684931507,2026-07-17,12.815000000000001,12.8,12.83,12.82,151.0,0.13559824371337892,753.489990234375,0.03634999752044678,0.0075010266
SPY,call,753.0,0.08493150684931507,2026-07-17,12.225000000000001,12.21,12.24,12.09,187.0,0.13465220825195315,753.489990234375,0.03634999752044678,0.0075010266
SPY,call,754.0,0.08493150684931507,2026-07-17,11.665,11.65,11.68,11.65,921.0,0.13388927642822268,753.489990234375,0.03634999752044678,0.0075010266
SPY,call,755.0,0.08493150684931507,2026-07-17,11.1,11.08,11.12,11.1,2960.0,0.1329737582397461,753.489990234375,0.03634999752044678,0.0075010266
SPY,call,756.0,0.08493150684931507,2026-07-17,10.594999999999999,10.58,10.61,10.5,1580.0,0.1324854818725586,753.489990234375,0.03634999752044678,0.0075010266
SPY,call,757.0,0.08493150684931507,2026-07-17,10.105,10.09,10.12,9.95,359.0,0.13205824005126954,753.489990234375,0.03634999752044678,0.0075010266
SPY,call,758.0,0.08493150684931507,2026-07-17,9.575,9.56,9.59,9.48,66.0,0.13102065277099606,753.489990234375,0.03634999752044678,0.0075010266
SPY,call,759.0,0.08493150684931507,2026-07-17,8.885000000000002,8.88,8.89,8.87,100.0,0.12787737365722657,753.489990234375,0.03634999752044678,0.0075010266
SPY,call,760.0,0.08493150684931507,2026-07-17,8.52,8.5,8.54,8.45,1209.0,0.12856401229858394,753.489990234375,0.03634999752044678,0.0075010266
SPY,call,761.0,0.08493150684931507,2026-07-17,8.1,8.09,8.11,8.11,221.0,0.12818254638671872,753.489990234375,0.03634999752044678,0.0075010266
SPY,call,762.0,0.08493150684931507,2026-07-17,7.63,7.62,7.64,7.56,330.0,0.12717547637939453,753.489990234375,0.03634999752044678,0.0075010266
SPY,call,763.0,0.08493150684931507,2026-07-17,7.1850000000000005,7.17,7.2,7.1,223.0,0.12633625137329102,753.489990234375,0.03634999752044678,0.0075010266
SPY,call,764.0,0.08493150684931507,2026-07-17,6.705,6.69,6.72,6.56,189.0,0.1248561636352539,753.489990234375,0.03634999752044678,0.0075010266
SPY,call,765.0,0.08493150684931507,2026-07-17,6.23,6.22,6.24,6.25,205.0,0.12316245498657227,753.489990234375,0.03634999752044678,0.0075010266
SPY,call,766.0,0.08493150684931507,2026-07-17,5.855,5.85,5.86,6.64,315.0,0.12250633361816407,753.489990234375,0.03634999752044678,0.0075010266
SPY,call,767.0,0.08493150684931507,2026-07-17,5.595000000000001,5.58,5.61,5.5,151.0,0.12326926544189454,753.489990234375,0.03634999752044678,0.0075010266
SPY,call,768.0,0.08493150684931507,2026-07-17,5.245,5.23,5.26,5.2,203.0,0.12265891998291016,753.489990234375,0.03634999752044678,0.0075010266
SPY,call,769.0,0.08493150684931507,2026-07-17,4.895,4.88,4.91,4.86,1140.0,0.12183495361328125,753.489990234375,0.03634999752044678,0.0075010266
SPY,call,770.0,0.08493150684931507,2026-07-17,4.515,4.51,4.52,4.5,1886.0,0.12029383132934571,753.489990234375,0.03634999752044678,0.0075010266
SPY,call,771.0,0.08493150684931507,2026-07-17,4.205,4.19,4.22,4.14,504.0,0.11974452041625974,753.489990234375,0.03634999752044678,0.0075010266
SPY,call,772.0,0.08493150684931507,2026-07-17,3.91,3.9,3.92,3.93,119.0,0.11899684722900389,753.489990234375,0.03634999752044678,0.0075010266
SPY,call,773.0,0.08493150684931507,2026-07-17,3.685,3.67,3.7,3.69,193.0,0.11921046813964843,753.489990234375,0.03634999752044678,0.0075010266
SPY,call,774.0,0.08493150684931507,2026-07-17,3.3899999999999997,3.38,3.4,3.4,93.0,0.11808132904052734,753.489990234375,0.03634999752044678,0.0075010266
SPY,call,775.0,0.08493150684931507,2026-07-17,3.205,3.19,3.22,3.14,524.0,0.11856960540771484,753.489990234375,0.03634999752044678,0.0075010266
SPY,call,777.0,0.08493150684931507,2026-07-17,2.705,2.69,2.72,2.7,76.0,0.11679960357666015,753.489990234375,0.03634999752044678,0.0075010266
SPY,call,778.0,0.08493150684931507,2026-07-17,2.5199999999999996,2.51,2.53,2.52,54.0,0.11661649993896485,753.489990234375,0.03634999752044678,0.0075010266
SPY,call,779.0,0.08493150684931507,2026-07-17,2.315,2.31,2.32,2.71,100.0,0.11585356811523437,753.489990234375,0.03634999752044678,0.0075010266
SPY,call,780.0,0.08493150684931507,2026-07-17,2.1900000000000004,2.18,2.2,2.15,725.0,0.11655546539306641,753.489990234375,0.03634999752044678,0.0075010266
SPY,call,781.0,0.08493150684931507,2026-07-17,2.0300000000000002,2.02,2.04,1.99,90.0,0.11634184448242188,753.489990234375,0.03634999752044678,0.0075010266
SPY,call,782.0,0.08493150684931507,2026-07-17,1.87,1.86,1.88,2.14,199.0,0.11597563720703125,753.489990234375,0.03634999752044678,0.0075010266
SPY,call,783.0,0.08493150684931507,2026-07-17,1.68,1.67,1.69,1.85,467.0,0.11478546356201172,753.489990234375,0.03634999752044678,0.0075010266
SPY,call,784.0,0.08493150684931507,2026-07-17,1.55,1.54,1.56,1.61,1126.0,0.11463287719726564,753.489990234375,0.03634999752044678,0.0075010266
SPY,call,785.0,0.08493150684931507,2026-07-17,1.45,1.44,1.46,1.43,187.0,0.11493804992675781,753.489990234375,0.03634999752044678,0.0075010266
SPY,call,786.0,0.08493150684931507,2026-07-17,1.33,1.32,1.34,1.31,34.0,0.11463287719726564,753.489990234375,0.03634999752044678,0.0075010266
SPY,call,788.0,0.08493150684931507,2026-07-17,1.105,1.1,1.11,1.12,26.0,0.11371735900878906,753.489990234375,0.03634999752044678,0.0075010266
SPY,call,789.0,0.08493150684931507,2026-07-17,1.0150000000000001,1.01,1.02,1.09,75.0,0.11359528991699218,753.489990234375,0.03634999752044678,0.0075010266
SPY,call,790.0,0.08493150684931507,2026-07-17,0.95,0.94,0.96,0.95,59.0,0.11420563537597657,753.489990234375,0.03634999752044678,0.0075010266
SPY,call,791.0,0.08493150684931507,2026-07-17,0.89,0.88,0.9,1.02,14.0,0.11469391174316407,753.489990234375,0.03634999752044678,0.0075010266
SPY,call,792.0,0.08493150684931507,2026-07-17,0.81,0.8,0.82,1.02,695.0,0.11438873901367189,753.489990234375,0.03634999752044678,0.0075010266
SPY,call,794.0,0.08493150684931507,2026-07-17,0.665,0.66,0.67,0.79,160.0,0.11359528991699218,753.489990234375,0.03634999752044678,0.0075010266
SPY,call,795.0,0.08493150684931507,2026-07-17,0.635,0.63,0.64,0.62,63.0,0.1145718426513672,753.489990234375,0.03634999752044678,0.0075010266
SPY,call,796.0,0.08493150684931507,2026-07-17,0.565,0.56,0.57,0.59,28.0,0.11390046264648437,753.489990234375,0.03634999752044678,0.0075010266
SPY,call,800.0,0.08493150684931507,2026-07-17,0.415,0.41,0.42,0.43,261.0,0.11499908447265625,753.489990234375,0.03634999752044678,0.0075010266
SPY,call,805.0,0.08493150684931507,2026-07-17,0.295,0.29,0.3,0.32,30.0,0.11756253540039063,753.489990234375,0.03634999752044678,0.0075010266
SPY,call,810.0,0.08493150684931507,2026-07-17,0.225,0.22,0.23,0.23,32.0,0.12134667724609374,753.489990234375,0.03634999752044678,0.0075010266
SPY,call,815.0,0.08493150684931507,2026-07-17,0.175,0.17,0.18,0.18,18.0,0.12525288818359376,753.489990234375,0.03634999752044678,0.0075010266
SPY,call,820.0,0.08493150684931507,2026-07-17,0.14500000000000002,0.14,0.15,0.17,10.0,0.13013565185546871,753.489990234375,0.03634999752044678,0.0075010266
SPY,call,830.0,0.08493150684931507,2026-07-17,0.10500000000000001,0.1,0.11,0.1,251.0,0.1401453173828125,753.489990234375,0.03634999752044678,0.0075010266
SPY,call,835.0,0.08493150684931507,2026-07-17,0.095,0.09,0.1,0.11,10.0,0.14600463378906248,753.489990234375,0.03634999752044678,0.0075010266
SPY,call,840.0,0.08493150684931507,2026-07-17,0.08499999999999999,0.08,0.09,0.09,13.0,0.15137567382812503,753.489990234375,0.03634999752044678,0.0075010266
SPY,call,845.0,0.08493150684931507,2026-07-17,0.07500000000000001,0.07,0.08,0.08,103.0,0.1562584375,753.489990234375,0.03634999752044678,0.0075010266
SPY,call,865.0,0.08493150684931507,2026-07-17,0.055,0.05,0.06,0.06,143.0,0.1782308740234375,753.489990234375,0.03634999752044678,0.0075010266
SPY,call,870.0,0.08493150684931507,2026-07-17,0.045,0.04,0.05,0.05,19.0,0.18164880859375,753.489990234375,0.03634999752044678,0.0075010266
SPY,call,875.0,0.08493150684931507,2026-07-17,0.045,0.04,0.05,0.05,201.0,0.18799640136718748,753.489990234375,0.03634999752044678,0.0075010266
SPY,call,880.0,0.08493150684931507,2026-07-17,0.045,0.04,0.05,0.04,311.0,0.194343994140625,753.489990234375,0.03634999752044678,0.0075010266
SPY,call,885.0,0.08493150684931507,2026-07-17,0.035,0.03,0.04,0.04,17.0,0.196297099609375,753.489990234375,0.03634999752044678,0.0075010266
SPY,call,890.0,0.08493150684931507,2026-07-17,0.035,0.03,0.04,0.03,156.0,0.20215641601562498,753.489990234375,0.03634999752044678,0.0075010266
SPY,call,895.0,0.08493150684931507,2026-07-17,0.035,0.03,0.04,0.03,111.0,0.20801573242187496,753.489990234375,0.03634999752044678,0.0075010266
SPY,call,900.0,0.08493150684931507,2026-07-17,0.035,0.03,0.04,0.03,500.0,0.2148516015625,753.489990234375,0.03634999752044678,0.0075010266
SPY,call,905.0,0.08493150684931507,2026-07-17,0.025,0.02,0.03,0.03,574.0,0.2148516015625,753.489990234375,0.03634999752044678,0.0075010266
SPY,call,910.0,0.08493150684931507,2026-07-17,0.025,0.02,0.03,0.03,577.0,0.22071091796874998,753.489990234375,0.03634999752044678,0.0075010266
SPY,call,915.0,0.08493150684931507,2026-07-17,0.025,0.02,0.03,0.03,6536.0,0.22657023437499998,753.489990234375,0.03634999752044678,0.0075010266
SPY,call,925.0,0.08493150684931507,2026-07-17,0.025,0.02,0.03,0.02,437.0,0.23731231445312498,753.489990234375,0.03634999752044678,0.0075010266
SPY,call,930.0,0.08493150684931507,2026-07-17,0.015,0.01,0.02,0.02,459.0,0.23438265625,753.489990234375,0.03634999752044678,0.0075010266
SPY,call,935.0,0.08493150684931507,2026-07-17,0.015,0.01,0.02,0.01,20.0,0.24024197265624997,753.489990234375,0.03634999752044678,0.0075010266
SPY,call,940.0,0.08493150684931507,2026-07-17,0.015,0.01,0.02,0.01,578.0,0.2461012890625,753.489990234375,0.03634999752044678,0.0075010266
SPY,call,950.0,0.08493150684931507,2026-07-17,0.015,0.01,0.02,0.01,1106.0,0.25586681640625003,753.489990234375,0.03634999752044678,0.0075010266
SPY,call,955.0,0.08493150684931507,2026-07-17,0.015,0.01,0.02,0.02,455.0,0.2617261328125,753.489990234375,0.03634999752044678,0.0075010266
SPY,call,960.0,0.08493150684931507,2026-07-17,0.015,0.01,0.02,0.02,685.0,0.26563234375,753.489990234375,0.03634999752044678,0.0075010266
SPY,call,965.0,0.08493150684931507,2026-07-17,0.015,0.01,0.02,0.01,10.0,0.27149166015625,753.489990234375,0.03634999752044678,0.0075010266
SPY,call,970.0,0.08493150684931507,2026-07-17,0.015,0.01,0.02,0.01,40.0,0.27735097656249996,753.489990234375,0.03634999752044678,0.0075010266
SPY,call,975.0,0.08493150684931507,2026-07-17,0.015,0.01,0.02,0.01,777.0,0.28125718749999995,753.489990234375,0.03634999752044678,0.0075010266
SPY,call,980.0,0.08493150684931507,2026-07-17,0.015,0.01,0.02,0.01,140.0,0.28711650390624993,753.489990234375,0.03634999752044678,0.0075010266
SPY,call,985.0,0.08493150684931507,2026-07-17,0.015,0.01,0.02,0.02,253.0,0.2929758203124999,753.489990234375,0.03634999752044678,0.0075010266
SPY,call,990.0,0.08493150684931507,2026-07-17,0.015,0.01,0.02,0.02,19.0,0.29688203124999996,753.489990234375,0.03634999752044678,0.0075010266
SPY,call,1000.0,0.08493150684931507,2026-07-17,0.015,0.01,0.02,0.02,72.0,0.30664755859375,753.489990234375,0.03634999752044678,0.0075010266
SPY,put,360.0,0.08493150684931507,2026-07-17,0.015,0.01,0.02,0.02,530.0,0.7578149218750001,753.489990234375,0.03634999752044678,0.0075010266
SPY,put,365.0,0.08493150684931507,2026-07-17,0.015,0.01,0.02,0.03,51.0,0.7421900781249999,753.489990234375,0.03634999752044678,0.0075010266
SPY,put,370.0,0.08493150684931507,2026-07-17,0.015,0.01,0.02,0.02,141.0,0.726565234375,753.489990234375,0.03634999752044678,0.0075010266
SPY,put,375.0,0.08493150684931507,2026-07-17,0.025,0.02,0.03,0.02,1534.0,0.7460962890625,753.489990234375,0.03634999752044678,0.0075010266
SPY,put,380.0,0.08493150684931507,2026-07-17,0.025,0.02,0.03,0.02,2189.0,0.73437765625,753.489990234375,0.03634999752044678,0.0075010266
SPY,put,385.0,0.08493150684931507,2026-07-17,0.025,0.02,0.03,0.02,511.0,0.7187528125,753.489990234375,0.03634999752044678,0.0075010266
SPY,put,390.0,0.08493150684931507,2026-07-17,0.025,0.02,0.03,0.02,100.0,0.7070341796875,753.489990234375,0.03634999752044678,0.0075010266
SPY,put,395.0,0.08493150684931507,2026-07-17,0.025,0.02,0.03,0.03,3083.0,0.6914093359375001,753.489990234375,0.03634999752044678,0.0075010266
SPY,put,400.0,0.08493150684931507,2026-07-17,0.025,0.02,0.03,0.04,3387.0,0.6796907031250001,753.489990234375,0.03634999752044678,0.0075010266
SPY,put,405.0,0.08493150684931507,2026-07-17,0.035,0.03,0.04,0.03,2212.0,0.6875031250000001,753.489990234375,0.03634999752044678,0.0075010266
SPY,put,410.0,0.08493150684931507,2026-07-17,0.035,0.03,0.04,0.03,2059.0,0.6718782812500002,753.489990234375,0.03634999752044678,0.0075010266
SPY,put,415.0,0.08493150684931507,2026-07-17,0.035,0.03,0.04,0.03,85.0,0.6601596484375001,753.489990234375,0.03634999752044678,0.0075010266
SPY,put,420.0,0.08493150684931507,2026-07-17,0.035,0.03,0.04,0.04,216.0,0.648441015625,753.489990234375,0.03634999752044678,0.0075010266
SPY,put,425.0,0.08493150684931507,2026-07-17,0.045,0.04,0.05,0.04,565.0,0.65039412109375,753.489990234375,0.03634999752044678,0.0075010266
SPY,put,435.0,0.08493150684931507,2026-07-17,0.045,0.04,0.05,0.05,75.0,0.6250037500000001,753.489990234375,0.03634999752044678,0.0075010266
SPY,put,440.0,0.08493150684931507,2026-07-17,0.045,0.04,0.05,0.05,120.0,0.6132851171875001,753.489990234375,0.03634999752044678,0.0075010266
SPY,put,445.0,0.08493150684931507,2026-07-17,0.055,0.05,0.06,0.12,2000.0,0.6113320117187502,753.489990234375,0.03634999752044678,0.0075010266
SPY,put,455.0,0.08493150684931507,2026-07-17,0.055,0.05,0.06,0.06,90.0,0.58789474609375,753.489990234375,0.03634999752044678,0.0075010266
SPY,put,460.0,0.08493150684931507,2026-07-17,0.065,0.06,0.07,0.06,124.0,0.5839885351562499,753.489990234375,0.03634999752044678,0.0075010266
SPY,put,470.0,0.08493150684931507,2026-07-17,0.07500000000000001,0.07,0.08,0.07,100.0,0.56836369140625,753.489990234375,0.03634999752044678,0.0075010266
SPY,put,475.0,0.08493150684931507,2026-07-17,0.07500000000000001,0.07,0.08,0.08,12.0,0.5566450585937501,753.489990234375,0.03634999752044678,0.0075010266
SPY,put,480.0,0.08493150684931507,2026-07-17,0.08,0.07,0.09,0.07,120.0,0.5488326367187502,753.489990234375,0.03634999752044678,0.0075010266
SPY,put,485.0,0.08493150684931507,2026-07-17,0.08499999999999999,0.08,0.09,0.1,80.0,0.5400436621093752,753.489990234375,0.03634999752044678,0.0075010266
SPY,put,490.0,0.08493150684931507,2026-07-17,0.095,0.09,0.1,0.08,78.0,0.534184345703125,753.489990234375,0.03634999752044678,0.0075010266
SPY,put,495.0,0.08493150684931507,2026-07-17,0.095,0.09,0.1,0.1,119.0,0.5224657128906249,753.489990234375,0.03634999752044678,0.0075010266
SPY,put,505.0,0.08493150684931507,2026-07-17,0.10500000000000001,0.1,0.11,0.25,95.0,0.5048877636718749,753.489990234375,0.03634999752044678,0.0075010266
SPY,put,510.0,0.08493150684931507,2026-07-17,0.11499999999999999,0.11,0.12,0.12,16.0,0.500005,753.489990234375,0.03634999752044678,0.0075010266
SPY,put,515.0,0.08493150684931507,2026-07-17,0.125,0.12,0.13,0.15,152.0,0.4931691308593751,753.489990234375,0.03634999752044678,0.0075010266
SPY,put,520.0,0.08493150684931507,2026-07-17,0.135,0.13,0.14,0.14,59.0,0.485356708984375,753.489990234375,0.03634999752044678,0.0075010266
SPY,put,530.0,0.08493150684931507,2026-07-17,0.155,0.15,0.16,0.17,17.0,0.46973186523437505,753.489990234375,0.03634999752044678,0.0075010266
SPY,put,535.0,0.08493150684931507,2026-07-17,0.165,0.16,0.17,0.17,58.0,0.46143116699218756,753.489990234375,0.03634999752044678,0.0075010266
SPY,put,540.0,0.08493150684931507,2026-07-17,0.175,0.17,0.18,0.16,204.0,0.45313046875,753.489990234375,0.03634999752044678,0.0075010266
SPY,put,545.0,0.08493150684931507,2026-07-17,0.185,0.18,0.19,0.2,54.0,0.44434149414062496,753.489990234375,0.03634999752044678,0.0075010266
SPY,put,550.0,0.08493150684931507,2026-07-17,0.195,0.19,0.2,0.18,353.0,0.43604079589843747,753.489990234375,0.03634999752044678,0.0075010266
SPY,put,560.0,0.08493150684931507,2026-07-17,0.225,0.22,0.23,0.23,80.0,0.4204159521484375,753.489990234375,0.03634999752044678,0.0075010266
SPY,put,565.0,0.08493150684931507,2026-07-17,0.235,0.23,0.24,0.26,71.0,0.411138701171875,753.489990234375,0.03634999752044678,0.0075010266
SPY,put,570.0,0.08493150684931507,2026-07-17,0.245,0.24,0.25,0.25,97.0,0.4018614501953125,753.489990234375,0.03634999752044678,0.0075010266
SPY,put,590.0,0.08493150684931507,2026-07-17,0.315,0.31,0.32,0.31,79.0,0.36939107177734376,753.489990234375,0.03634999752044678,0.0075010266
SPY,put,600.0,0.08493150684931507,2026-07-17,0.355,0.35,0.36,0.36,57.0,0.352545537109375,753.489990234375,0.03634999752044678,0.0075010266
SPY,put,605.0,0.08493150684931507,2026-07-17,0.385,0.38,0.39,0.35,40.0,0.3452213916015625,753.489990234375,0.03634999752044678,0.0075010266
SPY,put,615.0,0.08493150684931507,2026-07-17,0.435,0.43,0.44,0.43,20.0,0.3283758569335937,753.489990234375,0.03634999752044678,0.0075010266
SPY,put,620.0,0.08493150684931507,2026-07-17,0.46499999999999997,0.46,0.47,0.47,92.0,0.3200751586914062,753.489990234375,0.03634999752044678,0.0075010266
SPY,put,630.0,0.08493150684931507,2026-07-17,0.535,0.53,0.54,0.53,2676.0,0.30383996948242187,753.489990234375,0.03634999752044678,0.0075010266
SPY,put,640.0,0.08493150684931507,2026-07-17,0.605,0.6,0.61,0.56,168.0,0.28650615844726557,753.489990234375,0.03634999752044678,0.0075010266
SPY,put,645.0,0.08493150684931507,2026-07-17,0.655,0.65,0.66,0.6,63.0,0.27857166748046874,753.489990234375,0.03634999752044678,0.0075010266
SPY,put,650.0,0.08493150684931507,2026-07-17,0.695,0.69,0.7,0.71,28097.0,0.2696606237792969,753.489990234375,0.03634999752044678,0.0075010266
SPY,put,652.0,0.08493150684931507,2026-07-17,0.72,0.71,0.73,0.71,11.0,0.2668530346679688,753.489990234375,0.03634999752044678,0.0075010266
SPY,put,655.0,0.08493150684931507,2026-07-17,0.755,0.75,0.76,0.68,1003.0,0.2616040637207031,753.489990234375,0.03634999752044678,0.0075010266
SPY,put,657.0,0.08493150684931507,2026-07-17,0.775,0.77,0.78,0.81,10.0,0.2580640600585938,753.489990234375,0.03634999752044678,0.0075010266
SPY,put,660.0,0.08493150684931507,2026-07-17,0.805,0.8,0.81,0.8,234.0,0.25269302001953126,753.489990234375,0.03634999752044678,0.0075010266
SPY,put,665.0,0.08493150684931507,2026-07-17,0.9,0.89,0.91,0.87,14.0,0.2461012890625,753.489990234375,0.03634999752044678,0.0075010266
SPY,put,666.0,0.08493150684931507,2026-07-17,0.91,0.9,0.92,0.9,119.0,0.2442702526855469,753.489990234375,0.03634999752044678,0.0075010266
SPY,put,668.0,0.08493150684931507,2026-07-17,0.945,0.94,0.95,0.96,14.0,0.24085231811523436,753.489990234375,0.03634999752044678,0.0075010266
SPY,put,670.0,0.08493150684931507,2026-07-17,0.965,0.96,0.97,0.97,548.0,0.23694610717773437,753.489990234375,0.03634999752044678,0.0075010266
SPY,put,671.0,0.08493150684931507,2026-07-17,1.005,1.0,1.01,0.94,113.0,0.23645783081054686,753.489990234375,0.03634999752044678,0.0075010266
SPY,put,673.0,0.08493150684931507,2026-07-17,1.045,1.04,1.05,1.0,43.0,0.2332840344238281,753.489990234375,0.03634999752044678,0.0075010266
SPY,put,674.0,0.08493150684931507,2026-07-17,1.05,1.04,1.06,1.06,642.0,0.23133092895507812,753.489990234375,0.03634999752044678,0.0075010266
SPY,put,675.0,0.08493150684931507,2026-07-17,1.0950000000000002,1.09,1.1,1.07,659.0,0.23059851440429688,753.489990234375,0.03634999752044678,0.0075010266
SPY,put,676.0,0.08493150684931507,2026-07-17,1.09,1.08,1.1,1.08,403.0,0.2280350634765625,753.489990234375,0.03634999752044678,0.0075010266
SPY,put,677.0,0.08493150684931507,2026-07-17,1.12,1.11,1.13,1.03,97.0,0.2268143725585937,753.489990234375,0.03634999752044678,0.0075010266
SPY,put,678.0,0.08493150684931507,2026-07-17,1.16,1.15,1.17,1.14,70.0,0.22602092346191405,753.489990234375,0.03634999752044678,0.0075010266
SPY,put,679.0,0.08493150684931507,2026-07-17,1.165,1.16,1.17,1.15,89.0,0.2235185070800781,753.489990234375,0.03634999752044678,0.0075010266
SPY,put,680.0,0.08493150684931507,2026-07-17,1.1949999999999998,1.19,1.2,1.22,5187.0,0.22217574707031246,753.489990234375,0.03634999752044678,0.0075010266
SPY,put,682.0,0.08493150684931507,2026-07-17,1.255,1.25,1.26,1.26,11.0,0.2194291925048828,753.489990234375,0.03634999752044678,0.0075010266
SPY,put,685.0,0.08493150684931507,2026-07-17,1.36,1.35,1.37,1.22,869.0,0.215828154296875,753.489990234375,0.03634999752044678,0.0075010266
SPY,put,686.0,0.08493150684931507,2026-07-17,1.395,1.39,1.4,1.36,18.0,0.21430229064941403,753.489990234375,0.03634999752044678,0.0075010266
SPY,put,687.0,0.08493150684931507,2026-07-17,1.41,1.4,1.42,1.43,12.0,0.2124102197265625,753.489990234375,0.03634999752044678,0.0075010266
SPY,put,690.0,0.08493150684931507,2026-07-17,1.545,1.54,1.55,1.56,2671.0,0.20887021606445308,753.489990234375,0.03634999752044678,0.0075010266
SPY,put,691.0,0.08493150684931507,2026-07-17,1.5550000000000002,1.55,1.56,1.54,55.0,0.20655090332031245,753.489990234375,0.03634999752044678,0.0075010266
SPY,put,694.0,0.08493150684931507,2026-07-17,1.685,1.68,1.69,1.7,105.0,0.20252262329101559,753.489990234375,0.03634999752044678,0.0075010266
SPY,put,695.0,0.08493150684931507,2026-07-17,1.755,1.75,1.76,1.77,357.0,0.20191227783203125,753.489990234375,0.03634999752044678,0.0075010266
SPY,put,696.0,0.08493150684931507,2026-07-17,1.8,1.79,1.81,1.66,252.0,0.20063055236816402,753.489990234375,0.03634999752044678,0.0075010266
SPY,put,698.0,0.08493150684931507,2026-07-17,1.91,1.9,1.92,1.91,108.0,0.19818917053222657,753.489990234375,0.03634999752044678,0.0075010266
SPY,put,699.0,0.08493150684931507,2026-07-17,1.95,1.94,1.96,1.98,22.0,0.1964802032470703,753.489990234375,0.03634999752044678,0.0075010266
SPY,put,700.0,0.08493150684931507,2026-07-17,2.0,1.99,2.01,1.97,2765.0,0.19504589141845702,753.489990234375,0.03634999752044678,0.0075010266
SPY,put,701.0,0.08493150684931507,2026-07-17,2.045,2.03,2.06,2.1,164.0,0.1935505450439453,753.489990234375,0.03634999752044678,0.0075010266
SPY,put,702.0,0.08493150684931507,2026-07-17,2.1100000000000003,2.1,2.12,2.1,149.0,0.19226881958007813,753.489990234375,0.03634999752044678,0.0075010266
SPY,put,705.0,0.08493150684931507,2026-07-17,2.2800000000000002,2.27,2.29,2.33,43.0,0.1878743322753906,753.489990234375,0.03634999752044678,0.0075010266
SPY,put,706.0,0.08493150684931507,2026-07-17,2.395,2.38,2.41,2.4,14.0,0.18775226318359373,753.489990234375,0.03634999752044678,0.0075010266
SPY,put,707.0,0.08493150684931507,2026-07-17,2.45,2.44,2.46,2.18,124.0,0.18598226135253904,753.489990234375,0.03634999752044678,0.0075010266
SPY,put,708.0,0.08493150684931507,2026-07-17,2.5300000000000002,2.52,2.54,2.5,452.0,0.1848226049804687,753.489990234375,0.03634999752044678,0.0075010266
SPY,put,709.0,0.08493150684931507,2026-07-17,2.6100000000000003,2.6,2.62,2.56,325.0,0.18360191406249998,753.489990234375,0.03634999752044678,0.0075010266
SPY,put,710.0,0.08493150684931507,2026-07-17,2.6399999999999997,2.63,2.65,2.64,1282.0,0.18128260131835935,753.489990234375,0.03634999752044678,0.0075010266
SPY,put,711.0,0.08493150684931507,2026-07-17,2.725,2.71,2.74,2.68,460.0,0.1801839794921875,753.489990234375,0.03634999752044678,0.0075010266
SPY,put,712.0,0.08493150684931507,2026-07-17,2.8099999999999996,2.8,2.82,2.63,14.0,0.17881070220947265,753.489990234375,0.03634999752044678,0.0075010266
SPY,put,713.0,0.08493150684931507,2026-07-17,2.9050000000000002,2.89,2.92,2.94,47.0,0.17780363220214845,753.489990234375,0.03634999752044678,0.0075010266
SPY,put,714.0,0.08493150684931507,2026-07-17,2.9800000000000004,2.97,2.99,3.06,14.0,0.17609466491699222,753.489990234375,0.03634999752044678,0.0075010266
SPY,put,715.0,0.08493150684931507,2026-07-17,3.075,3.06,3.09,3.12,114.0,0.1749350085449219,753.489990234375,0.03634999752044678,0.0075010266
SPY,put,716.0,0.08493150684931507,2026-07-17,3.2350000000000003,3.22,3.25,3.2,30.0,0.1748434567260742,753.489990234375,0.03634999752044678,0.0075010266
SPY,put,718.0,0.08493150684931507,2026-07-17,3.4400000000000004,3.43,3.45,3.13,89.0,0.172157936706543,753.489990234375,0.03634999752044678,0.0075010266
SPY,put,720.0,0.08493150684931507,2026-07-17,3.635,3.62,3.65,3.59,4522.0,0.16919776123046876,753.489990234375,0.03634999752044678,0.0075010266
SPY,put,723.0,0.08493150684931507,2026-07-17,4.05,4.04,4.06,4.07,69.0,0.16611551666259772,753.489990234375,0.03634999752044678,0.0075010266
SPY,put,725.0,0.08493150684931507,2026-07-17,4.275,4.26,4.29,4.33,5267.0,0.16297223754882814,753.489990234375,0.03634999752044678,0.0075010266
SPY,put,726.0,0.08493150684931507,2026-07-17,4.415,4.4,4.43,4.24,28.0,0.16169051208496094,753.489990234375,0.03634999752044678,0.0075010266
SPY,put,727.0,0.08493150684931507,2026-07-17,4.529999999999999,4.52,4.54,4.69,274.0,0.1598594757080078,753.489990234375,0.03634999752044678,0.0075010266
SPY,put,728.0,0.08493150684931507,2026-07-17,4.765000000000001,4.75,4.78,4.35,26.0,0.15992051025390625,753.489990234375,0.03634999752044678,0.0075010266
SPY,put,729.0,0.08493150684931507,2026-07-17,4.955,4.94,4.97,4.95,563.0,0.15909654388427735,753.489990234375,0.03634999752044678,0.0075010266
SPY,put,730.0,0.08493150684931507,2026-07-17,5.0,4.99,5.01,5.13,3068.0,0.15604481658935548,753.489990234375,0.03634999752044678,0.0075010266
SPY,put,731.0,0.08493150684931507,2026-07-17,5.2,5.19,5.21,4.77,170.0,0.1552208502197266,753.489990234375,0.03634999752044678,0.0075010266
SPY,put,732.0,0.08493150684931507,2026-07-17,5.495,5.48,5.51,5.5,116.0,0.15567860931396482,753.489990234375,0.03634999752044678,0.0075010266
SPY,put,733.0,0.08493150684931507,2026-07-17,5.615,5.6,5.63,5.29,777.0,0.15351188293457033,753.489990234375,0.03634999752044678,0.0075010266
SPY,put,734.0,0.08493150684931507,2026-07-17,5.775,5.76,5.79,5.57,56.0,0.1518334329223633,753.489990234375,0.03634999752044678,0.0075010266
SPY,put,735.0,0.08493150684931507,2026-07-17,5.995,5.98,6.01,6.07,3330.0,0.15088739746093754,753.489990234375,0.03634999752044678,0.0075010266
SPY,put,736.0,0.08493150684931507,2026-07-17,6.1899999999999995,6.18,6.2,6.22,23.0,0.149422568359375,753.489990234375,0.03634999752044678,0.0075010266
SPY,put,737.0,0.08493150684931507,2026-07-17,6.529999999999999,6.51,6.55,6.32,49.0,0.14992610336303713,753.489990234375,0.03634999752044678,0.0075010266
SPY,put,738.0,0.08493150684931507,2026-07-17,6.675000000000001,6.66,6.69,6.57,418.0,0.1476220492553711,753.489990234375,0.03634999752044678,0.0075010266
SPY,put,739.0,0.08493150684931507,2026-07-17,6.915,6.9,6.93,6.95,225.0,0.14647765151977538,753.489990234375,0.03634999752044678,0.0075010266
SPY,put,740.0,0.08493150684931507,2026-07-17,7.23,7.21,7.25,7.23,2685.0,0.146218254699707,753.489990234375,0.03634999752044678,0.0075010266
SPY,put,741.0,0.08493150684931507,2026-07-17,7.5,7.48,7.52,7.23,160.0,0.14522644332885742,753.489990234375,0.03634999752044678,0.0075010266
SPY,put,742.0,0.08493150684931507,2026-07-17,7.619999999999999,7.6,7.64,7.41,39.0,0.1422967851257324,753.489990234375,0.03634999752044678,0.0075010266
SPY,put,743.0,0.08493150684931507,2026-07-17,7.965,7.95,7.98,8.03,38.0,0.14191531921386719,753.489990234375,0.03634999752044678,0.0075010266
SPY,put,744.0,0.08493150684931507,2026-07-17,8.2,8.18,8.22,8.37,86.0,0.14023686920166017,753.489990234375,0.03634999752044678,0.0075010266
SPY,put,745.0,0.08493150684931507,2026-07-17,8.594999999999999,8.58,8.61,8.7,577.0,0.14017583465576172,753.489990234375,0.03634999752044678,0.0075010266
SPY,put,747.0,0.08493150684931507,2026-07-17,9.219999999999999,9.2,9.24,9.31,185.0,0.13793281509399413,753.489990234375,0.03634999752044678,0.0075010266
SPY,put,748.0,0.08493150684931507,2026-07-17,9.555,9.54,9.57,9.5,408.0,0.13678841735839847,753.489990234375,0.03634999752044678,0.0075010266
SPY,put,749.0,0.08493150684931507,2026-07-17,9.825,9.8,9.85,9.96,28.0,0.1349268637084961,753.489990234375,0.03634999752044678,0.0075010266
SPY,put,750.0,0.08493150684931507,2026-07-17,10.42,10.4,10.44,10.33,733.0,0.13646798599243165,753.489990234375,0.03634999752044678,0.0075010266
SPY,put,751.0,0.08493150684931507,2026-07-17,10.705,10.68,10.73,10.78,127.0,0.1344385873413086,753.489990234375,0.03634999752044678,0.0075010266
SPY,put,752.0,0.08493150684931507,2026-07-17,11.02,11.0,11.04,11.27,514.0,0.13251599914550782,753.489990234375,0.03634999752044678,0.0075010266
SPY,put,753.0,0.08493150684931507,2026-07-17,11.405000000000001,11.38,11.43,11.58,113.0,0.1313563427734375,753.489990234375,0.03634999752044678,0.0075010266
SPY,put,754.0,0.08493150684931507,2026-07-17,11.955,11.93,11.98,11.88,795.0,0.1318293605041504,753.489990234375,0.03634999752044678,0.0075010266
SPY,put,755.0,0.08493150684931507,2026-07-17,12.26,12.25,12.27,12.55,976.0,0.1292201336669922,753.489990234375,0.03634999752044678,0.0075010266
SPY,put,756.0,0.08493150684931507,2026-07-17,12.985,12.96,13.01,12.93,309.0,0.1315394464111328,753.489990234375,0.03634999752044678,0.0075010266
SPY,put,758.0,0.08493150684931507,2026-07-17,13.77,13.69,13.85,12.96,1366.0,0.12848771911621093,753.489990234375,0.03634999752044678,0.0075010266
SPY,put,759.0,0.08493150684931507,2026-07-17,14.29,14.2,14.38,13.95,38.0,0.12795366683959958,753.489990234375,0.03634999752044678,0.0075010266
SPY,put,760.0,0.08493150684931507,2026-07-17,14.975000000000001,14.88,15.07,14.92,149.0,0.1290980645751953,753.489990234375,0.03634999752044678,0.0075010266
SPY,put,767.0,0.08493150684931507,2026-07-17,19.259999999999998,19.13,19.39,41.25,44.0,0.12699237274169922,753.489990234375,0.03634999752044678,0.0075010266
SPY,put,770.0,0.08493150684931507,2026-07-17,21.4,21.26,21.54,21.17,18.0,0.12738909729003906,753.489990234375,0.03634999752044678,0.0075010266
SPY,put,771.0,0.08493150684931507,2026-07-17,22.125,22.0,22.25,33.2,92.0,0.1271449591064453,753.489990234375,0.03634999752044678,0.0075010266
SPY,put,773.0,0.08493150684931507,2026-07-17,23.509999999999998,23.34,23.68,33.38,51.0,0.12625995819091795,753.489990234375,0.03634999752044678,0.0075010266
SPY,put,775.0,0.08493150684931507,2026-07-17,24.97,24.8,25.14,24.07,16.0,0.12513081909179688,753.489990234375,0.03634999752044678,0.0075010266
SPY,put,779.0,0.08493150684931507,2026-07-17,28.01,27.17,28.85,54.52,10.0,0.13327893096923826,753.489990234375,0.03634999752044678,0.0075010266
SPY,put,780.0,0.08493150684931507,2026-07-17,29.495,27.98,31.01,28.5,42.0,0.15403067657470704,753.489990234375,0.03634999752044678,0.0075010266
SPY,put,783.0,0.08493150684931507,2026-07-17,31.995,30.28,33.71,57.08,10.0,0.15894395751953128,753.489990234375,0.03634999752044678,0.0075010266
SPY,put,786.0,0.08493150684931507,2026-07-17,35.185,33.52,36.85,59.91,10.0,0.17029638305664066,753.489990234375,0.03634999752044678,0.0075010266
SPY,put,787.0,0.08493150684931507,2026-07-17,35.735,35.45,36.02,60.9,10.0,0.14218997467041017,753.489990234375,0.03634999752044678,0.0075010266
SPY,call,560.0,0.10410958904109589,2026-07-24,193.825,192.16,195.49,178.71,11.0,0.5293015820312501,753.489990234375,0.03634999752044678,0.0075010266
SPY,call,645.0,0.10410958904109589,2026-07-24,109.75999999999999,108.11,111.41,112.5,160.0,0.3414372497558594,753.489990234375,0.03634999752044678,0.0075010266
SPY,call,675.0,0.10410958904109589,2026-07-24,80.535,78.9,82.17,66.04,13.0,0.2802196002197265,753.489990234375,0.03634999752044678,0.0075010266
SPY,call,705.0,0.10410958904109589,2026-07-24,53.17,52.24,54.1,39.77,101.0,0.22892006439208984,753.489990234375,0.03634999752044678,0.0075010266
SPY,call,715.0,0.10410958904109589,2026-07-24,43.935,42.98,44.89,46.21,10.0,0.20899228515624996,753.489990234375,0.03634999752044678,0.0075010266
SPY,call,721.0,0.10410958904109589,2026-07-24,38.72,37.73,39.71,29.07,28.0,0.20014227600097656,753.489990234375,0.03634999752044678,0.0075010266
SPY,call,725.0,0.10410958904109589,2026-07-24,35.305,34.36,36.25,36.89,111.0,0.19319959640502932,753.489990234375,0.03634999752044678,0.0075010266
SPY,call,727.0,0.10410958904109589,2026-07-24,33.635,32.69,34.58,34.43,13.0,0.1901936450195313,753.489990234375,0.03634999752044678,0.0075010266
SPY,call,728.0,0.10410958904109589,2026-07-24,32.71,31.92,33.5,34.0,10.0,0.18561605407714843,753.489990234375,0.03634999752044678,0.0075010266
SPY,call,729.0,0.10410958904109589,2026-07-24,31.9,31.15,32.65,25.0,15.0,0.1838155349731445,753.489990234375,0.03634999752044678,0.0075010266
SPY,call,730.0,0.10410958904109589,2026-07-24,31.339999999999996,30.38,32.3,32.81,14.0,0.1879048495483398,753.489990234375,0.03634999752044678,0.0075010266
SPY,call,735.0,0.10410958904109589,2026-07-24,27.375,26.42,28.33,28.2,24.0,0.18073329040527342,753.489990234375,0.03634999752044678,0.0075010266
SPY,call,736.0,0.10410958904109589,2026-07-24,26.45,25.5,27.4,28.36,16.0,0.17759001129150392,753.489990234375,0.03634999752044678,0.0075010266
SPY,call,737.0,0.10410958904109589,2026-07-24,25.785,24.84,26.73,26.85,23.0,0.17728483856201172,753.489990234375,0.03634999752044678,0.0075010266
SPY,call,738.0,0.10410958904109589,2026-07-24,24.96,24.03,25.89,26.18,18.0,0.1750113017272949,753.489990234375,0.03634999752044678,0.0075010266
SPY,call,739.0,0.10410958904109589,2026-07-24,23.57,23.44,23.7,24.38,17.0,0.15787585296630857,753.489990234375,0.03634999752044678,0.0075010266
SPY,call,740.0,0.10410958904109589,2026-07-24,22.759999999999998,22.66,22.86,23.95,89.0,0.15561757476806642,753.489990234375,0.03634999752044678,0.0075010266
SPY,call,741.0,0.10410958904109589,2026-07-24,22.795,21.9,23.69,21.56,14.0,0.17130345306396483,753.489990234375,0.03634999752044678,0.0075010266
SPY,call,742.0,0.10410958904109589,2026-07-24,21.215,21.09,21.34,23.31,38.0,0.15259636474609378,753.489990234375,0.03634999752044678,0.0075010266
SPY,call,743.0,0.10410958904109589,2026-07-24,21.25,20.41,22.09,21.46,115.0,0.16700051757812504,753.489990234375,0.03634999752044678,0.0075010266
SPY,call,744.0,0.10410958904109589,2026-07-24,19.91,19.8,20.02,21.85,46.0,0.15134515655517583,753.489990234375,0.03634999752044678,0.0075010266
SPY,call,745.0,0.10410958904109589,2026-07-24,19.244999999999997,19.13,19.36,20.17,32.0,0.15058222473144534,753.489990234375,0.03634999752044678,0.0075010266
SPY,call,749.0,0.10410958904109589,2026-07-24,16.525,16.4,16.65,18.34,18.0,0.14576049560546872,753.489990234375,0.03634999752044678,0.0075010266
SPY,call,750.0,0.10410958904109589,2026-07-24,15.97,15.89,16.05,15.73,15.0,0.14508911560058596,753.489990234375,0.03634999752044678,0.0075010266
SPY,call,753.0,0.10410958904109589,2026-07-24,14.035,14.01,14.06,14.33,10.0,0.14049626602172854,753.489990234375,0.03634999752044678,0.0075010266
SPY,call,754.0,0.10410958904109589,2026-07-24,13.415,13.4,13.43,14.49,11.0,0.13907721282958985,753.489990234375,0.03634999752044678,0.0075010266
SPY,call,755.0,0.10410958904109589,2026-07-24,12.75,12.73,12.77,14.13,81.0,0.13724617645263676,753.489990234375,0.03634999752044678,0.0075010266
SPY,call,756.0,0.10410958904109589,2026-07-24,12.344999999999999,12.32,12.37,12.7,77.0,0.13793281509399413,753.489990234375,0.03634999752044678,0.0075010266
SPY,call,757.0,0.10410958904109589,2026-07-24,11.7,11.68,11.72,12.82,82.0,0.13596445098876953,753.489990234375,0.03634999752044678,0.0075010266
SPY,call,760.0,0.10410958904109589,2026-07-24,10.27,10.25,10.29,10.15,46.0,0.13459117370605472,753.489990234375,0.03634999752044678,0.0075010266
SPY,call,761.0,0.10410958904109589,2026-07-24,9.67,9.65,9.69,9.72,42.0,0.1325922923278809,753.489990234375,0.03634999752044678,0.0075010266
SPY,call,762.0,0.10410958904109589,2026-07-24,9.21,9.19,9.23,9.26,15.0,0.13192091232299807,753.489990234375,0.03634999752044678,0.0075010266
SPY,call,766.0,0.10410958904109589,2026-07-24,7.465,7.44,7.49,8.23,26.0,0.1289302195739746,753.489990234375,0.03634999752044678,0.0075010266
SPY,call,767.0,0.10410958904109589,2026-07-24,7.02,7.0,7.04,8.33,32.0,0.12766375274658204,753.489990234375,0.03634999752044678,0.0075010266
SPY,call,769.0,0.10410958904109589,2026-07-24,6.23,6.21,6.25,7.24,17.0,0.12587849227905273,753.489990234375,0.03634999752044678,0.0075010266
SPY,call,772.0,0.10410958904109589,2026-07-24,5.335,5.32,5.35,6.74,24.0,0.12540547454833983,753.489990234375,0.03634999752044678,0.0075010266
SPY,call,773.0,0.10410958904109589,2026-07-24,5.015000000000001,5.0,5.03,5.63,216.0,0.12473409454345702,753.489990234375,0.03634999752044678,0.0075010266
SPY,call,775.0,0.10410958904109589,2026-07-24,4.404999999999999,4.39,4.42,5.06,13.0,0.12329978271484376,753.489990234375,0.03634999752044678,0.0075010266
SPY,call,777.0,0.10410958904109589,2026-07-24,3.815,3.8,3.83,4.43,38.0,0.12146874633789062,753.489990234375,0.03634999752044678,0.0075010266
SPY,call,779.0,0.10410958904109589,2026-07-24,3.425,3.41,3.44,4.77,10.0,0.1217434017944336,753.489990234375,0.03634999752044678,0.0075010266
SPY,call,780.0,0.10410958904109589,2026-07-24,3.125,3.11,3.14,3.59,24.0,0.12015650360107422,753.489990234375,0.03634999752044678,0.0075010266
SPY,call,781.0,0.10410958904109589,2026-07-24,2.925,2.91,2.94,3.53,33.0,0.119851330871582,753.489990234375,0.03634999752044678,0.0075010266
SPY,call,783.0,0.10410958904109589,2026-07-24,2.545,2.53,2.56,3.42,21.0,0.11911891632080077,753.489990234375,0.03634999752044678,0.0075010266
SPY,call,784.0,0.10410958904109589,2026-07-24,2.4299999999999997,2.42,2.44,3.33,20.0,0.1196682272338867,753.489990234375,0.03634999752044678,0.0075010266
SPY,call,789.0,0.10410958904109589,2026-07-24,1.6949999999999998,1.68,1.71,2.11,31.0,0.11835598449707031,753.489990234375,0.03634999752044678,0.0075010266
SPY,call,791.0,0.10410958904109589,2026-07-24,1.475,1.46,1.49,1.46,20.0,0.11823391540527343,753.489990234375,0.03634999752044678,0.0075010266
SPY,call,792.0,0.10410958904109589,2026-07-24,1.38,1.37,1.39,1.5,73.0,0.118172880859375,753.489990234375,0.03634999752044678,0.0075010266
SPY,call,793.0,0.10410958904109589,2026-07-24,1.28,1.27,1.29,1.84,25.0,0.11802029449462889,753.489990234375,0.03634999752044678,0.0075010266
SPY,call,794.0,0.10410958904109589,2026-07-24,1.165,1.15,1.18,1.18,10.0,0.11744046630859376,753.489990234375,0.03634999752044678,0.0075010266
SPY,call,796.0,0.10410958904109589,2026-07-24,1.025,1.01,1.04,1.28,17.0,0.11792874267578124,753.489990234375,0.03634999752044678,0.0075010266
SPY,call,797.0,0.10410958904109589,2026-07-24,0.92,0.91,0.93,1.19,26.0,0.11683012084960936,753.489990234375,0.03634999752044678,0.0075010266
SPY,call,798.0,0.10410958904109589,2026-07-24,0.87,0.86,0.88,0.99,45.0,0.11731839721679688,753.489990234375,0.03634999752044678,0.0075010266
SPY,call,805.0,0.10410958904109589,2026-07-24,0.53,0.52,0.54,0.63,15.0,0.11835598449707031,753.489990234375,0.03634999752044678,0.0075010266
SPY,call,810.0,0.10410958904109589,2026-07-24,0.385,0.38,0.39,0.45,17.0,0.11988184814453123,753.489990234375,0.03634999752044678,0.0075010266
SPY,call,815.0,0.10410958904109589,2026-07-24,0.28,0.27,0.29,0.37,177.0,0.12195702270507813,753.489990234375,0.03634999752044678,0.0075010266
SPY,call,820.0,0.10410958904109589,2026-07-24,0.225,0.22,0.23,0.27,27.0,0.12525288818359376,753.489990234375,0.03634999752044678,0.0075010266
SPY,call,875.0,0.10410958904109589,2026-07-24,0.055,0.05,0.06,0.07,120.0,0.1733481103515625,753.489990234375,0.03634999752044678,0.0075010266
SPY,call,895.0,0.10410958904109589,2026-07-24,0.035,0.03,0.04,0.03,120.0,0.188484677734375,753.489990234375,0.03634999752044678,0.0075010266
SPY,put,500.0,0.10410958904109589,2026-07-24,0.155,0.15,0.16,0.16,104.0,0.4892629199218751,753.489990234375,0.03634999752044678,0.0075010266
SPY,put,530.0,0.10410958904109589,2026-07-24,0.225,0.22,0.23,0.25,200.0,0.44385321777343745,753.489990234375,0.03634999752044678,0.0075010266
SPY,put,545.0,0.10410958904109589,2026-07-24,0.265,0.26,0.27,0.26,15.0,0.41992767578125,753.489990234375,0.03634999752044678,0.0075010266
SPY,put,560.0,0.10410958904109589,2026-07-24,0.315,0.31,0.32,0.35,15.0,0.3969786865234375,753.489990234375,0.03634999752044678,0.0075010266
SPY,put,590.0,0.10410958904109589,2026-07-24,0.435,0.43,0.44,0.46,11.0,0.34961587890624996,753.489990234375,0.03634999752044678,0.0075010266
SPY,put,610.0,0.10410958904109589,2026-07-24,0.555,0.55,0.56,0.57,11.0,0.31909860595703116,753.489990234375,0.03634999752044678,0.0075010266
SPY,put,630.0,0.10410958904109589,2026-07-24,0.725,0.72,0.73,0.72,27.0,0.28919167846679683,753.489990234375,0.03634999752044678,0.0075010266
SPY,put,655.0,0.10410958904109589,2026-07-24,1.03,1.02,1.04,1.05,515.0,0.2512892254638671,753.489990234375,0.03634999752044678,0.0075010266
SPY,put,665.0,0.10410958904109589,2026-07-24,1.2349999999999999,1.23,1.24,1.22,117.0,0.2371902453613281,753.489990234375,0.03634999752044678,0.0075010266
SPY,put,666.0,0.10410958904109589,2026-07-24,1.255,1.25,1.26,1.2,189.0,0.23566438171386717,753.489990234375,0.03634999752044678,0.0075010266
SPY,put,670.0,0.10410958904109589,2026-07-24,1.3450000000000002,1.34,1.35,1.38,62.0,0.22980506530761718,753.489990234375,0.03634999752044678,0.0075010266
SPY,put,674.0,0.10410958904109589,2026-07-24,1.48,1.47,1.49,1.38,28.0,0.22534954345703123,753.489990234375,0.03634999752044678,0.0075010266
SPY,put,675.0,0.10410958904109589,2026-07-24,1.49,1.48,1.5,1.5,640.0,0.22333540344238278,753.489990234375,0.03634999752044678,0.0075010266
SPY,put,676.0,0.10410958904109589,2026-07-24,1.51,1.5,1.52,1.51,104.0,0.22162643615722655,753.489990234375,0.03634999752044678,0.0075010266
SPY,put,677.0,0.10410958904109589,2026-07-24,1.5550000000000002,1.55,1.56,1.45,14.0,0.2205888488769531,753.489990234375,0.03634999752044678,0.0075010266
SPY,put,679.0,0.10410958904109589,2026-07-24,1.62,1.61,1.63,1.54,22.0,0.2180253979492187,753.489990234375,0.03634999752044678,0.0075010266
SPY,put,680.0,0.10410958904109589,2026-07-24,1.64,1.63,1.65,1.65,21.0,0.2161943615722656,753.489990234375,0.03634999752044678,0.0075010266
SPY,put,684.0,0.10410958904109589,2026-07-24,1.82,1.81,1.83,1.79,29.0,0.2117998742675781,753.489990234375,0.03634999752044678,0.0075010266
SPY,put,685.0,0.10410958904109589,2026-07-24,1.83,1.82,1.84,1.87,10.0,0.20966366516113277,753.489990234375,0.03634999752044678,0.0075010266
SPY,put,687.0,0.10410958904109589,2026-07-24,1.9449999999999998,1.93,1.96,1.89,12.0,0.20801573242187496,753.489990234375,0.03634999752044678,0.0075010266
SPY,put,688.0,0.10410958904109589,2026-07-24,1.99,1.98,2.0,1.94,13.0,0.20655090332031245,753.489990234375,0.03634999752044678,0.0075010266
SPY,put,689.0,0.10410958904109589,2026-07-24,2.035,2.02,2.05,1.99,72.0,0.20539124694824218,753.489990234375,0.03634999752044678,0.0075010266
SPY,put,692.0,0.10410958904109589,2026-07-24,2.1900000000000004,2.18,2.2,2.13,10.0,0.20157658782958982,753.489990234375,0.03634999752044678,0.0075010266
SPY,put,693.0,0.10410958904109589,2026-07-24,2.21,2.2,2.22,2.18,14.0,0.1995319305419922,753.489990234375,0.03634999752044678,0.0075010266
SPY,put,695.0,0.10410958904109589,2026-07-24,2.315,2.3,2.33,2.22,45.0,0.196998996887207,753.489990234375,0.03634999752044678,0.0075010266
SPY,put,696.0,0.10410958904109589,2026-07-24,2.41,2.4,2.42,2.34,18.0,0.1964802032470703,753.489990234375,0.03634999752044678,0.0075010266
SPY,put,698.0,0.10410958904109589,2026-07-24,2.495,2.48,2.51,2.46,16.0,0.19327588958740233,753.489990234375,0.03634999752044678,0.0075010266
SPY,put,699.0,0.10410958904109589,2026-07-24,2.5700000000000003,2.56,2.58,2.52,17.0,0.1921772677612305,753.489990234375,0.03634999752044678,0.0075010266
SPY,put,700.0,0.10410958904109589,2026-07-24,2.62,2.61,2.63,2.63,49.0,0.19059036956787112,753.489990234375,0.03634999752044678,0.0075010266
SPY,put,709.0,0.10410958904109589,2026-07-24,3.385,3.37,3.4,3.28,16.0,0.18091639404296872,753.489990234375,0.03634999752044678,0.0075010266
SPY,put,710.0,0.10410958904109589,2026-07-24,3.455,3.44,3.47,3.24,434.0,0.17929897857666016,753.489990234375,0.03634999752044678,0.0075010266
SPY,put,713.0,0.10410958904109589,2026-07-24,3.715,3.7,3.73,3.64,401.0,0.1751181121826172,753.489990234375,0.03634999752044678,0.0075010266
SPY,put,715.0,0.10410958904109589,2026-07-24,3.925,3.91,3.94,3.7,69.0,0.1727072476196289,753.489990234375,0.03634999752044678,0.0075010266
SPY,put,720.0,0.10410958904109589,2026-07-24,4.535,4.52,4.55,4.42,19.0,0.16695474166870122,753.489990234375,0.03634999752044678,0.0075010266
SPY,put,725.0,0.10410958904109589,2026-07-24,5.279999999999999,5.26,5.3,5.35,55.0,0.1616599948120117,753.489990234375,0.03634999752044678,0.0075010266
SPY,put,727.0,0.10410958904109589,2026-07-24,5.595000000000001,5.58,5.61,5.2,37.0,0.159188095703125,753.489990234375,0.03634999752044678,0.0075010266
SPY,put,730.0,0.10410958904109589,2026-07-24,6.1,6.08,6.12,5.81,31.0,0.15555654022216797,753.489990234375,0.03634999752044678,0.0075010266
SPY,put,731.0,0.10410958904109589,2026-07-24,6.380000000000001,6.36,6.4,6.08,13.0,0.15557179885864258,753.489990234375,0.03634999752044678,0.0075010266
SPY,put,732.0,0.10410958904109589,2026-07-24,6.5,6.48,6.52,5.9,13.0,0.15351188293457033,753.489990234375,0.03634999752044678,0.0075010266
SPY,put,735.0,0.10410958904109589,2026-07-24,7.09,7.07,7.11,6.9,38.0,0.14972774108886722,753.489990234375,0.03634999752044678,0.0075010266
SPY,put,738.0,0.10410958904109589,2026-07-24,7.789999999999999,7.77,7.81,7.6,60.0,0.14649291015625,753.489990234375,0.03634999752044678,0.0075010266
SPY,put,739.0,0.10410958904109589,2026-07-24,8.02,8.0,8.04,8.18,16.0,0.1451959260559082,753.489990234375,0.03634999752044678,0.0075010266
SPY,put,740.0,0.10410958904109589,2026-07-24,8.33,8.31,8.35,8.42,49.0,0.14469239105224607,753.489990234375,0.03634999752044678,0.0075010266
SPY,put,744.0,0.10410958904109589,2026-07-24,9.445,9.42,9.47,9.55,11.0,0.14038945556640625,753.489990234375,0.03634999752044678,0.0075010266
SPY,put,749.0,0.10410958904109589,2026-07-24,11.145,11.12,11.17,11.24,11.0,0.13584238189697267,753.489990234375,0.03634999752044678,0.0075010266
SPY,put,750.0,0.10410958904109589,2026-07-24,11.525,11.5,11.55,11.72,138.0,0.13501841552734378,753.489990234375,0.03634999752044678,0.0075010266
SPY,put,752.0,0.10410958904109589,2026-07-24,12.305,12.28,12.33,12.29,23.0,0.1332026377868652,753.489990234375,0.03634999752044678,0.0075010266
SPY,put,753.0,0.10410958904109589,2026-07-24,12.594999999999999,12.57,12.62,12.71,183.0,0.13111220458984374,753.489990234375,0.03634999752044678,0.0075010266
SPY,put,755.0,0.10410958904109589,2026-07-24,13.5,13.47,13.53,13.13,55.0,0.129891513671875,753.489990234375,0.03634999752044678,0.0075010266
SPY,put,756.0,0.10410958904109589,2026-07-24,14.115,14.09,14.14,13.39,24.0,0.13068496276855468,753.489990234375,0.03634999752044678,0.0075010266
SPY,put,757.0,0.10410958904109589,2026-07-24,14.385,14.36,14.41,13.0,71.0,0.12786211502075195,753.489990234375,0.03634999752044678,0.0075010266
SPY,put,760.0,0.10410958904109589,2026-07-24,15.945,15.86,16.03,15.99,106.0,0.12690082092285154,753.489990234375,0.03634999752044678,0.0075010266
SPY,put,761.0,0.10410958904109589,2026-07-24,16.52,16.4,16.64,15.75,71.0,0.12705340728759767,753.489990234375,0.03634999752044678,0.0075010266
SPY,call,450.0,0.1232876712328767,2026-07-31,303.46000000000004,301.85,305.07,280.15,49.0,0.75195560546875,753.489990234375,0.03634999752044678,0.0075010266
SPY,call,475.0,0.1232876712328767,2026-07-31,278.66499999999996,276.96,280.37,269.8,20.0,0.5048877636718749,753.489990234375,0.03634999752044678,0.0075010266
SPY,call,485.0,0.1232876712328767,2026-07-31,255.75,254.11,257.39,178.4,32.0,1.0000000000000003e-05,753.489990234375,0.03634999752044678,0.0075010266
SPY,call,495.0,0.1232876712328767,2026-07-31,245.88,244.21,247.55,224.03,20.0,1.0000000000000003e-05,753.489990234375,0.03634999752044678,0.0075010266
SPY,call,505.0,0.1232876712328767,2026-07-31,248.87,247.21,250.53,240.5,30.0,0.6311072045898438,753.489990234375,0.03634999752044678,0.0075010266
SPY,call,595.0,0.1232876712328767,2026-07-31,159.755,158.08,161.43,150.57,395.0,0.4385432122802735,753.489990234375,0.03634999752044678,0.0075010266
SPY,call,600.0,0.1232876712328767,2026-07-31,154.81,153.14,156.48,156.0,6002.0,0.42767906311035164,753.489990234375,0.03634999752044678,0.0075010266
SPY,call,627.0,0.1232876712328767,2026-07-31,117.64500000000001,116.0,119.29,83.32,10.0,1.0000000000000003e-05,753.489990234375,0.03634999752044678,0.0075010266
SPY,call,630.0,0.1232876712328767,2026-07-31,125.32499999999999,123.69,126.96,99.57,24.0,0.36652244812011714,753.489990234375,0.03634999752044678,0.0075010266
SPY,call,634.0,0.1232876712328767,2026-07-31,121.64500000000001,119.89,123.4,125.47,125.0,0.36762106994628907,753.489990234375,0.03634999752044678,0.0075010266
SPY,call,640.0,0.1232876712328767,2026-07-31,115.465,113.81,117.12,118.93,20.0,0.3454655297851562,753.489990234375,0.03634999752044678,0.0075010266
SPY,call,642.0,0.1232876712328767,2026-07-31,113.81,112.05,115.57,117.6,50.0,0.3511417425537109,753.489990234375,0.03634999752044678,0.0075010266
SPY,call,645.0,0.1232876712328767,2026-07-31,110.57499999999999,108.91,112.24,96.16,10.0,0.3357305197143554,753.489990234375,0.03634999752044678,0.0075010266
SPY,call,660.0,0.1232876712328767,2026-07-31,96.14500000000001,94.53,97.76,96.94,20.0,0.3089058367919921,753.489990234375,0.03634999752044678,0.0075010266
SPY,call,670.0,0.1232876712328767,2026-07-31,86.475,84.66,88.29,71.69,34.0,0.2931894412231445,753.489990234375,0.03634999752044678,0.0075010266
SPY,call,692.0,0.1232876712328767,2026-07-31,65.52,63.77,67.27,47.1,11.0,0.25012956909179684,753.489990234375,0.03634999752044678,0.0075010266
SPY,call,697.0,0.1232876712328767,2026-07-31,61.06999999999999,59.41,62.73,50.26,13.0,0.24295800994873046,753.489990234375,0.03634999752044678,0.0075010266
SPY,call,698.0,0.1232876712328767,2026-07-31,60.975,60.03,61.92,50.41,26.0,0.24283594085693355,753.489990234375,0.03634999752044678,0.0075010266
SPY,call,700.0,0.1232876712328767,2026-07-31,59.09,58.13,60.05,60.44,41.0,0.23892972991943356,753.489990234375,0.03634999752044678,0.0075010266
SPY,call,702.0,0.1232876712328767,2026-07-31,57.275,56.48,58.07,39.37,52.0,0.233406103515625,753.489990234375,0.03634999752044678,0.0075010266
SPY,call,704.0,0.1232876712328767,2026-07-31,55.260000000000005,54.27,56.25,43.38,20.0,0.23004920349121094,753.489990234375,0.03634999752044678,0.0075010266
SPY,call,707.0,0.1232876712328767,2026-07-31,52.745000000000005,51.77,53.72,33.7,19.0,0.2274552352905273,753.489990234375,0.03634999752044678,0.0075010266
SPY,call,711.0,0.1232876712328767,2026-07-31,49.06,48.11,50.01,38.2,18.0,0.21909350250244142,753.489990234375,0.03634999752044678,0.0075010266
SPY,call,712.0,0.1232876712328767,2026-07-31,48.144999999999996,47.17,49.12,37.85,44.0,0.21744556976318358,753.489990234375,0.03634999752044678,0.0075010266
SPY,call,715.0,0.1232876712328767,2026-07-31,45.03,44.81,45.25,45.94,15.0,0.19724313507080077,753.489990234375,0.03634999752044678,0.0075010266
SPY,call,716.0,0.1232876712328767,2026-07-31,44.8,43.84,45.76,47.33,23.0,0.21286797882080077,753.489990234375,0.03634999752044678,0.0075010266
SPY,call,720.0,0.1232876712328767,2026-07-31,40.6,40.43,40.77,41.53,63.0,0.1883015740966797,753.489990234375,0.03634999752044678,0.0075010266
SPY,call,725.0,0.1232876712328767,2026-07-31,36.480000000000004,36.32,36.64,38.29,22.0,0.18251855087280272,753.489990234375,0.03634999752044678,0.0075010266
SPY,call,731.0,0.1232876712328767,2026-07-31,31.43,31.27,31.59,32.98,14.0,0.17285983398437502,753.489990234375,0.03634999752044678,0.0075010266
SPY,call,735.0,0.1232876712328767,2026-07-31,29.1,28.17,30.03,29.27,36.0,0.18402915588378904,753.489990234375,0.03634999752044678,0.0075010266
SPY,call,737.0,0.1232876712328767,2026-07-31,26.715,26.61,26.82,26.75,11.0,0.16428448028564452,753.489990234375,0.03634999752044678,0.0075010266
SPY,call,739.0,0.1232876712328767,2026-07-31,26.195,25.29,27.1,26.66,83.0,0.17957363403320312,753.489990234375,0.03634999752044678,0.0075010266
SPY,call,740.0,0.1232876712328767,2026-07-31,24.73,24.64,24.82,25.01,113.0,0.16300275482177734,753.489990234375,0.03634999752044678,0.0075010266
SPY,call,741.0,0.1232876712328767,2026-07-31,23.95,23.81,24.09,25.2,20.0,0.16178206390380856,753.489990234375,0.03634999752044678,0.0075010266
SPY,call,742.0,0.1232876712328767,2026-07-31,23.235,23.13,23.34,23.58,80.0,0.16031723480224608,753.489990234375,0.03634999752044678,0.0075010266
SPY,call,743.0,0.1232876712328767,2026-07-31,22.54,22.4,22.68,23.28,32.0,0.15964585479736326,753.489990234375,0.03634999752044678,0.0075010266
SPY,call,744.0,0.1232876712328767,2026-07-31,21.825,21.7,21.95,23.69,27.0,0.15821154296875,753.489990234375,0.03634999752044678,0.0075010266
SPY,call,745.0,0.1232876712328767,2026-07-31,21.134999999999998,21.04,21.23,21.46,31.0,0.15680774841308598,753.489990234375,0.03634999752044678,0.0075010266
SPY,call,746.0,0.1232876712328767,2026-07-31,20.545,20.39,20.7,21.81,47.0,0.15714343841552736,753.489990234375,0.03634999752044678,0.0075010266
SPY,call,747.0,0.1232876712328767,2026-07-31,19.799999999999997,19.7,19.9,21.01,22.0,0.15480886703491215,753.489990234375,0.03634999752044678,0.0075010266
SPY,call,749.0,0.1232876712328767,2026-07-31,18.485,18.42,18.55,18.42,18.0,0.15229119201660157,753.489990234375,0.03634999752044678,0.0075010266
SPY,call,750.0,0.1232876712328767,2026-07-31,17.855,17.77,17.94,18.18,169.0,0.15152826019287113,753.489990234375,0.03634999752044678,0.0075010266
SPY,call,754.0,0.1232876712328767,2026-07-31,15.275,15.25,15.3,15.34,69.0,0.1456689437866211,753.489990234375,0.03634999752044678,0.0075010266
SPY,call,755.0,0.1232876712328767,2026-07-31,14.66,14.64,14.68,14.63,103.0,0.1443567010498047,753.489990234375,0.03634999752044678,0.0075010266
SPY,call,757.0,0.1232876712328767,2026-07-31,13.754999999999999,13.74,13.77,13.5,20.0,0.14452454605102538,753.489990234375,0.03634999752044678,0.0075010266
SPY,call,760.0,0.1232876712328767,2026-07-31,12.055,12.03,12.08,11.92,189.0,0.14098454238891606,753.489990234375,0.03634999752044678,0.0075010266
SPY,call,761.0,0.1232876712328767,2026-07-31,11.48,11.46,11.5,12.73,205.0,0.1394281614685059,753.489990234375,0.03634999752044678,0.0075010266
SPY,call,765.0,0.1232876712328767,2026-07-31,9.7,9.68,9.72,9.92,84.0,0.1373072109985352,753.489990234375,0.03634999752044678,0.0075010266
SPY,call,767.0,0.1232876712328767,2026-07-31,8.84,8.82,8.86,9.6,112.0,0.13590341644287113,753.489990234375,0.03634999752044678,0.0075010266
SPY,call,769.0,0.1232876712328767,2026-07-31,7.9399999999999995,7.92,7.96,8.78,21.0,0.1336146209716797,753.489990234375,0.03634999752044678,0.0075010266
SPY,call,770.0,0.1232876712328767,2026-07-31,7.635,7.62,7.65,7.58,674.0,0.13370617279052732,753.489990234375,0.03634999752044678,0.0075010266
SPY,call,773.0,0.1232876712328767,2026-07-31,6.495,6.48,6.51,7.29,65.0,0.1311732391357422,753.489990234375,0.03634999752044678,0.0075010266
SPY,call,775.0,0.1232876712328767,2026-07-31,5.845000000000001,5.83,5.86,5.78,27.0,0.1300441000366211,753.489990234375,0.03634999752044678,0.0075010266
SPY,call,776.0,0.1232876712328767,2026-07-31,5.550000000000001,5.53,5.57,6.99,59.0,0.12970841003417968,753.489990234375,0.03634999752044678,0.0075010266
SPY,call,779.0,0.1232876712328767,2026-07-31,4.734999999999999,4.72,4.75,5.42,185.0,0.12853349502563477,753.489990234375,0.03634999752044678,0.0075010266
SPY,call,780.0,0.1232876712328767,2026-07-31,4.385,4.37,4.4,4.63,71.0,0.12696185546875,753.489990234375,0.03634999752044678,0.0075010266
SPY,call,781.0,0.1232876712328767,2026-07-31,4.1850000000000005,4.17,4.2,4.76,11.0,0.12708392456054687,753.489990234375,0.03634999752044678,0.0075010266
SPY,call,783.0,0.1232876712328767,2026-07-31,3.72,3.7,3.74,4.8,33.0,0.12625995819091795,753.489990234375,0.03634999752044678,0.0075010266
SPY,call,784.0,0.1232876712328767,2026-07-31,3.495,3.48,3.51,4.04,28.0,0.1256648713684082,753.489990234375,0.03634999752044678,0.0075010266
SPY,call,785.0,0.1232876712328767,2026-07-31,3.335,3.32,3.35,3.42,33.0,0.12589375091552735,753.489990234375,0.03634999752044678,0.0075010266
SPY,call,787.0,0.1232876712328767,2026-07-31,2.9050000000000002,2.89,2.92,3.14,288.0,0.12448995635986329,753.489990234375,0.03634999752044678,0.0075010266
SPY,call,789.0,0.1232876712328767,2026-07-31,2.5949999999999998,2.58,2.61,3.18,101.0,0.1243373699951172,753.489990234375,0.03634999752044678,0.0075010266
SPY,call,790.0,0.1232876712328767,2026-07-31,2.46,2.45,2.47,2.5,51.0,0.1243373699951172,753.489990234375,0.03634999752044678,0.0075010266
SPY,call,793.0,0.1232876712328767,2026-07-31,2.035,2.02,2.05,2.24,56.0,0.12366598999023437,753.489990234375,0.03634999752044678,0.0075010266
SPY,call,794.0,0.1232876712328767,2026-07-31,1.865,1.85,1.88,2.15,89.0,0.12265891998291016,753.489990234375,0.03634999752044678,0.0075010266
SPY,call,795.0,0.1232876712328767,2026-07-31,1.77,1.76,1.78,1.8,15.0,0.12281150634765625,753.489990234375,0.03634999752044678,0.0075010266
SPY,call,797.0,0.1232876712328767,2026-07-31,1.56,1.55,1.57,1.61,101.0,0.12259788543701172,753.489990234375,0.03634999752044678,0.0075010266
SPY,call,798.0,0.1232876712328767,2026-07-31,1.47,1.46,1.48,1.76,11.0,0.12265891998291016,753.489990234375,0.03634999752044678,0.0075010266
SPY,call,799.0,0.1232876712328767,2026-07-31,1.365,1.35,1.38,1.78,24.0,0.1223842645263672,753.489990234375,0.03634999752044678,0.0075010266
SPY,call,800.0,0.1232876712328767,2026-07-31,1.2850000000000001,1.27,1.3,1.27,291.0,0.12244529907226565,753.489990234375,0.03634999752044678,0.0075010266
SPY,call,815.0,0.1232876712328767,2026-07-31,0.51,0.5,0.52,0.54,268.0,0.12427633544921876,753.489990234375,0.03634999752044678,0.0075010266
SPY,call,820.0,0.1232876712328767,2026-07-31,0.38,0.37,0.39,0.43,303.0,0.1256190954589844,753.489990234375,0.03634999752044678,0.0075010266
SPY,call,825.0,0.1232876712328767,2026-07-31,0.29000000000000004,0.28,0.3,0.3,27.0,0.1274501318359375,753.489990234375,0.03634999752044678,0.0075010266
SPY,call,830.0,0.1232876712328767,2026-07-31,0.225,0.22,0.23,0.24,431.0,0.12928116821289062,753.489990234375,0.03634999752044678,0.0075010266
SPY,call,890.0,0.1232876712328767,2026-07-31,0.055,0.05,0.06,0.07,120.0,0.1757894921875,753.489990234375,0.03634999752044678,0.0075010266
SPY,call,900.0,0.1232876712328767,2026-07-31,0.045,0.04,0.05,0.05,20.0,0.18262536132812499,753.489990234375,0.03634999752044678,0.0075010266
SPY,put,380.0,0.1232876712328767,2026-07-31,0.055,0.05,0.06,0.05,30.0,0.6523472265625001,753.489990234375,0.03634999752044678,0.0075010266
SPY,put,385.0,0.1232876712328767,2026-07-31,0.055,0.05,0.06,0.17,105.0,0.64062859375,753.489990234375,0.03634999752044678,0.0075010266
SPY,put,390.0,0.1232876712328767,2026-07-31,0.055,0.05,0.06,0.19,102.0,0.6289099609375001,753.489990234375,0.03634999752044678,0.0075010266
SPY,put,395.0,0.1232876712328767,2026-07-31,0.055,0.05,0.06,0.11,25.0,0.6171913281250001,753.489990234375,0.03634999752044678,0.0075010266
SPY,put,400.0,0.1232876712328767,2026-07-31,0.065,0.06,0.07,0.07,96.0,0.6152382226562501,753.489990234375,0.03634999752044678,0.0075010266
SPY,put,405.0,0.1232876712328767,2026-07-31,0.065,0.06,0.07,0.17,20.0,0.6035195898437502,753.489990234375,0.03634999752044678,0.0075010266
SPY,put,415.0,0.1232876712328767,2026-07-31,0.07500000000000001,0.07,0.08,0.16,15.0,0.5898478515625001,753.489990234375,0.03634999752044678,0.0075010266
SPY,put,420.0,0.1232876712328767,2026-07-31,0.08499999999999999,0.08,0.09,0.17,19.0,0.585941640625,753.489990234375,0.03634999752044678,0.0075010266
SPY,put,425.0,0.1232876712328767,2026-07-31,0.08499999999999999,0.08,0.09,0.17,10.0,0.5742230078125,753.489990234375,0.03634999752044678,0.0075010266
SPY,put,430.0,0.1232876712328767,2026-07-31,0.095,0.09,0.1,0.1,34.0,0.569340244140625,753.489990234375,0.03634999752044678,0.0075010266
SPY,put,435.0,0.1232876712328767,2026-07-31,0.095,0.09,0.1,0.19,14.0,0.5585981640625001,753.489990234375,0.03634999752044678,0.0075010266
SPY,put,440.0,0.1232876712328767,2026-07-31,0.10500000000000001,0.1,0.11,0.1,15.0,0.55273884765625,753.489990234375,0.03634999752044678,0.0075010266
SPY,put,445.0,0.1232876712328767,2026-07-31,0.11499999999999999,0.11,0.12,0.11,35.0,0.5478560839843751,753.489990234375,0.03634999752044678,0.0075010266
SPY,put,450.0,0.1232876712328767,2026-07-31,0.11499999999999999,0.11,0.12,0.12,10.0,0.5371140039062501,753.489990234375,0.03634999752044678,0.0075010266
SPY,put,455.0,0.1232876712328767,2026-07-31,0.125,0.12,0.13,0.12,15.0,0.5302781347656251,753.489990234375,0.03634999752044678,0.0075010266
SPY,put,470.0,0.1232876712328767,2026-07-31,0.155,0.15,0.16,0.16,84.0,0.5107470800781251,753.489990234375,0.03634999752044678,0.0075010266
SPY,put,490.0,0.1232876712328767,2026-07-31,0.195,0.19,0.2,0.2,24.0,0.48242705078125003,753.489990234375,0.03634999752044678,0.0075010266
SPY,put,505.0,0.1232876712328767,2026-07-31,0.225,0.22,0.23,0.22,165.0,0.45898978515625005,753.489990234375,0.03634999752044678,0.0075010266
SPY,put,510.0,0.1232876712328767,2026-07-31,0.245,0.24,0.25,0.26,14.0,0.45313046875,753.489990234375,0.03634999752044678,0.0075010266
SPY,put,515.0,0.1232876712328767,2026-07-31,0.255,0.25,0.26,0.26,74.0,0.44482977050781247,753.489990234375,0.03634999752044678,0.0075010266
SPY,put,525.0,0.1232876712328767,2026-07-31,0.28500000000000003,0.28,0.29,0.3,101.0,0.4304256176757813,753.489990234375,0.03634999752044678,0.0075010266
SPY,put,530.0,0.1232876712328767,2026-07-31,0.305,0.3,0.31,0.31,20.0,0.42383388671875,753.489990234375,0.03634999752044678,0.0075010266
SPY,put,535.0,0.1232876712328767,2026-07-31,0.315,0.31,0.32,0.32,20.0,0.41528905029296875,753.489990234375,0.03634999752044678,0.0075010266
SPY,put,540.0,0.1232876712328767,2026-07-31,0.335,0.33,0.34,0.35,1658.0,0.40845318115234375,753.489990234375,0.03634999752044678,0.0075010266
SPY,put,545.0,0.1232876712328767,2026-07-31,0.36,0.35,0.37,0.34,80.0,0.4028380029296875,753.489990234375,0.03634999752044678,0.0075010266
SPY,put,550.0,0.1232876712328767,2026-07-31,0.385,0.38,0.39,0.4,183.0,0.39551385742187506,753.489990234375,0.03634999752044678,0.0075010266
SPY,put,565.0,0.1232876712328767,2026-07-31,0.445,0.44,0.45,0.44,15.0,0.37256486816406253,753.489990234375,0.03634999752044678,0.0075010266
SPY,put,580.0,0.1232876712328767,2026-07-31,0.525,0.52,0.53,0.53,56.0,0.3508365698242187,753.489990234375,0.03634999752044678,0.0075010266
SPY,put,585.0,0.1232876712328767,2026-07-31,0.565,0.56,0.57,0.53,14.0,0.34448897705078124,753.489990234375,0.03634999752044678,0.0075010266
SPY,put,590.0,0.1232876712328767,2026-07-31,0.595,0.59,0.6,0.57,3394.0,0.33704276245117193,753.489990234375,0.03634999752044678,0.0075010266
SPY,put,595.0,0.1232876712328767,2026-07-31,0.615,0.61,0.62,0.66,53.0,0.3286199951171874,753.489990234375,0.03634999752044678,0.0075010266
SPY,put,600.0,0.1232876712328767,2026-07-31,0.655,0.65,0.66,0.64,20.0,0.32166205688476557,753.489990234375,0.03634999752044678,0.0075010266
SPY,put,605.0,0.1232876712328767,2026-07-31,0.695,0.69,0.7,0.7,44.0,0.31445998046874996,753.489990234375,0.03634999752044678,0.0075010266
SPY,put,610.0,0.1232876712328767,2026-07-31,0.745,0.74,0.75,0.7,25.0,0.3078682495117187,753.489990234375,0.03634999752044678,0.0075010266
SPY,put,615.0,0.1232876712328767,2026-07-31,0.785,0.78,0.79,0.74,15.0,0.3002999658203125,753.489990234375,0.03634999752044678,0.0075010266
SPY,put,623.0,0.1232876712328767,2026-07-31,0.875,0.87,0.88,0.95,10.0,0.2893137475585937,753.489990234375,0.03634999752044678,0.0075010266
SPY,put,624.0,0.1232876712328767,2026-07-31,0.89,0.88,0.9,0.93,32.0,0.28833719482421866,753.489990234375,0.03634999752044678,0.0075010266
SPY,put,625.0,0.1232876712328767,2026-07-31,0.9,0.89,0.91,0.89,25.0,0.2868723657226562,753.489990234375,0.03634999752044678,0.0075010266
SPY,put,632.0,0.1232876712328767,2026-07-31,0.98,0.97,0.99,1.03,17.0,0.2766185620117187,753.489990234375,0.03634999752044678,0.0075010266
SPY,put,637.0,0.1232876712328767,2026-07-31,1.0550000000000002,1.05,1.06,1.09,81.0,0.2696606237792969,753.489990234375,0.03634999752044678,0.0075010266
SPY,put,638.0,0.1232876712328767,2026-07-31,1.07,1.06,1.08,2.99,21.0,0.26856200195312496,753.489990234375,0.03634999752044678,0.0075010266
SPY,put,639.0,0.1232876712328767,2026-07-31,1.08,1.07,1.09,1.13,31.0,0.2668530346679688,753.489990234375,0.03634999752044678,0.0075010266
SPY,put,641.0,0.1232876712328767,2026-07-31,1.11,1.1,1.12,1.09,11.0,0.2640454455566406,753.489990234375,0.03634999752044678,0.0075010266
SPY,put,642.0,0.1232876712328767,2026-07-31,1.125,1.12,1.13,1.14,145.0,0.2623975128173829,753.489990234375,0.03634999752044678,0.0075010266
SPY,put,644.0,0.1232876712328767,2026-07-31,1.17,1.16,1.18,1.17,767.0,0.2603833728027344,753.489990234375,0.03634999752044678,0.0075010266
SPY,put,650.0,0.1232876712328767,2026-07-31,1.29,1.28,1.3,1.29,14.0,0.2525709509277344,753.489990234375,0.03634999752044678,0.0075010266
SPY,put,652.0,0.1232876712328767,2026-07-31,1.315,1.31,1.32,2.29,383.0,0.249030947265625,753.489990234375,0.03634999752044678,0.0075010266
SPY,put,657.0,0.1232876712328767,2026-07-31,1.4249999999999998,1.42,1.43,1.46,32.0,0.2423781817626953,753.489990234375,0.03634999752044678,0.0075010266
SPY,put,658.0,0.1232876712328767,2026-07-31,1.46,1.45,1.47,1.43,15.0,0.24158473266601563,753.489990234375,0.03634999752044678,0.0075010266
SPY,put,659.0,0.1232876712328767,2026-07-31,1.495,1.49,1.5,1.42,188.0,0.24048611083984373,753.489990234375,0.03634999752044678,0.0075010266
SPY,put,660.0,0.1232876712328767,2026-07-31,1.52,1.51,1.53,1.42,20.0,0.2393264544677734,753.489990234375,0.03634999752044678,0.0075010266
SPY,put,665.0,0.1232876712328767,2026-07-31,1.6549999999999998,1.65,1.66,1.67,21.0,0.23255161987304687,753.489990234375,0.03634999752044678,0.0075010266
SPY,put,667.0,0.1232876712328767,2026-07-31,1.7,1.69,1.71,1.67,14.0,0.2296829962158203,753.489990234375,0.03634999752044678,0.0075010266
SPY,put,670.0,0.1232876712328767,2026-07-31,1.82,1.81,1.83,1.84,40.0,0.22650919982910156,753.489990234375,0.03634999752044678,0.0075010266
SPY,put,672.0,0.1232876712328767,2026-07-31,1.87,1.86,1.88,1.8,12.0,0.22345747253417966,753.489990234375,0.03634999752044678,0.0075010266
SPY,put,673.0,0.1232876712328767,2026-07-31,1.93,1.92,1.94,1.93,11.0,0.22284712707519527,753.489990234375,0.03634999752044678,0.0075010266
SPY,put,675.0,0.1232876712328767,2026-07-31,1.995,1.99,2.0,1.85,12.0,0.21991746887207028,753.489990234375,0.03634999752044678,0.0075010266
SPY,put,677.0,0.1232876712328767,2026-07-31,2.0700000000000003,2.06,2.08,2.04,32.0,0.2174760870361328,753.489990234375,0.03634999752044678,0.0075010266
SPY,put,680.0,0.1232876712328767,2026-07-31,2.21,2.2,2.22,2.13,36.0,0.2140581524658203,753.489990234375,0.03634999752044678,0.0075010266
SPY,put,681.0,0.1232876712328767,2026-07-31,2.25,2.24,2.26,2.24,18.0,0.2127153924560547,753.489990234375,0.03634999752044678,0.0075010266
SPY,put,682.0,0.1232876712328767,2026-07-31,2.29,2.28,2.3,2.25,23.0,0.21131159790039059,753.489990234375,0.03634999752044678,0.0075010266
SPY,put,684.0,0.1232876712328767,2026-07-31,2.395,2.38,2.41,2.27,23.0,0.20917538879394526,753.489990234375,0.03634999752044678,0.0075010266
SPY,put,685.0,0.1232876712328767,2026-07-31,2.4400000000000004,2.43,2.45,2.28,38.0,0.20771055969238278,753.489990234375,0.03634999752044678,0.0075010266
SPY,put,687.0,0.1232876712328767,2026-07-31,2.565,2.55,2.58,2.48,24.0,0.20584900604248046,753.489990234375,0.03634999752044678,0.0075010266
SPY,put,688.0,0.1232876712328767,2026-07-31,2.6399999999999997,2.63,2.65,2.44,12.0,0.2049640051269531,753.489990234375,0.03634999752044678,0.0075010266
SPY,put,689.0,0.1232876712328767,2026-07-31,2.6950000000000003,2.68,2.71,2.54,32.0,0.2038043487548828,753.489990234375,0.03634999752044678,0.0075010266
SPY,put,690.0,0.1232876712328767,2026-07-31,2.7199999999999998,2.71,2.73,2.65,36.0,0.20182072601318357,753.489990234375,0.03634999752044678,0.0075010266
SPY,put,693.0,0.1232876712328767,2026-07-31,2.92,2.91,2.93,2.68,15.0,0.19855537780761717,753.489990234375,0.03634999752044678,0.0075010266
SPY,put,694.0,0.1232876712328767,2026-07-31,2.9850000000000003,2.97,3.0,2.99,19.0,0.1974567559814453,753.489990234375,0.03634999752044678,0.0075010266
SPY,put,695.0,0.1232876712328767,2026-07-31,3.0599999999999996,3.05,3.07,3.1,26.0,0.196297099609375,753.489990234375,0.03634999752044678,0.0075010266
SPY,put,696.0,0.1232876712328767,2026-07-31,3.125,3.11,3.14,3.06,43.0,0.1951374432373047,753.489990234375,0.03634999752044678,0.0075010266
SPY,put,698.0,0.1232876712328767,2026-07-31,3.2649999999999997,3.25,3.28,3.06,17.0,0.1926960614013672,753.489990234375,0.03634999752044678,0.0075010266
SPY,put,699.0,0.1232876712328767,2026-07-31,3.385,3.37,3.4,3.34,100.0,0.19229933685302736,753.489990234375,0.03634999752044678,0.0075010266
SPY,put,700.0,0.1232876712328767,2026-07-31,3.41,3.4,3.42,3.47,93.0,0.1901020932006836,753.489990234375,0.03634999752044678,0.0075010266
SPY,put,701.0,0.1232876712328767,2026-07-31,3.5149999999999997,3.5,3.53,3.29,37.0,0.18946123046875002,753.489990234375,0.03634999752044678,0.0075010266
SPY,put,704.0,0.1232876712328767,2026-07-31,3.795,3.78,3.81,3.68,23.0,0.1863484686279297,753.489990234375,0.03634999752044678,0.0075010266
SPY,put,705.0,0.1232876712328767,2026-07-31,3.8449999999999998,3.83,3.86,3.81,64.0,0.18451743225097655,753.489990234375,0.03634999752044678,0.0075010266
SPY,put,707.0,0.1232876712328767,2026-07-31,4.035,4.02,4.05,3.75,33.0,0.18225915405273438,753.489990234375,0.03634999752044678,0.0075010266
SPY,put,708.0,0.1232876712328767,2026-07-31,4.195,4.18,4.21,4.17,12.0,0.18204553314208982,753.489990234375,0.03634999752044678,0.0075010266
SPY,put,709.0,0.1232876712328767,2026-07-31,4.255,4.24,4.27,3.91,18.0,0.18024501403808596,753.489990234375,0.03634999752044678,0.0075010266
SPY,put,710.0,0.1232876712328767,2026-07-31,4.365,4.35,4.38,4.4,67.0,0.17917690948486326,753.489990234375,0.03634999752044678,0.0075010266
SPY,put,712.0,0.1232876712328767,2026-07-31,4.555,4.54,4.57,4.4,35.0,0.17646087219238282,753.489990234375,0.03634999752044678,0.0075010266
SPY,put,715.0,0.1232876712328767,2026-07-31,4.915,4.9,4.93,4.77,27.0,0.17313448944091797,753.489990234375,0.03634999752044678,0.0075010266
SPY,put,719.0,0.1232876712328767,2026-07-31,5.48,5.46,5.5,5.13,25.0,0.16919776123046876,753.489990234375,0.03634999752044678,0.0075010266
SPY,put,720.0,0.1232876712328767,2026-07-31,5.6850000000000005,5.68,5.69,5.55,68.0,0.16867896759033207,753.489990234375,0.03634999752044678,0.0075010266
SPY,put,721.0,0.1232876712328767,2026-07-31,5.824999999999999,5.81,5.84,5.43,44.0,0.1675803457641602,753.489990234375,0.03634999752044678,0.0075010266
SPY,put,725.0,0.1232876712328767,2026-07-31,6.390000000000001,6.37,6.41,6.43,131.0,0.16233137481689452,753.489990234375,0.03634999752044678,0.0075010266
SPY,put,730.0,0.1232876712328767,2026-07-31,7.41,7.39,7.43,6.75,121.0,0.15805895660400393,753.489990234375,0.03634999752044678,0.0075010266
SPY,put,734.0,0.1232876712328767,2026-07-31,8.26,8.24,8.28,8.05,40.0,0.15378653839111328,753.489990234375,0.03634999752044678,0.0075010266
SPY,put,735.0,0.1232876712328767,2026-07-31,8.39,8.37,8.41,8.49,74.0,0.1516808465576172,753.489990234375,0.03634999752044678,0.0075010266
SPY,put,738.0,0.1232876712328767,2026-07-31,9.23,9.21,9.25,8.8,19.0,0.14966670654296876,753.489990234375,0.03634999752044678,0.0075010266
SPY,put,739.0,0.1232876712328767,2026-07-31,9.455,9.43,9.48,8.95,36.0,0.14832394653320313,753.489990234375,0.03634999752044678,0.0075010266
SPY,put,740.0,0.1232876712328767,2026-07-31,9.665,9.64,9.69,9.77,90.0,0.14670653106689452,753.489990234375,0.03634999752044678,0.0075010266
SPY,put,741.0,0.1232876712328767,2026-07-31,9.969999999999999,9.95,9.99,9.65,20.0,0.1459283406066894,753.489990234375,0.03634999752044678,0.0075010266
SPY,put,742.0,0.1232876712328767,2026-07-31,10.23,10.21,10.25,9.78,63.0,0.14466187377929687,753.489990234375,0.03634999752044678,0.0075010266
SPY,put,745.0,0.1232876712328767,2026-07-31,11.26,11.24,11.28,11.27,60.0,0.14280032012939453,753.489990234375,0.03634999752044678,0.0075010266
SPY,put,748.0,0.1232876712328767,2026-07-31,12.175,12.15,12.2,11.74,54.0,0.13909247146606446,753.489990234375,0.03634999752044678,0.0075010266
SPY,put,750.0,0.1232876712328767,2026-07-31,12.935,12.91,12.96,13.1,91.0,0.1375513491821289,753.489990234375,0.03634999752044678,0.0075010266
SPY,put,751.0,0.1232876712328767,2026-07-31,13.280000000000001,13.25,13.31,12.36,21.0,0.13636117553710939,753.489990234375,0.03634999752044678,0.0075010266
SPY,put,752.0,0.1232876712328767,2026-07-31,13.594999999999999,13.57,13.62,13.8,27.0,0.13468272552490235,753.489990234375,0.03634999752044678,0.0075010266
SPY,put,753.0,0.1232876712328767,2026-07-31,14.04,14.01,14.07,13.68,77.0,0.13422496643066406,753.489990234375,0.03634999752044678,0.0075010266
SPY,put,754.0,0.1232876712328767,2026-07-31,14.49,14.46,14.52,14.66,86.0,0.13367565551757812,753.489990234375,0.03634999752044678,0.0075010266
SPY,put,755.0,0.1232876712328767,2026-07-31,14.925,14.9,14.95,15.15,96.0,0.132821171875,753.489990234375,0.03634999752044678,0.0075010266
SPY,put,756.0,0.1232876712328767,2026-07-31,15.495000000000001,15.47,15.52,15.36,41.0,0.1331873791503906,753.489990234375,0.03634999752044678,0.0075010266
SPY,put,757.0,0.1232876712328767,2026-07-31,15.935,15.91,15.96,15.3,189.0,0.13221082641601564,753.489990234375,0.03634999752044678,0.0075010266
SPY,put,763.0,0.1232876712328767,2026-07-31,18.765,18.68,18.85,18.1,15.0,0.12641254455566403,753.489990234375,0.03634999752044678,0.0075010266
SPY,put,765.0,0.1232876712328767,2026-07-31,19.93,19.83,20.03,19.25,20.0,0.12563435409545898,753.489990234375,0.03634999752044678,0.0075010266
SPY,put,790.0,0.1232876712328767,2026-07-31,39.015,37.29,40.74,64.02,39.0,0.15033808654785158,753.489990234375,0.03634999752044678,0.0075010266
SPY,call,435.0,0.18082191780821918,2026-08-21,319.845,318.09,321.6,304.49,10.0,0.6413610083007812,753.489990234375,0.03634999752044678,0.0075010266
SPY,call,460.0,0.18082191780821918,2026-08-21,294.845,293.17,296.52,283.85,14.0,0.5832561206054687,753.489990234375,0.03634999752044678,0.0075010266
SPY,call,550.0,0.18082191780821918,2026-08-21,205.95499999999998,204.25,207.66,207.27,150.0,0.4953663745117188,753.489990234375,0.03634999752044678,0.0075010266
SPY,call,654.0,0.18082191780821918,2026-08-21,104.77,103.07,106.47,94.36,13.0,0.3118354949951171,753.489990234375,0.03634999752044678,0.0075010266
SPY,call,656.0,0.18082191780821918,2026-08-21,102.85,101.11,104.59,94.46,12.0,0.3088753195190429,753.489990234375,0.03634999752044678,0.0075010266
SPY,call,657.0,0.18082191780821918,2026-08-21,101.83500000000001,100.25,103.42,93.47,13.0,0.30408410766601557,753.489990234375,0.03634999752044678,0.0075010266
SPY,call,660.0,0.18082191780821918,2026-08-21,98.855,97.12,100.59,99.91,11.0,0.29944548217773437,753.489990234375,0.03634999752044678,0.0075010266
SPY,call,665.0,0.18082191780821918,2026-08-21,94.11,92.38,95.84,95.97,21.0,0.29109900802612293,753.489990234375,0.03634999752044678,0.0075010266
SPY,call,673.0,0.18082191780821918,2026-08-21,86.88499999999999,85.27,88.5,72.66,30.0,0.2806163247680663,753.489990234375,0.03634999752044678,0.0075010266
SPY,call,680.0,0.18082191780821918,2026-08-21,80.20500000000001,78.65,81.76,82.03,38.0,0.266807258758545,753.489990234375,0.03634999752044678,0.0075010266
SPY,call,695.0,0.18082191780821918,2026-08-21,67.11500000000001,66.25,67.98,67.84,28.0,0.24330895858764645,753.489990234375,0.03634999752044678,0.0075010266
SPY,call,702.0,0.18082191780821918,2026-08-21,61.085,60.13,62.04,61.31,11.0,0.23627472717285153,753.489990234375,0.03634999752044678,0.0075010266
SPY,call,707.0,0.18082191780821918,2026-08-21,56.795,55.87,57.72,56.5,10.0,0.2296829962158203,753.489990234375,0.03634999752044678,0.0075010266
SPY,call,708.0,0.18082191780821918,2026-08-21,55.965,55.03,56.9,40.95,20.0,0.22873696075439454,753.489990234375,0.03634999752044678,0.0075010266
SPY,call,711.0,0.18082191780821918,2026-08-21,53.120000000000005,52.18,54.06,38.06,117.0,0.22205367797851558,753.489990234375,0.03634999752044678,0.0075010266
SPY,call,715.0,0.18082191780821918,2026-08-21,49.03,48.87,49.19,50.47,22.0,0.20264469238281246,753.489990234375,0.03634999752044678,0.0075010266
SPY,call,716.0,0.18082191780821918,2026-08-21,48.705,47.94,49.47,49.98,10.0,0.21196771926879882,753.489990234375,0.03634999752044678,0.0075010266
SPY,call,720.0,0.18082191780821918,2026-08-21,44.775,44.61,44.94,46.55,18.0,0.19571727142333983,753.489990234375,0.03634999752044678,0.0075010266
SPY,call,724.0,0.18082191780821918,2026-08-21,41.65,41.5,41.8,34.8,18.0,0.1919789054870606,753.489990234375,0.03634999752044678,0.0075010266
SPY,call,730.0,0.18082191780821918,2026-08-21,37.035,36.92,37.15,37.86,96.0,0.1857533818054199,753.489990234375,0.03634999752044678,0.0075010266
SPY,call,732.0,0.18082191780821918,2026-08-21,35.93,35.16,36.7,36.19,77.0,0.19261976821899413,753.489990234375,0.03634999752044678,0.0075010266
SPY,call,734.0,0.18082191780821918,2026-08-21,33.81999999999999,33.66,33.98,34.5,12.0,0.18024501403808596,753.489990234375,0.03634999752044678,0.0075010266
SPY,call,737.0,0.18082191780821918,2026-08-21,31.595,31.44,31.75,34.59,57.0,0.17693388992309572,753.489990234375,0.03634999752044678,0.0075010266
SPY,call,738.0,0.18082191780821918,2026-08-21,31.315,30.61,32.02,32.93,14.0,0.1839833799743652,753.489990234375,0.03634999752044678,0.0075010266
SPY,call,739.0,0.18082191780821918,2026-08-21,30.07,29.94,30.2,32.44,109.0,0.1739889730834961,753.489990234375,0.03634999752044678,0.0075010266
SPY,call,740.0,0.18082191780821918,2026-08-21,29.405,29.29,29.52,29.76,32.0,0.17321078262329104,753.489990234375,0.03634999752044678,0.0075010266
SPY,call,741.0,0.18082191780821918,2026-08-21,29.205,28.55,29.86,30.06,46.0,0.18059596267700195,753.489990234375,0.03634999752044678,0.0075010266
SPY,call,744.0,0.18082191780821918,2026-08-21,26.675,26.53,26.82,27.6,13.0,0.16980810668945315,753.489990234375,0.03634999752044678,0.0075010266
SPY,call,745.0,0.18082191780821918,2026-08-21,25.85,25.75,25.95,25.86,10.0,0.1672904316711426,753.489990234375,0.03634999752044678,0.0075010266
SPY,call,746.0,0.18082191780821918,2026-08-21,25.13,25.02,25.24,26.94,51.0,0.1659934475708008,753.489990234375,0.03634999752044678,0.0075010266
SPY,call,749.0,0.18082191780821918,2026-08-21,23.355,23.26,23.45,25.16,16.0,0.16443706665039062,753.489990234375,0.03634999752044678,0.0075010266
SPY,call,750.0,0.18082191780821918,2026-08-21,22.505000000000003,22.44,22.57,22.52,48.0,0.16159896026611326,753.489990234375,0.03634999752044678,0.0075010266
SPY,call,751.0,0.18082191780821918,2026-08-21,21.955,21.85,22.06,23.3,145.0,0.16159896026611326,753.489990234375,0.03634999752044678,0.0075010266
SPY,call,754.0,0.18082191780821918,2026-08-21,20.009999999999998,19.99,20.03,19.91,152.0,0.15734180068969728,753.489990234375,0.03634999752044678,0.0075010266
SPY,call,755.0,0.18082191780821918,2026-08-21,19.54,19.52,19.56,19.33,299.0,0.1574180938720703,753.489990234375,0.03634999752044678,0.0075010266
SPY,call,756.0,0.18082191780821918,2026-08-21,18.9,18.88,18.92,18.81,156.0,0.15610585113525394,753.489990234375,0.03634999752044678,0.0075010266
SPY,call,757.0,0.18082191780821918,2026-08-21,18.38,18.36,18.4,18.33,162.0,0.1556633506774902,753.489990234375,0.03634999752044678,0.0075010266
SPY,call,758.0,0.18082191780821918,2026-08-21,17.854999999999997,17.83,17.88,18.9,175.0,0.15515981567382814,753.489990234375,0.03634999752044678,0.0075010266
SPY,call,759.0,0.18082191780821918,2026-08-21,17.240000000000002,17.22,17.26,18.94,19.0,0.1538170556640625,753.489990234375,0.03634999752044678,0.0075010266
SPY,call,760.0,0.18082191780821918,2026-08-21,16.549999999999997,16.54,16.56,16.51,1663.0,0.15177239837646483,753.489990234375,0.03634999752044678,0.0075010266
SPY,call,762.0,0.18082191780821918,2026-08-21,15.690000000000001,15.67,15.71,16.71,33.0,0.15180291564941406,753.489990234375,0.03634999752044678,0.0075010266
SPY,call,763.0,0.18082191780821918,2026-08-21,15.030000000000001,15.01,15.05,15.01,11.0,0.1498803274536133,753.489990234375,0.03634999752044678,0.0075010266
SPY,call,765.0,0.18082191780821918,2026-08-21,14.1,14.08,14.12,13.98,76.0,0.14888851608276366,753.489990234375,0.03634999752044678,0.0075010266
SPY,call,767.0,0.18082191780821918,2026-08-21,12.99,12.97,13.01,13.89,50.0,0.14618773742675778,753.489990234375,0.03634999752044678,0.0075010266
SPY,call,768.0,0.18082191780821918,2026-08-21,12.57,12.55,12.59,12.89,10.0,0.14580627151489256,753.489990234375,0.03634999752044678,0.0075010266
SPY,call,769.0,0.18082191780821918,2026-08-21,12.1,12.08,12.12,13.29,50.0,0.14495178787231444,753.489990234375,0.03634999752044678,0.0075010266
SPY,call,770.0,0.18082191780821918,2026-08-21,11.66,11.64,11.68,11.73,427.0,0.144265149230957,753.489990234375,0.03634999752044678,0.0075010266
SPY,call,771.0,0.18082191780821918,2026-08-21,11.379999999999999,11.36,11.4,12.19,51.0,0.14481446014404298,753.489990234375,0.03634999752044678,0.0075010266
SPY,call,772.0,0.18082191780821918,2026-08-21,10.96,10.94,10.98,10.82,86.0,0.14415833877563478,753.489990234375,0.03634999752044678,0.0075010266
SPY,call,775.0,0.18082191780821918,2026-08-21,9.67,9.65,9.69,9.61,39.0,0.1414728187561035,753.489990234375,0.03634999752044678,0.0075010266
SPY,call,776.0,0.18082191780821918,2026-08-21,9.32,9.3,9.34,9.96,18.0,0.1411066114807129,753.489990234375,0.03634999752044678,0.0075010266
SPY,call,777.0,0.18082191780821918,2026-08-21,8.96,8.94,8.98,9.15,33.0,0.14057255920410155,753.489990234375,0.03634999752044678,0.0075010266
SPY,call,778.0,0.18082191780821918,2026-08-21,8.594999999999999,8.58,8.61,8.88,32.0,0.1398706619262695,753.489990234375,0.03634999752044678,0.0075010266
SPY,call,780.0,0.18082191780821918,2026-08-21,7.9,7.88,7.92,7.86,143.0,0.13869574691772463,753.489990234375,0.03634999752044678,0.0075010266
SPY,call,781.0,0.18082191780821918,2026-08-21,7.595000000000001,7.58,7.61,7.68,70.0,0.1382990223693848,753.489990234375,0.03634999752044678,0.0075010266
SPY,call,782.0,0.18082191780821918,2026-08-21,7.205,7.19,7.22,7.36,312.0,0.13709359008789065,753.489990234375,0.03634999752044678,0.0075010266
SPY,call,783.0,0.18082191780821918,2026-08-21,7.0,6.99,7.01,7.8,66.0,0.1374750559997559,753.489990234375,0.03634999752044678,0.0075010266
SPY,call,785.0,0.18082191780821918,2026-08-21,6.42,6.4,6.44,6.99,83.0,0.13662057235717773,753.489990234375,0.03634999752044678,0.0075010266
SPY,call,786.0,0.18082191780821918,2026-08-21,6.074999999999999,6.06,6.09,6.52,32.0,0.13543039871215823,753.489990234375,0.03634999752044678,0.0075010266
SPY,call,787.0,0.18082191780821918,2026-08-21,5.775,5.77,5.78,6.24,29.0,0.13454539779663088,753.489990234375,0.03634999752044678,0.0075010266
SPY,call,788.0,0.18082191780821918,2026-08-21,5.5649999999999995,5.55,5.58,5.97,218.0,0.13468272552490235,753.489990234375,0.03634999752044678,0.0075010266
SPY,call,789.0,0.18082191780821918,2026-08-21,5.375,5.36,5.39,5.71,210.0,0.1348658291625977,753.489990234375,0.03634999752044678,0.0075010266
SPY,call,790.0,0.18082191780821918,2026-08-21,5.13,5.12,5.14,5.07,21.0,0.13434703552246097,753.489990234375,0.03634999752044678,0.0075010266
SPY,call,792.0,0.18082191780821918,2026-08-21,4.6850000000000005,4.67,4.7,4.98,15.0,0.13372143142700194,753.489990234375,0.03634999752044678,0.0075010266
SPY,call,793.0,0.18082191780821918,2026-08-21,4.425000000000001,4.41,4.44,4.77,18.0,0.1328364305114746,753.489990234375,0.03634999752044678,0.0075010266
SPY,call,795.0,0.18082191780821918,2026-08-21,3.995,3.98,4.01,4.0,18.0,0.13181410186767578,753.489990234375,0.03634999752044678,0.0075010266
SPY,call,796.0,0.18082191780821918,2026-08-21,3.8099999999999996,3.8,3.82,4.4,24.0,0.13147841186523437,753.489990234375,0.03634999752044678,0.0075010266
SPY,call,799.0,0.18082191780821918,2026-08-21,3.295,3.28,3.31,4.18,14.0,0.1307002214050293,753.489990234375,0.03634999752044678,0.0075010266
SPY,call,800.0,0.18082191780821918,2026-08-21,3.185,3.17,3.2,3.17,109.0,0.1310816873168945,753.489990234375,0.03634999752044678,0.0075010266
SPY,call,805.0,0.18082191780821918,2026-08-21,2.465,2.45,2.48,2.67,183.0,0.12967789276123048,753.489990234375,0.03634999752044678,0.0075010266
SPY,call,810.0,0.18082191780821918,2026-08-21,1.91,1.9,1.92,1.94,48.0,0.1287623745727539,753.489990234375,0.03634999752044678,0.0075010266
SPY,call,815.0,0.18082191780821918,2026-08-21,1.45,1.44,1.46,1.68,423.0,0.12769427001953126,753.489990234375,0.03634999752044678,0.0075010266
SPY,call,835.0,0.18082191780821918,2026-08-21,0.55,0.54,0.56,0.57,102.0,0.1297694445800781,753.489990234375,0.03634999752044678,0.0075010266
SPY,call,840.0,0.18082191780821918,2026-08-21,0.44,0.43,0.45,0.43,301.0,0.13099013549804686,753.489990234375,0.03634999752044678,0.0075010266
SPY,call,845.0,0.18082191780821918,2026-08-21,0.355,0.35,0.36,0.38,1785.0,0.13221082641601564,753.489990234375,0.03634999752044678,0.0075010266
SPY,call,870.0,0.18082191780821918,2026-08-21,0.165,0.16,0.17,0.22,23.0,0.14429566650390624,753.489990234375,0.03634999752044678,0.0075010266
SPY,call,880.0,0.18082191780821918,2026-08-21,0.13,0.12,0.14,0.15,57.0,0.15039912109375003,753.489990234375,0.03634999752044678,0.0075010266
SPY,call,890.0,0.18082191780821918,2026-08-21,0.10500000000000001,0.1,0.11,0.12,250.0,0.15552602294921875,753.489990234375,0.03634999752044678,0.0075010266
SPY,call,900.0,0.18082191780821918,2026-08-21,0.08499999999999999,0.08,0.09,0.08,15.0,0.161141201171875,753.489990234375,0.03634999752044678,0.0075010266
SPY,call,905.0,0.18082191780821918,2026-08-21,0.07500000000000001,0.07,0.08,0.1,34.0,0.16333844482421878,753.489990234375,0.03634999752044678,0.0075010266
SPY,call,910.0,0.18082191780821918,2026-08-21,0.07500000000000001,0.07,0.08,0.08,10.0,0.16748879394531252,753.489990234375,0.03634999752044678,0.0075010266
SPY,call,915.0,0.18082191780821918,2026-08-21,0.065,0.06,0.07,0.08,80.0,0.1694418994140625,753.489990234375,0.03634999752044678,0.0075010266
SPY,call,920.0,0.18082191780821918,2026-08-21,0.065,0.06,0.07,0.08,62.0,0.17383638671875,753.489990234375,0.03634999752044678,0.0075010266
SPY,call,945.0,0.18082191780821918,2026-08-21,0.045,0.04,0.05,0.04,120.0,0.18799640136718748,753.489990234375,0.03634999752044678,0.0075010266
SPY,call,950.0,0.18082191780821918,2026-08-21,0.045,0.04,0.05,0.05,100.0,0.19190261230468753,753.489990234375,0.03634999752044678,0.0075010266
SPY,call,965.0,0.18082191780821918,2026-08-21,0.035,0.03,0.04,0.03,25.0,0.1992267578125,753.489990234375,0.03634999752044678,0.0075010266
SPY,call,970.0,0.18082191780821918,2026-08-21,0.035,0.03,0.04,0.03,120.0,0.20313296874999998,753.489990234375,0.03634999752044678,0.0075010266
SPY,call,980.0,0.18082191780821918,2026-08-21,0.035,0.03,0.04,0.04,30.0,0.21094539062499998,753.489990234375,0.03634999752044678,0.0075010266
SPY,call,985.0,0.18082191780821918,2026-08-21,0.025,0.02,0.03,0.03,140.0,0.20899228515624996,753.489990234375,0.03634999752044678,0.0075010266
SPY,put,360.0,0.18082191780821918,2026-08-21,0.095,0.09,0.1,0.1,22.0,0.6103554589843752,753.489990234375,0.03634999752044678,0.0075010266
SPY,put,365.0,0.18082191780821918,2026-08-21,0.095,0.09,0.1,0.1,240.0,0.5996133789062501,753.489990234375,0.03634999752044678,0.0075010266
SPY,put,370.0,0.18082191780821918,2026-08-21,0.10500000000000001,0.1,0.11,0.11,16.0,0.594730615234375,753.489990234375,0.03634999752044678,0.0075010266
SPY,put,375.0,0.18082191780821918,2026-08-21,0.10500000000000001,0.1,0.11,0.11,10.0,0.5839885351562499,753.489990234375,0.03634999752044678,0.0075010266
SPY,put,380.0,0.18082191780821918,2026-08-21,0.11499999999999999,0.11,0.12,0.11,40.0,0.579105771484375,753.489990234375,0.03634999752044678,0.0075010266
SPY,put,385.0,0.18082191780821918,2026-08-21,0.125,0.12,0.13,0.13,15.0,0.5732464550781251,753.489990234375,0.03634999752044678,0.0075010266
SPY,put,390.0,0.18082191780821918,2026-08-21,0.125,0.12,0.13,0.13,10.0,0.5634809277343751,753.489990234375,0.03634999752044678,0.0075010266
SPY,put,395.0,0.18082191780821918,2026-08-21,0.135,0.13,0.14,0.14,10.0,0.5576216113281252,753.489990234375,0.03634999752044678,0.0075010266
SPY,put,400.0,0.18082191780821918,2026-08-21,0.14500000000000002,0.14,0.15,0.14,15.0,0.5512740185546876,753.489990234375,0.03634999752044678,0.0075010266
SPY,put,405.0,0.18082191780821918,2026-08-21,0.155,0.15,0.16,0.15,15.0,0.5449264257812501,753.489990234375,0.03634999752044678,0.0075010266
SPY,put,435.0,0.18082191780821918,2026-08-21,0.215,0.21,0.22,0.22,10.0,0.5039112109375,753.489990234375,0.03634999752044678,0.0075010266
SPY,put,440.0,0.18082191780821918,2026-08-21,0.235,0.23,0.24,0.25,15.0,0.5004932763671875,753.489990234375,0.03634999752044678,0.0075010266
SPY,put,445.0,0.18082191780821918,2026-08-21,0.245,0.24,0.25,0.4,583.0,0.4931691308593751,753.489990234375,0.03634999752044678,0.0075010266
SPY,put,450.0,0.18082191780821918,2026-08-21,0.255,0.25,0.26,0.28,94.0,0.4858449853515625,753.489990234375,0.03634999752044678,0.0075010266
SPY,put,475.0,0.18082191780821918,2026-08-21,0.335,0.33,0.34,0.32,10.0,0.45361874511718747,753.489990234375,0.03634999752044678,0.0075010266
SPY,put,490.0,0.18082191780821918,2026-08-21,0.385,0.38,0.39,0.39,911.0,0.43335527587890627,753.489990234375,0.03634999752044678,0.0075010266
SPY,put,505.0,0.18082191780821918,2026-08-21,0.445,0.44,0.45,0.46,156.0,0.41358008300781246,753.489990234375,0.03634999752044678,0.0075010266
SPY,put,510.0,0.18082191780821918,2026-08-21,0.475,0.47,0.48,0.49,51.0,0.40796490478515623,753.489990234375,0.03634999752044678,0.0075010266
SPY,put,520.0,0.18082191780821918,2026-08-21,0.515,0.51,0.52,0.54,197.0,0.3940490283203125,753.489990234375,0.03634999752044678,0.0075010266
SPY,put,525.0,0.18082191780821918,2026-08-21,0.555,0.55,0.56,0.53,10.0,0.3891662646484375,753.489990234375,0.03634999752044678,0.0075010266
SPY,put,530.0,0.18082191780821918,2026-08-21,0.585,0.58,0.59,0.57,44.0,0.38281867187499996,753.489990234375,0.03634999752044678,0.0075010266
SPY,put,560.0,0.18082191780821918,2026-08-21,0.795,0.79,0.8,0.8,31.0,0.3452213916015625,753.489990234375,0.03634999752044678,0.0075010266
SPY,put,570.0,0.18082191780821918,2026-08-21,0.88,0.87,0.89,0.86,223.0,0.33301448242187504,753.489990234375,0.03634999752044678,0.0075010266
SPY,put,585.0,0.18082191780821918,2026-08-21,1.025,1.02,1.03,1.04,51.0,0.3138496350097656,753.489990234375,0.03634999752044678,0.0075010266
SPY,put,595.0,0.18082191780821918,2026-08-21,1.1549999999999998,1.15,1.16,1.16,11.0,0.30213100219726563,753.489990234375,0.03634999752044678,0.0075010266
SPY,put,605.0,0.18082191780821918,2026-08-21,1.3,1.29,1.31,1.3,98.0,0.29041236938476556,753.489990234375,0.03634999752044678,0.0075010266
SPY,put,610.0,0.18082191780821918,2026-08-21,1.37,1.36,1.38,1.36,27.0,0.28412581115722646,753.489990234375,0.03634999752044678,0.0075010266
SPY,put,620.0,0.18082191780821918,2026-08-21,1.565,1.56,1.57,1.57,42.0,0.2726513165283203,753.489990234375,0.03634999752044678,0.0075010266
SPY,put,630.0,0.18082191780821918,2026-08-21,1.775,1.77,1.78,1.72,43.0,0.2608716491699219,753.489990234375,0.03634999752044678,0.0075010266
SPY,put,635.0,0.18082191780821918,2026-08-21,1.895,1.89,1.9,1.92,66.0,0.2550733673095704,753.489990234375,0.03634999752044678,0.0075010266
SPY,put,650.0,0.18082191780821918,2026-08-21,2.375,2.37,2.38,2.39,15.0,0.23889921264648437,753.489990234375,0.03634999752044678,0.0075010266
SPY,put,652.0,0.18082191780821918,2026-08-21,2.42,2.41,2.43,2.43,34.0,0.23615265808105468,753.489990234375,0.03634999752044678,0.0075010266
SPY,put,656.0,0.18082191780821918,2026-08-21,2.585,2.57,2.6,2.57,22.0,0.23218541259765624,753.489990234375,0.03634999752044678,0.0075010266
SPY,put,657.0,0.18082191780821918,2026-08-21,2.62,2.61,2.63,2.61,37.0,0.23084265258789063,753.489990234375,0.03634999752044678,0.0075010266
SPY,put,660.0,0.18082191780821918,2026-08-21,2.74,2.73,2.75,2.78,27.0,0.22748575256347653,753.489990234375,0.03634999752044678,0.0075010266
SPY,put,665.0,0.18082191780821918,2026-08-21,2.99,2.98,3.0,2.99,23.0,0.2225419543457031,753.489990234375,0.03634999752044678,0.0075010266
SPY,put,667.0,0.18082191780821918,2026-08-21,3.075,3.06,3.09,3.22,20.0,0.22022264160156246,753.489990234375,0.03634999752044678,0.0075010266
SPY,put,668.0,0.18082191780821918,2026-08-21,3.13,3.12,3.14,4.9,15.0,0.21912401977539062,753.489990234375,0.03634999752044678,0.0075010266
SPY,put,669.0,0.18082191780821918,2026-08-21,3.1799999999999997,3.17,3.19,3.1,95.0,0.2180253979492187,753.489990234375,0.03634999752044678,0.0075010266
SPY,put,670.0,0.18082191780821918,2026-08-21,3.2350000000000003,3.22,3.25,3.26,553.0,0.21707936248779297,753.489990234375,0.03634999752044678,0.0075010266
SPY,put,672.0,0.18082191780821918,2026-08-21,3.3449999999999998,3.33,3.36,3.2,60.0,0.21497367065429687,753.489990234375,0.03634999752044678,0.0075010266
SPY,put,674.0,0.18082191780821918,2026-08-21,3.4450000000000003,3.43,3.46,3.43,24.0,0.2125933233642578,753.489990234375,0.03634999752044678,0.0075010266
SPY,put,675.0,0.18082191780821918,2026-08-21,3.5149999999999997,3.5,3.53,3.33,11.0,0.21173883972167967,753.489990234375,0.03634999752044678,0.0075010266
SPY,put,676.0,0.18082191780821918,2026-08-21,3.58,3.57,3.59,3.51,20.0,0.21067073516845702,753.489990234375,0.03634999752044678,0.0075010266
SPY,put,677.0,0.18082191780821918,2026-08-21,3.6500000000000004,3.64,3.66,3.57,17.0,0.20975521697998045,753.489990234375,0.03634999752044678,0.0075010266
SPY,put,678.0,0.18082191780821918,2026-08-21,3.6950000000000003,3.68,3.71,3.63,20.0,0.20847349151611322,753.489990234375,0.03634999752044678,0.0075010266
SPY,put,680.0,0.18082191780821918,2026-08-21,3.83,3.82,3.84,3.87,20.0,0.20636779968261715,753.489990234375,0.03634999752044678,0.0075010266
SPY,put,681.0,0.18082191780821918,2026-08-21,3.895,3.88,3.91,3.84,13.0,0.20536072967529295,753.489990234375,0.03634999752044678,0.0075010266
SPY,put,682.0,0.18082191780821918,2026-08-21,4.015000000000001,4.0,4.03,3.91,16.0,0.2051165914916992,753.489990234375,0.03634999752044678,0.0075010266
SPY,put,683.0,0.18082191780821918,2026-08-21,4.035,4.02,4.05,4.0,21.0,0.20328555511474605,753.489990234375,0.03634999752044678,0.0075010266
SPY,put,685.0,0.18082191780821918,2026-08-21,4.195,4.18,4.21,4.03,16.0,0.2013934841918945,753.489990234375,0.03634999752044678,0.0075010266
SPY,put,686.0,0.18082191780821918,2026-08-21,4.275,4.26,4.29,4.19,15.0,0.2004169314575195,753.489990234375,0.03634999752044678,0.0075010266
SPY,put,688.0,0.18082191780821918,2026-08-21,4.46,4.45,4.47,4.32,12.0,0.19867744689941402,753.489990234375,0.03634999752044678,0.0075010266
SPY,put,689.0,0.18082191780821918,2026-08-21,4.515000000000001,4.5,4.53,4.4,15.0,0.19733468688964845,753.489990234375,0.03634999752044678,0.0075010266
SPY,put,690.0,0.18082191780821918,2026-08-21,4.585,4.57,4.6,4.61,4031.0,0.19612925460815428,753.489990234375,0.03634999752044678,0.0075010266
SPY,put,691.0,0.18082191780821918,2026-08-21,4.715,4.7,4.73,4.56,14.0,0.19571727142333983,753.489990234375,0.03634999752044678,0.0075010266
SPY,put,692.0,0.18082191780821918,2026-08-21,4.775,4.76,4.79,4.73,13.0,0.1943134768676758,753.489990234375,0.03634999752044678,0.0075010266
SPY,put,693.0,0.18082191780821918,2026-08-21,4.8149999999999995,4.8,4.83,4.67,24.0,0.19263502685546874,753.489990234375,0.03634999752044678,0.0075010266
SPY,put,695.0,0.18082191780821918,2026-08-21,5.045,5.03,5.06,5.07,35.0,0.19120071502685548,753.489990234375,0.03634999752044678,0.0075010266
SPY,put,696.0,0.18082191780821918,2026-08-21,5.145,5.13,5.16,5.02,25.0,0.19022416229248051,753.489990234375,0.03634999752044678,0.0075010266
SPY,put,699.0,0.18082191780821918,2026-08-21,5.445,5.43,5.46,5.13,34.0,0.1871724349975586,753.489990234375,0.03634999752044678,0.0075010266
SPY,put,700.0,0.18082191780821918,2026-08-21,5.5649999999999995,5.55,5.58,5.56,121.0,0.1863484686279297,753.489990234375,0.03634999752044678,0.0075010266
SPY,put,701.0,0.18082191780821918,2026-08-21,5.609999999999999,5.59,5.63,5.66,18.0,0.1846242427062988,753.489990234375,0.03634999752044678,0.0075010266
SPY,put,703.0,0.18082191780821918,2026-08-21,5.895,5.88,5.91,5.7,14.0,0.18329674133300777,753.489990234375,0.03634999752044678,0.0075010266
SPY,put,704.0,0.18082191780821918,2026-08-21,6.005,5.99,6.02,5.69,23.0,0.18222863677978518,753.489990234375,0.03634999752044678,0.0075010266
SPY,put,705.0,0.18082191780821918,2026-08-21,6.105,6.09,6.12,5.8,24.0,0.1810079458618164,753.489990234375,0.03634999752044678,0.0075010266
SPY,put,706.0,0.18082191780821918,2026-08-21,6.210000000000001,6.19,6.23,6.07,49.0,0.17986354812622068,753.489990234375,0.03634999752044678,0.0075010266
SPY,put,707.0,0.18082191780821918,2026-08-21,6.3149999999999995,6.3,6.33,6.16,45.0,0.17859708129882812,753.489990234375,0.03634999752044678,0.0075010266
SPY,put,708.0,0.18082191780821918,2026-08-21,6.43,6.41,6.45,6.32,30.0,0.17751371810913086,753.489990234375,0.03634999752044678,0.0075010266
SPY,put,709.0,0.18082191780821918,2026-08-21,6.635,6.62,6.65,6.51,34.0,0.17728483856201172,753.489990234375,0.03634999752044678,0.0075010266
SPY,put,710.0,0.18082191780821918,2026-08-21,6.765000000000001,6.75,6.78,6.78,86.0,0.1762472512817383,753.489990234375,0.03634999752044678,0.0075010266
SPY,put,711.0,0.18082191780821918,2026-08-21,6.835,6.82,6.85,6.66,15.0,0.17453828399658206,753.489990234375,0.03634999752044678,0.0075010266
SPY,put,712.0,0.18082191780821918,2026-08-21,7.005,6.99,7.02,6.6,213.0,0.17386690399169924,753.489990234375,0.03634999752044678,0.0075010266
SPY,put,715.0,0.18082191780821918,2026-08-21,7.4350000000000005,7.43,7.44,7.02,25.0,0.17069310760498052,753.489990234375,0.03634999752044678,0.0075010266
SPY,put,716.0,0.18082191780821918,2026-08-21,7.595000000000001,7.58,7.61,7.36,28.0,0.16985388259887696,753.489990234375,0.03634999752044678,0.0075010266
SPY,put,717.0,0.18082191780821918,2026-08-21,7.75,7.73,7.77,7.32,90.0,0.1688925885009766,753.489990234375,0.03634999752044678,0.0075010266
SPY,put,718.0,0.18082191780821918,2026-08-21,7.960000000000001,7.94,7.98,7.67,20.0,0.16838905349731448,753.489990234375,0.03634999752044678,0.0075010266
SPY,put,719.0,0.18082191780821918,2026-08-21,8.045,8.03,8.06,8.08,279.0,0.16654275848388678,753.489990234375,0.03634999752044678,0.0075010266
SPY,put,720.0,0.18082191780821918,2026-08-21,8.245000000000001,8.24,8.25,8.28,595.0,0.16576456802368167,753.489990234375,0.03634999752044678,0.0075010266
SPY,put,721.0,0.18082191780821918,2026-08-21,8.43,8.41,8.45,8.17,127.0,0.1650321534729004,753.489990234375,0.03634999752044678,0.0075010266
SPY,put,722.0,0.18082191780821918,2026-08-21,8.655000000000001,8.64,8.67,8.44,30.0,0.1644523252868652,753.489990234375,0.03634999752044678,0.0075010266
SPY,put,723.0,0.18082191780821918,2026-08-21,8.79,8.77,8.81,8.48,87.0,0.1630637893676758,753.489990234375,0.03634999752044678,0.0075010266
SPY,put,725.0,0.18082191780821918,2026-08-21,9.21,9.19,9.23,8.65,58.0,0.1614768911743164,753.489990234375,0.03634999752044678,0.0075010266
SPY,put,728.0,0.18082191780821918,2026-08-21,9.77,9.75,9.79,9.6,28.0,0.15813524978637694,753.489990234375,0.03634999752044678,0.0075010266
SPY,put,730.0,0.18082191780821918,2026-08-21,10.16,10.14,10.18,10.21,346.0,0.15584645431518557,753.489990234375,0.03634999752044678,0.0075010266
SPY,put,732.0,0.18082191780821918,2026-08-21,10.6,10.58,10.62,9.96,83.0,0.1538170556640625,753.489990234375,0.03634999752044678,0.0075010266
SPY,put,734.0,0.18082191780821918,2026-08-21,11.165,11.14,11.19,10.88,14.0,0.15271843383789066,753.489990234375,0.03634999752044678,0.0075010266
SPY,put,735.0,0.18082191780821918,2026-08-21,11.385,11.36,11.41,10.84,22.0,0.15152826019287113,753.489990234375,0.03634999752044678,0.0075010266
SPY,put,736.0,0.18082191780821918,2026-08-21,11.66,11.65,11.67,11.13,91.0,0.1506432592773438,753.489990234375,0.03634999752044678,0.0075010266
SPY,put,737.0,0.18082191780821918,2026-08-21,11.86,11.84,11.88,11.65,44.0,0.14926998199462893,753.489990234375,0.03634999752044678,0.0075010266
SPY,put,738.0,0.18082191780821918,2026-08-21,12.175,12.15,12.2,11.92,88.0,0.1487664469909668,753.489990234375,0.03634999752044678,0.0075010266
SPY,put,740.0,0.18082191780821918,2026-08-21,12.65,12.63,12.67,12.72,4169.0,0.1462029960632324,753.489990234375,0.03634999752044678,0.0075010266
SPY,put,741.0,0.18082191780821918,2026-08-21,13.08,13.06,13.1,12.65,639.0,0.14643187561035154,753.489990234375,0.03634999752044678,0.0075010266
SPY,put,742.0,0.18082191780821918,2026-08-21,13.395,13.37,13.42,12.88,83.0,0.1456994610595703,753.489990234375,0.03634999752044678,0.0075010266
SPY,put,743.0,0.18082191780821918,2026-08-21,13.615,13.59,13.64,13.15,161.0,0.14409730422973632,753.489990234375,0.03634999752044678,0.0075010266
SPY,put,744.0,0.18082191780821918,2026-08-21,13.85,13.83,13.87,13.51,28.0,0.14252566467285155,753.489990234375,0.03634999752044678,0.0075010266
SPY,put,745.0,0.18082191780821918,2026-08-21,14.28,14.27,14.29,14.39,53.0,0.1424188542175293,753.489990234375,0.03634999752044678,0.0075010266
SPY,put,746.0,0.18082191780821918,2026-08-21,14.594999999999999,14.57,14.62,13.85,38.0,0.14153385330200197,753.489990234375,0.03634999752044678,0.0075010266
SPY,put,747.0,0.18082191780821918,2026-08-21,14.899999999999999,14.87,14.93,14.38,155.0,0.14041997283935548,753.489990234375,0.03634999752044678,0.0075010266
SPY,put,749.0,0.18082191780821918,2026-08-21,15.655000000000001,15.63,15.68,14.88,11.0,0.13904669555664065,753.489990234375,0.03634999752044678,0.0075010266
SPY,put,750.0,0.18082191780821918,2026-08-21,15.9,15.88,15.92,16.09,403.0,0.13720040054321292,753.489990234375,0.03634999752044678,0.0075010266
SPY,put,751.0,0.18082191780821918,2026-08-21,16.255,16.24,16.27,16.44,66.0,0.13614755462646483,753.489990234375,0.03634999752044678,0.0075010266
SPY,put,753.0,0.18082191780821918,2026-08-21,17.04,17.01,17.07,17.33,19.0,0.13462169097900395,753.489990234375,0.03634999752044678,0.0075010266
SPY,put,755.0,0.18082191780821918,2026-08-21,18.04,18.01,18.07,18.0,102.0,0.1343775527954102,753.489990234375,0.03634999752044678,0.0075010266
SPY,put,757.0,0.18082191780821918,2026-08-21,18.755000000000003,18.73,18.78,17.96,158.0,0.13160048095703125,753.489990234375,0.03634999752044678,0.0075010266
SPY,put,760.0,0.18082191780821918,2026-08-21,20.085,20.05,20.12,20.3,15.0,0.12899125411987306,753.489990234375,0.03634999752044678,0.0075010266
SPY,put,762.0,0.18082191780821918,2026-08-21,21.189999999999998,21.16,21.22,20.05,18.0,0.12848771911621093,753.489990234375,0.03634999752044678,0.0075010266
SPY,put,763.0,0.18082191780821918,2026-08-21,21.515,21.48,21.55,20.82,38.0,0.1263820272827148,753.489990234375,0.03634999752044678,0.0075010266
SPY,put,764.0,0.18082191780821918,2026-08-21,22.175,22.05,22.3,21.67,99.0,0.12752642501831057,753.489990234375,0.03634999752044678,0.0075010266
SPY,put,765.0,0.18082191780821918,2026-08-21,22.615000000000002,22.48,22.75,21.39,42.0,0.12621418228149411,753.489990234375,0.03634999752044678,0.0075010266
SPY,put,766.0,0.18082191780821918,2026-08-21,23.205,23.12,23.29,23.97,27.0,0.12552754364013674,753.489990234375,0.03634999752044678,0.0075010266
SPY,put,767.0,0.18082191780821918,2026-08-21,23.795,23.68,23.91,22.52,11.0,0.12540547454833983,753.489990234375,0.03634999752044678,0.0075010266
SPY,put,774.0,0.18082191780821918,2026-08-21,27.68,27.09,28.27,27.97,18.0,0.12250633361816407,753.489990234375,0.03634999752044678,0.0075010266
SPY,put,775.0,0.18082191780821918,2026-08-21,28.03,27.25,28.81,28.06,12.0,0.12101098724365235,753.489990234375,0.03634999752044678,0.0075010266
SPY,put,778.0,0.18082191780821918,2026-08-21,30.2,29.36,31.04,29.86,15.0,0.12145348770141601,753.489990234375,0.03634999752044678,0.0075010266
SPY,put,780.0,0.18082191780821918,2026-08-21,32.144999999999996,31.97,32.32,30.94,21.0,0.11940883041381836,753.489990234375,0.03634999752044678,0.0075010266
SPY,put,783.0,0.18082191780821918,2026-08-21,34.269999999999996,34.04,34.5,32.23,18.0,0.11811184631347656,753.489990234375,0.03634999752044678,0.0075010266
SPY,put,784.0,0.18082191780821918,2026-08-21,35.14,34.95,35.33,33.12,14.0,0.11855434677124024,753.489990234375,0.03634999752044678,0.0075010266
SPY,put,787.0,0.18082191780821918,2026-08-21,36.745000000000005,35.85,37.64,35.46,10.0,0.11754727676391602,753.489990234375,0.03634999752044678,0.0075010266
SPY,put,850.0,0.18082191780821918,2026-08-21,98.8,97.16,100.44,119.58,10.0,0.22602092346191405,753.489990234375,0.03634999752044678,0.0075010266
SPY,call,485.0,0.20821917808219179,2026-08-31,270.79499999999996,269.13,272.46,278.5,10.0,0.5407760766601564,753.489990234375,0.03634999752044678,0.0075010266
SPY,call,525.0,0.20821917808219179,2026-08-31,231.265,229.64,232.89,221.2,25.0,0.5231981274414061,753.489990234375,0.03634999752044678,0.0075010266
SPY,call,535.0,0.20821917808219179,2026-08-31,221.48000000000002,219.87,223.09,211.9,38.0,0.5059863854980469,753.489990234375,0.03634999752044678,0.0075010266
SPY,call,545.0,0.20821917808219179,2026-08-31,211.67000000000002,209.97,213.37,205.02,10.0,0.49060567993164067,753.489990234375,0.03634999752044678,0.0075010266
SPY,call,605.0,0.20821917808219179,2026-08-31,153.075,151.38,154.77,157.07,20.0,0.3870300555419921,753.489990234375,0.03634999752044678,0.0075010266
SPY,call,635.0,0.20821917808219179,2026-08-31,124.13,122.48,125.78,117.76,11.0,0.33707327972412116,753.489990234375,0.03634999752044678,0.0075010266
SPY,call,641.0,0.20821917808219179,2026-08-31,118.29,116.54,120.04,97.63,97.0,0.32747559738159177,753.489990234375,0.03634999752044678,0.0075010266
SPY,call,642.0,0.20821917808219179,2026-08-31,117.25999999999999,115.57,118.95,96.92,73.0,0.32398136962890617,753.489990234375,0.03634999752044678,0.0075010266
SPY,call,643.0,0.20821917808219179,2026-08-31,116.28999999999999,114.59,117.99,95.8,73.0,0.32233343688964833,753.489990234375,0.03634999752044678,0.0075010266
SPY,call,644.0,0.20821917808219179,2026-08-31,115.46000000000001,113.75,117.17,95.29,69.0,0.32259283370971675,753.489990234375,0.03634999752044678,0.0075010266
SPY,call,645.0,0.20821917808219179,2026-08-31,114.57,112.92,116.22,104.18,101.0,0.3210517114257812,753.489990234375,0.03634999752044678,0.0075010266
SPY,call,646.0,0.20821917808219179,2026-08-31,113.615,111.96,115.27,93.47,60.0,0.31949533050537104,753.489990234375,0.03634999752044678,0.0075010266
SPY,call,647.0,0.20821917808219179,2026-08-31,112.565,110.96,114.17,116.41,18.0,0.3158942922973632,753.489990234375,0.03634999752044678,0.0075010266
SPY,call,648.0,0.20821917808219179,2026-08-31,111.66,109.96,113.36,102.37,246.0,0.3162299822998046,753.489990234375,0.03634999752044678,0.0075010266
SPY,call,649.0,0.20821917808219179,2026-08-31,110.49000000000001,108.9,112.08,101.43,248.0,0.31021807952880853,753.489990234375,0.03634999752044678,0.0075010266
SPY,call,650.0,0.20821917808219179,2026-08-31,109.75999999999999,108.06,111.46,100.32,275.0,0.3130561859130859,753.489990234375,0.03634999752044678,0.0075010266
SPY,call,651.0,0.20821917808219179,2026-08-31,108.685,107.0,110.37,88.94,21.0,0.30963825134277345,753.489990234375,0.03634999752044678,0.0075010266
SPY,call,652.0,0.20821917808219179,2026-08-31,107.74000000000001,106.05,109.43,88.71,19.0,0.3081734222412109,753.489990234375,0.03634999752044678,0.0075010266
SPY,call,653.0,0.20821917808219179,2026-08-31,106.775,105.07,108.48,87.86,74.0,0.3065865240478516,753.489990234375,0.03634999752044678,0.0075010266
SPY,call,654.0,0.20821917808219179,2026-08-31,105.975,104.35,107.6,86.83,14.0,0.3058846267700196,753.489990234375,0.03634999752044678,0.0075010266
SPY,call,655.0,0.20821917808219179,2026-08-31,104.89,103.2,106.58,83.25,48.0,0.3033822103881836,753.489990234375,0.03634999752044678,0.0075010266
SPY,call,677.0,0.20821917808219179,2026-08-31,84.52000000000001,83.0,86.04,87.73,25.0,0.2702404519653321,753.489990234375,0.03634999752044678,0.0075010266
SPY,call,687.0,0.20821917808219179,2026-08-31,65.435,63.68,67.19,47.93,10.0,0.11676908630371094,753.489990234375,0.03634999752044678,0.0075010266
SPY,call,692.0,0.20821917808219179,2026-08-31,71.38,70.39,72.37,52.71,13.0,0.24825275680541992,753.489990234375,0.03634999752044678,0.0075010266
SPY,call,699.0,0.20821917808219179,2026-08-31,65.38499999999999,64.45,66.32,52.6,39.0,0.2401046449279785,753.489990234375,0.03634999752044678,0.0075010266
SPY,call,702.0,0.20821917808219179,2026-08-31,62.685,61.74,63.63,54.07,50.0,0.2354049848937988,753.489990234375,0.03634999752044678,0.0075010266
SPY,call,707.0,0.20821917808219179,2026-08-31,58.32,57.37,59.27,49.97,50.0,0.22837075347900393,753.489990234375,0.03634999752044678,0.0075010266
SPY,call,714.0,0.20821917808219179,2026-08-31,52.315,51.37,53.26,36.9,72.0,0.21854419158935545,753.489990234375,0.03634999752044678,0.0075010266
SPY,call,715.0,0.20821917808219179,2026-08-31,50.9,50.69,51.11,53.8,10.0,0.20592529922485348,753.489990234375,0.03634999752044678,0.0075010266
SPY,call,716.0,0.20821917808219179,2026-08-31,50.205,49.97,50.44,42.36,13.0,0.20610840286254878,753.489990234375,0.03634999752044678,0.0075010266
SPY,call,717.0,0.20821917808219179,2026-08-31,49.82,48.88,50.76,34.56,34.0,0.21463798065185546,753.489990234375,0.03634999752044678,0.0075010266
SPY,call,718.0,0.20821917808219179,2026-08-31,49.15,48.22,50.08,42.5,34.0,0.214576946105957,753.489990234375,0.03634999752044678,0.0075010266
SPY,call,719.0,0.20821917808219179,2026-08-31,48.375,47.5,49.25,40.26,28.0,0.21323418609619144,753.489990234375,0.03634999752044678,0.0075010266
SPY,call,722.0,0.20821917808219179,2026-08-31,45.885000000000005,44.96,46.81,47.57,25.0,0.20945004425048824,753.489990234375,0.03634999752044678,0.0075010266
SPY,call,727.0,0.20821917808219179,2026-08-31,41.230000000000004,41.02,41.44,42.01,57.0,0.19219252639770512,753.489990234375,0.03634999752044678,0.0075010266
SPY,call,729.0,0.20821917808219179,2026-08-31,38.91,37.93,39.89,41.36,10.0,0.18998002410888676,753.489990234375,0.03634999752044678,0.0075010266
SPY,call,734.0,0.20821917808219179,2026-08-31,35.695,35.54,35.85,38.12,36.0,0.1826101026916504,753.489990234375,0.03634999752044678,0.0075010266
SPY,call,741.0,0.20821917808219179,2026-08-31,31.365000000000002,30.44,32.29,32.64,11.0,0.18659260681152345,753.489990234375,0.03634999752044678,0.0075010266
SPY,call,743.0,0.20821917808219179,2026-08-31,29.105,28.98,29.23,31.5,31.0,0.1721426780700684,753.489990234375,0.03634999752044678,0.0075010266
SPY,call,744.0,0.20821917808219179,2026-08-31,29.175,28.3,30.05,24.15,65.0,0.18227441268920896,753.489990234375,0.03634999752044678,0.0075010266
SPY,call,749.0,0.20821917808219179,2026-08-31,25.119999999999997,24.97,25.27,20.29,73.0,0.16666482757568363,753.489990234375,0.03634999752044678,0.0075010266
SPY,call,751.0,0.20821917808219179,2026-08-31,24.060000000000002,23.95,24.17,26.82,56.0,0.16606974075317388,753.489990234375,0.03634999752044678,0.0075010266
SPY,call,754.0,0.20821917808219179,2026-08-31,22.16,22.14,22.18,22.07,307.0,0.16234663345336914,753.489990234375,0.03634999752044678,0.0075010266
SPY,call,755.0,0.20821917808219179,2026-08-31,21.365000000000002,21.34,21.39,22.22,46.0,0.16008835525512694,753.489990234375,0.03634999752044678,0.0075010266
SPY,call,758.0,0.20821917808219179,2026-08-31,19.674999999999997,19.65,19.7,19.54,13.0,0.1579216288757324,753.489990234375,0.03634999752044678,0.0075010266
SPY,call,759.0,0.20821917808219179,2026-08-31,19.195,19.17,19.22,20.38,11.0,0.15770800796508788,753.489990234375,0.03634999752044678,0.0075010266
SPY,call,762.0,0.20821917808219179,2026-08-31,17.575000000000003,17.55,17.6,18.58,23.0,0.1554039538574219,753.489990234375,0.03634999752044678,0.0075010266
SPY,call,763.0,0.20821917808219179,2026-08-31,16.990000000000002,16.97,17.01,17.99,24.0,0.15416800430297856,753.489990234375,0.03634999752044678,0.0075010266
SPY,call,765.0,0.20821917808219179,2026-08-31,15.995000000000001,15.97,16.02,16.99,13.0,0.152901537475586,753.489990234375,0.03634999752044678,0.0075010266
SPY,call,767.0,0.20821917808219179,2026-08-31,14.86,14.84,14.88,15.44,28.0,0.15027705200195315,753.489990234375,0.03634999752044678,0.0075010266
SPY,call,770.0,0.20821917808219179,2026-08-31,13.440000000000001,13.42,13.46,13.48,12.0,0.1480492910766602,753.489990234375,0.03634999752044678,0.0075010266
SPY,call,771.0,0.20821917808219179,2026-08-31,13.15,13.13,13.17,14.46,361.0,0.1485680847167969,753.489990234375,0.03634999752044678,0.0075010266
SPY,call,773.0,0.20821917808219179,2026-08-31,12.085,12.06,12.11,13.29,37.0,0.14579101287841795,753.489990234375,0.03634999752044678,0.0075010266
SPY,call,774.0,0.20821917808219179,2026-08-31,11.77,11.75,11.79,12.36,358.0,0.1459130819702148,753.489990234375,0.03634999752044678,0.0075010266
SPY,call,775.0,0.20821917808219179,2026-08-31,11.43,11.41,11.45,12.13,13.0,0.14582153015136717,753.489990234375,0.03634999752044678,0.0075010266
SPY,call,777.0,0.20821917808219179,2026-08-31,10.629999999999999,10.61,10.65,11.78,22.0,0.14452454605102538,753.489990234375,0.03634999752044678,0.0075010266
SPY,call,778.0,0.20821917808219179,2026-08-31,10.24,10.22,10.26,7.42,60.0,0.14385316604614257,753.489990234375,0.03634999752044678,0.0075010266
SPY,call,779.0,0.20821917808219179,2026-08-31,9.86,9.84,9.88,7.81,20.0,0.14321230331420898,753.489990234375,0.03634999752044678,0.0075010266
SPY,call,780.0,0.20821917808219179,2026-08-31,9.524999999999999,9.51,9.54,9.65,19.0,0.14281557876586914,753.489990234375,0.03634999752044678,0.0075010266
SPY,call,784.0,0.20821917808219179,2026-08-31,8.125,8.11,8.14,8.76,14.0,0.14023686920166017,753.489990234375,0.03634999752044678,0.0075010266
SPY,call,785.0,0.20821917808219179,2026-08-31,7.84,7.82,7.86,8.34,118.0,0.14002324829101562,753.489990234375,0.03634999752044678,0.0075010266
SPY,call,786.0,0.20821917808219179,2026-08-31,7.550000000000001,7.53,7.57,8.66,205.0,0.139657041015625,753.489990234375,0.03634999752044678,0.0075010266
SPY,call,788.0,0.20821917808219179,2026-08-31,6.9399999999999995,6.92,6.96,7.52,83.0,0.13846686737060548,753.489990234375,0.03634999752044678,0.0075010266
SPY,call,792.0,0.20821917808219179,2026-08-31,5.885,5.87,5.9,6.66,66.0,0.1366968655395508,753.489990234375,0.03634999752044678,0.0075010266
SPY,call,795.0,0.20821917808219179,2026-08-31,5.15,5.13,5.17,5.91,88.0,0.13526255371093754,753.489990234375,0.03634999752044678,0.0075010266
SPY,call,820.0,0.20821917808219179,2026-08-31,1.645,1.63,1.66,1.81,16.0,0.12998306549072264,753.489990234375,0.03634999752044678,0.0075010266
SPY,call,825.0,0.20821917808219179,2026-08-31,1.3050000000000002,1.29,1.32,1.66,109.0,0.129891513671875,753.489990234375,0.03634999752044678,0.0075010266
SPY,call,840.0,0.20821917808219179,2026-08-31,0.655,0.65,0.66,0.67,11.0,0.13050185913085935,753.489990234375,0.03634999752044678,0.0075010266
SPY,call,850.0,0.20821917808219179,2026-08-31,0.435,0.43,0.44,0.46,10.0,0.13269910278320313,753.489990234375,0.03634999752044678,0.0075010266
SPY,call,860.0,0.20821917808219179,2026-08-31,0.315,0.31,0.32,0.34,37.0,0.13660531372070314,753.489990234375,0.03634999752044678,0.0075010266
SPY,put,420.0,0.20821917808219179,2026-08-31,0.255,0.25,0.26,0.24,40.0,0.5073291455078125,753.489990234375,0.03634999752044678,0.0075010266
SPY,put,440.0,0.20821917808219179,2026-08-31,0.305,0.3,0.31,0.47,50.0,0.4809622216796875,753.489990234375,0.03634999752044678,0.0075010266
SPY,put,460.0,0.20821917808219179,2026-08-31,0.375,0.37,0.38,0.58,15.0,0.45606012695312503,753.489990234375,0.03634999752044678,0.0075010266
SPY,put,485.0,0.20821917808219179,2026-08-31,0.485,0.48,0.49,0.52,10.0,0.42529871582031253,753.489990234375,0.03634999752044678,0.0075010266
SPY,put,495.0,0.20821917808219179,2026-08-31,0.525,0.52,0.53,0.79,83.0,0.4118711157226562,753.489990234375,0.03634999752044678,0.0075010266
SPY,put,500.0,0.20821917808219179,2026-08-31,0.56,0.55,0.57,0.56,913.0,0.407232490234375,753.489990234375,0.03634999752044678,0.0075010266
SPY,put,505.0,0.20821917808219179,2026-08-31,0.585,0.58,0.59,0.87,150.0,0.40027455200195317,753.489990234375,0.03634999752044678,0.0075010266
SPY,put,535.0,0.20821917808219179,2026-08-31,0.785,0.78,0.79,0.78,15.0,0.36414210083007814,753.489990234375,0.03634999752044678,0.0075010266
SPY,put,550.0,0.20821917808219179,2026-08-31,0.91,0.9,0.92,0.89,10.0,0.34656415161132803,753.489990234375,0.03634999752044678,0.0075010266
SPY,put,590.0,0.20821917808219179,2026-08-31,1.395,1.39,1.4,1.4,15.0,0.3002999658203125,753.489990234375,0.03634999752044678,0.0075010266
SPY,put,600.0,0.20821917808219179,2026-08-31,1.545,1.54,1.55,1.47,18.0,0.2884592639160155,753.489990234375,0.03634999752044678,0.0075010266
SPY,put,617.0,0.20821917808219179,2026-08-31,1.91,1.9,1.92,1.89,18.0,0.27033200378417965,753.489990234375,0.03634999752044678,0.0075010266
SPY,put,620.0,0.20821917808219179,2026-08-31,1.98,1.97,1.99,1.93,11.0,0.2670361383056641,753.489990234375,0.03634999752044678,0.0075010266
SPY,put,623.0,0.20821917808219179,2026-08-31,2.05,2.04,2.06,4.85,10.0,0.2635876864624024,753.489990234375,0.03634999752044678,0.0075010266
SPY,put,626.0,0.20821917808219179,2026-08-31,2.12,2.11,2.13,3.14,221.0,0.2600782000732422,753.489990234375,0.03634999752044678,0.0075010266
SPY,put,627.0,0.20821917808219179,2026-08-31,2.1500000000000004,2.14,2.16,2.09,80.0,0.259071130065918,753.489990234375,0.03634999752044678,0.0075010266
SPY,put,631.0,0.20821917808219179,2026-08-31,2.2699999999999996,2.26,2.28,5.04,20.0,0.25489026367187506,753.489990234375,0.03634999752044678,0.0075010266
SPY,put,632.0,0.20821917808219179,2026-08-31,2.3,2.29,2.31,4.98,233.0,0.2538526763916016,753.489990234375,0.03634999752044678,0.0075010266
SPY,put,635.0,0.20821917808219179,2026-08-31,2.37,2.36,2.38,2.23,102.0,0.2500685345458984,753.489990234375,0.03634999752044678,0.0075010266
SPY,put,637.0,0.20821917808219179,2026-08-31,2.435,2.42,2.45,2.33,100.0,0.24811542907714845,753.489990234375,0.03634999752044678,0.0075010266
SPY,put,638.0,0.20821917808219179,2026-08-31,2.5,2.49,2.51,2.41,100.0,0.24765766998291017,753.489990234375,0.03634999752044678,0.0075010266
SPY,put,639.0,0.20821917808219179,2026-08-31,2.5,2.49,2.51,2.39,50.0,0.24582663360595702,753.489990234375,0.03634999752044678,0.0075010266
SPY,put,642.0,0.20821917808219179,2026-08-31,2.62,2.61,2.63,5.89,81.0,0.24298852722167968,753.489990234375,0.03634999752044678,0.0075010266
SPY,put,643.0,0.20821917808219179,2026-08-31,2.645,2.63,2.66,2.78,15.0,0.24179835357666019,753.489990234375,0.03634999752044678,0.0075010266
SPY,put,648.0,0.20821917808219179,2026-08-31,2.8449999999999998,2.83,2.86,4.28,227.0,0.23673248626708981,753.489990234375,0.03634999752044678,0.0075010266
SPY,put,650.0,0.20821917808219179,2026-08-31,2.95,2.94,2.96,2.79,101.0,0.23499300170898438,753.489990234375,0.03634999752044678,0.0075010266
SPY,put,651.0,0.20821917808219179,2026-08-31,2.9800000000000004,2.97,2.99,6.51,20.0,0.23371127624511717,753.489990234375,0.03634999752044678,0.0075010266
SPY,put,654.0,0.20821917808219179,2026-08-31,3.0999999999999996,3.09,3.11,3.23,10.0,0.23038489349365232,753.489990234375,0.03634999752044678,0.0075010266
SPY,put,666.0,0.20821917808219179,2026-08-31,3.725,3.71,3.74,3.73,15.0,0.21845263977050777,753.489990234375,0.03634999752044678,0.0075010266
SPY,put,668.0,0.20821917808219179,2026-08-31,3.835,3.82,3.85,3.83,11.0,0.21631643066406248,753.489990234375,0.03634999752044678,0.0075010266
SPY,put,669.0,0.20821917808219179,2026-08-31,3.925,3.91,3.94,4.06,13.0,0.21576711975097657,753.489990234375,0.03634999752044678,0.0075010266
SPY,put,679.0,0.20821917808219179,2026-08-31,4.585,4.57,4.6,4.58,12.0,0.20551331604003903,753.489990234375,0.03634999752044678,0.0075010266
SPY,put,683.0,0.20821917808219179,2026-08-31,4.890000000000001,4.87,4.91,5.0,11.0,0.20154607055664062,753.489990234375,0.03634999752044678,0.0075010266
SPY,put,685.0,0.20821917808219179,2026-08-31,5.025,5.01,5.04,4.87,24.0,0.1991046887207031,753.489990234375,0.03634999752044678,0.0075010266
SPY,put,690.0,0.20821917808219179,2026-08-31,5.445,5.43,5.46,5.26,15.0,0.19388623504638675,753.489990234375,0.03634999752044678,0.0075010266
SPY,put,692.0,0.20821917808219179,2026-08-31,5.6899999999999995,5.67,5.71,5.47,71.0,0.19266554412841796,753.489990234375,0.03634999752044678,0.0075010266
SPY,put,698.0,0.20821917808219179,2026-08-31,6.25,6.23,6.27,9.27,20.0,0.1860585545349121,753.489990234375,0.03634999752044678,0.0075010266
SPY,put,699.0,0.20821917808219179,2026-08-31,6.365,6.35,6.38,6.16,14.0,0.18506674316406246,753.489990234375,0.03634999752044678,0.0075010266
SPY,put,700.0,0.20821917808219179,2026-08-31,6.51,6.49,6.53,6.3,124.0,0.18448691497802733,753.489990234375,0.03634999752044678,0.0075010266
SPY,put,702.0,0.20821917808219179,2026-08-31,6.695,6.68,6.71,6.61,25.0,0.1819539813232422,753.489990234375,0.03634999752044678,0.0075010266
SPY,put,705.0,0.20821917808219179,2026-08-31,7.15,7.13,7.17,6.96,89.0,0.17995509994506836,753.489990234375,0.03634999752044678,0.0075010266
SPY,put,706.0,0.20821917808219179,2026-08-31,7.24,7.22,7.26,7.09,11.0,0.1785665640258789,753.489990234375,0.03634999752044678,0.0075010266
SPY,put,707.0,0.20821917808219179,2026-08-31,7.369999999999999,7.35,7.39,7.22,18.0,0.1775747526550293,753.489990234375,0.03634999752044678,0.0075010266
SPY,put,708.0,0.20821917808219179,2026-08-31,7.5,7.48,7.52,7.27,25.0,0.1765524240112305,753.489990234375,0.03634999752044678,0.0075010266
SPY,put,712.0,0.20821917808219179,2026-08-31,8.1,8.08,8.12,8.22,139.0,0.17295138580322267,753.489990234375,0.03634999752044678,0.0075010266
SPY,put,713.0,0.20821917808219179,2026-08-31,8.16,8.14,8.18,8.36,15.0,0.17112034942626952,753.489990234375,0.03634999752044678,0.0075010266
SPY,put,716.0,0.20821917808219179,2026-08-31,8.665,8.64,8.69,14.7,20.0,0.16857215713500984,753.489990234375,0.03634999752044678,0.0075010266
SPY,put,717.0,0.20821917808219179,2026-08-31,8.795,8.77,8.82,19.88,100.0,0.1672904316711426,753.489990234375,0.03634999752044678,0.0075010266
SPY,put,719.0,0.20821917808219179,2026-08-31,9.18,9.16,9.2,8.85,12.0,0.16571879211425783,753.489990234375,0.03634999752044678,0.0075010266
SPY,put,721.0,0.20821917808219179,2026-08-31,9.51,9.49,9.53,9.41,90.0,0.16356732437133792,753.489990234375,0.03634999752044678,0.0075010266
SPY,put,722.0,0.20821917808219179,2026-08-31,9.719999999999999,9.7,9.74,10.12,77.0,0.16283490982055665,753.489990234375,0.03634999752044678,0.0075010266
SPY,put,728.0,0.20821917808219179,2026-08-31,10.905000000000001,10.88,10.93,10.72,35.0,0.1570061106872559,753.489990234375,0.03634999752044678,0.0075010266
SPY,put,730.0,0.20821917808219179,2026-08-31,11.355,11.33,11.38,11.48,131.0,0.15520559158325198,753.489990234375,0.03634999752044678,0.0075010266
SPY,put,732.0,0.20821917808219179,2026-08-31,11.955,11.93,11.98,11.46,56.0,0.1544274011230469,753.489990234375,0.03634999752044678,0.0075010266
SPY,put,738.0,0.20821917808219179,2026-08-31,13.335,13.31,13.36,13.81,13.0,0.14771360107421877,753.489990234375,0.03634999752044678,0.0075010266
SPY,put,739.0,0.20821917808219179,2026-08-31,13.61,13.58,13.64,13.52,13.0,0.14682860015869142,753.489990234375,0.03634999752044678,0.0075010266
SPY,put,740.0,0.20821917808219179,2026-08-31,13.98,13.95,14.01,13.26,45.0,0.14656920333862306,753.489990234375,0.03634999752044678,0.0075010266
SPY,put,741.0,0.20821917808219179,2026-08-31,14.32,14.29,14.35,14.61,41.0,0.1460351510620117,753.489990234375,0.03634999752044678,0.0075010266
SPY,put,743.0,0.20821917808219179,2026-08-31,14.969999999999999,14.94,15.0,14.22,23.0,0.14458558059692384,753.489990234375,0.03634999752044678,0.0075010266
SPY,put,745.0,0.20821917808219179,2026-08-31,15.46,15.43,15.49,15.07,154.0,0.1417474742126465,753.489990234375,0.03634999752044678,0.0075010266
SPY,put,746.0,0.20821917808219179,2026-08-31,15.915,15.88,15.95,15.14,25.0,0.14183902603149412,753.489990234375,0.03634999752044678,0.0075010266
SPY,put,747.0,0.20821917808219179,2026-08-31,16.09,16.06,16.12,15.23,12.0,0.13973333419799805,753.489990234375,0.03634999752044678,0.0075010266
SPY,put,748.0,0.20821917808219179,2026-08-31,16.425,16.39,16.46,15.77,11.0,0.1388330746459961,753.489990234375,0.03634999752044678,0.0075010266
SPY,put,750.0,0.20821917808219179,2026-08-31,17.18,17.15,17.21,16.97,14.0,0.13738350418090822,753.489990234375,0.03634999752044678,0.0075010266
SPY,put,753.0,0.20821917808219179,2026-08-31,18.32,18.29,18.35,17.48,57.0,0.1348658291625977,753.489990234375,0.03634999752044678,0.0075010266
SPY,put,754.0,0.20821917808219179,2026-08-31,18.855,18.82,18.89,18.8,833.0,0.13506419143676762,753.489990234375,0.03634999752044678,0.0075010266
SPY,put,755.0,0.20821917808219179,2026-08-31,19.16,19.13,19.19,19.26,317.0,0.13347729324340818,753.489990234375,0.03634999752044678,0.0075010266
SPY,put,756.0,0.20821917808219179,2026-08-31,19.509999999999998,19.48,19.54,19.68,402.0,0.13218030914306644,753.489990234375,0.03634999752044678,0.0075010266
SPY,put,760.0,0.20821917808219179,2026-08-31,21.325,21.29,21.36,21.27,23.0,0.12938034934997558,753.489990234375,0.03634999752044678,0.0075010266
SPY,put,762.0,0.20821917808219179,2026-08-31,22.22,22.18,22.26,22.25,10.0,0.12751116638183596,753.489990234375,0.03634999752044678,0.0075010266
SPY,put,766.0,0.20821917808219179,2026-08-31,24.365,24.24,24.49,37.62,10.0,0.12610737182617188,753.489990234375,0.03634999752044678,0.0075010266
SPY,put,770.0,0.20821917808219179,2026-08-31,26.465,26.35,26.58,26.0,25.0,0.12249107498168946,753.489990234375,0.03634999752044678,0.0075010266
SPY,put,775.0,0.20821917808219179,2026-08-31,28.865000000000002,27.93,29.8,28.8,10.0,0.12101098724365235,753.489990234375,0.03634999752044678,0.0075010266
SPY,put,797.0,0.20821917808219179,2026-08-31,46.47,44.79,48.15,43.29,10.0,0.13385875915527345,753.489990234375,0.03634999752044678,0.0075010266
SPY,call,385.0,0.25753424657534246,2026-09-18,370.69,368.93,372.45,370.94,64.0,0.6978789978027344,753.489990234375,0.03634999752044678,0.0075010266
SPY,call,395.0,0.25753424657534246,2026-09-18,344.295,342.72,345.87,270.8,12.0,1.0000000000000003e-05,753.489990234375,0.03634999752044678,0.0075010266
SPY,call,500.0,0.25753424657534246,2026-09-18,257.4,255.72,259.08,258.18,10.0,0.5094043200683593,753.489990234375,0.03634999752044678,0.0075010266
SPY,call,525.0,0.25753424657534246,2026-09-18,232.745,230.95,234.54,206.72,10.0,0.5080005255126954,753.489990234375,0.03634999752044678,0.0075010266
SPY,call,570.0,0.25753424657534246,2026-09-18,188.845,187.18,190.51,194.73,15.0,0.4312801013183594,753.489990234375,0.03634999752044678,0.0075010266
SPY,call,580.0,0.25753424657534246,2026-09-18,179.18,177.44,180.92,155.98,27.0,0.4171811212158203,753.489990234375,0.03634999752044678,0.0075010266
SPY,call,595.0,0.25753424657534246,2026-09-18,164.885,163.13,166.64,166.71,21.0,0.3968871347045898,753.489990234375,0.03634999752044678,0.0075010266
SPY,call,620.0,0.25753424657534246,2026-09-18,140.625,138.89,142.36,143.24,10.0,0.3545901943969726,753.489990234375,0.03634999752044678,0.0075010266
SPY,call,655.0,0.25753424657534246,2026-09-18,107.64,106.06,109.22,109.53,339.0,0.302314105834961,753.489990234375,0.03634999752044678,0.0075010266
SPY,call,660.0,0.25753424657534246,2026-09-18,103.06,101.39,104.73,105.2,11.0,0.29682099670410156,753.489990234375,0.03634999752044678,0.0075010266
SPY,call,665.0,0.25753424657534246,2026-09-18,98.38499999999999,96.78,99.99,99.9,13.0,0.2885660743713378,753.489990234375,0.03634999752044678,0.0075010266
SPY,call,680.0,0.25753424657534246,2026-09-18,85.44,84.44,86.44,87.09,64.0,0.26903501968383786,753.489990234375,0.03634999752044678,0.0075010266
SPY,call,690.0,0.25753424657534246,2026-09-18,76.42,75.43,77.41,77.8,14.0,0.2547071600341797,753.489990234375,0.03634999752044678,0.0075010266
SPY,call,695.0,0.25753424657534246,2026-09-18,71.875,71.02,72.73,73.58,13.0,0.24576559906005857,753.489990234375,0.03634999752044678,0.0075010266
SPY,call,700.0,0.25753424657534246,2026-09-18,67.035,66.82,67.25,67.66,44.0,0.23003394485473633,753.489990234375,0.03634999752044678,0.0075010266
SPY,call,710.0,0.25753424657534246,2026-09-18,59.36,58.47,60.25,60.33,17.0,0.22960670303344727,753.489990234375,0.03634999752044678,0.0075010266
SPY,call,711.0,0.25753424657534246,2026-09-18,57.805,57.58,58.03,59.54,10.0,0.2177507424926758,753.489990234375,0.03634999752044678,0.0075010266
SPY,call,720.0,0.25753424657534246,2026-09-18,49.465,48.55,50.38,52.5,24.0,0.20520814331054685,753.489990234375,0.03634999752044678,0.0075010266
SPY,call,730.0,0.25753424657534246,2026-09-18,42.345,42.2,42.49,41.25,19.0,0.19371839004516606,753.489990234375,0.03634999752044678,0.0075010266
SPY,call,739.0,0.25753424657534246,2026-09-18,35.83,35.67,35.99,36.6,277.0,0.185280364074707,753.489990234375,0.03634999752044678,0.0075010266
SPY,call,740.0,0.25753424657534246,2026-09-18,34.980000000000004,34.87,35.09,35.05,20.0,0.18300682723999018,753.489990234375,0.03634999752044678,0.0075010266
SPY,call,741.0,0.25753424657534246,2026-09-18,34.364999999999995,34.23,34.5,36.89,12.0,0.1827779476928711,753.489990234375,0.03634999752044678,0.0075010266
SPY,call,745.0,0.25753424657534246,2026-09-18,31.71,31.61,31.81,31.57,11.0,0.17931423721313478,753.489990234375,0.03634999752044678,0.0075010266
SPY,call,746.0,0.25753424657534246,2026-09-18,31.685000000000002,30.8,32.57,31.0,10.0,0.18781329772949218,753.489990234375,0.03634999752044678,0.0075010266
SPY,call,747.0,0.25753424657534246,2026-09-18,29.590000000000003,28.76,30.42,31.77,37.0,0.1770788469696045,753.489990234375,0.03634999752044678,0.0075010266
SPY,call,750.0,0.25753424657534246,2026-09-18,28.215,28.12,28.31,28.38,46.0,0.17330233444213866,753.489990234375,0.03634999752044678,0.0075010266
SPY,call,752.0,0.25753424657534246,2026-09-18,26.995,26.87,27.12,28.13,30.0,0.1720358676147461,753.489990234375,0.03634999752044678,0.0075010266
SPY,call,753.0,0.25753424657534246,2026-09-18,26.405,26.31,26.5,27.25,46.0,0.17118138397216798,753.489990234375,0.03634999752044678,0.0075010266
SPY,call,754.0,0.25753424657534246,2026-09-18,25.785,25.76,25.81,26.13,17.0,0.16982336532592773,753.489990234375,0.03634999752044678,0.0075010266
SPY,call,755.0,0.25753424657534246,2026-09-18,25.134999999999998,25.11,25.16,25.27,121.0,0.1686942262268067,753.489990234375,0.03634999752044678,0.0075010266
SPY,call,757.0,0.25753424657534246,2026-09-18,23.854999999999997,23.83,23.88,25.01,445.0,0.1664512066650391,753.489990234375,0.03634999752044678,0.0075010266
SPY,call,758.0,0.25753424657534246,2026-09-18,23.240000000000002,23.22,23.26,24.0,10.0,0.16539836074829106,753.489990234375,0.03634999752044678,0.0075010266
SPY,call,760.0,0.25753424657534246,2026-09-18,22.255000000000003,22.23,22.28,22.22,53.0,0.1648643084716797,753.489990234375,0.03634999752044678,0.0075010266
SPY,call,762.0,0.25753424657534246,2026-09-18,21.205,21.18,21.23,22.6,31.0,0.1637046520996094,753.489990234375,0.03634999752044678,0.0075010266
SPY,call,764.0,0.25753424657534246,2026-09-18,20.045,20.02,20.07,21.19,80.0,0.1616599948120117,753.489990234375,0.03634999752044678,0.0075010266
SPY,call,765.0,0.25753424657534246,2026-09-18,19.475,19.45,19.5,19.48,15.0,0.1606300368499756,753.489990234375,0.03634999752044678,0.0075010266
SPY,call,766.0,0.25753424657534246,2026-09-18,18.884999999999998,18.86,18.91,19.17,14.0,0.15943223388671873,753.489990234375,0.03634999752044678,0.0075010266
SPY,call,767.0,0.25753424657534246,2026-09-18,18.325000000000003,18.3,18.35,19.86,13.0,0.1583793879699707,753.489990234375,0.03634999752044678,0.0075010266
SPY,call,768.0,0.25753424657534246,2026-09-18,18.02,18.0,18.04,19.36,23.0,0.15892869888305666,753.489990234375,0.03634999752044678,0.0075010266
SPY,call,769.0,0.25753424657534246,2026-09-18,17.33,17.31,17.35,18.8,119.0,0.15692981750488283,753.489990234375,0.03634999752044678,0.0075010266
SPY,call,770.0,0.25753424657534246,2026-09-18,17.055,17.04,17.07,16.92,241.0,0.15760119750976562,753.489990234375,0.03634999752044678,0.0075010266
SPY,call,771.0,0.25753424657534246,2026-09-18,16.564999999999998,16.54,16.59,17.55,10.0,0.1568993002319336,753.489990234375,0.03634999752044678,0.0075010266
SPY,call,772.0,0.25753424657534246,2026-09-18,16.08,16.06,16.1,17.32,18.0,0.15608296318054202,753.489990234375,0.03634999752044678,0.0075010266
SPY,call,773.0,0.25753424657534246,2026-09-18,15.61,15.59,15.63,16.68,12.0,0.15535817794799806,753.489990234375,0.03634999752044678,0.0075010266
SPY,call,774.0,0.25753424657534246,2026-09-18,15.14,15.12,15.16,16.33,30.0,0.154579987487793,753.489990234375,0.03634999752044678,0.0075010266
SPY,call,775.0,0.25753424657534246,2026-09-18,14.7,14.68,14.72,14.77,27.0,0.15395438339233397,753.489990234375,0.03634999752044678,0.0075010266
SPY,call,776.0,0.25753424657534246,2026-09-18,14.285,14.26,14.31,15.42,25.0,0.15348136566162113,753.489990234375,0.03634999752044678,0.0075010266
SPY,call,777.0,0.25753424657534246,2026-09-18,13.719999999999999,13.7,13.74,14.84,20.0,0.1518639501953125,753.489990234375,0.03634999752044678,0.0075010266
SPY,call,778.0,0.25753424657534246,2026-09-18,13.455,13.43,13.48,14.54,17.0,0.15235222656250003,753.489990234375,0.03634999752044678,0.0075010266
SPY,call,779.0,0.25753424657534246,2026-09-18,12.96,12.94,12.98,13.76,16.0,0.15110101837158207,753.489990234375,0.03634999752044678,0.0075010266
SPY,call,780.0,0.25753424657534246,2026-09-18,12.55,12.53,12.57,13.41,76.0,0.15043726768493657,753.489990234375,0.03634999752044678,0.0075010266
SPY,call,781.0,0.25753424657534246,2026-09-18,12.225000000000001,12.21,12.24,13.51,18.0,0.15029231063842774,753.489990234375,0.03634999752044678,0.0075010266
SPY,call,782.0,0.25753424657534246,2026-09-18,11.79,11.77,11.81,13.0,147.0,0.14937679244995117,753.489990234375,0.03634999752044678,0.0075010266
SPY,call,783.0,0.25753424657534246,2026-09-18,11.35,11.33,11.37,12.62,20.0,0.14833920516967775,753.489990234375,0.03634999752044678,0.0075010266
SPY,call,784.0,0.25753424657534246,2026-09-18,10.99,10.97,11.01,12.15,14.0,0.14783567016601565,753.489990234375,0.03634999752044678,0.0075010266
SPY,call,785.0,0.25753424657534246,2026-09-18,10.61,10.59,10.63,11.54,74.0,0.14711851425170897,753.489990234375,0.03634999752044678,0.0075010266
SPY,call,786.0,0.25753424657534246,2026-09-18,10.33,10.31,10.35,11.39,19.0,0.1470879969787598,753.489990234375,0.03634999752044678,0.0075010266
SPY,call,787.0,0.25753424657534246,2026-09-18,10.01,9.99,10.03,10.71,320.0,0.14672178970336913,753.489990234375,0.03634999752044678,0.0075010266
SPY,call,788.0,0.25753424657534246,2026-09-18,9.71,9.69,9.73,10.18,18.0,0.14646239288330076,753.489990234375,0.03634999752044678,0.0075010266
SPY,call,789.0,0.25753424657534246,2026-09-18,9.309999999999999,9.29,9.33,10.6,28.0,0.1453790296936035,753.489990234375,0.03634999752044678,0.0075010266
SPY,call,790.0,0.25753424657534246,2026-09-18,9.11,9.09,9.13,9.05,26.0,0.14579101287841795,753.489990234375,0.03634999752044678,0.0075010266
SPY,call,791.0,0.25753424657534246,2026-09-18,8.785,8.77,8.8,9.73,22.0,0.14515015014648439,753.489990234375,0.03634999752044678,0.0075010266
SPY,call,792.0,0.25753424657534246,2026-09-18,8.455,8.45,8.46,8.95,26.0,0.1443567010498047,753.489990234375,0.03634999752044678,0.0075010266
SPY,call,793.0,0.25753424657534246,2026-09-18,8.195,8.18,8.21,9.06,43.0,0.1442346319580078,753.489990234375,0.03634999752044678,0.0075010266
SPY,call,794.0,0.25753424657534246,2026-09-18,7.824999999999999,7.81,7.84,9.08,112.0,0.14309023422241213,753.489990234375,0.03634999752044678,0.0075010266
SPY,call,796.0,0.25753424657534246,2026-09-18,7.395,7.38,7.41,8.55,16.0,0.1431817860412598,753.489990234375,0.03634999752044678,0.0075010266
SPY,call,797.0,0.25753424657534246,2026-09-18,7.08,7.07,7.09,7.89,17.0,0.1422815264892578,753.489990234375,0.03634999752044678,0.0075010266
SPY,call,799.0,0.25753424657534246,2026-09-18,6.605,6.59,6.62,7.16,10.0,0.14173221557617188,753.489990234375,0.03634999752044678,0.0075010266
SPY,call,800.0,0.25753424657534246,2026-09-18,6.35,6.33,6.37,6.3,64.0,0.14125919784545898,753.489990234375,0.03634999752044678,0.0075010266
SPY,call,802.0,0.25753424657534246,2026-09-18,5.925000000000001,5.91,5.94,6.47,12.0,0.14077092147827147,753.489990234375,0.03634999752044678,0.0075010266
SPY,call,810.0,0.25753424657534246,2026-09-18,4.375,4.36,4.39,4.57,18.0,0.1383753155517578,753.489990234375,0.03634999752044678,0.0075010266
SPY,call,813.0,0.25753424657534246,2026-09-18,3.895,3.88,3.91,4.5,10.0,0.13767341827392582,753.489990234375,0.03634999752044678,0.0075010266
SPY,call,824.0,0.25753424657534246,2026-09-18,2.5199999999999996,2.51,2.53,3.28,43.0,0.13572031280517582,753.489990234375,0.03634999752044678,0.0075010266
SPY,call,825.0,0.25753424657534246,2026-09-18,2.38,2.37,2.39,2.43,16.0,0.13498789825439456,753.489990234375,0.03634999752044678,0.0075010266
SPY,call,840.0,0.25753424657534246,2026-09-18,1.3050000000000002,1.3,1.31,1.33,19.0,0.13428600097656251,753.489990234375,0.03634999752044678,0.0075010266
SPY,call,870.0,0.25753424657534246,2026-09-18,0.445,0.44,0.45,0.5,31.0,0.1388025573730469,753.489990234375,0.03634999752044678,0.0075010266
SPY,call,875.0,0.25753424657534246,2026-09-18,0.385,0.38,0.39,0.43,3149.0,0.14038945556640625,753.489990234375,0.03634999752044678,0.0075010266
SPY,call,880.0,0.25753424657534246,2026-09-18,0.325,0.32,0.33,0.4,116.0,0.14136600830078128,753.489990234375,0.03634999752044678,0.0075010266
SPY,call,900.0,0.25753424657534246,2026-09-18,0.21000000000000002,0.2,0.22,0.22,50.0,0.15027705200195315,753.489990234375,0.03634999752044678,0.0075010266
SPY,call,905.0,0.25753424657534246,2026-09-18,0.195,0.19,0.2,0.23,33.0,0.1524742956542969,753.489990234375,0.03634999752044678,0.0075010266
SPY,call,920.0,0.25753424657534246,2026-09-18,0.155,0.15,0.16,0.18,41.0,0.15992051025390625,753.489990234375,0.03634999752044678,0.0075010266
SPY,call,940.0,0.25753424657534246,2026-09-18,0.11499999999999999,0.11,0.12,0.12,200.0,0.16919776123046876,753.489990234375,0.03634999752044678,0.0075010266
SPY,call,945.0,0.25753424657534246,2026-09-18,0.10500000000000001,0.1,0.11,0.09,14.0,0.17115086669921875,753.489990234375,0.03634999752044678,0.0075010266
SPY,call,950.0,0.25753424657534246,2026-09-18,0.095,0.09,0.1,0.11,14.0,0.17285983398437502,753.489990234375,0.03634999752044678,0.0075010266
SPY,call,965.0,0.25753424657534246,2026-09-18,0.08,0.07,0.09,0.1,24.0,0.18116053222656248,753.489990234375,0.03634999752044678,0.0075010266
SPY,call,975.0,0.25753424657534246,2026-09-18,0.07500000000000001,0.07,0.08,0.05,88.0,0.18555501953124998,753.489990234375,0.03634999752044678,0.0075010266
SPY,call,995.0,0.25753424657534246,2026-09-18,0.055,0.05,0.06,0.06,32.0,0.1928791650390625,753.489990234375,0.03634999752044678,0.0075010266
SPY,call,1000.0,0.25753424657534246,2026-09-18,0.055,0.05,0.06,0.06,1582.0,0.196297099609375,753.489990234375,0.03634999752044678,0.0075010266
SPY,put,300.0,0.25753424657534246,2026-09-18,0.125,0.12,0.13,0.12,25.0,0.648441015625,753.489990234375,0.03634999752044678,0.0075010266
SPY,put,305.0,0.25753424657534246,2026-09-18,0.125,0.12,0.13,0.12,16.0,0.637698935546875,753.489990234375,0.03634999752044678,0.0075010266
SPY,put,310.0,0.25753424657534246,2026-09-18,0.135,0.13,0.14,0.14,20.0,0.6313513427734375,753.489990234375,0.03634999752044678,0.0075010266
SPY,put,325.0,0.25753424657534246,2026-09-18,0.165,0.16,0.17,0.26,20.0,0.6118202880859377,753.489990234375,0.03634999752044678,0.0075010266
SPY,put,340.0,0.25753424657534246,2026-09-18,0.195,0.19,0.2,0.2,20.0,0.5908244042968751,753.489990234375,0.03634999752044678,0.0075010266
SPY,put,350.0,0.25753424657534246,2026-09-18,0.215,0.21,0.22,0.23,20.0,0.5766643896484375,753.489990234375,0.03634999752044678,0.0075010266
SPY,put,355.0,0.25753424657534246,2026-09-18,0.225,0.22,0.23,0.36,46.0,0.569340244140625,753.489990234375,0.03634999752044678,0.0075010266
SPY,put,375.0,0.25753424657534246,2026-09-18,0.275,0.27,0.28,0.29,20.0,0.5429733203125001,753.489990234375,0.03634999752044678,0.0075010266
SPY,put,385.0,0.25753424657534246,2026-09-18,0.305,0.3,0.31,0.41,42.0,0.5300339965820313,753.489990234375,0.03634999752044678,0.0075010266
SPY,put,390.0,0.25753424657534246,2026-09-18,0.315,0.31,0.32,0.45,10.0,0.5224657128906249,753.489990234375,0.03634999752044678,0.0075010266
SPY,put,395.0,0.25753424657534246,2026-09-18,0.335,0.33,0.34,0.34,34.0,0.5170946728515625,753.489990234375,0.03634999752044678,0.0075010266
SPY,put,400.0,0.25753424657534246,2026-09-18,0.345,0.34,0.35,0.36,74.0,0.5095263891601562,753.489990234375,0.03634999752044678,0.0075010266
SPY,put,420.0,0.25753424657534246,2026-09-18,0.425,0.42,0.43,0.42,100002.0,0.48633326171875,753.489990234375,0.03634999752044678,0.0075010266
SPY,put,425.0,0.25753424657534246,2026-09-18,0.445,0.44,0.45,0.45,33.0,0.47998566894531247,753.489990234375,0.03634999752044678,0.0075010266
SPY,put,435.0,0.25753424657534246,2026-09-18,0.485,0.48,0.49,0.69,160.0,0.4672904833984375,753.489990234375,0.03634999752044678,0.0075010266
SPY,put,450.0,0.25753424657534246,2026-09-18,0.565,0.56,0.57,0.55,10.0,0.44995667236328124,753.489990234375,0.03634999752044678,0.0075010266
SPY,put,475.0,0.25753424657534246,2026-09-18,0.705,0.7,0.71,0.68,24.0,0.41992767578125,753.489990234375,0.03634999752044678,0.0075010266
SPY,put,485.0,0.25753424657534246,2026-09-18,0.775,0.77,0.78,0.73,10.0,0.40845318115234375,753.489990234375,0.03634999752044678,0.0075010266
SPY,put,505.0,0.25753424657534246,2026-09-18,0.925,0.92,0.93,0.89,10.0,0.3852600537109374,753.489990234375,0.03634999752044678,0.0075010266
SPY,put,510.0,0.25753424657534246,2026-09-18,0.965,0.96,0.97,0.97,22.0,0.3794007373046875,753.489990234375,0.03634999752044678,0.0075010266
SPY,put,515.0,0.25753424657534246,2026-09-18,1.005,1.0,1.01,1.01,13.0,0.3734193518066406,753.489990234375,0.03634999752044678,0.0075010266
SPY,put,520.0,0.25753424657534246,2026-09-18,1.06,1.05,1.07,1.02,200007.0,0.36853658813476564,753.489990234375,0.03634999752044678,0.0075010266
SPY,put,560.0,0.25753424657534246,2026-09-18,1.54,1.53,1.55,1.53,28.0,0.32416447326660147,753.489990234375,0.03634999752044678,0.0075010266
SPY,put,565.0,0.25753424657534246,2026-09-18,1.61,1.6,1.62,1.63,10.0,0.31854929504394525,753.489990234375,0.03634999752044678,0.0075010266
SPY,put,570.0,0.25753424657534246,2026-09-18,1.6949999999999998,1.69,1.7,1.61,13.0,0.3131172204589844,753.489990234375,0.03634999752044678,0.0075010266
SPY,put,580.0,0.25753424657534246,2026-09-18,1.88,1.87,1.89,1.87,17.0,0.3028023822021484,753.489990234375,0.03634999752044678,0.0075010266
SPY,put,585.0,0.25753424657534246,2026-09-18,1.975,1.97,1.98,1.97,16.0,0.29730927307128896,753.489990234375,0.03634999752044678,0.0075010266
SPY,put,590.0,0.25753424657534246,2026-09-18,2.075,2.07,2.08,2.07,877.0,0.291877198486328,753.489990234375,0.03634999752044678,0.0075010266
SPY,put,595.0,0.25753424657534246,2026-09-18,2.2,2.19,2.21,2.19,129.0,0.28717753845214833,753.489990234375,0.03634999752044678,0.0075010266
SPY,put,600.0,0.25753424657534246,2026-09-18,2.33,2.32,2.34,2.33,159.0,0.28220322296142575,753.489990234375,0.03634999752044678,0.0075010266
SPY,put,610.0,0.25753424657534246,2026-09-18,2.5999999999999996,2.59,2.61,2.58,62.0,0.271918901977539,753.489990234375,0.03634999752044678,0.0075010266
SPY,put,615.0,0.25753424657534246,2026-09-18,2.7649999999999997,2.76,2.77,2.73,10.0,0.2670666555786133,753.489990234375,0.03634999752044678,0.0075010266
SPY,put,620.0,0.25753424657534246,2026-09-18,2.9050000000000002,2.9,2.91,2.89,100016.0,0.26154302917480465,753.489990234375,0.03634999752044678,0.0075010266
SPY,put,630.0,0.25753424657534246,2026-09-18,3.295,3.29,3.3,3.16,17.0,0.2520826745605469,753.489990234375,0.03634999752044678,0.0075010266
SPY,put,632.0,0.25753424657534246,2026-09-18,3.3600000000000003,3.35,3.37,3.52,95.0,0.24991594818115231,753.489990234375,0.03634999752044678,0.0075010266
SPY,put,635.0,0.25753424657534246,2026-09-18,3.51,3.5,3.52,3.47,110.0,0.2474135317993164,753.489990234375,0.03634999752044678,0.0075010266
SPY,put,640.0,0.25753424657534246,2026-09-18,3.715,3.71,3.72,3.6,11.0,0.24210352630615234,753.489990234375,0.03634999752044678,0.0075010266
SPY,put,650.0,0.25753424657534246,2026-09-18,4.235,4.23,4.24,4.26,2168.0,0.23267368896484375,753.489990234375,0.03634999752044678,0.0075010266
SPY,put,655.0,0.25753424657534246,2026-09-18,4.535,4.53,4.54,4.44,956.0,0.22806558074951172,753.489990234375,0.03634999752044678,0.0075010266
SPY,put,660.0,0.25753424657534246,2026-09-18,4.875,4.86,4.89,4.77,389.0,0.22382367980957027,753.489990234375,0.03634999752044678,0.0075010266
SPY,put,665.0,0.25753424657534246,2026-09-18,5.21,5.2,5.22,5.11,180.0,0.21894091613769529,753.489990234375,0.03634999752044678,0.0075010266
SPY,put,670.0,0.25753424657534246,2026-09-18,5.55,5.54,5.56,5.58,28011.0,0.2138445315551758,753.489990234375,0.03634999752044678,0.0075010266
SPY,put,675.0,0.25753424657534246,2026-09-18,5.965,5.96,5.97,5.84,225.0,0.2092211647033691,753.489990234375,0.03634999752044678,0.0075010266
SPY,put,680.0,0.25753424657534246,2026-09-18,6.395,6.38,6.41,6.4,1258.0,0.204536763305664,753.489990234375,0.03634999752044678,0.0075010266
SPY,put,681.0,0.25753424657534246,2026-09-18,6.529999999999999,6.52,6.54,6.51,12.0,0.20401796966552732,753.489990234375,0.03634999752044678,0.0075010266
SPY,put,685.0,0.25753424657534246,2026-09-18,6.875,6.86,6.89,6.94,22.0,0.19986762054443358,753.489990234375,0.03634999752044678,0.0075010266
SPY,put,696.0,0.25753424657534246,2026-09-18,8.155000000000001,8.14,8.17,7.87,374.0,0.1901936450195313,753.489990234375,0.03634999752044678,0.0075010266
SPY,put,700.0,0.25753424657534246,2026-09-18,8.65,8.64,8.66,8.65,187.0,0.18630269271850586,753.489990234375,0.03634999752044678,0.0075010266
SPY,put,701.0,0.25753424657534246,2026-09-18,8.754999999999999,8.74,8.77,8.58,19.0,0.18517355361938476,753.489990234375,0.03634999752044678,0.0075010266
SPY,put,705.0,0.25753424657534246,2026-09-18,9.265,9.25,9.28,9.15,152.0,0.18105372177124018,753.489990234375,0.03634999752044678,0.0075010266
SPY,put,710.0,0.25753424657534246,2026-09-18,10.055,10.04,10.07,10.08,44.0,0.17670501037597658,753.489990234375,0.03634999752044678,0.0075010266
SPY,put,714.0,0.25753424657534246,2026-09-18,10.675,10.66,10.69,11.01,33.0,0.1726919889831543,753.489990234375,0.03634999752044678,0.0075010266
SPY,put,716.0,0.25753424657534246,2026-09-18,11.09,11.08,11.1,10.86,21.0,0.17133397033691405,753.489990234375,0.03634999752044678,0.0075010266
SPY,put,718.0,0.25753424657534246,2026-09-18,11.51,11.49,11.53,11.33,17.0,0.1700064689636231,753.489990234375,0.03634999752044678,0.0075010266
SPY,put,719.0,0.25753424657534246,2026-09-18,11.6,11.58,11.62,11.45,174.0,0.16832801895141608,753.489990234375,0.03634999752044678,0.0075010266
SPY,put,720.0,0.25753424657534246,2026-09-18,11.774999999999999,11.76,11.79,11.82,155.0,0.16725991439819338,753.489990234375,0.03634999752044678,0.0075010266
SPY,put,721.0,0.25753424657534246,2026-09-18,12.11,12.09,12.13,11.62,16.0,0.16744301803588868,753.489990234375,0.03634999752044678,0.0075010266
SPY,put,722.0,0.25753424657534246,2026-09-18,12.219999999999999,12.2,12.24,12.05,34.0,0.16585611984252935,753.489990234375,0.03634999752044678,0.0075010266
SPY,put,725.0,0.25753424657534246,2026-09-18,12.8,12.78,12.82,12.5,26.0,0.16280439254760742,753.489990234375,0.03634999752044678,0.0075010266
SPY,put,726.0,0.25753424657534246,2026-09-18,13.145,13.13,13.16,12.72,84.0,0.16281965118408204,753.489990234375,0.03634999752044678,0.0075010266
SPY,put,729.0,0.25753424657534246,2026-09-18,13.705,13.69,13.72,13.43,18.0,0.15926438888549804,753.489990234375,0.03634999752044678,0.0075010266
SPY,put,730.0,0.25753424657534246,2026-09-18,13.940000000000001,13.92,13.96,13.7,102.0,0.15840227592468262,753.489990234375,0.03634999752044678,0.0075010266
SPY,put,731.0,0.25753424657534246,2026-09-18,14.305,14.29,14.32,14.03,52.0,0.15836412933349608,753.489990234375,0.03634999752044678,0.0075010266
SPY,put,732.0,0.25753424657534246,2026-09-18,14.48,14.46,14.5,14.17,18.0,0.1570061106872559,753.489990234375,0.03634999752044678,0.0075010266
SPY,put,733.0,0.25753424657534246,2026-09-18,14.65,14.63,14.67,14.39,53.0,0.15555654022216797,753.489990234375,0.03634999752044678,0.0075010266
SPY,put,734.0,0.25753424657534246,2026-09-18,15.05,15.03,15.07,14.74,34.0,0.15567860931396482,753.489990234375,0.03634999752044678,0.0075010266
SPY,put,735.0,0.25753424657534246,2026-09-18,15.309999999999999,15.29,15.33,14.49,11.0,0.15477834976196292,753.489990234375,0.03634999752044678,0.0075010266
SPY,put,736.0,0.25753424657534246,2026-09-18,15.5,15.48,15.52,15.15,29.0,0.15337455520629883,753.489990234375,0.03634999752044678,0.0075010266
SPY,put,737.0,0.25753424657534246,2026-09-18,15.73,15.71,15.75,15.39,35.0,0.15219964019775395,753.489990234375,0.03634999752044678,0.0075010266
SPY,put,738.0,0.25753424657534246,2026-09-18,16.06,16.04,16.08,15.65,30.0,0.1516808465576172,753.489990234375,0.03634999752044678,0.0075010266
SPY,put,739.0,0.25753424657534246,2026-09-18,16.42,16.4,16.44,15.96,12.0,0.15132989791870122,753.489990234375,0.03634999752044678,0.0075010266
SPY,put,740.0,0.25753424657534246,2026-09-18,16.58,16.56,16.6,16.24,43.0,0.14957515472412108,753.489990234375,0.03634999752044678,0.0075010266
SPY,put,742.0,0.25753424657534246,2026-09-18,17.18,17.16,17.2,16.79,40.0,0.14785092880249023,753.489990234375,0.03634999752044678,0.0075010266
SPY,put,743.0,0.25753424657534246,2026-09-18,17.645000000000003,17.62,17.67,17.4,13.0,0.1480798083496094,753.489990234375,0.03634999752044678,0.0075010266
SPY,put,744.0,0.25753424657534246,2026-09-18,17.895000000000003,17.87,17.92,17.49,62.0,0.14678282424926758,753.489990234375,0.03634999752044678,0.0075010266
SPY,put,745.0,0.25753424657534246,2026-09-18,18.145000000000003,18.12,18.17,17.41,49.0,0.14544006423950195,753.489990234375,0.03634999752044678,0.0075010266
SPY,put,746.0,0.25753424657534246,2026-09-18,18.53,18.51,18.55,18.22,21.0,0.14493652923583983,753.489990234375,0.03634999752044678,0.0075010266
SPY,put,747.0,0.25753424657534246,2026-09-18,18.805,18.79,18.82,18.45,19.0,0.14365480377197265,753.489990234375,0.03634999752044678,0.0075010266
SPY,put,748.0,0.25753424657534246,2026-09-18,19.125,19.1,19.15,19.14,21.0,0.14272402694702147,753.489990234375,0.03634999752044678,0.0075010266
SPY,put,749.0,0.25753424657534246,2026-09-18,19.634999999999998,19.61,19.66,19.24,10.0,0.14293764785766605,753.489990234375,0.03634999752044678,0.0075010266
SPY,put,750.0,0.25753424657534246,2026-09-18,19.86,19.84,19.88,20.03,73.0,0.1411981632995606,753.489990234375,0.03634999752044678,0.0075010266
SPY,put,752.0,0.25753424657534246,2026-09-18,20.67,20.66,20.68,20.11,32.0,0.13994695510864258,753.489990234375,0.03634999752044678,0.0075010266
SPY,put,755.0,0.25753424657534246,2026-09-18,21.810000000000002,21.78,21.84,22.0,231.0,0.1374597973632813,753.489990234375,0.03634999752044678,0.0075010266
SPY,put,757.0,0.25753424657534246,2026-09-18,22.795,22.77,22.82,22.04,14.0,0.1368952278137207,753.489990234375,0.03634999752044678,0.0075010266
SPY,put,758.0,0.25753424657534246,2026-09-18,23.07,23.04,23.1,22.69,15.0,0.13517863121032717,753.489990234375,0.03634999752044678,0.0075010266
SPY,put,759.0,0.25753424657534246,2026-09-18,23.515,23.49,23.54,22.8,18.0,0.1344538459777832,753.489990234375,0.03634999752044678,0.0075010266
SPY,put,760.0,0.25753424657534246,2026-09-18,23.98,23.95,24.01,23.98,26.0,0.13385875915527345,753.489990234375,0.03634999752044678,0.0075010266
SPY,put,765.0,0.25753424657534246,2026-09-18,26.265,26.24,26.29,25.74,144.0,0.12967789276123048,753.489990234375,0.03634999752044678,0.0075010266
SPY,put,775.0,0.25753424657534246,2026-09-18,31.685000000000002,31.53,31.84,31.0,12.0,0.12365073135375976,753.489990234375,0.03634999752044678,0.0075010266
SPY,put,780.0,0.25753424657534246,2026-09-18,34.81,34.65,34.97,33.65,139.0,0.12084314224243164,753.489990234375,0.03634999752044678,0.0075010266
SPY,put,790.0,0.25753424657534246,2026-09-18,41.255,40.24,42.27,65.0,15.0,0.11861538131713867,753.489990234375,0.03634999752044678,0.0075010266
SPY,put,800.0,0.25753424657534246,2026-09-18,49.265,48.22,50.31,48.5,85.0,0.11699796585083008,753.489990234375,0.03634999752044678,0.0075010266
SPY,put,805.0,0.25753424657534246,2026-09-18,54.334999999999994,52.55,56.12,51.55,10.0,0.13326367233276365,753.489990234375,0.03634999752044678,0.0075010266
SPY,put,810.0,0.25753424657534246,2026-09-18,59.21,57.47,60.95,58.4,58.0,0.13935186828613283,753.489990234375,0.03634999752044678,0.0075010266
SPY,put,815.0,0.25753424657534246,2026-09-18,64.01,62.27,65.75,61.0,20.0,0.14478394287109375,753.489990234375,0.03634999752044678,0.0075010266
SPY,put,820.0,0.25753424657534246,2026-09-18,68.89500000000001,67.18,70.61,65.36,50.0,0.15061274200439456,753.489990234375,0.03634999752044678,0.0075010266
SPY,call,420.0,0.29041095890410956,2026-09-30,336.085,334.21,337.96,325.97,35.0,0.5989419989013673,753.489990234375,0.03634999752044678,0.0075010266
SPY,call,485.0,0.29041095890410956,2026-09-30,272.485,270.73,274.24,276.5,16.0,0.5119067364501952,753.489990234375,0.03634999752044678,0.0075010266
SPY,call,570.0,0.29041095890410956,2026-09-30,189.04,187.45,190.63,163.17,19.0,0.40823956024169916,753.489990234375,0.03634999752044678,0.0075010266
SPY,call,590.0,0.29041095890410956,2026-09-30,169.87,168.11,171.63,173.73,45.0,0.3836731555175781,753.489990234375,0.03634999752044678,0.0075010266
SPY,call,602.0,0.29041095890410956,2026-09-30,158.245,156.55,159.94,143.97,40.0,0.3642031353759766,753.489990234375,0.03634999752044678,0.0075010266
SPY,call,603.0,0.29041095890410956,2026-09-30,157.535,155.79,159.28,142.82,28.0,0.36667503448486327,753.489990234375,0.03634999752044678,0.0075010266
SPY,call,605.0,0.29041095890410956,2026-09-30,155.675,153.92,157.43,140.79,965.0,0.36463037719726565,753.489990234375,0.03634999752044678,0.0075010266
SPY,call,606.0,0.29041095890410956,2026-09-30,154.715,152.96,156.47,140.01,1806.0,0.3631502894592285,753.489990234375,0.03634999752044678,0.0075010266
SPY,call,621.0,0.29041095890410956,2026-09-30,128.525,126.77,130.28,108.48,26.0,1.0000000000000003e-05,753.489990234375,0.03634999752044678,0.0075010266
SPY,call,623.0,0.29041095890410956,2026-09-30,128.325,126.65,130.0,65.3,14.0,1.0000000000000003e-05,753.489990234375,0.03634999752044678,0.0075010266
SPY,call,640.0,0.29041095890410956,2026-09-30,122.28999999999999,120.72,123.86,125.27,21.0,0.31140825317382803,753.489990234375,0.03634999752044678,0.0075010266
SPY,call,654.0,0.29041095890410956,2026-09-30,109.38,107.85,110.91,97.03,23.0,0.2937234934997558,753.489990234375,0.03634999752044678,0.0075010266
SPY,call,690.0,0.29041095890410956,2026-09-30,77.375,76.34,78.41,78.14,10.0,0.24802387725830077,753.489990234375,0.03634999752044678,0.0075010266
SPY,call,700.0,0.29041095890410956,2026-09-30,67.37,66.42,68.32,69.33,43.0,0.22499859481811518,753.489990234375,0.03634999752044678,0.0075010266
SPY,call,705.0,0.29041095890410956,2026-09-30,64.625,63.64,65.61,65.79,10.0,0.23069006622314453,753.489990234375,0.03634999752044678,0.0075010266
SPY,call,730.0,0.29041095890410956,2026-09-30,43.905,43.74,44.07,45.25,29.0,0.1928944236755371,753.489990234375,0.03634999752044678,0.0075010266
SPY,call,735.0,0.29041095890410956,2026-09-30,40.815,39.84,41.79,41.75,22.0,0.19707529006958008,753.489990234375,0.03634999752044678,0.0075010266
SPY,call,745.0,0.29041095890410956,2026-09-30,32.93,32.83,33.03,34.82,46.0,0.1765524240112305,753.489990234375,0.03634999752044678,0.0075010266
SPY,call,755.0,0.29041095890410956,2026-09-30,26.619999999999997,26.59,26.65,26.91,1018.0,0.1680991394042969,753.489990234375,0.03634999752044678,0.0075010266
SPY,call,785.0,0.29041095890410956,2026-09-30,11.935,11.91,11.96,12.49,19.0,0.14782041152954106,753.489990234375,0.03634999752044678,0.0075010266
SPY,call,790.0,0.29041095890410956,2026-09-30,10.335,10.31,10.36,10.42,81.0,0.14629454788208007,753.489990234375,0.03634999752044678,0.0075010266
SPY,call,795.0,0.29041095890410956,2026-09-30,8.719999999999999,8.7,8.74,8.9,21.0,0.14348695877075196,753.489990234375,0.03634999752044678,0.0075010266
SPY,call,800.0,0.29041095890410956,2026-09-30,7.484999999999999,7.47,7.5,7.39,27.0,0.1424035955810547,753.489990234375,0.03634999752044678,0.0075010266
SPY,call,810.0,0.29041095890410956,2026-09-30,5.275,5.25,5.3,5.79,104.0,0.13919928192138675,753.489990234375,0.03634999752044678,0.0075010266
SPY,call,825.0,0.29041095890410956,2026-09-30,3.065,3.05,3.08,3.3,32.0,0.13630014099121096,753.489990234375,0.03634999752044678,0.0075010266
SPY,call,835.0,0.29041095890410956,2026-09-30,2.09,2.08,2.1,2.24,10.0,0.1349268637084961,753.489990234375,0.03634999752044678,0.0075010266
SPY,call,840.0,0.29041095890410956,2026-09-30,1.71,1.7,1.72,1.83,10.0,0.13434703552246097,753.489990234375,0.03634999752044678,0.0075010266
SPY,call,845.0,0.29041095890410956,2026-09-30,1.435,1.42,1.45,1.57,10.0,0.1347437600708008,753.489990234375,0.03634999752044678,0.0075010266
SPY,call,870.0,0.29041095890410956,2026-09-30,0.595,0.59,0.6,0.65,60.0,0.13697152099609378,753.489990234375,0.03634999752044678,0.0075010266
SPY,call,875.0,0.29041095890410956,2026-09-30,0.515,0.51,0.52,0.67,20.0,0.1381922119140625,753.489990234375,0.03634999752044678,0.0075010266
SPY,call,890.0,0.29041095890410956,2026-09-30,0.345,0.34,0.35,0.46,17.0,0.14258669921875,753.489990234375,0.03634999752044678,0.0075010266
SPY,call,900.0,0.29041095890410956,2026-09-30,0.275,0.27,0.28,0.3,34.0,0.14612670288085935,753.489990234375,0.03634999752044678,0.0075010266
SPY,put,375.0,0.29041095890410956,2026-09-30,0.35,0.34,0.36,0.36,31.0,0.5258836474609375,753.489990234375,0.03634999752044678,0.0075010266
SPY,put,385.0,0.29041095890410956,2026-09-30,0.385,0.38,0.39,0.59,14.0,0.5134326000976561,753.489990234375,0.03634999752044678,0.0075010266
SPY,put,390.0,0.29041095890410956,2026-09-30,0.405,0.4,0.41,0.57,255.0,0.5073291455078125,753.489990234375,0.03634999752044678,0.0075010266
SPY,put,400.0,0.29041095890410956,2026-09-30,0.445,0.44,0.45,0.45,55.0,0.4958546508789063,753.489990234375,0.03634999752044678,0.0075010266
SPY,put,405.0,0.29041095890410956,2026-09-30,0.46499999999999997,0.46,0.47,1.01,71.0,0.48950705810546885,753.489990234375,0.03634999752044678,0.0075010266
SPY,put,435.0,0.29041095890410956,2026-09-30,0.605,0.6,0.61,0.61,59.0,0.45313046875,753.489990234375,0.03634999752044678,0.0075010266
SPY,put,470.0,0.29041095890410956,2026-09-30,0.825,0.82,0.83,0.83,15.0,0.41296973754882804,753.489990234375,0.03634999752044678,0.0075010266
SPY,put,500.0,0.29041095890410956,2026-09-30,1.065,1.06,1.07,1.06,17.0,0.3790345300292969,753.489990234375,0.03634999752044678,0.0075010266
SPY,put,520.0,0.29041095890410956,2026-09-30,1.27,1.26,1.28,1.29,17.0,0.3575503698730469,753.489990234375,0.03634999752044678,0.0075010266
SPY,put,535.0,0.29041095890410956,2026-09-30,1.45,1.44,1.46,1.53,20.0,0.3414372497558594,753.489990234375,0.03634999752044678,0.0075010266
SPY,put,560.0,0.29041095890410956,2026-09-30,1.83,1.82,1.84,1.84,11.0,0.315314464111328,753.489990234375,0.03634999752044678,0.0075010266
SPY,put,570.0,0.29041095890410956,2026-09-30,2.0199999999999996,2.01,2.03,2.03,12.0,0.30524376403808595,753.489990234375,0.03634999752044678,0.0075010266
SPY,put,580.0,0.29041095890410956,2026-09-30,2.2300000000000004,2.22,2.24,2.24,39.0,0.2951730639648437,753.489990234375,0.03634999752044678,0.0075010266
SPY,put,585.0,0.29041095890410956,2026-09-30,2.37,2.36,2.38,2.49,11.0,0.2908396112060546,753.489990234375,0.03634999752044678,0.0075010266
SPY,put,590.0,0.29041095890410956,2026-09-30,2.4850000000000003,2.48,2.49,2.47,215.0,0.28552960571289054,753.489990234375,0.03634999752044678,0.0075010266
SPY,put,596.0,0.29041095890410956,2026-09-30,2.6500000000000004,2.64,2.66,3.09,70.0,0.27985339294433587,753.489990234375,0.03634999752044678,0.0075010266
SPY,put,597.0,0.29041095890410956,2026-09-30,2.67,2.66,2.68,3.41,254.0,0.2786937365722656,753.489990234375,0.03634999752044678,0.0075010266
SPY,put,600.0,0.29041095890410956,2026-09-30,2.7699999999999996,2.76,2.78,2.65,25.0,0.2760692510986328,753.489990234375,0.03634999752044678,0.0075010266
SPY,put,601.0,0.29041095890410956,2026-09-30,2.785,2.77,2.8,4.35,10.0,0.2748790774536133,753.489990234375,0.03634999752044678,0.0075010266
SPY,put,603.0,0.29041095890410956,2026-09-30,2.865,2.84,2.89,3.48,21.0,0.2735668347167969,753.489990234375,0.03634999752044678,0.0075010266
SPY,put,608.0,0.29041095890410956,2026-09-30,3.0149999999999997,3.0,3.03,4.08,89.0,0.2683178637695312,753.489990234375,0.03634999752044678,0.0075010266
SPY,put,612.0,0.29041095890410956,2026-09-30,3.1550000000000002,3.14,3.17,6.26,13.0,0.2645947564697265,753.489990234375,0.03634999752044678,0.0075010266
SPY,put,615.0,0.29041095890410956,2026-09-30,3.2649999999999997,3.25,3.28,3.29,35.0,0.26178716735839846,753.489990234375,0.03634999752044678,0.0075010266
SPY,put,621.0,0.29041095890410956,2026-09-30,3.505,3.49,3.52,6.57,145.0,0.25629405822753903,753.489990234375,0.03634999752044678,0.0075010266
SPY,put,626.0,0.29041095890410956,2026-09-30,3.715,3.7,3.73,3.89,118.0,0.2516249154663086,753.489990234375,0.03634999752044678,0.0075010266
SPY,put,630.0,0.29041095890410956,2026-09-30,3.885,3.87,3.9,3.84,12.0,0.2477492218017578,753.489990234375,0.03634999752044678,0.0075010266
SPY,put,640.0,0.29041095890410956,2026-09-30,4.42,4.41,4.43,4.37,279.0,0.23905179901123047,753.489990234375,0.03634999752044678,0.0075010266
SPY,put,652.0,0.29041095890410956,2026-09-30,5.154999999999999,5.14,5.17,5.11,26.0,0.22853859848022462,753.489990234375,0.03634999752044678,0.0075010266
SPY,put,662.0,0.29041095890410956,2026-09-30,5.83,5.81,5.85,7.63,14.0,0.2192460888671875,753.489990234375,0.03634999752044678,0.0075010266
SPY,put,670.0,0.29041095890410956,2026-09-30,6.48,6.46,6.5,6.43,516.0,0.2121355642700195,753.489990234375,0.03634999752044678,0.0075010266
SPY,put,671.0,0.29041095890410956,2026-09-30,6.57,6.55,6.59,6.85,14.0,0.2112810806274414,753.489990234375,0.03634999752044678,0.0075010266
SPY,put,675.0,0.29041095890410956,2026-09-30,6.904999999999999,6.89,6.92,6.64,12.0,0.2073748696899414,753.489990234375,0.03634999752044678,0.0075010266
SPY,put,677.0,0.29041095890410956,2026-09-30,7.07,7.05,7.09,6.98,23.0,0.2054065055847168,753.489990234375,0.03634999752044678,0.0075010266
SPY,put,680.0,0.29041095890410956,2026-09-30,7.385,7.37,7.4,7.31,80.0,0.20288883056640622,753.489990234375,0.03634999752044678,0.0075010266
SPY,put,687.0,0.29041095890410956,2026-09-30,8.18,8.16,8.2,14.7,29.0,0.19715158325195312,753.489990234375,0.03634999752044678,0.0075010266
SPY,put,695.0,0.29041095890410956,2026-09-30,9.07,9.05,9.09,8.7,11.0,0.18935442001342773,753.489990234375,0.03634999752044678,0.0075010266
SPY,put,700.0,0.29041095890410956,2026-09-30,9.83,9.81,9.85,9.61,459.0,0.18564657135009766,753.489990234375,0.03634999752044678,0.0075010266
SPY,put,725.0,0.29041095890410956,2026-09-30,14.190000000000001,14.17,14.21,14.03,96.0,0.1630637893676758,753.489990234375,0.03634999752044678,0.0075010266
SPY,put,745.0,0.29041095890410956,2026-09-30,19.695,19.66,19.73,18.89,59.0,0.1468133415222168,753.489990234375,0.03634999752044678,0.0075010266
SPY,put,750.0,0.29041095890410956,2026-09-30,21.28,21.25,21.31,21.53,42.0,0.14188480194091796,753.489990234375,0.03634999752044678,0.0075010266
SPY,put,755.0,0.29041095890410956,2026-09-30,23.375,23.34,23.41,22.43,46.0,0.13916876464843753,753.489990234375,0.03634999752044678,0.0075010266
SPY,put,760.0,0.29041095890410956,2026-09-30,25.325,25.29,25.36,24.86,16.0,0.13446910461425782,753.489990234375,0.03634999752044678,0.0075010266
SPY,put,765.0,0.29041095890410956,2026-09-30,27.66,27.62,27.7,26.62,15.0,0.13101302345275875,753.489990234375,0.03634999752044678,0.0075010266
SPY,put,780.0,0.29041095890410956,2026-09-30,35.975,35.81,36.14,35.5,32.0,0.1220638331604004,753.489990234375,0.03634999752044678,0.0075010266
SPY,put,785.0,0.29041095890410956,2026-09-30,38.364999999999995,37.44,39.29,37.7,11.0,0.1185085708618164,753.489990234375,0.03634999752044678,0.0075010266
SPY,put,795.0,0.29041095890410956,2026-09-30,45.635,44.65,46.62,44.0,11.0,0.11460235992431642,753.489990234375,0.03634999752044678,0.0075010266
SPY,call,720.0,0.33424657534246577,2026-10-16,54.985,54.05,55.92,56.52,12.0,0.21566030929565427,753.489990234375,0.03634999752044678,0.0075010266
SPY,call,755.0,0.33424657534246577,2026-10-16,29.665,29.58,29.75,29.53,30.0,0.1746450944519043,753.489990234375,0.03634999752044678,0.0075010266
SPY,call,760.0,0.33424657534246577,2026-10-16,26.84,26.81,26.87,26.62,516.0,0.17128819442749021,753.489990234375,0.03634999752044678,0.0075010266
SPY,call,790.0,0.33424657534246577,2026-10-16,12.690000000000001,12.67,12.71,13.65,124.0,0.1519555020141602,753.489990234375,0.03634999752044678,0.0075010266
SPY,call,795.0,0.33424657534246577,2026-10-16,11.115,11.09,11.14,11.9,35.0,0.15042963836669926,753.489990234375,0.03634999752044678,0.0075010266
SPY,call,800.0,0.33424657534246577,2026-10-16,9.620000000000001,9.6,9.64,9.77,58.0,0.1484612742614746,753.489990234375,0.03634999752044678,0.0075010266
SPY,call,805.0,0.33424657534246577,2026-10-16,8.2,8.18,8.22,9.74,73.0,0.14605040969848632,753.489990234375,0.03634999752044678,0.0075010266
SPY,call,815.0,0.33424657534246577,2026-10-16,6.029999999999999,6.02,6.04,6.31,12.0,0.14327333786010743,753.489990234375,0.03634999752044678,0.0075010266
SPY,call,825.0,0.33424657534246577,2026-10-16,4.390000000000001,4.37,4.41,4.91,10.0,0.14148807739257813,753.489990234375,0.03634999752044678,0.0075010266
SPY,call,830.0,0.33424657534246577,2026-10-16,3.665,3.65,3.68,4.5,44.0,0.13999273101806642,753.489990234375,0.03634999752044678,0.0075010266
SPY,call,835.0,0.33424657534246577,2026-10-16,3.115,3.1,3.13,3.34,16.0,0.13953497192382813,753.489990234375,0.03634999752044678,0.0075010266
SPY,call,850.0,0.33424657534246577,2026-10-16,1.865,1.85,1.88,1.85,55.0,0.13834479827880858,753.489990234375,0.03634999752044678,0.0075010266
SPY,call,860.0,0.33424657534246577,2026-10-16,1.315,1.3,1.33,1.69,101.0,0.1380091082763672,753.489990234375,0.03634999752044678,0.0075010266
SPY,call,865.0,0.33424657534246577,2026-10-16,1.115,1.1,1.13,1.1,13.0,0.13825324645996095,753.489990234375,0.03634999752044678,0.0075010266
SPY,call,895.0,0.33424657534246577,2026-10-16,0.46499999999999997,0.46,0.47,0.6,12.0,0.14283083740234376,753.489990234375,0.03634999752044678,0.0075010266
SPY,call,900.0,0.33424657534246577,2026-10-16,0.415,0.41,0.42,0.44,49.0,0.14429566650390624,753.489990234375,0.03634999752044678,0.0075010266
SPY,call,915.0,0.33424657534246577,2026-10-16,0.3,0.29,0.31,0.31,50.0,0.14917843017578125,753.489990234375,0.03634999752044678,0.0075010266
SPY,call,925.0,0.33424657534246577,2026-10-16,0.245,0.24,0.25,0.34,10.0,0.1518639501953125,753.489990234375,0.03634999752044678,0.0075010266
SPY,call,930.0,0.33424657534246577,2026-10-16,0.225,0.22,0.23,0.26,20.0,0.15369498657226563,753.489990234375,0.03634999752044678,0.0075010266
SPY,call,950.0,0.33424657534246577,2026-10-16,0.16999999999999998,0.16,0.18,0.18,30.0,0.16211775390625,753.489990234375,0.03634999752044678,0.0075010266
SPY,call,1000.0,0.33424657534246577,2026-10-16,0.09,0.08,0.1,0.1,57.0,0.18116053222656248,753.489990234375,0.03634999752044678,0.0075010266
SPY,put,300.0,0.33424657534246577,2026-10-16,0.235,0.23,0.24,0.23,46.0,0.6079140771484376,753.489990234375,0.03634999752044678,0.0075010266
SPY,put,320.0,0.33424657534246577,2026-10-16,0.28500000000000003,0.28,0.29,0.29,150.0,0.5798381860351562,753.489990234375,0.03634999752044678,0.0075010266
SPY,put,325.0,0.33424657534246577,2026-10-16,0.3,0.29,0.31,0.47,146.0,0.5732464550781251,753.489990234375,0.03634999752044678,0.0075010266
SPY,put,355.0,0.33424657534246577,2026-10-16,0.395,0.39,0.4,0.53,19.0,0.5336960693359375,753.489990234375,0.03634999752044678,0.0075010266
SPY,put,430.0,0.33424657534246577,2026-10-16,0.775,0.77,0.78,1.21,33.0,0.44556218505859374,753.489990234375,0.03634999752044678,0.0075010266
SPY,put,460.0,0.33424657534246577,2026-10-16,0.99,0.98,1.0,1.39,23.0,0.4118711157226562,753.489990234375,0.03634999752044678,0.0075010266
SPY,put,500.0,0.33424657534246577,2026-10-16,1.39,1.38,1.4,1.34,15.0,0.3693300372314453,753.489990234375,0.03634999752044678,0.0075010266
SPY,put,505.0,0.33424657534246577,2026-10-16,1.45,1.44,1.46,1.39,15.0,0.3640810662841797,753.489990234375,0.03634999752044678,0.0075010266
SPY,put,510.0,0.33424657534246577,2026-10-16,1.5,1.49,1.51,1.49,19.0,0.358404853515625,753.489990234375,0.03634999752044678,0.0075010266
SPY,put,525.0,0.33424657534246577,2026-10-16,1.71,1.7,1.72,2.89,95.0,0.34314621704101556,753.489990234375,0.03634999752044678,0.0075010266
SPY,put,530.0,0.33424657534246577,2026-10-16,1.78,1.77,1.79,1.8,10.0,0.33789724609375,753.489990234375,0.03634999752044678,0.0075010266
SPY,put,540.0,0.33424657534246577,2026-10-16,1.95,1.94,1.96,2.52,11.0,0.3280096496582031,753.489990234375,0.03634999752044678,0.0075010266
SPY,put,545.0,0.33424657534246577,2026-10-16,2.025,2.02,2.03,2.9,144.0,0.3225165405273437,753.489990234375,0.03634999752044678,0.0075010266
SPY,put,550.0,0.33424657534246577,2026-10-16,2.12,2.11,2.13,2.13,32.0,0.3177558459472656,753.489990234375,0.03634999752044678,0.0075010266
SPY,put,565.0,0.33424657534246577,2026-10-16,2.4400000000000004,2.43,2.45,2.35,12.0,0.30335169311523436,753.489990234375,0.03634999752044678,0.0075010266
SPY,put,570.0,0.33424657534246577,2026-10-16,2.5599999999999996,2.55,2.57,2.63,12.0,0.2985909985351562,753.489990234375,0.03634999752044678,0.0075010266
SPY,put,585.0,0.33424657534246577,2026-10-16,2.9800000000000004,2.97,2.99,3.1,15.0,0.28482770843505856,753.489990234375,0.03634999752044678,0.0075010266
SPY,put,620.0,0.33424657534246577,2026-10-16,4.324999999999999,4.31,4.34,4.3,22.0,0.2536390554809571,753.489990234375,0.03634999752044678,0.0075010266
SPY,put,625.0,0.33424657534246577,2026-10-16,4.58,4.57,4.59,4.5,14.0,0.24930560272216795,753.489990234375,0.03634999752044678,0.0075010266
SPY,put,635.0,0.33424657534246577,2026-10-16,5.154999999999999,5.14,5.17,5.18,20.0,0.24102016311645508,753.489990234375,0.03634999752044678,0.0075010266
SPY,put,660.0,0.33424657534246577,2026-10-16,6.949999999999999,6.93,6.97,6.88,61.0,0.2199632447814941,753.489990234375,0.03634999752044678,0.0075010266
SPY,put,665.0,0.33424657534246577,2026-10-16,7.369999999999999,7.35,7.39,7.42,13.0,0.21555349884033204,753.489990234375,0.03634999752044678,0.0075010266
SPY,put,690.0,0.33424657534246577,2026-10-16,10.125,10.1,10.15,9.7,10.0,0.1946644255065918,753.489990234375,0.03634999752044678,0.0075010266
SPY,put,700.0,0.33424657534246577,2026-10-16,11.495000000000001,11.47,11.52,11.58,34.0,0.1858754508972168,753.489990234375,0.03634999752044678,0.0075010266
SPY,put,710.0,0.33424657534246577,2026-10-16,13.145,13.12,13.17,12.73,29.0,0.17742216629028318,753.489990234375,0.03634999752044678,0.0075010266
SPY,put,715.0,0.33424657534246577,2026-10-16,14.075,14.05,14.1,13.7,11.0,0.17320315330505373,753.489990234375,0.03634999752044678,0.0075010266
SPY,put,725.0,0.33424657534246577,2026-10-16,16.174999999999997,16.15,16.2,16.29,30.0,0.1647422393798828,753.489990234375,0.03634999752044678,0.0075010266
SPY,put,730.0,0.33424657534246577,2026-10-16,17.46,17.43,17.49,17.4,15.0,0.161141201171875,753.489990234375,0.03634999752044678,0.0075010266
SPY,put,735.0,0.33424657534246577,2026-10-16,18.65,18.62,18.68,18.31,51.0,0.15628895477294924,753.489990234375,0.03634999752044678,0.0075010266
SPY,put,745.0,0.33424657534246577,2026-10-16,21.75,21.71,21.79,21.67,11.0,0.14885799880981443,753.489990234375,0.03634999752044678,0.0075010266
SPY,put,750.0,0.33424657534246577,2026-10-16,23.475,23.44,23.51,23.47,1446.0,0.14493652923583983,753.489990234375,0.03634999752044678,0.0075010266
SPY,put,755.0,0.33424657534246577,2026-10-16,25.369999999999997,25.33,25.41,24.33,12.0,0.1411981632995606,753.489990234375,0.03634999752044678,0.0075010266
SPY,put,765.0,0.33424657534246577,2026-10-16,29.565,29.53,29.6,28.91,35.0,0.1331492325592041,753.489990234375,0.03634999752044678,0.0075010266
SPY,put,780.0,0.33424657534246577,2026-10-16,36.635,35.66,37.61,49.5,10.0,0.12313193771362305,753.489990234375,0.03634999752044678,0.0075010266
SPY,put,790.0,0.33424657534246577,2026-10-16,44.005,43.88,44.13,44.15,36.0,0.11776089767456055,753.489990234375,0.03634999752044678,0.0075010266
SPY,put,850.0,0.33424657534246577,2026-10-16,98.78,97.1,100.46,95.6,51.0,0.16687844848632816,753.489990234375,0.03634999752044678,0.0075010266
SPY,call,650.0,0.3726027397260274,2026-10-30,117.53,116.54,118.52,119.83,20.0,0.2975686698913574,753.489990234375,0.03634999752044678,0.0075010266
SPY,call,686.0,0.3726027397260274,2026-10-30,85.755,84.76,86.75,76.17,28.0,0.2574231973266602,753.489990234375,0.03634999752044678,0.0075010266
SPY,call,700.0,0.3726027397260274,2026-10-30,74.02000000000001,73.09,74.95,75.48,19.0,0.24245447494506833,753.489990234375,0.03634999752044678,0.0075010266
SPY,call,708.0,0.3726027397260274,2026-10-30,67.4,66.41,68.39,52.53,10.0,0.23404696624755855,753.489990234375,0.03634999752044678,0.0075010266
SPY,call,712.0,0.3726027397260274,2026-10-30,64.07499999999999,63.08,65.07,69.21,18.0,0.2292939009857178,753.489990234375,0.03634999752044678,0.0075010266
SPY,call,719.0,0.3726027397260274,2026-10-30,58.66,57.67,59.65,61.84,19.0,0.22280135116577143,753.489990234375,0.03634999752044678,0.0075010266
SPY,call,722.0,0.3726027397260274,2026-10-30,56.385,55.44,57.33,47.91,10.0,0.21981065841674802,753.489990234375,0.03634999752044678,0.0075010266
SPY,call,725.0,0.3726027397260274,2026-10-30,53.365,53.2,53.53,53.0,11.0,0.208092025604248,753.489990234375,0.03634999752044678,0.0075010266
SPY,call,726.0,0.3726027397260274,2026-10-30,53.2,52.22,54.18,57.25,22.0,0.21527121406555175,753.489990234375,0.03634999752044678,0.0075010266
SPY,call,734.0,0.3726027397260274,2026-10-30,47.31,46.35,48.27,39.4,32.0,0.20763426651000977,753.489990234375,0.03634999752044678,0.0075010266
SPY,call,736.0,0.3726027397260274,2026-10-30,45.875,44.92,46.83,37.42,10.0,0.20575745422363279,753.489990234375,0.03634999752044678,0.0075010266
SPY,call,740.0,0.3726027397260274,2026-10-30,42.245000000000005,42.11,42.38,44.04,20.0,0.1930622686767578,753.489990234375,0.03634999752044678,0.0075010266
SPY,call,744.0,0.3726027397260274,2026-10-30,39.465,39.28,39.65,33.26,10.0,0.18966722206115724,753.489990234375,0.03634999752044678,0.0075010266
SPY,call,750.0,0.3726027397260274,2026-10-30,35.644999999999996,35.53,35.76,35.43,23.0,0.18502859657287593,753.489990234375,0.03634999752044678,0.0075010266
SPY,call,755.0,0.3726027397260274,2026-10-30,32.54,32.39,32.69,35.08,21.0,0.18144281700134277,753.489990234375,0.03634999752044678,0.0075010266
SPY,call,765.0,0.3726027397260274,2026-10-30,26.509999999999998,26.48,26.54,29.01,13.0,0.17230289375305177,753.489990234375,0.03634999752044678,0.0075010266
SPY,call,770.0,0.3726027397260274,2026-10-30,23.82,23.79,23.85,24.84,63.0,0.1687857780456543,753.489990234375,0.03634999752044678,0.0075010266
SPY,call,780.0,0.3726027397260274,2026-10-30,18.985,18.96,19.01,19.75,10.0,0.16251447845458983,753.489990234375,0.03634999752044678,0.0075010266
SPY,call,785.0,0.3726027397260274,2026-10-30,16.965,16.94,16.99,13.07,30.0,0.16048507980346682,753.489990234375,0.03634999752044678,0.0075010266
SPY,call,810.0,0.3726027397260274,2026-10-30,8.75,8.73,8.77,9.65,14.0,0.14957515472412108,753.489990234375,0.03634999752044678,0.0075010266
SPY,call,825.0,0.3726027397260274,2026-10-30,5.609999999999999,5.59,5.63,6.53,41.0,0.14518066741943358,753.489990234375,0.03634999752044678,0.0075010266
SPY,call,830.0,0.3726027397260274,2026-10-30,4.85,4.83,4.87,5.62,24.0,0.14444825286865232,753.489990234375,0.03634999752044678,0.0075010266
SPY,call,835.0,0.3726027397260274,2026-10-30,4.130000000000001,4.11,4.15,5.0,12.0,0.14327333786010743,753.489990234375,0.03634999752044678,0.0075010266
SPY,call,840.0,0.3726027397260274,2026-10-30,3.505,3.49,3.52,3.99,101.0,0.14215945739746094,753.489990234375,0.03634999752044678,0.0075010266
SPY,call,845.0,0.3726027397260274,2026-10-30,2.99,2.97,3.01,3.15,44.0,0.1415796292114258,753.489990234375,0.03634999752044678,0.0075010266
SPY,call,850.0,0.3726027397260274,2026-10-30,2.565,2.55,2.58,2.8,21.0,0.1412439392089844,753.489990234375,0.03634999752044678,0.0075010266
SPY,call,870.0,0.3726027397260274,2026-10-30,1.34,1.33,1.35,1.5,28.0,0.14008428283691404,753.489990234375,0.03634999752044678,0.0075010266
SPY,call,890.0,0.3726027397260274,2026-10-30,0.735,0.73,0.74,0.81,50.0,0.14136600830078128,753.489990234375,0.03634999752044678,0.0075010266
SPY,put,470.0,0.3726027397260274,2026-10-30,1.295,1.29,1.3,1.27,17.0,0.39087523193359375,753.489990234375,0.03634999752044678,0.0075010266
SPY,put,475.0,0.3726027397260274,2026-10-30,1.35,1.34,1.36,1.69,80.0,0.3859924682617187,753.489990234375,0.03634999752044678,0.0075010266
SPY,put,490.0,0.3726027397260274,2026-10-30,1.52,1.51,1.53,1.97,90.0,0.37036762451171873,753.489990234375,0.03634999752044678,0.0075010266
SPY,put,495.0,0.3726027397260274,2026-10-30,1.59,1.58,1.6,1.95,28.0,0.3655458953857422,753.489990234375,0.03634999752044678,0.0075010266
SPY,put,500.0,0.3726027397260274,2026-10-30,1.66,1.65,1.67,1.67,56.0,0.3606020971679687,753.489990234375,0.03634999752044678,0.0075010266
SPY,put,505.0,0.3726027397260274,2026-10-30,1.73,1.72,1.74,2.23,49.0,0.35559726440429684,753.489990234375,0.03634999752044678,0.0075010266
SPY,put,525.0,0.3726027397260274,2026-10-30,2.0300000000000002,2.02,2.04,2.0,158.0,0.3354558642578125,753.489990234375,0.03634999752044678,0.0075010266
SPY,put,530.0,0.3726027397260274,2026-10-30,2.12,2.11,2.13,3.33,85.0,0.3306341351318359,753.489990234375,0.03634999752044678,0.0075010266
SPY,put,560.0,0.3726027397260274,2026-10-30,2.7649999999999997,2.75,2.78,3.57,99.0,0.30249720947265624,753.489990234375,0.03634999752044678,0.0075010266
SPY,put,570.0,0.3726027397260274,2026-10-30,3.035,3.02,3.05,3.14,11.0,0.29340306213378897,753.489990234375,0.03634999752044678,0.0075010266
SPY,put,580.0,0.3726027397260274,2026-10-30,3.335,3.32,3.35,3.34,304.0,0.28436994934082027,753.489990234375,0.03634999752044678,0.0075010266
SPY,put,590.0,0.3726027397260274,2026-10-30,3.705,3.69,3.72,3.7,100.0,0.27603873382568356,753.489990234375,0.03634999752044678,0.0075010266
SPY,put,600.0,0.3726027397260274,2026-10-30,4.095000000000001,4.08,4.11,4.0,30.0,0.26734131103515624,753.489990234375,0.03634999752044678,0.0075010266
SPY,put,605.0,0.3726027397260274,2026-10-30,4.3149999999999995,4.3,4.33,4.26,48.0,0.2631299273681641,753.489990234375,0.03634999752044678,0.0075010266
SPY,put,625.0,0.3726027397260274,2026-10-30,5.395,5.38,5.41,5.27,327.0,0.2471083590698242,753.489990234375,0.03634999752044678,0.0075010266
SPY,put,630.0,0.3726027397260274,2026-10-30,5.665,5.65,5.68,5.53,375.0,0.24257654403686518,753.489990234375,0.03634999752044678,0.0075010266
SPY,put,641.0,0.3726027397260274,2026-10-30,6.42,6.4,6.44,7.18,10.0,0.23383334533691402,753.489990234375,0.03634999752044678,0.0075010266
SPY,put,653.0,0.3726027397260274,2026-10-30,7.34,7.32,7.36,8.07,259.0,0.2238999729919433,753.489990234375,0.03634999752044678,0.0075010266
SPY,put,663.0,0.3726027397260274,2026-10-30,11.23,11.2,11.26,13.87,21.0,0.242195078125,753.489990234375,0.03634999752044678,0.0075010266
SPY,put,674.0,0.3726027397260274,2026-10-30,9.39,9.37,9.41,12.09,150.0,0.2069628865051269,753.489990234375,0.03634999752044678,0.0075010266
SPY,put,680.0,0.3726027397260274,2026-10-30,10.145,10.12,10.17,9.95,18.0,0.20259891647338862,753.489990234375,0.03634999752044678,0.0075010266
SPY,put,690.0,0.3726027397260274,2026-10-30,11.365,11.34,11.39,11.21,23.0,0.19385571777343752,753.489990234375,0.03634999752044678,0.0075010266
SPY,put,691.0,0.3726027397260274,2026-10-30,11.565,11.54,11.59,13.08,11.0,0.19348951049804688,753.489990234375,0.03634999752044678,0.0075010266
SPY,put,693.0,0.3726027397260274,2026-10-30,11.79,11.76,11.82,13.39,17.0,0.19144485321044924,753.489990234375,0.03634999752044678,0.0075010266
SPY,put,694.0,0.3726027397260274,2026-10-30,11.955,11.93,11.98,13.55,16.0,0.1907429559326172,753.489990234375,0.03634999752044678,0.0075010266
SPY,put,696.0,0.3726027397260274,2026-10-30,12.21,12.18,12.24,13.85,17.0,0.18883562637329104,753.489990234375,0.03634999752044678,0.0075010266
SPY,put,700.0,0.3726027397260274,2026-10-30,12.89,12.86,12.92,12.76,15.0,0.18598226135253904,753.489990234375,0.03634999752044678,0.0075010266
SPY,put,704.0,0.3726027397260274,2026-10-30,13.52,13.49,13.55,15.15,18.0,0.1825032922363281,753.489990234375,0.03634999752044678,0.0075010266
SPY,put,710.0,0.3726027397260274,2026-10-30,14.57,14.54,14.6,14.28,29.0,0.17749845947265624,753.489990234375,0.03634999752044678,0.0075010266
SPY,put,719.0,0.3726027397260274,2026-10-30,16.39,16.36,16.42,25.3,57.0,0.17033452964782717,753.489990234375,0.03634999752044678,0.0075010266
SPY,put,720.0,0.3726027397260274,2026-10-30,16.615000000000002,16.59,16.64,16.36,10.0,0.1695487098693848,753.489990234375,0.03634999752044678,0.0075010266
SPY,put,726.0,0.3726027397260274,2026-10-30,17.955,17.92,17.99,24.56,27.0,0.16458965301513673,753.489990234375,0.03634999752044678,0.0075010266
SPY,put,729.0,0.3726027397260274,2026-10-30,18.71,18.68,18.74,18.29,13.0,0.16226271095275877,753.489990234375,0.03634999752044678,0.0075010266
SPY,put,730.0,0.3726027397260274,2026-10-30,19.03,19.0,19.06,18.72,140.0,0.16185072776794432,753.489990234375,0.03634999752044678,0.0075010266
SPY,put,734.0,0.3726027397260274,2026-10-30,20.09,20.05,20.13,19.53,22.0,0.15873033660888675,753.489990234375,0.03634999752044678,0.0075010266
SPY,put,738.0,0.3726027397260274,2026-10-30,21.155,21.12,21.19,20.59,56.0,0.15516744499206545,753.489990234375,0.03634999752044678,0.0075010266
SPY,put,739.0,0.3726027397260274,2026-10-30,21.45,21.41,21.49,21.84,50.0,0.1544121424865723,753.489990234375,0.03634999752044678,0.0075010266
SPY,put,740.0,0.3726027397260274,2026-10-30,21.655,21.62,21.69,21.22,52.0,0.15306938247680668,753.489990234375,0.03634999752044678,0.0075010266
SPY,put,741.0,0.3726027397260274,2026-10-30,21.97,21.93,22.01,21.31,11.0,0.15237511451721195,753.489990234375,0.03634999752044678,0.0075010266
SPY,put,745.0,0.3726027397260274,2026-10-30,23.35,23.31,23.39,22.79,17.0,0.14986506881713868,753.489990234375,0.03634999752044678,0.0075010266
SPY,put,750.0,0.3726027397260274,2026-10-30,24.935000000000002,24.89,24.98,25.09,78.0,0.14535614173889158,753.489990234375,0.03634999752044678,0.0075010266
SPY,put,755.0,0.3726027397260274,2026-10-30,26.805,26.76,26.85,25.94,67.0,0.141610146484375,753.489990234375,0.03634999752044678,0.0075010266
SPY,put,775.0,0.3726027397260274,2026-10-30,35.989999999999995,35.87,36.11,34.88,33.0,0.12766375274658204,753.489990234375,0.03634999752044678,0.0075010266
SPY,put,820.0,0.3726027397260274,2026-10-30,69.035,67.28,70.79,78.0,154.0,0.12696185546875,753.489990234375,0.03634999752044678,0.0075010266
SPY,call,450.0,0.4301369863013699,2026-11-20,308.885,307.16,310.61,311.5,12.0,0.5136462210083007,753.489990234375,0.03634999752044678,0.0075010266
SPY,call,670.0,0.4301369863013699,2026-11-20,102.095,100.57,103.62,82.06,12.0,0.27604636314392084,753.489990234375,0.03634999752044678,0.0075010266
SPY,call,675.0,0.4301369863013699,2026-11-20,98.54499999999999,97.6,99.49,86.39,16.0,0.27210200561523434,753.489990234375,0.03634999752044678,0.0075010266
SPY,call,700.0,0.4301369863013699,2026-11-20,77.63499999999999,76.71,78.56,79.57,33.0,0.24700154861450196,753.489990234375,0.03634999752044678,0.0075010266
SPY,call,740.0,0.4301369863013699,2026-11-20,46.900000000000006,46.1,47.7,48.84,21.0,0.20723754196166988,753.489990234375,0.03634999752044678,0.0075010266
SPY,call,755.0,0.4301369863013699,2026-11-20,36.485,36.4,36.57,36.56,22.0,0.18857622955322267,753.489990234375,0.03634999752044678,0.0075010266
SPY,call,760.0,0.4301369863013699,2026-11-20,33.19,33.16,33.22,33.37,14.0,0.18322807746887204,753.489990234375,0.03634999752044678,0.0075010266
SPY,call,765.0,0.4301369863013699,2026-11-20,30.345,30.31,30.38,30.44,15.0,0.17990932403564452,753.489990234375,0.03634999752044678,0.0075010266
SPY,call,780.0,0.4301369863013699,2026-11-20,22.575000000000003,22.55,22.6,23.56,10.0,0.17016668464660648,753.489990234375,0.03634999752044678,0.0075010266
SPY,call,785.0,0.4301369863013699,2026-11-20,20.314999999999998,20.29,20.34,22.51,14.0,0.16738198348999023,753.489990234375,0.03634999752044678,0.0075010266
SPY,call,795.0,0.4301369863013699,2026-11-20,16.19,16.17,16.21,17.08,34.0,0.16187361572265624,753.489990234375,0.03634999752044678,0.0075010266
SPY,call,825.0,0.4301369863013699,2026-11-20,7.6,7.58,7.62,5.95,31.0,0.1505211901855469,753.489990234375,0.03634999752044678,0.0075010266
SPY,call,830.0,0.4301369863013699,2026-11-20,6.710000000000001,6.69,6.73,7.01,13.0,0.14981929290771484,753.489990234375,0.03634999752044678,0.0075010266
SPY,call,850.0,0.4301369863013699,2026-11-20,3.8,3.78,3.82,4.05,146.0,0.1456842024230957,753.489990234375,0.03634999752044678,0.0075010266
SPY,call,855.0,0.4301369863013699,2026-11-20,3.255,3.24,3.27,4.17,10.0,0.14458558059692384,753.489990234375,0.03634999752044678,0.0075010266
SPY,call,885.0,0.4301369863013699,2026-11-20,1.35,1.34,1.36,1.36,300.0,0.1427698028564453,753.489990234375,0.03634999752044678,0.0075010266
SPY,call,900.0,0.4301369863013699,2026-11-20,0.885,0.88,0.89,0.97,25.0,0.1431970446777344,753.489990234375,0.03634999752044678,0.0075010266
SPY,call,915.0,0.4301369863013699,2026-11-20,0.605,0.6,0.61,0.68,16.0,0.14496704650878905,753.489990234375,0.03634999752044678,0.0075010266
SPY,call,925.0,0.4301369863013699,2026-11-20,0.485,0.48,0.49,0.35,26.0,0.14685911743164062,753.489990234375,0.03634999752044678,0.0075010266
SPY,call,940.0,0.4301369863013699,2026-11-20,0.35,0.34,0.36,0.41,55.0,0.14991084472656252,753.489990234375,0.03634999752044678,0.0075010266
SPY,call,955.0,0.4301369863013699,2026-11-20,0.275,0.27,0.28,0.29,11.0,0.15393912475585939,753.489990234375,0.03634999752044678,0.0075010266
SPY,put,300.0,0.4301369863013699,2026-11-20,0.395,0.39,0.4,0.4,166.0,0.5686078295898438,753.489990234375,0.03634999752044678,0.0075010266
SPY,put,350.0,0.4301369863013699,2026-11-20,0.625,0.62,0.63,0.63,10.0,0.5073291455078125,753.489990234375,0.03634999752044678,0.0075010266
SPY,put,400.0,0.4301369863013699,2026-11-20,0.95,0.94,0.96,0.96,20.0,0.45166563964843753,753.489990234375,0.03634999752044678,0.0075010266
SPY,put,405.0,0.4301369863013699,2026-11-20,0.985,0.98,0.99,1.54,40.0,0.4456842541503906,753.489990234375,0.03634999752044678,0.0075010266
SPY,put,420.0,0.4301369863013699,2026-11-20,1.11,1.1,1.12,1.13,10.0,0.4299373413085938,753.489990234375,0.03634999752044678,0.0075010266
SPY,put,440.0,0.4301369863013699,2026-11-20,1.31,1.3,1.32,1.3,16.0,0.40955180297851557,753.489990234375,0.03634999752044678,0.0075010266
SPY,put,450.0,0.4301369863013699,2026-11-20,1.4049999999999998,1.4,1.41,1.4,17.0,0.39856558471679693,753.489990234375,0.03634999752044678,0.0075010266
SPY,put,460.0,0.4301369863013699,2026-11-20,1.525,1.52,1.53,1.52,13.0,0.38867798828125,753.489990234375,0.03634999752044678,0.0075010266
SPY,put,470.0,0.4301369863013699,2026-11-20,1.645,1.64,1.65,1.65,21.0,0.37854625366210937,753.489990234375,0.03634999752044678,0.0075010266
SPY,put,475.0,0.4301369863013699,2026-11-20,1.705,1.7,1.71,2.31,18.0,0.3734193518066406,753.489990234375,0.03634999752044678,0.0075010266
SPY,put,480.0,0.4301369863013699,2026-11-20,1.775,1.77,1.78,1.79,29.0,0.3685976226806641,753.489990234375,0.03634999752044678,0.0075010266
SPY,put,490.0,0.4301369863013699,2026-11-20,1.92,1.91,1.93,2.82,38.0,0.35907623352050777,753.489990234375,0.03634999752044678,0.0075010266
SPY,put,495.0,0.4301369863013699,2026-11-20,1.98,1.97,1.99,2.02,20.0,0.35370519348144525,753.489990234375,0.03634999752044678,0.0075010266
SPY,put,530.0,0.4301369863013699,2026-11-20,2.6399999999999997,2.63,2.65,4.1,15.0,0.32126533233642574,753.489990234375,0.03634999752044678,0.0075010266
SPY,put,550.0,0.4301369863013699,2026-11-20,3.1550000000000002,3.14,3.17,3.14,20.0,0.3040230731201171,753.489990234375,0.03634999752044678,0.0075010266
SPY,put,570.0,0.4301369863013699,2026-11-20,3.785,3.77,3.8,5.99,10.0,0.2870249520874023,753.489990234375,0.03634999752044678,0.0075010266
SPY,put,605.0,0.4301369863013699,2026-11-20,5.34,5.32,5.36,5.25,17.0,0.2590406127929688,753.489990234375,0.03634999752044678,0.0075010266
SPY,put,610.0,0.4301369863013699,2026-11-20,5.605,5.59,5.62,5.58,221.0,0.25489026367187506,753.489990234375,0.03634999752044678,0.0075010266
SPY,put,615.0,0.4301369863013699,2026-11-20,5.869999999999999,5.85,5.89,5.78,23.0,0.25070939727783204,753.489990234375,0.03634999752044678,0.0075010266
SPY,put,620.0,0.4301369863013699,2026-11-20,6.220000000000001,6.2,6.24,5.95,14.0,0.2472609454345703,753.489990234375,0.03634999752044678,0.0075010266
SPY,put,630.0,0.4301369863013699,2026-11-20,6.91,6.89,6.93,7.01,14.0,0.23963162719726558,753.489990234375,0.03634999752044678,0.0075010266
SPY,put,640.0,0.4301369863013699,2026-11-20,7.68,7.66,7.7,7.52,46.0,0.23194127441406248,753.489990234375,0.03634999752044678,0.0075010266
SPY,put,650.0,0.4301369863013699,2026-11-20,8.51,8.49,8.53,8.46,30.0,0.22396100753784176,753.489990234375,0.03634999752044678,0.0075010266
SPY,put,660.0,0.4301369863013699,2026-11-20,9.495000000000001,9.47,9.52,9.43,122.0,0.21645375839233394,753.489990234375,0.03634999752044678,0.0075010266
SPY,put,670.0,0.4301369863013699,2026-11-20,10.605,10.58,10.63,10.37,23.0,0.20887021606445308,753.489990234375,0.03634999752044678,0.0075010266
SPY,put,675.0,0.4301369863013699,2026-11-20,11.185,11.16,11.21,11.0,98.0,0.20485719467163083,753.489990234375,0.03634999752044678,0.0075010266
SPY,put,690.0,0.4301369863013699,2026-11-20,13.245000000000001,13.22,13.27,12.92,21.0,0.19338270004272462,753.489990234375,0.03634999752044678,0.0075010266
SPY,put,700.0,0.4301369863013699,2026-11-20,14.905000000000001,14.89,14.92,14.7,54.0,0.1859517440795898,753.489990234375,0.03634999752044678,0.0075010266
SPY,put,705.0,0.4301369863013699,2026-11-20,15.7,15.67,15.73,15.43,21.0,0.18161829132080076,753.489990234375,0.03634999752044678,0.0075010266
SPY,put,710.0,0.4301369863013699,2026-11-20,16.66,16.63,16.69,16.43,18.0,0.17781889083862307,753.489990234375,0.03634999752044678,0.0075010266
SPY,put,725.0,0.4301369863013699,2026-11-20,19.880000000000003,19.85,19.91,19.65,65.0,0.16593241302490236,753.489990234375,0.03634999752044678,0.0075010266
SPY,put,735.0,0.4301369863013699,2026-11-20,22.61,22.57,22.65,21.99,48.0,0.15893632820129397,753.489990234375,0.03634999752044678,0.0075010266
SPY,put,740.0,0.4301369863013699,2026-11-20,23.97,23.93,24.01,23.33,55.0,0.15460287544250492,753.489990234375,0.03634999752044678,0.0075010266
SPY,put,750.0,0.4301369863013699,2026-11-20,27.32,27.28,27.36,27.33,20.0,0.1474542042541504,753.489990234375,0.03634999752044678,0.0075010266
SPY,put,755.0,0.4301369863013699,2026-11-20,29.034999999999997,28.99,29.08,29.17,13.0,0.1431588980865479,753.489990234375,0.03634999752044678,0.0075010266
SPY,put,760.0,0.4301369863013699,2026-11-20,31.125,31.08,31.17,30.97,13.0,0.1400461362457275,753.489990234375,0.03634999752044678,0.0075010266
SPY,put,765.0,0.4301369863013699,2026-11-20,33.36,33.3,33.42,32.31,32.0,0.137002038269043,753.489990234375,0.03634999752044678,0.0075010266
SPY,put,790.0,0.4301369863013699,2026-11-20,46.004999999999995,45.04,46.97,45.56,16.0,0.12116357360839844,753.489990234375,0.03634999752044678,0.0075010266
SPY,call,580.0,0.4575342465753425,2026-11-30,185.1,183.44,186.76,178.62,12.0,0.37557081954956056,753.489990234375,0.03634999752044678,0.0075010266
SPY,call,691.0,0.4575342465753425,2026-11-30,86.255,85.26,87.25,78.19,11.0,0.255691342086792,753.489990234375,0.03634999752044678,0.0075010266
SPY,call,715.0,0.4575342465753425,2026-11-30,66.88,65.91,67.85,56.42,19.0,0.23204808486938477,753.489990234375,0.03634999752044678,0.0075010266
SPY,call,725.0,0.4575342465753425,2026-11-30,59.295,58.36,60.23,51.17,30.0,0.22280135116577143,753.489990234375,0.03634999752044678,0.0075010266
SPY,call,733.0,0.4575342465753425,2026-11-30,53.28,52.35,54.21,39.92,37.0,0.2148592308807373,753.489990234375,0.03634999752044678,0.0075010266
SPY,call,738.0,0.4575342465753425,2026-11-30,48.89,48.69,49.09,37.52,64.0,0.20263706306457516,753.489990234375,0.03634999752044678,0.0075010266
SPY,call,739.0,0.4575342465753425,2026-11-30,49.03,48.11,49.95,36.53,35.0,0.20960263061523435,753.489990234375,0.03634999752044678,0.0075010266
SPY,call,740.0,0.4575342465753425,2026-11-30,48.349999999999994,47.44,49.26,50.08,59.0,0.20877866424560543,753.489990234375,0.03634999752044678,0.0075010266
SPY,call,741.0,0.4575342465753425,2026-11-30,47.72,46.76,48.68,35.8,118.0,0.20848112083435053,753.489990234375,0.03634999752044678,0.0075010266
SPY,call,746.0,0.4575342465753425,2026-11-30,43.445,43.28,43.61,30.16,458.0,0.19599192687988282,753.489990234375,0.03634999752044678,0.0075010266
SPY,call,747.0,0.4575342465753425,2026-11-30,43.56,42.61,44.51,33.28,20.0,0.20291934783935545,753.489990234375,0.03634999752044678,0.0075010266
SPY,call,752.0,0.4575342465753425,2026-11-30,38.870000000000005,38.04,39.7,41.84,26.0,0.19126174957275394,753.489990234375,0.03634999752044678,0.0075010266
SPY,call,754.0,0.4575342465753425,2026-11-30,38.33,38.15,38.51,40.08,11.0,0.1900944638824463,753.489990234375,0.03634999752044678,0.0075010266
SPY,call,756.0,0.4575342465753425,2026-11-30,37.18,37.04,37.32,38.92,12.0,0.18885088500976563,753.489990234375,0.03634999752044678,0.0075010266
SPY,call,758.0,0.4575342465753425,2026-11-30,35.79,35.67,35.91,28.19,10.0,0.18644764976501463,753.489990234375,0.03634999752044678,0.0075010266
SPY,call,759.0,0.4575342465753425,2026-11-30,35.235,35.07,35.4,35.72,10.0,0.18617299430847167,753.489990234375,0.03634999752044678,0.0075010266
SPY,call,760.0,0.4575342465753425,2026-11-30,34.644999999999996,34.61,34.68,36.68,19.0,0.18485312225341793,753.489990234375,0.03634999752044678,0.0075010266
SPY,call,762.0,0.4575342465753425,2026-11-30,33.535,33.5,33.57,21.85,46.0,0.18375450042724606,753.489990234375,0.03634999752044678,0.0075010266
SPY,call,770.0,0.4575342465753425,2026-11-30,28.865,28.83,28.9,30.98,17.0,0.17740690765380857,753.489990234375,0.03634999752044678,0.0075010266
SPY,call,781.0,0.4575342465753425,2026-11-30,23.39,23.36,23.42,18.83,122.0,0.17098302169799806,753.489990234375,0.03634999752044678,0.0075010266
SPY,call,782.0,0.4575342465753425,2026-11-30,22.854999999999997,22.83,22.88,16.35,24.0,0.17003698623657232,753.489990234375,0.03634999752044678,0.0075010266
SPY,call,783.0,0.4575342465753425,2026-11-30,22.4,22.37,22.43,24.18,16.0,0.1695334512329102,753.489990234375,0.03634999752044678,0.0075010266
SPY,call,815.0,0.4575342465753425,2026-11-30,10.805,10.78,10.83,11.6,12.0,0.15471731521606447,753.489990234375,0.03634999752044678,0.0075010266
SPY,call,830.0,0.4575342465753425,2026-11-30,7.324999999999999,7.3,7.35,5.55,96.0,0.14991084472656252,753.489990234375,0.03634999752044678,0.0075010266
SPY,call,835.0,0.4575342465753425,2026-11-30,6.4399999999999995,6.42,6.46,6.81,326.0,0.14887325744628904,753.489990234375,0.03634999752044678,0.0075010266
SPY,call,870.0,0.4575342465753425,2026-11-30,2.4,2.38,2.42,1.65,20.0,0.14328859649658204,753.489990234375,0.03634999752044678,0.0075010266
SPY,call,895.0,0.4575342465753425,2026-11-30,1.18,1.17,1.19,0.67,41.0,0.14246463012695312,753.489990234375,0.03634999752044678,0.0075010266
SPY,call,905.0,0.4575342465753425,2026-11-30,0.915,0.9,0.93,0.6,10.0,0.14347170013427735,753.489990234375,0.03634999752044678,0.0075010266
SPY,call,915.0,0.4575342465753425,2026-11-30,0.7,0.69,0.71,0.43,40.0,0.1439294592285156,753.489990234375,0.03634999752044678,0.0075010266
SPY,put,545.0,0.4575342465753425,2026-11-30,3.205,3.19,3.22,3.28,10.0,0.30286341674804684,753.489990234375,0.03634999752044678,0.0075010266
SPY,put,565.0,0.4575342465753425,2026-11-30,3.855,3.84,3.87,4.29,134.0,0.28659771026611325,753.489990234375,0.03634999752044678,0.0075010266
SPY,put,570.0,0.4575342465753425,2026-11-30,4.035,4.02,4.05,5.79,36.0,0.2825083956909179,753.489990234375,0.03634999752044678,0.0075010266
SPY,put,585.0,0.4575342465753425,2026-11-30,4.654999999999999,4.64,4.67,4.66,183.0,0.2706371765136719,753.489990234375,0.03634999752044678,0.0075010266
SPY,put,590.0,0.4575342465753425,2026-11-30,4.859999999999999,4.84,4.88,4.78,238.0,0.2664410514831543,753.489990234375,0.03634999752044678,0.0075010266
SPY,put,605.0,0.4575342465753425,2026-11-30,5.630000000000001,5.61,5.65,5.58,30.0,0.2548292291259766,753.489990234375,0.03634999752044678,0.0075010266
SPY,put,610.0,0.4575342465753425,2026-11-30,5.960000000000001,5.94,5.98,9.71,33.0,0.2514875877380371,753.489990234375,0.03634999752044678,0.0075010266
SPY,put,630.0,0.4575342465753425,2026-11-30,7.295,7.27,7.32,7.16,10.0,0.23633576171874998,753.489990234375,0.03634999752044678,0.0075010266
SPY,put,650.0,0.4575342465753425,2026-11-30,8.995000000000001,8.97,9.02,8.79,24.0,0.22144333251953124,753.489990234375,0.03634999752044678,0.0075010266
SPY,put,665.0,0.4575342465753425,2026-11-30,10.594999999999999,10.57,10.62,13.03,25.0,0.21057918334960937,753.489990234375,0.03634999752044678,0.0075010266
SPY,put,675.0,0.4575342465753425,2026-11-30,11.795,11.77,11.82,14.38,75.0,0.2030566755676269,753.489990234375,0.03634999752044678,0.0075010266
SPY,put,680.0,0.4575342465753425,2026-11-30,12.41,12.38,12.44,12.22,12.0,0.19904365417480469,753.489990234375,0.03634999752044678,0.0075010266
SPY,put,688.0,0.4575342465753425,2026-11-30,13.545,13.51,13.58,14.22,62.0,0.19303175140380857,753.489990234375,0.03634999752044678,0.0075010266
SPY,put,692.0,0.4575342465753425,2026-11-30,14.16,14.13,14.19,19.19,141.0,0.18999528274536137,753.489990234375,0.03634999752044678,0.0075010266
SPY,put,699.0,0.4575342465753425,2026-11-30,15.32,15.29,15.35,23.97,40.0,0.18476157043457028,753.489990234375,0.03634999752044678,0.0075010266
SPY,put,702.0,0.4575342465753425,2026-11-30,15.805,15.77,15.84,19.38,25.0,0.18227441268920896,753.489990234375,0.03634999752044678,0.0075010266
SPY,put,704.0,0.4575342465753425,2026-11-30,16.195,16.16,16.23,17.06,110.0,0.18093165267944333,753.489990234375,0.03634999752044678,0.0075010266
SPY,put,705.0,0.4575342465753425,2026-11-30,16.380000000000003,16.35,16.41,16.15,168.0,0.18014583290100097,753.489990234375,0.03634999752044678,0.0075010266
SPY,put,709.0,0.4575342465753425,2026-11-30,17.175,17.14,17.21,17.22,118.0,0.17733061447143555,753.489990234375,0.03634999752044678,0.0075010266
SPY,put,710.0,0.4575342465753425,2026-11-30,17.315,17.28,17.35,17.06,18.0,0.1762472512817383,753.489990234375,0.03634999752044678,0.0075010266
SPY,put,711.0,0.4575342465753425,2026-11-30,17.515,17.48,17.55,22.07,129.0,0.1754843194580078,753.489990234375,0.03634999752044678,0.0075010266
SPY,put,717.0,0.4575342465753425,2026-11-30,18.84,18.8,18.88,18.65,10.0,0.17133397033691405,753.489990234375,0.03634999752044678,0.0075010266
SPY,put,723.0,0.4575342465753425,2026-11-30,20.119999999999997,20.08,20.16,23.82,180.0,0.16632913757324225,753.489990234375,0.03634999752044678,0.0075010266
SPY,put,730.0,0.4575342465753425,2026-11-30,21.89,21.85,21.93,21.14,54.0,0.1611640891265869,753.489990234375,0.03634999752044678,0.0075010266
SPY,put,743.0,0.4575342465753425,2026-11-30,25.564999999999998,25.52,25.61,39.69,22.0,0.15107050109863285,753.489990234375,0.03634999752044678,0.0075010266
SPY,put,745.0,0.4575342465753425,2026-11-30,26.295,26.25,26.34,37.5,40.0,0.1500176551818848,753.489990234375,0.03634999752044678,0.0075010266
SPY,put,755.0,0.4575342465753425,2026-11-30,29.75,29.7,29.8,29.42,34.0,0.14237307830810547,753.489990234375,0.03634999752044678,0.0075010266
SPY,put,757.0,0.4575342465753425,2026-11-30,30.515,30.46,30.57,36.44,250.0,0.1409235078430176,753.489990234375,0.03634999752044678,0.0075010266
SPY,put,760.0,0.4575342465753425,2026-11-30,31.705,31.65,31.76,31.23,621.0,0.13871100555419924,753.489990234375,0.03634999752044678,0.0075010266
SPY,put,761.0,0.4575342465753425,2026-11-30,32.14,32.08,32.2,37.27,810.0,0.13813880668640136,753.489990234375,0.03634999752044678,0.0075010266
SPY,put,771.0,0.4575342465753425,2026-11-30,36.620000000000005,36.56,36.68,35.73,30.0,0.13113509254455566,753.489990234375,0.03634999752044678,0.0075010266
SPY,put,790.0,0.4575342465753425,2026-11-30,46.455,45.52,47.39,55.3,256.0,0.11989710678100585,753.489990234375,0.03634999752044678,0.0075010266
SPY,put,800.0,0.4575342465753425,2026-11-30,53.075,52.09,54.06,52.4,12.0,0.11415985946655274,753.489990234375,0.03634999752044678,0.0075010266
SPY,put,810.0,0.4575342465753425,2026-11-30,60.765,59.76,61.77,79.5,10.0,0.1110165803527832,753.489990234375,0.03634999752044678,0.0075010266
SPY,call,220.0,0.5068493150684932,2026-12-18,520.975,519.23,522.72,515.9,71.0,1.0000000000000003e-05,753.489990234375,0.03634999752044678,0.0075010266
SPY,call,240.0,0.5068493150684932,2026-12-18,514.8,513.04,516.56,501.9,12.0,0.7513452600097656,753.489990234375,0.03634999752044678,0.0075010266
SPY,call,415.0,0.5068493150684932,2026-12-18,344.655,342.99,346.32,325.09,12.0,0.5516402258300781,753.489990234375,0.03634999752044678,0.0075010266
SPY,call,450.0,0.5068493150684932,2026-12-18,310.71000000000004,308.95,312.47,313.12,10.0,0.5064746618652343,753.489990234375,0.03634999752044678,0.0075010266
SPY,call,500.0,0.5068493150684932,2026-12-18,262.63,260.77,264.49,251.55,31.0,0.47070841796875,753.489990234375,0.03634999752044678,0.0075010266
SPY,call,555.0,0.5068493150684932,2026-12-18,210.39,208.66,212.12,210.53,10.0,0.40274645111083984,753.489990234375,0.03634999752044678,0.0075010266
SPY,call,585.0,0.5068493150684932,2026-12-18,181.975,180.26,183.69,183.82,24.0,0.36543908493041993,753.489990234375,0.03634999752044678,0.0075010266
SPY,call,600.0,0.5068493150684932,2026-12-18,168.20499999999998,166.45,169.96,170.18,18.0,0.35016518981933586,753.489990234375,0.03634999752044678,0.0075010266
SPY,call,645.0,0.5068493150684932,2026-12-18,128.45499999999998,127.5,129.41,116.89,15.0,0.30368738311767574,753.489990234375,0.03634999752044678,0.0075010266
SPY,call,675.0,0.5068493150684932,2026-12-18,101.72,100.06,103.38,82.11,31.0,0.2736354985809326,753.489990234375,0.03634999752044678,0.0075010266
SPY,call,680.0,0.5068493150684932,2026-12-18,97.495,95.79,99.2,99.85,27.0,0.2689968730926513,753.489990234375,0.03634999752044678,0.0075010266
SPY,call,690.0,0.5068493150684932,2026-12-18,89.075,87.37,90.78,90.8,29.0,0.258819362564087,753.489990234375,0.03634999752044678,0.0075010266
SPY,call,695.0,0.5068493150684932,2026-12-18,85.18,83.7,86.66,86.42,33.0,0.25394422821044926,753.489990234375,0.03634999752044678,0.0075010266
SPY,call,705.0,0.5068493150684932,2026-12-18,77.645,76.74,78.55,79.26,30.0,0.24423210609436038,753.489990234375,0.03634999752044678,0.0075010266
SPY,call,715.0,0.5068493150684932,2026-12-18,69.96000000000001,69.02,70.9,70.46,10.0,0.23593903717041015,753.489990234375,0.03634999752044678,0.0075010266
SPY,call,725.0,0.5068493150684932,2026-12-18,61.599999999999994,61.44,61.76,62.69,15.0,0.2192537181854248,753.489990234375,0.03634999752044678,0.0075010266
SPY,call,730.0,0.5068493150684932,2026-12-18,58.68,57.73,59.63,59.01,1085.0,0.22245803184509275,753.489990234375,0.03634999752044678,0.0075010266
SPY,call,735.0,0.5068493150684932,2026-12-18,54.47,54.32,54.62,55.0,13.0,0.2113650031280517,753.489990234375,0.03634999752044678,0.0075010266
SPY,call,750.0,0.5068493150684932,2026-12-18,44.28,44.11,44.45,44.0,46.0,0.19947852531433105,753.489990234375,0.03634999752044678,0.0075010266
SPY,call,770.0,0.5068493150684932,2026-12-18,32.05500000000001,32.02,32.09,33.29,29.0,0.18355613815307614,753.489990234375,0.03634999752044678,0.0075010266
SPY,call,780.0,0.5068493150684932,2026-12-18,26.825,26.79,26.86,27.59,22.0,0.17721617469787596,753.489990234375,0.03634999752044678,0.0075010266
SPY,call,785.0,0.5068493150684932,2026-12-18,24.36,24.33,24.39,24.81,2611.0,0.1739584558105469,753.489990234375,0.03634999752044678,0.0075010266
SPY,call,800.0,0.5068493150684932,2026-12-18,18.035,18.01,18.06,18.0,59.0,0.16612314598083502,753.489990234375,0.03634999752044678,0.0075010266
SPY,call,805.0,0.5068493150684932,2026-12-18,16.375,16.35,16.4,16.88,4050.0,0.16468120483398438,753.489990234375,0.03634999752044678,0.0075010266
SPY,call,810.0,0.5068493150684932,2026-12-18,14.605,14.58,14.63,15.23,87.0,0.16208723663330077,753.489990234375,0.03634999752044678,0.0075010266
SPY,call,820.0,0.5068493150684932,2026-12-18,11.68,11.67,11.69,12.07,49.0,0.1583793879699707,753.489990234375,0.03634999752044678,0.0075010266
SPY,call,825.0,0.5068493150684932,2026-12-18,10.39,10.37,10.41,11.02,256.0,0.15674671386718753,753.489990234375,0.03634999752044678,0.0075010266
SPY,call,830.0,0.5068493150684932,2026-12-18,9.27,9.25,9.29,9.36,77.0,0.15551076431274413,753.489990234375,0.03634999752044678,0.0075010266
SPY,call,835.0,0.5068493150684932,2026-12-18,8.2,8.18,8.22,8.58,11.0,0.15401541793823242,753.489990234375,0.03634999752044678,0.0075010266
SPY,call,840.0,0.5068493150684932,2026-12-18,7.289999999999999,7.27,7.31,7.15,93.0,0.15303886520385745,753.489990234375,0.03634999752044678,0.0075010266
SPY,call,850.0,0.5068493150684932,2026-12-18,5.640000000000001,5.62,5.66,6.05,10.0,0.15059748336791995,753.489990234375,0.03634999752044678,0.0075010266
SPY,call,855.0,0.5068493150684932,2026-12-18,4.9399999999999995,4.93,4.95,5.55,573.0,0.14939205108642578,753.489990234375,0.03634999752044678,0.0075010266
SPY,call,860.0,0.5068493150684932,2026-12-18,4.345000000000001,4.33,4.36,4.42,37.0,0.14869015380859374,753.489990234375,0.03634999752044678,0.0075010266
SPY,call,865.0,0.5068493150684932,2026-12-18,3.815,3.8,3.83,4.32,28.0,0.14798825653076175,753.489990234375,0.03634999752044678,0.0075010266
SPY,call,870.0,0.5068493150684932,2026-12-18,3.3499999999999996,3.34,3.36,3.73,11.0,0.14737791107177733,753.489990234375,0.03634999752044678,0.0075010266
SPY,call,900.0,0.5068493150684932,2026-12-18,1.5150000000000001,1.5,1.53,1.65,41.0,0.14560790924072264,753.489990234375,0.03634999752044678,0.0075010266
SPY,call,915.0,0.5068493150684932,2026-12-18,1.0350000000000001,1.03,1.04,1.18,30.0,0.1457299783325195,753.489990234375,0.03634999752044678,0.0075010266
SPY,call,935.0,0.5068493150684932,2026-12-18,0.645,0.63,0.66,0.7,22.0,0.14765256652832032,753.489990234375,0.03634999752044678,0.0075010266
SPY,call,945.0,0.5068493150684932,2026-12-18,0.525,0.52,0.53,0.37,45.0,0.14881222290039062,753.489990234375,0.03634999752044678,0.0075010266
SPY,call,950.0,0.5068493150684932,2026-12-18,0.475,0.47,0.48,0.47,348.0,0.14954463745117189,753.489990234375,0.03634999752044678,0.0075010266
SPY,call,955.0,0.5068493150684932,2026-12-18,0.43,0.42,0.44,0.31,11.0,0.1506432592773438,753.489990234375,0.03634999752044678,0.0075010266
SPY,call,960.0,0.5068493150684932,2026-12-18,0.395,0.39,0.4,0.4,211.0,0.15143670837402345,753.489990234375,0.03634999752044678,0.0075010266
SPY,call,970.0,0.5068493150684932,2026-12-18,0.335,0.33,0.34,0.23,20.0,0.15357291748046875,753.489990234375,0.03634999752044678,0.0075010266
SPY,call,985.0,0.5068493150684932,2026-12-18,0.26,0.25,0.27,0.21,10.0,0.15699085205078128,753.489990234375,0.03634999752044678,0.0075010266
SPY,call,990.0,0.5068493150684932,2026-12-18,0.24,0.23,0.25,0.2,15.0,0.15808947387695313,753.489990234375,0.03634999752044678,0.0075010266
SPY,put,200.0,0.5068493150684932,2026-12-18,0.175,0.17,0.18,0.18,17.0,0.6796907031250001,753.489990234375,0.03634999752044678,0.0075010266
SPY,put,260.0,0.5068493150684932,2026-12-18,0.36,0.35,0.37,0.46,150.0,0.5942423388671876,753.489990234375,0.03634999752044678,0.0075010266
SPY,put,270.0,0.5068493150684932,2026-12-18,0.4,0.39,0.41,0.41,30.0,0.5813030151367188,753.489990234375,0.03634999752044678,0.0075010266
SPY,put,280.0,0.5068493150684932,2026-12-18,0.445,0.44,0.45,0.43,50.0,0.5688519677734375,753.489990234375,0.03634999752044678,0.0075010266
SPY,put,295.0,0.5068493150684932,2026-12-18,0.515,0.51,0.52,0.5,30.0,0.5502974658203126,753.489990234375,0.03634999752044678,0.0075010266
SPY,put,320.0,0.5068493150684932,2026-12-18,0.645,0.64,0.65,0.92,22.0,0.5200243310546875,753.489990234375,0.03634999752044678,0.0075010266
SPY,put,345.0,0.5068493150684932,2026-12-18,0.795,0.79,0.8,1.15,40.0,0.4914601635742188,753.489990234375,0.03634999752044678,0.0075010266
SPY,put,350.0,0.5068493150684932,2026-12-18,0.835,0.83,0.84,0.82,25.0,0.48633326171875,753.489990234375,0.03634999752044678,0.0075010266
SPY,put,370.0,0.5068493150684932,2026-12-18,0.985,0.98,0.99,0.96,10.0,0.4646049633789063,753.489990234375,0.03634999752044678,0.0075010266
SPY,put,380.0,0.5068493150684932,2026-12-18,1.07,1.06,1.08,1.52,110.0,0.4544732287597656,753.489990234375,0.03634999752044678,0.0075010266
SPY,put,390.0,0.5068493150684932,2026-12-18,1.16,1.15,1.17,1.16,10.0,0.4440973559570312,753.489990234375,0.03634999752044678,0.0075010266
SPY,put,395.0,0.5068493150684932,2026-12-18,1.205,1.2,1.21,1.2,141.0,0.43848217773437503,753.489990234375,0.03634999752044678,0.0075010266
SPY,put,400.0,0.5068493150684932,2026-12-18,1.255,1.25,1.26,1.25,51.0,0.4334773449707031,753.489990234375,0.03634999752044678,0.0075010266
SPY,put,405.0,0.5068493150684932,2026-12-18,1.3,1.29,1.31,1.29,12.0,0.4283504431152344,753.489990234375,0.03634999752044678,0.0075010266
SPY,put,410.0,0.5068493150684932,2026-12-18,1.355,1.35,1.36,1.35,25.0,0.4232235412597656,753.489990234375,0.03634999752044678,0.0075010266
SPY,put,425.0,0.5068493150684932,2026-12-18,1.52,1.51,1.53,1.51,79.0,0.40845318115234375,753.489990234375,0.03634999752044678,0.0075010266
SPY,put,430.0,0.5068493150684932,2026-12-18,1.57,1.56,1.58,1.58,15.0,0.40320421020507813,753.489990234375,0.03634999752044678,0.0075010266
SPY,put,435.0,0.5068493150684932,2026-12-18,1.6349999999999998,1.63,1.64,1.64,81.0,0.39826041198730466,753.489990234375,0.03634999752044678,0.0075010266
SPY,put,440.0,0.5068493150684932,2026-12-18,1.6949999999999998,1.69,1.7,1.7,28.0,0.39331661376953125,753.489990234375,0.03634999752044678,0.0075010266
SPY,put,465.0,0.5068493150684932,2026-12-18,2.05,2.04,2.06,1.99,29.0,0.36975727905273437,753.489990234375,0.03634999752044678,0.0075010266
SPY,put,475.0,0.5068493150684932,2026-12-18,2.205,2.2,2.21,2.21,12.0,0.3601138208007812,753.489990234375,0.03634999752044678,0.0075010266
SPY,put,490.0,0.5068493150684932,2026-12-18,2.46,2.45,2.47,2.45,11.0,0.3462589788818359,753.489990234375,0.03634999752044678,0.0075010266
SPY,put,500.0,0.5068493150684932,2026-12-18,2.67,2.66,2.68,2.65,10.0,0.33765310791015624,753.489990234375,0.03634999752044678,0.0075010266
SPY,put,510.0,0.5068493150684932,2026-12-18,2.88,2.87,2.89,2.85,10.0,0.3286810296630859,753.489990234375,0.03634999752044678,0.0075010266
SPY,put,525.0,0.5068493150684932,2026-12-18,3.26,3.25,3.27,3.26,51.0,0.31604687866210934,753.489990234375,0.03634999752044678,0.0075010266
SPY,put,530.0,0.5068493150684932,2026-12-18,3.395,3.38,3.41,3.38,11.0,0.31192704681396477,753.489990234375,0.03634999752044678,0.0075010266
SPY,put,535.0,0.5068493150684932,2026-12-18,3.545,3.53,3.56,3.52,48.0,0.3078682495117187,753.489990234375,0.03634999752044678,0.0075010266
SPY,put,540.0,0.5068493150684932,2026-12-18,3.6900000000000004,3.68,3.7,3.65,10.0,0.3035347967529296,753.489990234375,0.03634999752044678,0.0075010266
SPY,put,560.0,0.5068493150684932,2026-12-18,4.390000000000001,4.38,4.4,4.35,13.0,0.28757426300048816,753.489990234375,0.03634999752044678,0.0075010266
SPY,put,570.0,0.5068493150684932,2026-12-18,4.805,4.79,4.82,4.79,13.0,0.27994494476318355,753.489990234375,0.03634999752044678,0.0075010266
SPY,put,575.0,0.5068493150684932,2026-12-18,5.01,5.0,5.02,4.97,33.0,0.27579459564208975,753.489990234375,0.03634999752044678,0.0075010266
SPY,put,580.0,0.5068493150684932,2026-12-18,5.245,5.23,5.26,5.18,63.0,0.2720562297058105,753.489990234375,0.03634999752044678,0.0075010266
SPY,put,585.0,0.5068493150684932,2026-12-18,5.529999999999999,5.52,5.54,5.46,25.0,0.26868407104492187,753.489990234375,0.03634999752044678,0.0075010266
SPY,put,590.0,0.5068493150684932,2026-12-18,5.765000000000001,5.75,5.78,5.76,11.0,0.264655791015625,753.489990234375,0.03634999752044678,0.0075010266
SPY,put,595.0,0.5068493150684932,2026-12-18,6.055,6.04,6.07,5.99,20.0,0.26108527008056637,753.489990234375,0.03634999752044678,0.0075010266
SPY,put,600.0,0.5068493150684932,2026-12-18,6.359999999999999,6.35,6.37,6.28,18.0,0.2574537145996094,753.489990234375,0.03634999752044678,0.0075010266
SPY,put,605.0,0.5068493150684932,2026-12-18,6.66,6.65,6.67,6.55,15.0,0.2536695727539063,753.489990234375,0.03634999752044678,0.0075010266
SPY,put,620.0,0.5068493150684932,2026-12-18,7.75,7.74,7.76,7.66,16.0,0.24326318267822267,753.489990234375,0.03634999752044678,0.0075010266
SPY,put,625.0,0.5068493150684932,2026-12-18,8.14,8.13,8.15,7.81,23.0,0.2396774031066894,753.489990234375,0.03634999752044678,0.0075010266
SPY,put,630.0,0.5068493150684932,2026-12-18,8.504999999999999,8.49,8.52,8.38,35.0,0.2357254162597656,753.489990234375,0.03634999752044678,0.0075010266
SPY,put,635.0,0.5068493150684932,2026-12-18,8.955,8.94,8.97,8.8,16.0,0.23230748168945312,753.489990234375,0.03634999752044678,0.0075010266
SPY,put,645.0,0.5068493150684932,2026-12-18,9.879999999999999,9.86,9.9,9.81,45.0,0.22509014663696286,753.489990234375,0.03634999752044678,0.0075010266
SPY,put,655.0,0.5068493150684932,2026-12-18,10.93,10.91,10.95,10.78,38.0,0.2179948806762695,753.489990234375,0.03634999752044678,0.0075010266
SPY,put,665.0,0.5068493150684932,2026-12-18,12.065000000000001,12.05,12.08,12.11,21.0,0.21057918334960937,753.489990234375,0.03634999752044678,0.0075010266
SPY,put,675.0,0.5068493150684932,2026-12-18,13.379999999999999,13.36,13.4,13.19,814.0,0.20354495193481442,753.489990234375,0.03634999752044678,0.0075010266
SPY,put,680.0,0.5068493150684932,2026-12-18,14.09,14.07,14.11,13.71,30.0,0.19996680168151856,753.489990234375,0.03634999752044678,0.0075010266
SPY,put,690.0,0.5068493150684932,2026-12-18,15.594999999999999,15.57,15.62,15.47,933.0,0.19255873367309573,753.489990234375,0.03634999752044678,0.0075010266
SPY,put,695.0,0.5068493150684932,2026-12-18,16.435000000000002,16.42,16.45,16.08,96.0,0.18888903160095213,753.489990234375,0.03634999752044678,0.0075010266
SPY,put,700.0,0.5068493150684932,2026-12-18,17.314999999999998,17.3,17.33,17.43,48.0,0.18520407089233393,753.489990234375,0.03634999752044678,0.0075010266
SPY,put,705.0,0.5068493150684932,2026-12-18,18.200000000000003,18.17,18.23,17.97,14.0,0.18132074790954586,753.489990234375,0.03634999752044678,0.0075010266
SPY,put,710.0,0.5068493150684932,2026-12-18,19.32,19.29,19.35,19.31,60.0,0.17830716720581058,753.489990234375,0.03634999752044678,0.0075010266
SPY,put,715.0,0.5068493150684932,2026-12-18,20.244999999999997,20.22,20.27,19.7,10.0,0.17388216262817385,753.489990234375,0.03634999752044678,0.0075010266
SPY,put,745.0,0.5068493150684932,2026-12-18,28.29,28.25,28.33,27.64,88.0,0.15197838996887209,753.489990234375,0.03634999752044678,0.0075010266
SPY,put,750.0,0.5068493150684932,2026-12-18,30.0,29.96,30.04,29.43,92.0,0.1484612742614746,753.489990234375,0.03634999752044678,0.0075010266
SPY,put,755.0,0.5068493150684932,2026-12-18,31.854999999999997,31.81,31.9,30.81,91.0,0.14510437423706057,753.489990234375,0.03634999752044678,0.0075010266
SPY,put,765.0,0.5068493150684932,2026-12-18,35.91,35.87,35.95,35.28,339.0,0.13815406532287597,753.489990234375,0.03634999752044678,0.0075010266
SPY,put,770.0,0.5068493150684932,2026-12-18,38.185,38.14,38.23,37.5,18.0,0.1349116050720215,753.489990234375,0.03634999752044678,0.0075010266
SPY,put,775.0,0.5068493150684932,2026-12-18,40.525,40.47,40.58,39.86,16.0,0.13130293754577635,753.489990234375,0.03634999752044678,0.0075010266
SPY,put,785.0,0.5068493150684932,2026-12-18,46.015,45.9,46.13,44.92,20.0,0.1259547854614258,753.489990234375,0.03634999752044678,0.0075010266
SPY,put,790.0,0.5068493150684932,2026-12-18,48.945,48.81,49.08,47.7,14.0,0.12296409271240236,753.489990234375,0.03634999752044678,0.0075010266
SPY,put,795.0,0.5068493150684932,2026-12-18,51.19499999999999,50.23,52.16,62.59,134.0,0.11979029632568358,753.489990234375,0.03634999752044678,0.0075010266
SPY,put,805.0,0.5068493150684932,2026-12-18,58.835,57.35,60.32,57.17,12.0,0.12250633361816407,753.489990234375,0.03634999752044678,0.0075010266
SPY,put,900.0,0.5068493150684932,2026-12-18,148.615,147.01,150.22,147.46,10.0,0.17682707946777343,753.489990234375,0.03634999752044678,0.0075010266
SPY,call,555.0,0.5424657534246575,2026-12-31,210.57999999999998,208.85,212.31,209.0,13.0,0.39087523193359375,753.489990234375,0.03634999752044678,0.0075010266
SPY,call,664.0,0.5424657534246575,2026-12-31,112.61500000000001,111.55,113.68,117.16,12.0,0.2800746431732176,753.489990234375,0.03634999752044678,0.0075010266
SPY,call,670.0,0.5424657534246575,2026-12-31,107.67500000000001,106.7,108.65,110.0,10.0,0.2749248533630371,753.489990234375,0.03634999752044678,0.0075010266
SPY,call,694.0,0.5424657534246575,2026-12-31,77.685,75.93,79.44,60.92,15.0,0.2034534001159668,753.489990234375,0.03634999752044678,0.0075010266
SPY,call,705.0,0.5424657534246575,2026-12-31,78.93,77.99,79.87,81.16,10.0,0.24263757858276364,753.489990234375,0.03634999752044678,0.0075010266
SPY,call,721.0,0.5424657534246575,2026-12-31,66.47999999999999,65.57,67.39,58.27,11.0,0.2278672184753418,753.489990234375,0.03634999752044678,0.0075010266
SPY,call,740.0,0.5424657534246575,2026-12-31,52.905,52.05,53.76,52.41,12.0,0.21240259040832518,753.489990234375,0.03634999752044678,0.0075010266
SPY,call,745.0,0.5424657534246575,2026-12-31,49.42,48.5,50.34,50.32,99.0,0.20835142242431637,753.489990234375,0.03634999752044678,0.0075010266
SPY,call,755.0,0.5424657534246575,2026-12-31,42.22,42.04,42.4,43.85,25.0,0.19425244232177735,753.489990234375,0.03634999752044678,0.0075010266
SPY,call,760.0,0.5424657534246575,2026-12-31,39.05,38.91,39.19,40.0,39.0,0.19007920524597172,753.489990234375,0.03634999752044678,0.0075010266
SPY,call,765.0,0.5424657534246575,2026-12-31,36.215,36.18,36.25,37.18,21.0,0.1867146759033203,753.489990234375,0.03634999752044678,0.0075010266
SPY,call,775.0,0.5424657534246575,2026-12-31,30.595,30.56,30.63,31.47,81.0,0.17983303085327146,753.489990234375,0.03634999752044678,0.0075010266
SPY,call,780.0,0.5424657534246575,2026-12-31,28.135,28.1,28.17,28.9,11.0,0.17729246788024902,753.489990234375,0.03634999752044678,0.0075010266
SPY,call,795.0,0.5424657534246575,2026-12-31,21.130000000000003,21.1,21.16,23.23,20.0,0.1684119414520264,753.489990234375,0.03634999752044678,0.0075010266
SPY,call,800.0,0.5424657534246575,2026-12-31,19.299999999999997,19.27,19.33,19.2,28.0,0.16684030189514162,753.489990234375,0.03634999752044678,0.0075010266
SPY,call,805.0,0.5424657534246575,2026-12-31,17.380000000000003,17.35,17.41,19.33,53.0,0.16429973892211913,753.489990234375,0.03634999752044678,0.0075010266
SPY,call,825.0,0.5424657534246575,2026-12-31,11.3,11.27,11.33,12.8,11.0,0.15694507614135744,753.489990234375,0.03634999752044678,0.0075010266
SPY,call,850.0,0.5424657534246575,2026-12-31,6.32,6.3,6.34,6.52,14.0,0.15085688018798832,753.489990234375,0.03634999752044678,0.0075010266
SPY,call,860.0,0.5424657534246575,2026-12-31,4.885,4.86,4.91,5.36,22.0,0.14862911926269531,753.489990234375,0.03634999752044678,0.0075010266
SPY,call,865.0,0.5424657534246575,2026-12-31,4.33,4.31,4.35,4.44,71.0,0.1480340324401856,753.489990234375,0.03634999752044678,0.0075010266
SPY,call,890.0,0.5424657534246575,2026-12-31,2.285,2.27,2.3,2.67,23.0,0.1454858401489258,753.489990234375,0.03634999752044678,0.0075010266
SPY,call,900.0,0.5424657534246575,2026-12-31,1.77,1.75,1.79,1.85,117.0,0.14518066741943358,753.489990234375,0.03634999752044678,0.0075010266
SPY,call,915.0,0.5424657534246575,2026-12-31,1.2149999999999999,1.2,1.23,1.26,150.0,0.14508911560058596,753.489990234375,0.03634999752044678,0.0075010266
SPY,call,940.0,0.5424657534246575,2026-12-31,0.675,0.67,0.68,0.7,10.0,0.14630980651855469,753.489990234375,0.03634999752044678,0.0075010266
SPY,put,485.0,0.5424657534246575,2026-12-31,2.58,2.57,2.59,3.11,90.0,0.34467208068847655,753.489990234375,0.03634999752044678,0.0075010266
SPY,put,490.0,0.5424657534246575,2026-12-31,2.6799999999999997,2.67,2.69,2.66,18.0,0.34030811065673827,753.489990234375,0.03634999752044678,0.0075010266
SPY,put,495.0,0.5424657534246575,2026-12-31,2.795,2.78,2.81,3.3,10.0,0.3363103479003906,753.489990234375,0.03634999752044678,0.0075010266
SPY,put,500.0,0.5424657534246575,2026-12-31,2.9050000000000002,2.89,2.92,2.91,30.0,0.3320074124145508,753.489990234375,0.03634999752044678,0.0075010266
SPY,put,520.0,0.5424657534246575,2026-12-31,3.395,3.38,3.41,3.38,100.0,0.3150703259277343,753.489990234375,0.03634999752044678,0.0075010266
SPY,put,530.0,0.5424657534246575,2026-12-31,3.685,3.67,3.7,5.28,20.0,0.3069527313232422,753.489990234375,0.03634999752044678,0.0075010266
SPY,put,535.0,0.5424657534246575,2026-12-31,3.85,3.83,3.87,5.5,10.0,0.303168589477539,753.489990234375,0.03634999752044678,0.0075010266
SPY,put,540.0,0.5424657534246575,2026-12-31,4.02,4.0,4.04,4.71,10.0,0.29929289581298824,753.489990234375,0.03634999752044678,0.0075010266
SPY,put,555.0,0.5424657534246575,2026-12-31,4.5600000000000005,4.54,4.58,5.67,17.0,0.28748271118164054,753.489990234375,0.03634999752044678,0.0075010266
SPY,put,570.0,0.5424657534246575,2026-12-31,5.199999999999999,5.18,5.22,5.19,31.0,0.276099768371582,753.489990234375,0.03634999752044678,0.0075010266
SPY,put,590.0,0.5424657534246575,2026-12-31,6.24,6.22,6.26,6.1,30.0,0.26148199462890626,753.489990234375,0.03634999752044678,0.0075010266
SPY,put,605.0,0.5424657534246575,2026-12-31,7.205,7.18,7.23,7.12,25.0,0.25107560455322264,753.489990234375,0.03634999752044678,0.0075010266
SPY,put,610.0,0.5424657534246575,2026-12-31,7.539999999999999,7.52,7.56,7.37,12.0,0.24736775588989257,753.489990234375,0.03634999752044678,0.0075010266
SPY,put,615.0,0.5424657534246575,2026-12-31,7.949999999999999,7.93,7.97,7.73,10.0,0.2442549940490723,753.489990234375,0.03634999752044678,0.0075010266
SPY,put,620.0,0.5424657534246575,2026-12-31,8.315,8.29,8.34,8.21,13.0,0.2405776626586914,753.489990234375,0.03634999752044678,0.0075010266
SPY,put,622.0,0.5424657534246575,2026-12-31,8.445,8.42,8.47,12.7,15.0,0.23889921264648437,753.489990234375,0.03634999752044678,0.0075010266
SPY,put,623.0,0.5424657534246575,2026-12-31,8.57,8.55,8.59,11.8,18.0,0.23854826400756834,753.489990234375,0.03634999752044678,0.0075010266
SPY,put,625.0,0.5424657534246575,2026-12-31,8.719999999999999,8.7,8.74,8.56,100.0,0.2370071417236328,753.489990234375,0.03634999752044678,0.0075010266
SPY,put,630.0,0.5424657534246575,2026-12-31,9.17,9.15,9.19,9.07,10.0,0.23369601760864256,753.489990234375,0.03634999752044678,0.0075010266
SPY,put,632.0,0.5424657534246575,2026-12-31,9.305,9.28,9.33,13.97,15.0,0.2319717916870117,753.489990234375,0.03634999752044678,0.0075010266
SPY,put,643.0,0.5424657534246575,2026-12-31,12.995000000000001,12.96,13.03,18.49,80.0,0.24410240768432617,753.489990234375,0.03634999752044678,0.0075010266
SPY,put,650.0,0.5424657534246575,2026-12-31,11.125,11.1,11.15,10.89,98.0,0.21973436523437498,753.489990234375,0.03634999752044678,0.0075010266
SPY,put,654.0,0.5424657534246575,2026-12-31,11.545,11.52,11.57,11.19,20.0,0.21677418975830076,753.489990234375,0.03634999752044678,0.0075010266
SPY,put,658.0,0.5424657534246575,2026-12-31,12.059999999999999,12.03,12.09,14.57,70.0,0.2143785838317871,753.489990234375,0.03634999752044678,0.0075010266
SPY,put,660.0,0.5424657534246575,2026-12-31,12.24,12.21,12.27,12.12,52.0,0.21257806472778318,753.489990234375,0.03634999752044678,0.0075010266
SPY,put,663.0,0.5424657534246575,2026-12-31,12.675,12.65,12.7,15.12,10.0,0.21089961471557617,753.489990234375,0.03634999752044678,0.0075010266
SPY,put,665.0,0.5424657534246575,2026-12-31,12.935,12.91,12.96,12.8,21.0,0.20955685470581054,753.489990234375,0.03634999752044678,0.0075010266
SPY,put,670.0,0.5424657534246575,2026-12-31,13.545,13.52,13.57,13.35,20.0,0.20575745422363279,753.489990234375,0.03634999752044678,0.0075010266
SPY,put,672.0,0.5424657534246575,2026-12-31,13.82,13.79,13.85,13.44,12.0,0.20441469421386715,753.489990234375,0.03634999752044678,0.0075010266
SPY,put,678.0,0.5424657534246575,2026-12-31,14.615,14.59,14.64,17.57,60.0,0.1998218446350098,753.489990234375,0.03634999752044678,0.0075010266
SPY,put,680.0,0.5424657534246575,2026-12-31,14.92,14.89,14.95,14.76,33.0,0.19850960189819333,753.489990234375,0.03634999752044678,0.0075010266
SPY,put,681.0,0.5424657534246575,2026-12-31,15.11,15.08,15.14,14.82,14.0,0.1980442134857178,753.489990234375,0.03634999752044678,0.0075010266
SPY,put,683.0,0.5424657534246575,2026-12-31,15.41,15.38,15.44,15.11,12.0,0.19660227233886718,753.489990234375,0.03634999752044678,0.0075010266
SPY,put,700.0,0.5424657534246575,2026-12-31,18.27,18.24,18.3,18.21,37.0,0.1843801045227051,753.489990234375,0.03634999752044678,0.0075010266
SPY,put,701.0,0.5424657534246575,2026-12-31,18.445,18.41,18.48,18.02,10.0,0.1836324313354492,753.489990234375,0.03634999752044678,0.0075010266
SPY,put,710.0,0.5424657534246575,2026-12-31,20.195,20.16,20.23,20.23,77.0,0.17699492446899412,753.489990234375,0.03634999752044678,0.0075010266
SPY,put,715.0,0.5424657534246575,2026-12-31,21.275,21.24,21.31,21.13,13.0,0.17340914489746095,753.489990234375,0.03634999752044678,0.0075010266
SPY,put,720.0,0.5424657534246575,2026-12-31,22.53,22.49,22.57,22.24,14.0,0.1703879348754883,753.489990234375,0.03634999752044678,0.0075010266
SPY,put,730.0,0.5424657534246575,2026-12-31,25.055,25.01,25.1,24.85,12.0,0.1632468930053711,753.489990234375,0.03634999752044678,0.0075010266
SPY,put,735.0,0.5424657534246575,2026-12-31,26.32,26.28,26.36,26.41,76.0,0.15907365592956543,753.489990234375,0.03634999752044678,0.0075010266
SPY,put,745.0,0.5424657534246575,2026-12-31,29.46,29.41,29.51,28.89,52.0,0.15238274383544925,753.489990234375,0.03634999752044678,0.0075010266
SPY,put,755.0,0.5424657534246575,2026-12-31,33.040000000000006,32.99,33.09,32.65,39.0,0.1457223490142822,753.489990234375,0.03634999752044678,0.0075010266
SPY,put,760.0,0.5424657534246575,2026-12-31,34.885,34.83,34.94,33.93,95.0,0.14187717262268065,753.489990234375,0.03634999752044678,0.0075010266
SPY,put,790.0,0.5424657534246575,2026-12-31,48.935,48.02,49.85,53.95,11.0,0.1229030581665039,753.489990234375,0.03634999752044678,0.0075010266
SPY,call,50.0,0.5835616438356165,2027-01-15,702.665,701.02,704.31,706.44,10.0,1.5595725146484374,753.489990234375,0.03634999752044678,0.0075010266
SPY,call,110.0,0.5835616438356165,2027-01-15,601.125,599.37,602.88,547.7,50.0,1.0000000000000003e-05,753.489990234375,0.03634999752044678,0.0075010266
SPY,call,165.0,0.5835616438356165,2027-01-15,574.69,573.02,576.36,566.08,125.0,1.0000000000000003e-05,753.489990234375,0.03634999752044678,0.0075010266
SPY,call,170.0,0.5835616438356165,2027-01-15,569.7850000000001,568.09,571.48,563.15,56.0,1.0000000000000003e-05,753.489990234375,0.03634999752044678,0.0075010266
SPY,call,180.0,0.5835616438356165,2027-01-15,573.255,571.54,574.97,552.99,121.0,0.8815929809570311,753.489990234375,0.03634999752044678,0.0075010266
SPY,call,185.0,0.5835616438356165,2027-01-15,568.565,566.76,570.37,555.18,42.0,0.5918009570312501,753.489990234375,0.03634999752044678,0.0075010266
SPY,call,205.0,0.5835616438356165,2027-01-15,462.86,461.0,464.72,436.75,75.0,1.0000000000000003e-05,753.489990234375,0.03634999752044678,0.0075010266
SPY,call,210.0,0.5835616438356165,2027-01-15,485.605,484.21,487.0,473.8,10.0,1.0000000000000003e-05,753.489990234375,0.03634999752044678,0.0075010266
SPY,call,215.0,0.5835616438356165,2027-01-15,453.4,451.5,455.3,408.8,75.0,1.0000000000000003e-05,753.489990234375,0.03634999752044678,0.0075010266
SPY,call,495.0,0.5835616438356165,2027-01-15,268.40999999999997,266.67,270.15,275.58,43.0,0.4543816769409179,753.489990234375,0.03634999752044678,0.0075010266
SPY,call,510.0,0.5835616438356165,2027-01-15,254.485,252.75,256.22,257.39,660.0,0.4405878695678711,753.489990234375,0.03634999752044678,0.0075010266
SPY,call,535.0,0.5835616438356165,2027-01-15,230.54500000000002,228.79,232.3,231.02,19.0,0.40952128570556634,753.489990234375,0.03634999752044678,0.0075010266
SPY,call,605.0,0.5835616438356165,2027-01-15,165.95499999999998,164.39,167.52,168.0,30.0,0.33660026199340826,753.489990234375,0.03634999752044678,0.0075010266
SPY,call,610.0,0.5835616438356165,2027-01-15,161.47500000000002,159.86,163.09,162.4,13.0,0.3322896971893311,753.489990234375,0.03634999752044678,0.0075010266
SPY,call,650.0,0.5835616438356165,2027-01-15,126.64500000000001,125.68,127.61,127.44,144.0,0.2936472003173828,753.489990234375,0.03634999752044678,0.0075010266
SPY,call,660.0,0.5835616438356165,2027-01-15,117.675,117.38,117.97,119.16,11.0,0.27857166748046874,753.489990234375,0.03634999752044678,0.0075010266
SPY,call,665.0,0.5835616438356165,2027-01-15,113.36,111.7,115.02,114.4,84.0,0.281333480682373,753.489990234375,0.03634999752044678,0.0075010266
SPY,call,670.0,0.5835616438356165,2027-01-15,109.93,109.05,110.81,111.22,327.0,0.27684744155883784,753.489990234375,0.03634999752044678,0.0075010266
SPY,call,680.0,0.5835616438356165,2027-01-15,101.62,100.77,102.47,103.4,14.0,0.26782958740234375,753.489990234375,0.03634999752044678,0.0075010266
SPY,call,710.0,0.5835616438356165,2027-01-15,76.67500000000001,76.45,76.9,77.99,56.0,0.23419192329406738,753.489990234375,0.03634999752044678,0.0075010266
SPY,call,725.0,0.5835616438356165,2027-01-15,65.5,65.33,65.67,67.5,16.0,0.22217574707031246,753.489990234375,0.03634999752044678,0.0075010266
SPY,call,735.0,0.5835616438356165,2027-01-15,58.36,58.19,58.53,59.89,146.0,0.21443198905944824,753.489990234375,0.03634999752044678,0.0075010266
SPY,call,740.0,0.5835616438356165,2027-01-15,54.68,54.53,54.83,56.12,12.0,0.20954922538757323,753.489990234375,0.03634999752044678,0.0075010266
SPY,call,750.0,0.5835616438356165,2027-01-15,48.06,47.92,48.2,49.37,16.0,0.20227085578918455,753.489990234375,0.03634999752044678,0.0075010266
SPY,call,755.0,0.5835616438356165,2027-01-15,44.95,44.85,45.05,45.14,10.0,0.19884529190063477,753.489990234375,0.03634999752044678,0.0075010266
SPY,call,765.0,0.5835616438356165,2027-01-15,38.765,38.73,38.8,39.78,308.0,0.19113205116271972,753.489990234375,0.03634999752044678,0.0075010266
SPY,call,770.0,0.5835616438356165,2027-01-15,35.894999999999996,35.87,35.92,36.12,24.0,0.18775989250183103,753.489990234375,0.03634999752044678,0.0075010266
SPY,call,780.0,0.5835616438356165,2027-01-15,30.415,30.4,30.43,30.46,29.0,0.18095454063415525,753.489990234375,0.03634999752044678,0.0075010266
SPY,call,785.0,0.5835616438356165,2027-01-15,28.04,28.01,28.07,27.88,15.0,0.17860471061706543,753.489990234375,0.03634999752044678,0.0075010266
SPY,call,790.0,0.5835616438356165,2027-01-15,25.65,25.62,25.68,25.89,12.0,0.17566742309570313,753.489990234375,0.03634999752044678,0.0075010266
SPY,call,800.0,0.5835616438356165,2027-01-15,21.299999999999997,21.27,21.33,21.35,44.0,0.17032690032958986,753.489990234375,0.03634999752044678,0.0075010266
SPY,call,805.0,0.5835616438356165,2027-01-15,19.365000000000002,19.34,19.39,19.69,281.0,0.16802284622192387,753.489990234375,0.03634999752044678,0.0075010266
SPY,call,815.0,0.5835616438356165,2027-01-15,15.875,15.85,15.9,17.45,21.0,0.16381146255493167,753.489990234375,0.03634999752044678,0.0075010266
SPY,call,830.0,0.5835616438356165,2027-01-15,11.620000000000001,11.6,11.64,11.6,19.0,0.15871507797241213,753.489990234375,0.03634999752044678,0.0075010266
SPY,call,835.0,0.5835616438356165,2027-01-15,10.435,10.41,10.46,10.44,23.0,0.15732654205322266,753.489990234375,0.03634999752044678,0.0075010266
SPY,call,845.0,0.5835616438356165,2027-01-15,8.415,8.39,8.44,9.2,31.0,0.1551292984008789,753.489990234375,0.03634999752044678,0.0075010266
SPY,call,855.0,0.5835616438356165,2027-01-15,6.66,6.64,6.68,7.0,210.0,0.15264214065551762,753.489990234375,0.03634999752044678,0.0075010266
SPY,call,860.0,0.5835616438356165,2027-01-15,5.949999999999999,5.93,5.97,6.22,25.0,0.15187920883178713,753.489990234375,0.03634999752044678,0.0075010266
SPY,call,865.0,0.5835616438356165,2027-01-15,5.279999999999999,5.26,5.3,5.98,10.0,0.150948432006836,753.489990234375,0.03634999752044678,0.0075010266
SPY,call,880.0,0.5835616438356165,2027-01-15,3.6900000000000004,3.68,3.7,3.7,16.0,0.1488274815368652,753.489990234375,0.03634999752044678,0.0075010266
SPY,call,900.0,0.5835616438356165,2027-01-15,2.2649999999999997,2.25,2.28,2.29,22.0,0.14717954879760742,753.489990234375,0.03634999752044678,0.0075010266
SPY,call,910.0,0.5835616438356165,2027-01-15,1.7650000000000001,1.75,1.78,1.93,33.0,0.14661497924804687,753.489990234375,0.03634999752044678,0.0075010266
SPY,call,915.0,0.5835616438356165,2027-01-15,1.5750000000000002,1.56,1.59,1.63,22.0,0.14670653106689452,753.489990234375,0.03634999752044678,0.0075010266
SPY,call,920.0,0.5835616438356165,2027-01-15,1.38,1.37,1.39,1.45,10.0,0.14624877197265623,753.489990234375,0.03634999752044678,0.0075010266
SPY,call,925.0,0.5835616438356165,2027-01-15,1.24,1.23,1.25,1.35,168.0,0.14658446197509767,753.489990234375,0.03634999752044678,0.0075010266
SPY,call,935.0,0.5835616438356165,2027-01-15,0.985,0.97,1.0,1.1,105.0,0.14704222106933595,753.489990234375,0.03634999752044678,0.0075010266
SPY,call,940.0,0.5835616438356165,2027-01-15,0.88,0.87,0.89,1.03,15.0,0.1471642901611328,753.489990234375,0.03634999752044678,0.0075010266
SPY,call,955.0,0.5835616438356165,2027-01-15,0.645,0.64,0.65,0.76,16.0,0.148446015625,753.489990234375,0.03634999752044678,0.0075010266
SPY,call,960.0,0.5835616438356165,2027-01-15,0.58,0.57,0.59,0.59,2753.0,0.14905636108398437,753.489990234375,0.03634999752044678,0.0075010266
SPY,call,965.0,0.5835616438356165,2027-01-15,0.53,0.52,0.54,0.57,22.0,0.14978877563476564,753.489990234375,0.03634999752044678,0.0075010266
SPY,call,980.0,0.5835616438356165,2027-01-15,0.41000000000000003,0.4,0.42,0.46,51.0,0.15229119201660157,753.489990234375,0.03634999752044678,0.0075010266
SPY,call,985.0,0.5835616438356165,2027-01-15,0.38,0.37,0.39,0.39,30.0,0.15332877929687502,753.489990234375,0.03634999752044678,0.0075010266
SPY,call,1000.0,0.5835616438356165,2027-01-15,0.305,0.3,0.31,0.32,39.0,0.15601429931640626,753.489990234375,0.03634999752044678,0.0075010266
SPY,call,1040.0,0.5835616438356165,2027-01-15,0.18,0.17,0.19,0.2,10.0,0.16480327392578126,753.489990234375,0.03634999752044678,0.0075010266
SPY,call,1140.0,0.5835616438356165,2027-01-15,0.07,0.06,0.08,0.05,10.0,0.188484677734375,753.489990234375,0.03634999752044678,0.0075010266
SPY,call,1200.0,0.5835616438356165,2027-01-15,0.05,0.04,0.06,0.05,140.0,0.2036212451171875,753.489990234375,0.03634999752044678,0.0075010266
SPY,call,1220.0,0.5835616438356165,2027-01-15,0.045,0.04,0.05,0.04,10.0,0.20703917968749996,753.489990234375,0.03634999752044678,0.0075010266
SPY,call,1230.0,0.5835616438356165,2027-01-15,0.04,0.03,0.05,0.04,10.0,0.20996883789062498,753.489990234375,0.03634999752044678,0.0075010266
SPY,call,1240.0,0.5835616438356165,2027-01-15,0.04,0.03,0.05,0.04,23.0,0.21289849609375,753.489990234375,0.03634999752044678,0.0075010266
SPY,call,1270.0,0.5835616438356165,2027-01-15,0.035,0.03,0.04,0.04,10.0,0.21826953613281247,753.489990234375,0.03634999752044678,0.0075010266
SPY,call,1280.0,0.5835616438356165,2027-01-15,0.03,0.02,0.04,0.04,28.0,0.2211991943359375,753.489990234375,0.03634999752044678,0.0075010266
SPY,call,1290.0,0.5835616438356165,2027-01-15,0.03,0.02,0.04,0.04,15.0,0.22412885253906245,753.489990234375,0.03634999752044678,0.0075010266
SPY,call,1310.0,0.5835616438356165,2027-01-15,0.03,0.02,0.04,0.02,100.0,0.229499892578125,753.489990234375,0.03634999752044678,0.0075010266
SPY,call,1330.0,0.5835616438356165,2027-01-15,0.015,0.01,0.02,0.03,14.0,0.22266402343749997,753.489990234375,0.03634999752044678,0.0075010266
SPY,call,1340.0,0.5835616438356165,2027-01-15,0.025,0.02,0.03,0.02,10.0,0.23242955078125,753.489990234375,0.03634999752044678,0.0075010266
SPY,call,1380.0,0.5835616438356165,2027-01-15,0.02,0.01,0.03,0.01,200.0,0.24414818359375,753.489990234375,0.03634999752044678,0.0075010266
SPY,put,60.0,0.5835616438356165,2027-01-15,0.015,0.01,0.02,0.01,101.0,0.98437515625,753.489990234375,0.03634999752044678,0.0075010266
SPY,put,65.0,0.5835616438356165,2027-01-15,0.02,0.01,0.03,0.01,22.0,0.9687503125,753.489990234375,0.03634999752044678,0.0075010266
SPY,put,70.0,0.5835616438356165,2027-01-15,0.02,0.01,0.03,0.03,6057.0,0.937500625,753.489990234375,0.03634999752044678,0.0075010266
SPY,put,110.0,0.5835616438356165,2027-01-15,0.055,0.05,0.06,0.07,50.0,0.8242205078124999,753.489990234375,0.03634999752044678,0.0075010266
SPY,put,145.0,0.5835616438356165,2027-01-15,0.11,0.1,0.12,0.11,10.0,0.7500025,753.489990234375,0.03634999752044678,0.0075010266
SPY,put,170.0,0.5835616438356165,2027-01-15,0.16,0.15,0.17,0.16,10.0,0.70312796875,753.489990234375,0.03634999752044678,0.0075010266
SPY,put,200.0,0.5835616438356165,2027-01-15,0.24,0.23,0.25,0.25,71.0,0.6547886083984377,753.489990234375,0.03634999752044678,0.0075010266
SPY,put,205.0,0.5835616438356165,2027-01-15,0.255,0.25,0.26,0.33,10.0,0.647464462890625,753.489990234375,0.03634999752044678,0.0075010266
SPY,put,210.0,0.5835616438356165,2027-01-15,0.27,0.26,0.28,0.34,10.0,0.639652041015625,753.489990234375,0.03634999752044678,0.0075010266
SPY,put,215.0,0.5835616438356165,2027-01-15,0.29000000000000004,0.28,0.3,0.37,31.0,0.632816171875,753.489990234375,0.03634999752044678,0.0075010266
SPY,put,250.0,0.5835616438356165,2027-01-15,0.43,0.42,0.44,0.44,38.0,0.5854533642578125,753.489990234375,0.03634999752044678,0.0075010266
SPY,put,260.0,0.5835616438356165,2027-01-15,0.475,0.47,0.48,0.47,19.0,0.5722699023437501,753.489990234375,0.03634999752044678,0.0075010266
SPY,put,270.0,0.5835616438356165,2027-01-15,0.525,0.52,0.53,0.58,12.0,0.5598188549804688,753.489990234375,0.03634999752044678,0.0075010266
SPY,put,285.0,0.5835616438356165,2027-01-15,0.615,0.61,0.62,0.85,30.0,0.5424850439453126,753.489990234375,0.03634999752044678,0.0075010266
SPY,put,320.0,0.5835616438356165,2027-01-15,0.83,0.82,0.84,0.83,183.0,0.5013477600097658,753.489990234375,0.03634999752044678,0.0075010266
SPY,put,325.0,0.5835616438356165,2027-01-15,0.865,0.86,0.87,0.89,10.0,0.49609878906250005,753.489990234375,0.03634999752044678,0.0075010266
SPY,put,340.0,0.5835616438356165,2027-01-15,0.985,0.98,0.99,1.0,10.0,0.47998566894531247,753.489990234375,0.03634999752044678,0.0075010266
SPY,put,370.0,0.5835616438356165,2027-01-15,1.245,1.24,1.25,1.55,10.0,0.44824770507812495,753.489990234375,0.03634999752044678,0.0075010266
SPY,put,425.0,0.5835616438356165,2027-01-15,1.875,1.87,1.88,2.59,10.0,0.3940490283203125,753.489990234375,0.03634999752044678,0.0075010266
SPY,put,440.0,0.5835616438356165,2027-01-15,2.08,2.07,2.09,2.08,98.0,0.37982797912597654,753.489990234375,0.03634999752044678,0.0075010266
SPY,put,445.0,0.5835616438356165,2027-01-15,2.17,2.16,2.18,2.17,97.0,0.37567763000488286,753.489990234375,0.03634999752044678,0.0075010266
SPY,put,480.0,0.5835616438356165,2027-01-15,2.79,2.78,2.8,2.75,89.0,0.34418380432128903,753.489990234375,0.03634999752044678,0.0075010266
SPY,put,495.0,0.5835616438356165,2027-01-15,3.12,3.11,3.13,3.92,17.0,0.3313360324096679,753.489990234375,0.03634999752044678,0.0075010266
SPY,put,500.0,0.5835616438356165,2027-01-15,3.24,3.22,3.26,3.25,18.0,0.32733826965332036,753.489990234375,0.03634999752044678,0.0075010266
SPY,put,505.0,0.5835616438356165,2027-01-15,3.365,3.35,3.38,3.37,49.0,0.32306585144042954,753.489990234375,0.03634999752044678,0.0075010266
SPY,put,520.0,0.5835616438356165,2027-01-15,3.795,3.78,3.81,3.75,232.0,0.3111030804443359,753.489990234375,0.03634999752044678,0.0075010266
SPY,put,525.0,0.5835616438356165,2027-01-15,3.9450000000000003,3.93,3.96,3.92,11.0,0.307074800415039,753.489990234375,0.03634999752044678,0.0075010266
SPY,put,550.0,0.5835616438356165,2027-01-15,4.855,4.84,4.87,4.68,11.0,0.287970987548828,753.489990234375,0.03634999752044678,0.0075010266
SPY,put,565.0,0.5835616438356165,2027-01-15,5.515000000000001,5.5,5.53,5.48,25.0,0.2768321829223632,753.489990234375,0.03634999752044678,0.0075010266
SPY,put,570.0,0.5835616438356165,2027-01-15,5.775,5.76,5.79,5.57,29.0,0.2733837310791015,753.489990234375,0.03634999752044678,0.0075010266
SPY,put,590.0,0.5835616438356165,2027-01-15,6.859999999999999,6.84,6.88,6.73,129.0,0.2588269918823243,753.489990234375,0.03634999752044678,0.0075010266
SPY,put,610.0,0.5835616438356165,2027-01-15,8.265,8.24,8.29,8.05,113.0,0.2453230986022949,753.489990234375,0.03634999752044678,0.0075010266
SPY,put,625.0,0.5835616438356165,2027-01-15,9.49,9.47,9.51,9.42,155.0,0.2349777430725098,753.489990234375,0.03634999752044678,0.0075010266
SPY,put,630.0,0.5835616438356165,2027-01-15,9.940000000000001,9.92,9.96,9.64,25.0,0.23155980850219726,753.489990234375,0.03634999752044678,0.0075010266
SPY,put,635.0,0.5835616438356165,2027-01-15,10.42,10.4,10.44,10.26,11.0,0.22818764984130857,753.489990234375,0.03634999752044678,0.0075010266
SPY,put,645.0,0.5835616438356165,2027-01-15,11.445,11.42,11.47,11.33,53.0,0.22142807388305663,753.489990234375,0.03634999752044678,0.0075010266
SPY,put,650.0,0.5835616438356165,2027-01-15,12.035,12.01,12.06,12.05,45.0,0.21828479476928708,753.489990234375,0.03634999752044678,0.0075010266
SPY,put,655.0,0.5835616438356165,2027-01-15,12.61,12.59,12.63,12.52,10.0,0.21479819633483885,753.489990234375,0.03634999752044678,0.0075010266
SPY,put,665.0,0.5835616438356165,2027-01-15,13.850000000000001,13.82,13.88,13.64,28.0,0.20793943923950192,753.489990234375,0.03634999752044678,0.0075010266
SPY,put,670.0,0.5835616438356165,2027-01-15,14.54,14.51,14.57,14.47,14.0,0.20459779785156246,753.489990234375,0.03634999752044678,0.0075010266
SPY,put,675.0,0.5835616438356165,2027-01-15,15.27,15.24,15.3,15.3,52.0,0.20127141510009766,753.489990234375,0.03634999752044678,0.0075010266
SPY,put,695.0,0.5835616438356165,2027-01-15,18.575,18.54,18.61,18.21,74.0,0.1877370045471191,753.489990234375,0.03634999752044678,0.0075010266
SPY,put,700.0,0.5835616438356165,2027-01-15,19.509999999999998,19.47,19.55,19.48,25.0,0.18431906997680664,753.489990234375,0.03634999752044678,0.0075010266
SPY,put,705.0,0.5835616438356165,2027-01-15,20.380000000000003,20.34,20.42,20.25,31.0,0.18026027267456057,753.489990234375,0.03634999752044678,0.0075010266
SPY,put,715.0,0.5835616438356165,2027-01-15,22.619999999999997,22.58,22.66,22.22,11.0,0.17377535217285156,753.489990234375,0.03634999752044678,0.0075010266
SPY,put,720.0,0.5835616438356165,2027-01-15,23.695,23.66,23.73,23.23,48.0,0.16981573600769045,753.489990234375,0.03634999752044678,0.0075010266
SPY,put,725.0,0.5835616438356165,2027-01-15,24.915,24.87,24.96,25.02,10.0,0.16629099098205571,753.489990234375,0.03634999752044678,0.0075010266
SPY,put,735.0,0.5835616438356165,2027-01-15,27.64,27.6,27.68,27.2,275.0,0.15934831138610842,753.489990234375,0.03634999752044678,0.0075010266
SPY,put,740.0,0.5835616438356165,2027-01-15,29.235,29.19,29.28,28.79,200.0,0.15637287727355959,753.489990234375,0.03634999752044678,0.0075010266
SPY,put,745.0,0.5835616438356165,2027-01-15,30.73,30.68,30.78,30.68,10.0,0.15253533020019533,753.489990234375,0.03634999752044678,0.0075010266
SPY,put,750.0,0.5835616438356165,2027-01-15,32.405,32.35,32.46,32.49,34.0,0.14904873176574707,753.489990234375,0.03634999752044678,0.0075010266
SPY,put,755.0,0.5835616438356165,2027-01-15,34.129999999999995,34.08,34.18,33.84,81.0,0.14527221923828126,753.489990234375,0.03634999752044678,0.0075010266
SPY,put,775.0,0.5835616438356165,2027-01-15,42.685,42.62,42.75,41.85,21.0,0.13221082641601564,753.489990234375,0.03634999752044678,0.0075010266
SPY,put,780.0,0.5835616438356165,2027-01-15,45.155,45.09,45.22,44.64,124.0,0.12888444366455076,753.489990234375,0.03634999752044678,0.0075010266
SPY,put,790.0,0.5835616438356165,2027-01-15,50.795,50.65,50.94,49.72,26.0,0.12379568840026856,753.489990234375,0.03634999752044678,0.0075010266
SPY,put,795.0,0.5835616438356165,2027-01-15,52.97,52.03,53.91,52.37,44.0,0.12069055587768554,753.489990234375,0.03634999752044678,0.0075010266
SPY,put,800.0,0.5835616438356165,2027-01-15,56.065,55.08,57.05,55.7,22.0,0.11762356994628906,753.489990234375,0.03634999752044678,0.0075010266
SPY,put,810.0,0.5835616438356165,2027-01-15,62.754999999999995,61.8,63.71,62.81,10.0,0.11080295944213867,753.489990234375,0.03634999752044678,0.0075010266
SPY,put,815.0,0.5835616438356165,2027-01-15,66.65,65.63,67.67,66.41,430.0,0.10978063079833984,753.489990234375,0.03634999752044678,0.0075010266
SPY,put,820.0,0.5835616438356165,2027-01-15,71.08500000000001,69.42,72.75,70.2,171.0,0.11557891265869141,753.489990234375,0.03634999752044678,0.0075010266
SPY,put,825.0,0.5835616438356165,2027-01-15,74.76,73.62,75.9,74.15,10.0,0.1075833871459961,753.489990234375,0.03634999752044678,0.0075010266
SPY,put,830.0,0.5835616438356165,2027-01-15,79.79499999999999,78.21,81.38,77.33,63.0,0.11603667175292968,753.489990234375,0.03634999752044678,0.0075010266
SPY,put,900.0,0.5835616438356165,2027-01-15,148.575,146.82,150.33,150.0,10.0,0.16639017211914067,753.489990234375,0.03634999752044678,0.0075010266
SPY,call,400.0,0.7561643835616438,2027-03-19,363.29999999999995,361.76,364.84,348.07,10.0,0.5312852047729493,753.489990234375,0.03634999752044678,0.0075010266
SPY,call,495.0,0.7561643835616438,2027-03-19,273.495,271.86,275.13,268.85,50.0,0.44551640914916996,753.489990234375,0.03634999752044678,0.0075010266
SPY,call,535.0,0.7561643835616438,2027-03-19,236.255,234.57,237.94,226.0,2894.0,0.4042417974853516,753.489990234375,0.03634999752044678,0.0075010266
SPY,call,545.0,0.7561643835616438,2027-03-19,227.235,225.48,228.99,215.79,2208.0,0.3961089442443848,753.489990234375,0.03634999752044678,0.0075010266
SPY,call,575.0,0.7561643835616438,2027-03-19,199.985,198.49,201.48,183.27,107.0,0.3658968440246582,753.489990234375,0.03634999752044678,0.0075010266
SPY,call,580.0,0.7561643835616438,2027-03-19,195.37,193.85,196.89,178.88,26.0,0.36069364898681633,753.489990234375,0.03634999752044678,0.0075010266
SPY,call,590.0,0.7561643835616438,2027-03-19,186.405,184.87,187.94,169.08,70.0,0.351546096420288,753.489990234375,0.03634999752044678,0.0075010266
SPY,call,680.0,0.7561643835616438,2027-03-19,110.4,109.43,111.37,111.0,1068.0,0.275573345413208,753.489990234375,0.03634999752044678,0.0075010266
SPY,call,700.0,0.7561643835616438,2027-03-19,93.97,92.28,95.66,95.7,90.0,0.2598035446166992,753.489990234375,0.03634999752044678,0.0075010266
SPY,call,715.0,0.7561643835616438,2027-03-19,83.28,82.26,84.3,73.9,10.0,0.24813068771362307,753.489990234375,0.03634999752044678,0.0075010266
SPY,call,720.0,0.7561643835616438,2027-03-19,79.69999999999999,78.69,80.71,81.75,14.0,0.24469749450683598,753.489990234375,0.03634999752044678,0.0075010266
SPY,call,740.0,0.7561643835616438,2027-03-19,64.62,64.41,64.83,65.75,12.0,0.22314467048645018,753.489990234375,0.03634999752044678,0.0075010266
SPY,call,760.0,0.7561643835616438,2027-03-19,51.745000000000005,51.6,51.89,53.24,2031.0,0.20967892379760739,753.489990234375,0.03634999752044678,0.0075010266
SPY,call,810.0,0.7561643835616438,2027-03-19,25.630000000000003,25.6,25.66,27.21,73.0,0.17982540153503418,753.489990234375,0.03634999752044678,0.0075010266
SPY,call,815.0,0.7561643835616438,2027-03-19,23.509999999999998,23.48,23.54,23.85,36.0,0.1769796658325195,753.489990234375,0.03634999752044678,0.0075010266
SPY,call,825.0,0.7561643835616438,2027-03-19,19.880000000000003,19.85,19.91,20.66,10.0,0.17273776489257814,753.489990234375,0.03634999752044678,0.0075010266
SPY,call,830.0,0.7561643835616438,2027-03-19,18.299999999999997,18.27,18.33,18.85,15.0,0.17108983215332033,753.489990234375,0.03634999752044678,0.0075010266
SPY,call,850.0,0.7561643835616438,2027-03-19,12.815,12.79,12.84,13.09,34.0,0.16468120483398438,753.489990234375,0.03634999752044678,0.0075010266
SPY,call,860.0,0.7561643835616438,2027-03-19,10.629999999999999,10.61,10.65,10.77,23.0,0.1620109434509277,753.489990234375,0.03634999752044678,0.0075010266
SPY,call,870.0,0.7561643835616438,2027-03-19,8.780000000000001,8.76,8.8,6.41,21.0,0.15973740661621094,753.489990234375,0.03634999752044678,0.0075010266
SPY,call,880.0,0.7561643835616438,2027-03-19,7.1850000000000005,7.17,7.2,7.98,23.0,0.15750964569091797,753.489990234375,0.03634999752044678,0.0075010266
SPY,call,885.0,0.7561643835616438,2027-03-19,6.545,6.53,6.56,6.72,23.0,0.15691455886840822,753.489990234375,0.03634999752044678,0.0075010266
SPY,call,890.0,0.7561643835616438,2027-03-19,5.875,5.86,5.89,5.98,104.0,0.1557549024963379,753.489990234375,0.03634999752044678,0.0075010266
SPY,call,895.0,0.7561643835616438,2027-03-19,5.305,5.29,5.32,5.56,107.0,0.15497671203613284,753.489990234375,0.03634999752044678,0.0075010266
SPY,call,900.0,0.7561643835616438,2027-03-19,4.789999999999999,4.77,4.81,5.24,327.0,0.15433584930419925,753.489990234375,0.03634999752044678,0.0075010266
SPY,call,905.0,0.7561643835616438,2027-03-19,4.3100000000000005,4.29,4.33,4.98,144.0,0.15360343475341798,753.489990234375,0.03634999752044678,0.0075010266
SPY,call,910.0,0.7561643835616438,2027-03-19,3.89,3.87,3.91,4.4,388.0,0.15305412384033207,753.489990234375,0.03634999752044678,0.0075010266
SPY,call,915.0,0.7561643835616438,2027-03-19,3.535,3.52,3.55,3.98,185.0,0.15277946838378909,753.489990234375,0.03634999752044678,0.0075010266
SPY,call,920.0,0.7561643835616438,2027-03-19,3.145,3.13,3.16,3.43,472.0,0.15187920883178713,753.489990234375,0.03634999752044678,0.0075010266
SPY,call,980.0,0.7561643835616438,2027-03-19,0.96,0.95,0.97,0.99,102.0,0.1511315356445313,753.489990234375,0.03634999752044678,0.0075010266
SPY,call,985.0,0.7561643835616438,2027-03-19,0.875,0.87,0.88,1.01,12.0,0.15125360473632815,753.489990234375,0.03634999752044678,0.0075010266
SPY,call,1000.0,0.7561643835616438,2027-03-19,0.6799999999999999,0.67,0.69,0.71,118.0,0.15265739929199224,753.489990234375,0.03634999752044678,0.0075010266
SPY,call,1140.0,0.7561643835616438,2027-03-19,0.11,0.1,0.12,0.07,31.0,0.17212741943359378,753.489990234375,0.03634999752044678,0.0075010266
SPY,call,1190.0,0.7561643835616438,2027-03-19,0.1,0.09,0.11,0.09,47.0,0.1860432958984375,753.489990234375,0.03634999752044678,0.0075010266
SPY,call,1200.0,0.7561643835616438,2027-03-19,0.09,0.08,0.1,0.09,40.0,0.187508125,753.489990234375,0.03634999752044678,0.0075010266
SPY,call,1210.0,0.7561643835616438,2027-03-19,0.08499999999999999,0.08,0.09,0.11,275.0,0.188484677734375,753.489990234375,0.03634999752044678,0.0075010266
SPY,call,1240.0,0.7561643835616438,2027-03-19,0.07,0.06,0.08,0.06,10.0,0.195320546875,753.489990234375,0.03634999752044678,0.0075010266
SPY,call,1270.0,0.7561643835616438,2027-03-19,0.060000000000000005,0.05,0.07,0.05,25.0,0.20117986328124998,753.489990234375,0.03634999752044678,0.0075010266
SPY,call,1290.0,0.7561643835616438,2027-03-19,0.05,0.04,0.06,0.05,19.0,0.2036212451171875,753.489990234375,0.03634999752044678,0.0075010266
SPY,call,1380.0,0.7561643835616438,2027-03-19,0.035,0.03,0.04,0.04,200.0,0.21875781249999998,753.489990234375,0.03634999752044678,0.0075010266
SPY,call,1470.0,0.7561643835616438,2027-03-19,0.03,0.02,0.04,0.02,33.0,0.23926541992187497,753.489990234375,0.03634999752044678,0.0075010266
SPY,call,1480.0,0.7561643835616438,2027-03-19,0.025,0.02,0.03,0.02,31.0,0.23633576171874998,753.489990234375,0.03634999752044678,0.0075010266
SPY,put,250.0,0.7561643835616438,2027-03-19,0.665,0.66,0.67,0.85,51.0,0.5427291821289064,753.489990234375,0.03634999752044678,0.0075010266
SPY,put,305.0,0.7561643835616438,2027-03-19,1.21,1.2,1.22,1.49,10.0,0.4892629199218751,753.489990234375,0.03634999752044678,0.0075010266
SPY,put,315.0,0.7561643835616438,2027-03-19,1.2,1.19,1.21,1.39,20.0,0.4725394543457031,753.489990234375,0.03634999752044678,0.0075010266
SPY,put,325.0,0.7561643835616438,2027-03-19,1.43,1.42,1.44,1.7,43.0,0.4688773815917969,753.489990234375,0.03634999752044678,0.0075010266
SPY,put,340.0,0.7561643835616438,2027-03-19,1.4649999999999999,1.46,1.47,1.54,10.0,0.4472101177978516,753.489990234375,0.03634999752044678,0.0075010266
SPY,put,390.0,0.7561643835616438,2027-03-19,2.12,2.11,2.13,2.06,10.0,0.40039662109375,753.489990234375,0.03634999752044678,0.0075010266
SPY,put,420.0,0.7561643835616438,2027-03-19,2.62,2.61,2.63,3.02,10.0,0.37402969726562496,753.489990234375,0.03634999752044678,0.0075010266
SPY,put,455.0,0.7561643835616438,2027-03-19,3.33,3.32,3.34,3.25,13.0,0.34455001159667964,753.489990234375,0.03634999752044678,0.0075010266
SPY,put,465.0,0.7561643835616438,2027-03-19,3.5700000000000003,3.56,3.58,4.23,705.0,0.33649345153808596,753.489990234375,0.03634999752044678,0.0075010266
SPY,put,495.0,0.7561643835616438,2027-03-19,4.425000000000001,4.41,4.44,4.97,17.0,0.31345291046142576,753.489990234375,0.03634999752044678,0.0075010266
SPY,put,525.0,0.7561643835616438,2027-03-19,5.574999999999999,5.56,5.59,5.58,188.0,0.2922128884887695,753.489990234375,0.03634999752044678,0.0075010266
SPY,put,530.0,0.7561643835616438,2027-03-19,5.785,5.77,5.8,6.63,503.0,0.28862710891723625,753.489990234375,0.03634999752044678,0.0075010266
SPY,put,550.0,0.7561643835616438,2027-03-19,6.765000000000001,6.75,6.78,6.67,13.0,0.27503166381835936,753.489990234375,0.03634999752044678,0.0075010266
SPY,put,560.0,0.7561643835616438,2027-03-19,7.375,7.36,7.39,7.29,13.0,0.26889769195556634,753.489990234375,0.03634999752044678,0.0075010266
SPY,put,565.0,0.7561643835616438,2027-03-19,7.68,7.66,7.7,7.6,11.0,0.26569337829589845,753.489990234375,0.03634999752044678,0.0075010266
SPY,put,570.0,0.7561643835616438,2027-03-19,7.970000000000001,7.95,7.99,7.96,41.0,0.2621991505432129,753.489990234375,0.03634999752044678,0.0075010266
SPY,put,575.0,0.7561643835616438,2027-03-19,8.34,8.32,8.36,8.17,22.0,0.2593305268859864,753.489990234375,0.03634999752044678,0.0075010266
SPY,put,580.0,0.7561643835616438,2027-03-19,8.68,8.66,8.7,8.59,13.0,0.25606517868041995,753.489990234375,0.03634999752044678,0.0075010266
SPY,put,585.0,0.7561643835616438,2027-03-19,9.065000000000001,9.05,9.08,9.06,240.0,0.2530287100219727,753.489990234375,0.03634999752044678,0.0075010266
SPY,put,590.0,0.7561643835616438,2027-03-19,9.45,9.43,9.47,9.35,11.0,0.24994646545410154,753.489990234375,0.03634999752044678,0.0075010266
SPY,put,620.0,0.7561643835616438,2027-03-19,12.120000000000001,12.1,12.14,12.09,79.0,0.23122411849975588,753.489990234375,0.03634999752044678,0.0075010266
SPY,put,630.0,0.7561643835616438,2027-03-19,13.225,13.2,13.25,13.0,101.0,0.22536480209350584,753.489990234375,0.03634999752044678,0.0075010266
SPY,put,635.0,0.7561643835616438,2027-03-19,13.825,13.8,13.85,13.65,608.0,0.22249617843627928,753.489990234375,0.03634999752044678,0.0075010266
SPY,put,670.0,0.7561643835616438,2027-03-19,18.605,18.57,18.64,18.4,82.0,0.2010730528259277,753.489990234375,0.03634999752044678,0.0075010266
SPY,put,690.0,0.7561643835616438,2027-03-19,22.075,22.04,22.11,21.77,122.0,0.18863726409912107,753.489990234375,0.03634999752044678,0.0075010266
SPY,put,700.0,0.7561643835616438,2027-03-19,24.155,24.12,24.19,23.8,55.0,0.1827779476928711,753.489990234375,0.03634999752044678,0.0075010266
SPY,put,715.0,0.7561643835616438,2027-03-19,27.534999999999997,27.49,27.58,26.85,22.0,0.17340914489746095,753.489990234375,0.03634999752044678,0.0075010266
SPY,put,720.0,0.7561643835616438,2027-03-19,28.79,28.75,28.83,28.71,16.0,0.17029638305664066,753.489990234375,0.03634999752044678,0.0075010266
SPY,put,730.0,0.7561643835616438,2027-03-19,31.335,31.29,31.38,30.77,20.0,0.16347577255249024,753.489990234375,0.03634999752044678,0.0075010266
SPY,put,735.0,0.7561643835616438,2027-03-19,32.790000000000006,32.74,32.84,32.3,22.0,0.16038589866638184,753.489990234375,0.03634999752044678,0.0075010266
SPY,put,770.0,0.7561643835616438,2027-03-19,45.235,45.17,45.3,44.72,10.0,0.13787178054809573,753.489990234375,0.03634999752044678,0.0075010266
SPY,put,780.0,0.7561643835616438,2027-03-19,49.805,49.73,49.88,56.94,1250.0,0.13168440345764162,753.489990234375,0.03634999752044678,0.0075010266
SPY,put,810.0,0.7561643835616438,2027-03-19,66.82,66.6,67.04,64.97,62.0,0.11402253173828125,753.489990234375,0.03634999752044678,0.0075010266
SPY,put,830.0,0.7561643835616438,2027-03-19,81.395,79.63,83.16,79.23,154.0,0.11292390991210938,753.489990234375,0.03634999752044678,0.0075010266
SPY,put,840.0,0.7561643835616438,2027-03-19,89.815,88.15,91.48,85.16,42.0,0.11086399398803709,753.489990234375,0.03634999752044678,0.0075010266
SPY,put,900.0,0.7561643835616438,2027-03-19,161.26,159.52,163.0,184.8,20.0,0.22794351165771481,753.489990234375,0.03634999752044678,0.0075010266
SPY,call,620.0,0.7890410958904109,2027-03-31,161.05,159.93,162.17,141.9,43.0,0.3215399877929687,753.489990234375,0.03634999752044678,0.0075010266
SPY,call,640.0,0.7890410958904109,2027-03-31,144.04500000000002,143.0,145.09,133.24,19.0,0.30513695358276366,753.489990234375,0.03634999752044678,0.0075010266
SPY,call,647.0,0.7890410958904109,2027-03-31,137.47500000000002,137.08,137.87,137.68,11.0,0.2930673721313476,753.489990234375,0.03634999752044678,0.0075010266
SPY,call,650.0,0.7890410958904109,2027-03-31,135.045,134.67,135.42,135.5,10.0,0.29099219757080075,753.489990234375,0.03634999752044678,0.0075010266
SPY,call,665.0,0.7890410958904109,2027-03-31,123.175,122.07,124.28,130.02,22.0,0.2849955534362792,753.489990234375,0.03634999752044678,0.0075010266
SPY,call,666.0,0.7890410958904109,2027-03-31,121.795,121.44,122.15,114.94,10.0,0.27826649475097653,753.489990234375,0.03634999752044678,0.0075010266
SPY,call,668.0,0.7890410958904109,2027-03-31,110.05000000000001,108.12,111.98,90.04,98.0,0.2374801594543457,753.489990234375,0.03634999752044678,0.0075010266
SPY,call,672.0,0.7890410958904109,2027-03-31,106.91,104.98,108.84,96.46,10.0,0.2354202435302734,753.489990234375,0.03634999752044678,0.0075010266
SPY,call,675.0,0.7890410958904109,2027-03-31,115.16499999999999,114.08,116.25,116.45,12.0,0.2774883042907715,753.489990234375,0.03634999752044678,0.0075010266
SPY,call,685.0,0.7890410958904109,2027-03-31,107.19,106.14,108.24,99.46,30.0,0.26954618400573727,753.489990234375,0.03634999752044678,0.0075010266
SPY,call,730.0,0.7890410958904109,2027-03-31,73.455,72.42,74.49,73.22,11.0,0.23599244239807124,753.489990234375,0.03634999752044678,0.0075010266
SPY,call,750.0,0.7890410958904109,2027-03-31,58.980000000000004,58.75,59.21,60.84,27.0,0.21553824020385742,753.489990234375,0.03634999752044678,0.0075010266
SPY,call,755.0,0.7890410958904109,2027-03-31,55.86,55.6,56.12,57.2,37.0,0.21266198722839355,753.489990234375,0.03634999752044678,0.0075010266
SPY,call,765.0,0.7890410958904109,2027-03-31,49.67,49.48,49.86,51.9,132.0,0.20587189399719236,753.489990234375,0.03634999752044678,0.0075010266
SPY,call,830.0,0.7890410958904109,2027-03-31,19.025,18.99,19.06,19.48,23.0,0.17070836624145513,753.489990234375,0.03634999752044678,0.0075010266
SPY,call,835.0,0.7890410958904109,2027-03-31,17.505,17.47,17.54,19.2,20.0,0.16909095077514652,753.489990234375,0.03634999752044678,0.0075010266
SPY,call,840.0,0.7890410958904109,2027-03-31,16.049999999999997,16.02,16.08,16.72,30.0,0.16739724212646484,753.489990234375,0.03634999752044678,0.0075010266
SPY,call,855.0,0.7890410958904109,2027-03-31,12.33,12.3,12.36,8.36,200.0,0.16327741027832032,753.489990234375,0.03634999752044678,0.0075010266
SPY,call,885.0,0.7890410958904109,2027-03-31,7.015000000000001,6.99,7.04,7.2,250.0,0.156884041595459,753.489990234375,0.03634999752044678,0.0075010266
SPY,call,890.0,0.7890410958904109,2027-03-31,6.365,6.34,6.39,4.96,10.0,0.15609059249877932,753.489990234375,0.03634999752044678,0.0075010266
SPY,call,920.0,0.7890410958904109,2027-03-31,3.45,3.43,3.47,3.57,251.0,0.15189446746826174,753.489990234375,0.03634999752044678,0.0075010266
SPY,put,485.0,0.7890410958904109,2027-03-31,4.34,4.32,4.36,4.3,12.0,0.31796946685791017,753.489990234375,0.03634999752044678,0.0075010266
SPY,put,550.0,0.7890410958904109,2027-03-31,7.135,7.11,7.16,7.05,26.0,0.2731853688049316,753.489990234375,0.03634999752044678,0.0075010266
SPY,put,555.0,0.7890410958904109,2027-03-31,7.41,7.39,7.43,7.34,19.0,0.2697521755981446,753.489990234375,0.03634999752044678,0.0075010266
SPY,put,579.0,0.7890410958904109,2027-03-31,10.559999999999999,10.53,10.59,11.9,19.0,0.26747863876342776,753.489990234375,0.03634999752044678,0.0075010266
SPY,put,593.0,0.7890410958904109,2027-03-31,10.115,10.09,10.14,10.04,10.0,0.24622335815429688,753.489990234375,0.03634999752044678,0.0075010266
SPY,put,600.0,0.7890410958904109,2027-03-31,10.735,10.71,10.76,10.67,58.0,0.24210352630615234,753.489990234375,0.03634999752044678,0.0075010266
SPY,put,615.0,0.7890410958904109,2027-03-31,12.14,12.11,12.17,11.88,31.0,0.23296360305786135,753.489990234375,0.03634999752044678,0.0075010266
SPY,put,620.0,0.7890410958904109,2027-03-31,12.649999999999999,12.62,12.68,12.33,10.0,0.22992713439941403,753.489990234375,0.03634999752044678,0.0075010266
SPY,put,625.0,0.7890410958904109,2027-03-31,13.195,13.16,13.23,13.23,20.0,0.22699747619628902,753.489990234375,0.03634999752044678,0.0075010266
SPY,put,631.0,0.7890410958904109,2027-03-31,13.879999999999999,13.85,13.91,19.18,10.0,0.22341169662475585,753.489990234375,0.03634999752044678,0.0075010266
SPY,put,636.0,0.7890410958904109,2027-03-31,14.495000000000001,14.46,14.53,15.72,19.0,0.2205888488769531,753.489990234375,0.03634999752044678,0.0075010266
SPY,put,640.0,0.7890410958904109,2027-03-31,15.025,14.99,15.06,14.58,20.0,0.21840686386108393,753.489990234375,0.03634999752044678,0.0075010266
SPY,put,645.0,0.7890410958904109,2027-03-31,15.61,15.58,15.64,19.3,20.0,0.21507285179138183,753.489990234375,0.03634999752044678,0.0075010266
SPY,put,657.0,0.7890410958904109,2027-03-31,17.265,17.23,17.3,21.0,14.0,0.2079241806030273,753.489990234375,0.03634999752044678,0.0075010266
SPY,put,660.0,0.7890410958904109,2027-03-31,17.735,17.7,17.77,17.84,15.0,0.20627624786376947,753.489990234375,0.03634999752044678,0.0075010266
SPY,put,671.0,0.7890410958904109,2027-03-31,19.41,19.37,19.45,19.32,80.0,0.19947089599609374,753.489990234375,0.03634999752044678,0.0075010266
SPY,put,676.0,0.7890410958904109,2027-03-31,20.34,20.3,20.38,27.43,15.0,0.19689981575012205,753.489990234375,0.03634999752044678,0.0075010266
SPY,put,695.0,0.7890410958904109,2027-03-31,23.89,23.85,23.93,23.77,30.0,0.18537191589355467,753.489990234375,0.03634999752044678,0.0075010266
SPY,put,735.0,0.7890410958904109,2027-03-31,33.61,33.55,33.67,33.3,18.0,0.16021805366516115,753.489990234375,0.03634999752044678,0.0075010266
SPY,put,745.0,0.7890410958904109,2027-03-31,36.8,36.74,36.86,36.73,30.0,0.15422140953063965,753.489990234375,0.03634999752044678,0.0075010266
SPY,put,750.0,0.7890410958904109,2027-03-31,38.415,38.36,38.47,37.83,24.0,0.15079584564208987,753.489990234375,0.03634999752044678,0.0075010266
SPY,put,755.0,0.7890410958904109,2027-03-31,40.144999999999996,40.08,40.21,39.65,16.0,0.14753049743652347,753.489990234375,0.03634999752044678,0.0075010266
SPY,put,775.0,0.7890410958904109,2027-03-31,48.175,48.1,48.25,48.65,19.0,0.13469035484313965,753.489990234375,0.03634999752044678,0.0075010266
SPY,put,790.0,0.7890410958904109,2027-03-31,55.474999999999994,55.4,55.55,57.14,10.0,0.1251994829559326,753.489990234375,0.03634999752044678,0.0075010266
SPY,put,795.0,0.7890410958904109,2027-03-31,57.615,56.59,58.64,57.35,10.0,0.12363547271728516,753.489990234375,0.03634999752044678,0.0075010266
SPY,put,800.0,0.7890410958904109,2027-03-31,61.155,60.9,61.41,80.53,29.0,0.12021753814697264,753.489990234375,0.03634999752044678,0.0075010266
SPY,put,820.0,0.7890410958904109,2027-03-31,73.51,72.48,74.54,93.17,16.0,0.1090939921569824,753.489990234375,0.03634999752044678,0.0075010266
SPY,put,840.0,0.7890410958904109,2027-03-31,89.86500000000001,89.51,90.22,87.64,486.0,0.09966415481567384,753.489990234375,0.03634999752044678,0.0075010266
SPY,call,195.0,1.0027397260273974,2027-06-17,560.21,558.5,561.92,565.2,100.0,0.6533237792968751,753.489990234375,0.03634999752044678,0.0075010266
SPY,call,205.0,1.0027397260273974,2027-06-17,550.7149999999999,549.0,552.43,555.7,100.0,0.6559482647705079,753.489990234375,0.03634999752044678,0.0075010266
SPY,call,300.0,1.0027397260273974,2027-06-17,460.51,458.57,462.45,464.77,50.0,0.5900919897460939,753.489990234375,0.03634999752044678,0.0075010266
SPY,call,305.0,1.0027397260273974,2027-06-17,456.405,454.0,458.81,460.03,50.0,0.5963785479736328,753.489990234375,0.03634999752044678,0.0075010266
SPY,call,430.0,1.0027397260273974,2027-06-17,339.0,336.51,341.49,313.88,42.0,0.49576309906005867,753.489990234375,0.03634999752044678,0.0075010266
SPY,call,440.0,1.0027397260273974,2027-06-17,329.44,327.5,331.38,327.9,25.0,0.478795495300293,753.489990234375,0.03634999752044678,0.0075010266
SPY,call,475.0,1.0027397260273974,2027-06-17,297.16,295.22,299.1,281.72,25.0,0.4456079609680175,753.489990234375,0.03634999752044678,0.0075010266
SPY,call,480.0,1.0027397260273974,2027-06-17,292.83,290.88,294.78,277.15,25.0,0.44287666503906253,753.489990234375,0.03634999752044678,0.0075010266
SPY,call,510.0,1.0027397260273974,2027-06-17,265.445,263.0,267.89,254.85,23.0,0.4184781053161621,753.489990234375,0.03634999752044678,0.0075010266
SPY,call,560.0,1.0027397260273974,2027-06-17,220.79500000000002,218.85,222.74,212.98,25.0,0.37292344612121586,753.489990234375,0.03634999752044678,0.0075010266
SPY,call,570.0,1.0027397260273974,2027-06-17,211.98000000000002,209.5,214.46,200.0,25.0,0.36736167312622076,753.489990234375,0.03634999752044678,0.0075010266
SPY,call,575.0,1.0027397260273974,2027-06-17,207.54500000000002,205.09,210.0,209.25,28.0,0.3628145994567871,753.489990234375,0.03634999752044678,0.0075010266
SPY,call,645.0,1.0027397260273974,2027-06-17,147.71499999999997,146.39,149.04,149.06,40.0,0.30146725151062015,753.489990234375,0.03634999752044678,0.0075010266
SPY,call,675.0,1.0027397260273974,2027-06-17,124.47,122.56,126.38,126.83,12.0,0.285239691619873,753.489990234375,0.03634999752044678,0.0075010266
SPY,call,695.0,1.0027397260273974,2027-06-17,110.02,108.94,111.1,112.7,16.0,0.27152217742919915,753.489990234375,0.03634999752044678,0.0075010266
SPY,call,700.0,1.0027397260273974,2027-06-17,105.785,105.49,106.08,106.22,67.0,0.2634885053253174,753.489990234375,0.03634999752044678,0.0075010266
SPY,call,730.0,1.0027397260273974,2027-06-17,84.69,83.64,85.74,85.59,111.0,0.24793232543945312,753.489990234375,0.03634999752044678,0.0075010266
SPY,call,735.0,1.0027397260273974,2027-06-17,80.62,78.88,82.36,81.46,16.0,0.2448691541671753,753.489990234375,0.03634999752044678,0.0075010266
SPY,call,740.0,1.0027397260273974,2027-06-17,77.13,75.46,78.8,79.18,14.0,0.241043051071167,753.489990234375,0.03634999752044678,0.0075010266
SPY,call,755.0,1.0027397260273974,2027-06-17,67.435,67.2,67.67,67.9,22.0,0.22718439449310301,753.489990234375,0.03634999752044678,0.0075010266
SPY,call,770.0,1.0027397260273974,2027-06-17,58.11,57.93,58.29,59.11,48.0,0.21767063465118408,753.489990234375,0.03634999752044678,0.0075010266
SPY,call,785.0,1.0027397260273974,2027-06-17,49.504999999999995,49.46,49.55,50.04,3338.0,0.2085650433349609,753.489990234375,0.03634999752044678,0.0075010266
SPY,call,815.0,1.0027397260273974,2027-06-17,34.34,34.3,34.38,34.95,13.0,0.1922306729888916,753.489990234375,0.03634999752044678,0.0075010266
SPY,call,840.0,1.0027397260273974,2027-06-17,24.585,24.55,24.62,25.07,1091.0,0.18197686927795412,753.489990234375,0.03634999752044678,0.0075010266
SPY,call,845.0,1.0027397260273974,2027-06-17,22.735,22.7,22.77,22.87,12.0,0.17949734085083008,753.489990234375,0.03634999752044678,0.0075010266
SPY,call,855.0,1.0027397260273974,2027-06-17,19.735,19.71,19.76,20.77,1306.0,0.1763998376464844,753.489990234375,0.03634999752044678,0.0075010266
SPY,call,860.0,1.0027397260273974,2027-06-17,18.310000000000002,18.28,18.34,18.54,1068.0,0.17479768081665042,753.489990234375,0.03634999752044678,0.0075010266
SPY,call,865.0,1.0027397260273974,2027-06-17,17.0,16.97,17.03,17.39,1093.0,0.17337862762451173,753.489990234375,0.03634999752044678,0.0075010266
SPY,call,875.0,1.0027397260273974,2027-06-17,14.565000000000001,14.55,14.58,14.96,512.0,0.170479486694336,753.489990234375,0.03634999752044678,0.0075010266
SPY,call,880.0,1.0027397260273974,2027-06-17,13.485,13.47,13.5,14.14,24.0,0.16928168373107913,753.489990234375,0.03634999752044678,0.0075010266
SPY,call,890.0,1.0027397260273974,2027-06-17,11.51,11.48,11.54,11.91,11.0,0.16703866416931154,753.489990234375,0.03634999752044678,0.0075010266
SPY,call,895.0,1.0027397260273974,2027-06-17,10.665,10.64,10.69,10.83,50.0,0.16617655120849611,753.489990234375,0.03634999752044678,0.0075010266
SPY,call,900.0,1.0027397260273974,2027-06-17,9.775,9.75,9.8,10.22,10.0,0.1648490498352051,753.489990234375,0.03634999752044678,0.0075010266
SPY,call,925.0,1.0027397260273974,2027-06-17,6.45,6.44,6.46,6.56,12.0,0.16056137298583983,753.489990234375,0.03634999752044678,0.0075010266
SPY,call,935.0,1.0027397260273974,2027-06-17,5.460000000000001,5.44,5.48,5.66,151.0,0.15943223388671873,753.489990234375,0.03634999752044678,0.0075010266
SPY,call,950.0,1.0027397260273974,2027-06-17,4.18,4.16,4.2,4.51,13.0,0.15740283523559573,753.489990234375,0.03634999752044678,0.0075010266
SPY,call,960.0,1.0027397260273974,2027-06-17,3.5,3.48,3.52,3.97,21.0,0.1563499893188477,753.489990234375,0.03634999752044678,0.0075010266
SPY,call,1000.0,1.0027397260273974,2027-06-17,1.78,1.77,1.79,1.97,18.0,0.15448843566894532,753.489990234375,0.03634999752044678,0.0075010266
SPY,call,1040.0,1.0027397260273974,2027-06-17,0.99,0.98,1.0,0.8,21.0,0.15604481658935548,753.489990234375,0.03634999752044678,0.0075010266
SPY,call,1170.0,1.0027397260273974,2027-06-17,0.265,0.26,0.27,0.31,32.0,0.17163914306640626,753.489990234375,0.03634999752044678,0.0075010266
SPY,call,1270.0,1.0027397260273974,2027-06-17,0.13,0.12,0.14,0.12,10.0,0.1860432958984375,753.489990234375,0.03634999752044678,0.0075010266
SPY,call,1310.0,1.0027397260273974,2027-06-17,0.1,0.09,0.11,0.11,200.0,0.1914143359375,753.489990234375,0.03634999752044678,0.0075010266
SPY,call,1340.0,1.0027397260273974,2027-06-17,0.08499999999999999,0.08,0.09,0.09,155.0,0.1948322705078125,753.489990234375,0.03634999752044678,0.0075010266
SPY,call,1450.0,1.0027397260273974,2027-06-17,0.05,0.04,0.06,0.05,50.0,0.21094539062499998,753.489990234375,0.03634999752044678,0.0075010266
SPY,call,1480.0,1.0027397260273974,2027-06-17,0.05,0.04,0.06,0.04,11.0,0.21680470703125,753.489990234375,0.03634999752044678,0.0075010266
SPY,put,50.0,1.0027397260273974,2027-06-17,0.025,0.02,0.03,0.03,1234.0,0.8359391406249999,753.489990234375,0.03634999752044678,0.0075010266
SPY,put,80.0,1.0027397260273974,2027-06-17,0.060000000000000005,0.05,0.07,0.08,100.0,0.7402369726562499,753.489990234375,0.03634999752044678,0.0075010266
SPY,put,85.0,1.0027397260273974,2027-06-17,0.07,0.06,0.08,0.08,25.0,0.72851833984375,753.489990234375,0.03634999752044678,0.0075010266
SPY,put,90.0,1.0027397260273974,2027-06-17,0.08,0.07,0.09,0.08,200.0,0.717776259765625,753.489990234375,0.03634999752044678,0.0075010266
SPY,put,95.0,1.0027397260273974,2027-06-17,0.09,0.08,0.1,0.11,10.0,0.7070341796875,753.489990234375,0.03634999752044678,0.0075010266
SPY,put,100.0,1.0027397260273974,2027-06-17,0.1,0.09,0.11,0.11,81.0,0.6953155468750001,753.489990234375,0.03634999752044678,0.0075010266
SPY,put,145.0,1.0027397260273974,2027-06-17,0.255,0.25,0.26,0.3,61.0,0.6225623681640625,753.489990234375,0.03634999752044678,0.0075010266
SPY,put,150.0,1.0027397260273974,2027-06-17,0.28,0.27,0.29,0.28,20.0,0.6162147753906251,753.489990234375,0.03634999752044678,0.0075010266
SPY,put,155.0,1.0027397260273974,2027-06-17,0.305,0.3,0.31,0.38,10.0,0.6093789062500001,753.489990234375,0.03634999752044678,0.0075010266
SPY,put,160.0,1.0027397260273974,2027-06-17,0.33,0.32,0.34,0.32,700.0,0.6025430371093752,753.489990234375,0.03634999752044678,0.0075010266
SPY,put,165.0,1.0027397260273974,2027-06-17,0.355,0.35,0.36,0.35,500.0,0.59570716796875,753.489990234375,0.03634999752044678,0.0075010266
SPY,put,170.0,1.0027397260273974,2027-06-17,0.385,0.38,0.39,0.38,11.0,0.5893595751953126,753.489990234375,0.03634999752044678,0.0075010266
SPY,put,185.0,1.0027397260273974,2027-06-17,0.475,0.47,0.48,0.49,100.0,0.5705609350585938,753.489990234375,0.03634999752044678,0.0075010266
SPY,put,210.0,1.0027397260273974,2027-06-17,0.655,0.65,0.66,0.73,10.0,0.5413864221191409,753.489990234375,0.03634999752044678,0.0075010266
SPY,put,220.0,1.0027397260273974,2027-06-17,0.73,0.72,0.74,0.73,600.0,0.5297898583984376,753.489990234375,0.03634999752044678,0.0075010266
SPY,put,235.0,1.0027397260273974,2027-06-17,0.865,0.86,0.87,0.87,730.0,0.5139208764648437,753.489990234375,0.03634999752044678,0.0075010266
SPY,put,240.0,1.0027397260273974,2027-06-17,0.905,0.9,0.91,1.09,331.0,0.5080615600585938,753.489990234375,0.03634999752044678,0.0075010266
SPY,put,250.0,1.0027397260273974,2027-06-17,1.005,1.0,1.01,0.99,261.0,0.4982960327148438,753.489990234375,0.03634999752044678,0.0075010266
SPY,put,255.0,1.0027397260273974,2027-06-17,1.0550000000000002,1.05,1.06,1.16,10.0,0.4931691308593751,753.489990234375,0.03634999752044678,0.0075010266
SPY,put,260.0,1.0027397260273974,2027-06-17,1.105,1.1,1.11,1.32,120.0,0.48792015991210946,753.489990234375,0.03634999752044678,0.0075010266
SPY,put,265.0,1.0027397260273974,2027-06-17,1.1549999999999998,1.15,1.16,1.25,10.0,0.48279325805664064,753.489990234375,0.03634999752044678,0.0075010266
SPY,put,270.0,1.0027397260273974,2027-06-17,1.21,1.2,1.22,1.32,10.0,0.4781546325683594,753.489990234375,0.03634999752044678,0.0075010266
SPY,put,275.0,1.0027397260273974,2027-06-17,1.2650000000000001,1.26,1.27,1.51,30.0,0.47284462707519537,753.489990234375,0.03634999752044678,0.0075010266
SPY,put,280.0,1.0027397260273974,2027-06-17,1.32,1.31,1.33,1.49,10.0,0.4681449670410156,753.489990234375,0.03634999752044678,0.0075010266
SPY,put,290.0,1.0027397260273974,2027-06-17,1.4449999999999998,1.44,1.45,1.48,12.0,0.4585015087890626,753.489990234375,0.03634999752044678,0.0075010266
SPY,put,310.0,1.0027397260273974,2027-06-17,1.705,1.7,1.71,2.03,10.0,0.4398249377441406,753.489990234375,0.03634999752044678,0.0075010266
SPY,put,320.0,1.0027397260273974,2027-06-17,1.84,1.83,1.85,2.03,10.0,0.4307307904052735,753.489990234375,0.03634999752044678,0.0075010266
SPY,put,335.0,1.0027397260273974,2027-06-17,2.065,2.06,2.07,2.05,10.0,0.4172421557617187,753.489990234375,0.03634999752044678,0.0075010266
SPY,put,340.0,1.0027397260273974,2027-06-17,2.145,2.14,2.15,2.17,250.0,0.4129087030029296,753.489990234375,0.03634999752044678,0.0075010266
SPY,put,360.0,1.0027397260273974,2027-06-17,2.4800000000000004,2.47,2.49,2.59,205.0,0.39588006469726567,753.489990234375,0.03634999752044678,0.0075010266
SPY,put,390.0,1.0027397260273974,2027-06-17,3.0700000000000003,3.06,3.08,3.06,10.0,0.3714662463378906,753.489990234375,0.03634999752044678,0.0075010266
SPY,put,405.0,1.0027397260273974,2027-06-17,3.395,3.38,3.41,3.46,55.0,0.3595950271606445,753.489990234375,0.03634999752044678,0.0075010266
SPY,put,410.0,1.0027397260273974,2027-06-17,3.51,3.5,3.52,3.45,21.0,0.3555667471313476,753.489990234375,0.03634999752044678,0.0075010266
SPY,put,455.0,1.0027397260273974,2027-06-17,4.79,4.78,4.8,5.67,48.0,0.32269964416503893,753.489990234375,0.03634999752044678,0.0075010266
SPY,put,490.0,1.0027397260273974,2027-06-17,6.109999999999999,6.09,6.13,6.05,18.0,0.29904875762939453,753.489990234375,0.03634999752044678,0.0075010266
SPY,put,500.0,1.0027397260273974,2027-06-17,6.58,6.56,6.6,6.51,10.0,0.29279271667480455,753.489990234375,0.03634999752044678,0.0075010266
SPY,put,530.0,1.0027397260273974,2027-06-17,8.2,8.18,8.22,8.15,10.0,0.27437554244995116,753.489990234375,0.03634999752044678,0.0075010266
SPY,put,540.0,1.0027397260273974,2027-06-17,8.86,8.84,8.88,8.71,263.0,0.26868407104492187,753.489990234375,0.03634999752044678,0.0075010266
SPY,put,560.0,1.0027397260273974,2027-06-17,10.3,10.28,10.32,10.15,222.0,0.25716380050659177,753.489990234375,0.03634999752044678,0.0075010266
SPY,put,580.0,1.0027397260273974,2027-06-17,11.99,11.97,12.01,11.8,21.0,0.24596396133422854,753.489990234375,0.03634999752044678,0.0075010266
SPY,put,585.0,1.0027397260273974,2027-06-17,12.469999999999999,12.45,12.49,12.33,200.0,0.24329369995117187,753.489990234375,0.03634999752044678,0.0075010266
SPY,put,595.0,1.0027397260273974,2027-06-17,13.475,13.45,13.5,13.35,32.0,0.23793791854858393,753.489990234375,0.03634999752044678,0.0075010266
SPY,put,600.0,1.0027397260273974,2027-06-17,14.0,13.98,14.02,13.7,24.0,0.23517610534667968,753.489990234375,0.03634999752044678,0.0075010266
SPY,put,620.0,1.0027397260273974,2027-06-17,16.314999999999998,16.29,16.34,16.2,37.0,0.22439587867736813,753.489990234375,0.03634999752044678,0.0075010266
SPY,put,625.0,1.0027397260273974,2027-06-17,16.935000000000002,16.91,16.96,16.85,37.0,0.22161880683898924,753.489990234375,0.03634999752044678,0.0075010266
SPY,put,635.0,1.0027397260273974,2027-06-17,18.305,18.27,18.34,18.13,18.0,0.21641561180114746,753.489990234375,0.03634999752044678,0.0075010266
SPY,put,640.0,1.0027397260273974,2027-06-17,18.990000000000002,18.96,19.02,18.81,30.0,0.21356987609863282,753.489990234375,0.03634999752044678,0.0075010266
SPY,put,645.0,1.0027397260273974,2027-06-17,19.740000000000002,19.71,19.77,19.51,552.0,0.21093776130676267,753.489990234375,0.03634999752044678,0.0075010266
SPY,put,650.0,1.0027397260273974,2027-06-17,20.555,20.52,20.59,20.45,126.0,0.20848875015258783,753.489990234375,0.03634999752044678,0.0075010266
SPY,put,655.0,1.0027397260273974,2027-06-17,21.305,21.27,21.34,21.16,28.0,0.20557435058593748,753.489990234375,0.03634999752044678,0.0075010266
SPY,put,660.0,1.0027397260273974,2027-06-17,22.155,22.12,22.19,21.8,13.0,0.2029803823852539,753.489990234375,0.03634999752044678,0.0075010266
SPY,put,670.0,1.0027397260273974,2027-06-17,23.935,23.9,23.97,23.67,26.0,0.19768563552856444,753.489990234375,0.03634999752044678,0.0075010266
SPY,put,680.0,1.0027397260273974,2027-06-17,25.83,25.79,25.87,25.41,108.0,0.19228407821655275,753.489990234375,0.03634999752044678,0.0075010266
SPY,put,685.0,1.0027397260273974,2027-06-17,26.85,26.81,26.89,26.37,23.0,0.1896214461517334,753.489990234375,0.03634999752044678,0.0075010266
SPY,put,690.0,1.0027397260273974,2027-06-17,27.765,27.72,27.81,35.65,801.0,0.18641713249206543,753.489990234375,0.03634999752044678,0.0075010266
SPY,put,695.0,1.0027397260273974,2027-06-17,28.91,28.86,28.96,28.65,809.0,0.18393760406494142,753.489990234375,0.03634999752044678,0.0075010266
SPY,put,710.0,1.0027397260273974,2027-06-17,32.45,32.4,32.5,32.16,898.0,0.17575134559631347,753.489990234375,0.03634999752044678,0.0075010266
SPY,put,715.0,1.0027397260273974,2027-06-17,33.615,33.56,33.67,33.24,43.0,0.1726156958007813,753.489990234375,0.03634999752044678,0.0075010266
SPY,put,725.0,1.0027397260273974,2027-06-17,36.265,36.21,36.32,36.34,30.0,0.16687081916809085,753.489990234375,0.03634999752044678,0.0075010266
SPY,put,730.0,1.0027397260273974,2027-06-17,37.730000000000004,37.67,37.79,37.74,30.0,0.1641929284667969,753.489990234375,0.03634999752044678,0.0075010266
SPY,put,735.0,1.0027397260273974,2027-06-17,39.28,39.22,39.34,38.76,25.0,0.1615646283340454,753.489990234375,0.03634999752044678,0.0075010266
SPY,put,740.0,1.0027397260273974,2027-06-17,40.815,40.76,40.87,40.15,13.0,0.15863878479003907,753.489990234375,0.03634999752044678,0.0075010266
SPY,put,745.0,1.0027397260273974,2027-06-17,42.43,42.36,42.5,42.34,11.0,0.15580830772399903,753.489990234375,0.03634999752044678,0.0075010266
SPY,put,750.0,1.0027397260273974,2027-06-17,44.095,44.05,44.14,42.91,11.0,0.15276039508819583,753.489990234375,0.03634999752044678,0.0075010266
SPY,put,755.0,1.0027397260273974,2027-06-17,45.715,45.65,45.78,44.82,14.0,0.14945308563232423,753.489990234375,0.03634999752044678,0.0075010266
SPY,put,760.0,1.0027397260273974,2027-06-17,47.72,47.65,47.79,46.73,12.0,0.14710325561523438,753.489990234375,0.03634999752044678,0.0075010266
SPY,put,765.0,1.0027397260273974,2027-06-17,49.57,49.5,49.64,48.71,11.0,0.1439370885467529,753.489990234375,0.03634999752044678,0.0075010266
SPY,put,775.0,1.0027397260273974,2027-06-17,53.685,53.6,53.77,52.92,239.0,0.13809303077697752,753.489990234375,0.03634999752044678,0.0075010266
SPY,put,780.0,1.0027397260273974,2027-06-17,55.900000000000006,55.81,55.99,55.86,14.0,0.1351900751876831,753.489990234375,0.03634999752044678,0.0075010266
SPY,put,790.0,1.0027397260273974,2027-06-17,60.615,60.52,60.71,59.65,87.0,0.1292353923034668,753.489990234375,0.03634999752044678,0.0075010266
SPY,put,800.0,1.0027397260273974,2027-06-17,65.735,65.65,65.82,64.2,12.0,0.12300986862182617,753.489990234375,0.03634999752044678,0.0075010266
SPY,put,805.0,1.0027397260273974,2027-06-17,68.53,68.43,68.63,67.65,682.0,0.1201412449645996,753.489990234375,0.03634999752044678,0.0075010266
SPY,put,840.0,1.0027397260273974,2027-06-17,91.89,89.95,93.83,115.73,28.0,0.10930761306762696,753.489990234375,0.03634999752044678,0.0075010266
SPY,put,860.0,1.0027397260273974,2027-06-17,109.03999999999999,106.58,111.5,103.38,11.0,0.11038334693908691,753.489990234375,0.03634999752044678,0.0075010266
SPY,put,930.0,1.0027397260273974,2027-06-17,178.75,176.5,181.0,183.17,50.0,0.14954463745117189,753.489990234375,0.03634999752044678,0.0075010266
SPY,call,555.0,1.2547945205479452,2027-09-17,232.115,229.73,234.5,230.5,10.0,0.37194689338684084,753.489990234375,0.03634999752044678,0.0075010266
SPY,call,620.0,1.2547945205479452,2027-09-17,177.18,175.51,178.85,180.12,33.0,0.3215170998382568,753.489990234375,0.03634999752044678,0.0075010266
SPY,call,650.0,1.2547945205479452,2027-09-17,153.755,151.51,156.0,155.61,50.0,0.3060066958618164,753.489990234375,0.03634999752044678,0.0075010266
SPY,call,665.0,1.2547945205479452,2027-09-17,141.26,139.75,142.77,145.01,10.0,0.29092734836578366,753.489990234375,0.03634999752044678,0.0075010266
SPY,call,675.0,1.2547945205479452,2027-09-17,133.855,132.29,135.42,135.06,41.0,0.28564404548645017,753.489990234375,0.03634999752044678,0.0075010266
SPY,call,710.0,1.2547945205479452,2027-09-17,108.765,106.53,111.0,110.85,1182.0,0.26839797161102286,753.489990234375,0.03634999752044678,0.0075010266
SPY,call,730.0,1.2547945205479452,2027-09-17,94.75,92.5,97.0,95.88,29.0,0.2561567304992676,753.489990234375,0.03634999752044678,0.0075010266
SPY,call,735.0,1.2547945205479452,2027-09-17,91.65,89.3,94.0,94.5,10.0,0.25436384071350104,753.489990234375,0.03634999752044678,0.0075010266
SPY,call,750.0,1.2547945205479452,2027-09-17,81.61,79.22,84.0,81.72,43.0,0.24522391746520997,753.489990234375,0.03634999752044678,0.0075010266
SPY,call,775.0,1.2547945205479452,2027-09-17,67.31,66.12,68.5,68.35,37.0,0.23101049758911135,753.489990234375,0.03634999752044678,0.0075010266
SPY,call,785.0,1.2547945205479452,2027-09-17,60.565,60.52,60.61,47.8,10.0,0.21936052864074707,753.489990234375,0.03634999752044678,0.0075010266
SPY,call,815.0,1.2547945205479452,2027-09-17,44.925,44.88,44.97,45.73,10.0,0.20442995285034177,753.489990234375,0.03634999752044678,0.0075010266
SPY,call,820.0,1.2547945205479452,2027-09-17,42.775,42.73,42.82,44.26,15.0,0.20273624420166014,753.489990234375,0.03634999752044678,0.0075010266
SPY,call,840.0,1.2547945205479452,2027-09-17,34.084999999999994,34.05,34.12,35.0,210.0,0.1938252005004883,753.489990234375,0.03634999752044678,0.0075010266
SPY,call,845.0,1.2547945205479452,2027-09-17,32.07,32.03,32.11,26.94,25.0,0.19163558616638185,753.489990234375,0.03634999752044678,0.0075010266
SPY,call,880.0,1.2547945205479452,2027-09-17,20.695,20.66,20.73,21.24,33.0,0.17967281517028807,753.489990234375,0.03634999752044678,0.0075010266
SPY,call,885.0,1.2547945205479452,2027-09-17,19.385,19.35,19.42,19.71,14.0,0.17827664993286135,753.489990234375,0.03634999752044678,0.0075010266
SPY,call,900.0,1.2547945205479452,2027-09-17,15.875,15.84,15.91,17.02,104.0,0.1744772494506836,753.489990234375,0.03634999752044678,0.0075010266
SPY,call,910.0,1.2547945205479452,2027-09-17,13.895,13.86,13.93,11.22,10.0,0.17242496284484868,753.489990234375,0.03634999752044678,0.0075010266
SPY,call,955.0,1.2547945205479452,2027-09-17,7.37,7.34,7.4,7.5,47.0,0.16483379119873048,753.489990234375,0.03634999752044678,0.0075010266
SPY,call,965.0,1.2547945205479452,2027-09-17,6.404999999999999,6.38,6.43,5.2,20.0,0.16375805732727053,753.489990234375,0.03634999752044678,0.0075010266
SPY,call,970.0,1.2547945205479452,2027-09-17,5.984999999999999,5.96,6.01,4.8,10.0,0.16339185005187992,753.489990234375,0.03634999752044678,0.0075010266
SPY,call,990.0,1.2547945205479452,2027-09-17,4.494999999999999,4.47,4.52,4.75,315.0,0.1616599948120117,753.489990234375,0.03634999752044678,0.0075010266
SPY,call,995.0,1.2547945205479452,2027-09-17,4.18,4.16,4.2,4.53,56.0,0.16123275299072265,753.489990234375,0.03634999752044678,0.0075010266
SPY,call,1000.0,1.2547945205479452,2027-09-17,3.885,3.86,3.91,3.97,54.0,0.16089706298828127,753.489990234375,0.03634999752044678,0.0075010266
SPY,call,1010.0,1.2547945205479452,2027-09-17,3.4,3.38,3.42,3.93,25.0,0.16059189025878906,753.489990234375,0.03634999752044678,0.0075010266
SPY,call,1035.0,1.2547945205479452,2027-09-17,2.44,2.42,2.46,1.9,55.0,0.16025620025634768,753.489990234375,0.03634999752044678,0.0075010266
SPY,call,1085.0,1.2547945205479452,2027-09-17,1.375,1.36,1.39,0.95,10.0,0.16245344390869143,753.489990234375,0.03634999752044678,0.0075010266
SPY,call,1090.0,1.2547945205479452,2027-09-17,1.3,1.29,1.31,1.04,10.0,0.1626060302734375,753.489990234375,0.03634999752044678,0.0075010266
SPY,call,1110.0,1.2547945205479452,2027-09-17,1.07,1.06,1.08,0.81,25.0,0.16431499755859375,753.489990234375,0.03634999752044678,0.0075010266
SPY,call,1120.0,1.2547945205479452,2027-09-17,0.975,0.96,0.99,0.89,11.0,0.16535258483886722,753.489990234375,0.03634999752044678,0.0075010266
SPY,call,1230.0,1.2547945205479452,2027-09-17,0.41000000000000003,0.4,0.42,0.36,95.0,0.17701018310546873,753.489990234375,0.03634999752044678,0.0075010266
SPY,put,140.0,1.2547945205479452,2027-09-17,0.33,0.32,0.34,0.34,78.0,0.5844768115234374,753.489990234375,0.03634999752044678,0.0075010266
SPY,put,190.0,1.2547945205479452,2027-09-17,0.7,0.69,0.71,0.77,33.0,0.5251512329101562,753.489990234375,0.03634999752044678,0.0075010266
SPY,put,210.0,1.2547945205479452,2027-09-17,0.895,0.89,0.9,1.03,10.0,0.5041553491210937,753.489990234375,0.03634999752044678,0.0075010266
SPY,put,220.0,1.2547945205479452,2027-09-17,1.0,0.99,1.01,1.02,20.0,0.49451189086914066,753.489990234375,0.03634999752044678,0.0075010266
SPY,put,250.0,1.2547945205479452,2027-09-17,1.34,1.33,1.35,1.55,10.0,0.4643608251953125,753.489990234375,0.03634999752044678,0.0075010266
SPY,put,320.0,1.2547945205479452,2027-09-17,2.41,2.4,2.42,2.89,54.0,0.40259386474609377,753.489990234375,0.03634999752044678,0.0075010266
SPY,put,350.0,1.2547945205479452,2027-09-17,3.0,2.99,3.01,2.93,20.0,0.3785767709350586,753.489990234375,0.03634999752044678,0.0075010266
SPY,put,355.0,1.2547945205479452,2027-09-17,3.0999999999999996,3.09,3.11,3.48,10.0,0.3745179736328125,753.489990234375,0.03634999752044678,0.0075010266
SPY,put,360.0,1.2547945205479452,2027-09-17,3.215,3.2,3.23,3.61,10.0,0.37091693542480464,753.489990234375,0.03634999752044678,0.0075010266
SPY,put,380.0,1.2547945205479452,2027-09-17,3.955,3.94,3.97,4.52,11.0,0.36072416625976556,753.489990234375,0.03634999752044678,0.0075010266
SPY,put,400.0,1.2547945205479452,2027-09-17,4.234999999999999,4.22,4.25,4.23,73.0,0.3416508706665039,753.489990234375,0.03634999752044678,0.0075010266
SPY,put,410.0,1.2547945205479452,2027-09-17,4.525,4.51,4.54,4.47,10.0,0.33460138061523437,753.489990234375,0.03634999752044678,0.0075010266
SPY,put,425.0,1.2547945205479452,2027-09-17,5.02,5.0,5.04,6.0,87.0,0.3246832669067382,753.489990234375,0.03634999752044678,0.0075010266
SPY,put,435.0,1.2547945205479452,2027-09-17,5.365,5.35,5.38,5.62,30.0,0.31793894958496094,753.489990234375,0.03634999752044678,0.0075010266
SPY,put,485.0,1.2547945205479452,2027-09-17,7.595000000000001,7.57,7.62,8.52,31.0,0.28754374572753894,753.489990234375,0.03634999752044678,0.0075010266
SPY,put,500.0,1.2547945205479452,2027-09-17,8.445,8.42,8.47,10.27,215.0,0.279029426574707,753.489990234375,0.03634999752044678,0.0075010266
SPY,put,515.0,1.2547945205479452,2027-09-17,9.405000000000001,9.38,9.43,10.4,21.0,0.2708355387878418,753.489990234375,0.03634999752044678,0.0075010266
SPY,put,520.0,1.2547945205479452,2027-09-17,9.765,9.74,9.79,9.71,11.0,0.2682720878601074,753.489990234375,0.03634999752044678,0.0075010266
SPY,put,585.0,1.2547945205479452,2027-09-17,15.595,15.56,15.63,19.24,51.0,0.23509981216430664,753.489990234375,0.03634999752044678,0.0075010266
SPY,put,595.0,1.2547945205479452,2027-09-17,16.75,16.71,16.79,16.38,18.0,0.2301865312194824,753.489990234375,0.03634999752044678,0.0075010266
SPY,put,620.0,1.2547945205479452,2027-09-17,19.97,19.93,20.01,19.69,30.0,0.2177507424926758,753.489990234375,0.03634999752044678,0.0075010266
SPY,put,625.0,1.2547945205479452,2027-09-17,20.715000000000003,20.67,20.76,20.97,27.0,0.2154466883850098,753.489990234375,0.03634999752044678,0.0075010266
SPY,put,630.0,1.2547945205479452,2027-09-17,21.525,21.48,21.57,21.23,18.0,0.21328759132385253,753.489990234375,0.03634999752044678,0.0075010266
SPY,put,640.0,1.2547945205479452,2027-09-17,23.025,22.98,23.07,22.74,14.0,0.20812254287719723,753.489990234375,0.03634999752044678,0.0075010266
SPY,put,650.0,1.2547945205479452,2027-09-17,24.72,24.67,24.77,24.36,112.0,0.2033389603424072,753.489990234375,0.03634999752044678,0.0075010266
SPY,put,675.0,1.2547945205479452,2027-09-17,29.41,29.35,29.47,33.87,12.0,0.19100998207092287,753.489990234375,0.03634999752044678,0.0075010266
SPY,put,695.0,1.2547945205479452,2027-09-17,33.775,33.73,33.82,33.09,51.0,0.18095454063415525,753.489990234375,0.03634999752044678,0.0075010266
SPY,put,720.0,1.2547945205479452,2027-09-17,40.135000000000005,40.06,40.21,39.64,10.0,0.16831276031494147,753.489990234375,0.03634999752044678,0.0075010266
SPY,put,735.0,1.2547945205479452,2027-09-17,44.480000000000004,44.4,44.56,50.1,15.0,0.16040115730285645,753.489990234375,0.03634999752044678,0.0075010266
SPY,put,740.0,1.2547945205479452,2027-09-17,46.05,45.96,46.14,45.58,14.0,0.1578033744430542,753.489990234375,0.03634999752044678,0.0075010266
SPY,put,750.0,1.2547945205479452,2027-09-17,49.34,49.25,49.43,49.16,14.0,0.15241326110839848,753.489990234375,0.03634999752044678,0.0075010266
SPY,put,780.0,1.2547945205479452,2027-09-17,60.955,60.84,61.07,74.11,11.0,0.13620477451324464,753.489990234375,0.03634999752044678,0.0075010266
SPY,put,800.0,1.2547945205479452,2027-09-17,70.42,70.3,70.54,69.45,11.0,0.12514226306915283,753.489990234375,0.03634999752044678,0.0075010266
SPY,put,900.0,1.2547945205479452,2027-09-17,148.55,146.1,151.0,151.49,10.0,0.11837124313354491,753.489990234375,0.03634999752044678,0.0075010266
