ticker,kind,strike,expiry,expiry_date,mid,bid,ask,last_price,volume,implied_volatility_yf,S,r,q
SPY,call,575.0,0.0027397260273972603,2026-10-06,198.345,197.39,199.3,197.36,10.0,1.0000000000000003e-05,774.4213256835938,0.040199999809265134,0.0073566865
SPY,call,590.0,0.0027397260273972603,2026-10-06,183.29000000000002,182.36,184.22,179.69,32.0,1.0000000000000003e-05,774.4213256835938,0.040199999809265134,0.0073566865
SPY,call,595.0,0.0027397260273972603,2026-10-06,178.405,177.6,179.21,174.21,12.0,1.0000000000000003e-05,774.4213256835938,0.040199999809265134,0.0073566865
SPY,call,600.0,0.0027397260273972603,2026-10-06,173.215,172.4,174.03,169.73,14.0,1.0000000000000003e-05,774.4213256835938,0.040199999809265134,0.0073566865
SPY,call,605.0,0.0027397260273972603,2026-10-06,168.45499999999998,167.6,169.31,167.6,28.0,1.0000000000000003e-05,774.4213256835938,0.040199999809265134,0.0073566865
SPY,call,610.0,0.0027397260273972603,2026-10-06,163.34,162.47,164.21,159.12,32.0,1.0000000000000003e-05,774.4213256835938,0.040199999809265134,0.0073566865
SPY,call,615.0,0.0027397260273972603,2026-10-06,158.36,157.41,159.31,154.72,50.0,1.0000000000000003e-05,774.4213256835938,0.040199999809265134,0.0073566865
SPY,call,620.0,0.0027397260273972603,2026-10-06,153.305,152.31,154.3,149.13,42.0,1.0000000000000003e-05,774.4213256835938,0.040199999809265134,0.0073566865
SPY,call,625.0,0.0027397260273972603,2026-10-06,148.255,147.25,149.26,144.38,56.0,1.0000000000000003e-05,774.4213256835938,0.040199999809265134,0.0073566865
SPY,call,630.0,0.0027397260273972603,2026-10-06,143.455,142.61,144.3,139.18,12.0,1.0000000000000003e-05,774.4213256835938,0.040199999809265134,0.0073566865
SPY,call,640.0,0.0027397260273972603,2026-10-06,133.395,132.46,134.33,129.6,10.0,1.0000000000000003e-05,774.4213256835938,0.040199999809265134,0.0073566865
SPY,call,645.0,0.0027397260273972603,2026-10-06,128.31,127.36,129.26,124.55,46.0,1.0000000000000003e-05,774.4213256835938,0.040199999809265134,0.0073566865
SPY,call,655.0,0.0027397260273972603,2026-10-06,118.00999999999999,117.1,118.92,115.14,10.0,1.0000000000000003e-05,774.4213256835938,0.040199999809265134,0.0073566865
SPY,call,660.0,0.0027397260273972603,2026-10-06,113.32,112.41,114.23,113.0,28.0,1.0000000000000003e-05,774.4213256835938,0.040199999809265134,0.0073566865
SPY,call,665.0,0.0027397260273972603,2026-10-06,108.33,107.34,109.32,108.05,35.0,1.0000000000000003e-05,774.4213256835938,0.040199999809265134,0.0073566865
SPY,call,670.0,0.0027397260273972603,2026-10-06,103.435,102.61,104.26,102.99,48.0,1.0000000000000003e-05,774.4213256835938,0.040199999809265134,0.0073566865
SPY,call,675.0,0.0027397260273972603,2026-10-06,98.32,97.37,99.27,97.63,12.0,1.0000000000000003e-05,774.4213256835938,0.040199999809265134,0.0073566865
SPY,call,680.0,0.0027397260273972603,2026-10-06,93.36500000000001,92.44,94.29,92.74,10.0,1.0000000000000003e-05,774.4213256835938,0.040199999809265134,0.0073566865
SPY,call,685.0,0.0027397260273972603,2026-10-06,88.375,87.46,89.29,88.54,25.0,1.0000000000000003e-05,774.4213256835938,0.040199999809265134,0.0073566865
SPY,call,690.0,0.0027397260273972603,2026-10-06,83.225,82.42,84.03,82.97,16.0,1.0000000000000003e-05,774.4213256835938,0.040199999809265134,0.0073566865
SPY,call,695.0,0.0027397260273972603,2026-10-06,78.49,77.63,79.35,78.21,62.0,1.0000000000000003e-05,774.4213256835938,0.040199999809265134,0.0073566865
SPY,call,700.0,0.0027397260273972603,2026-10-06,73.38499999999999,72.46,74.31,73.02,24.0,1.0000000000000003e-05,774.4213256835938,0.040199999809265134,0.0073566865
SPY,call,705.0,0.0027397260273972603,2026-10-06,68.465,67.62,69.31,68.36,24.0,1.0000000000000003e-05,774.4213256835938,0.040199999809265134,0.0073566865
SPY,call,710.0,0.0027397260273972603,2026-10-06,63.474999999999994,62.62,64.33,63.87,26.0,1.0000000000000003e-05,774.4213256835938,0.040199999809265134,0.0073566865
SPY,call,715.0,0.0027397260273972603,2026-10-06,58.285,57.48,59.09,58.31,14.0,1.0000000000000003e-05,774.4213256835938,0.040199999809265134,0.0073566865
SPY,call,720.0,0.0027397260273972603,2026-10-06,53.415,52.47,54.36,54.36,18.0,1.0000000000000003e-05,774.4213256835938,0.040199999809265134,0.0073566865
SPY,call,723.0,0.0027397260273972603,2026-10-06,50.3,49.37,51.23,50.13,16.0,1.0000000000000003e-05,774.4213256835938,0.040199999809265134,0.0073566865
SPY,call,728.0,0.0027397260273972603,2026-10-06,45.355000000000004,44.45,46.26,41.25,10.0,1.0000000000000003e-05,774.4213256835938,0.040199999809265134,0.0073566865
SPY,call,730.0,0.0027397260273972603,2026-10-06,43.53,43.4,43.66,43.59,15.0,1.0000000000000003e-05,774.4213256835938,0.040199999809265134,0.0073566865
SPY,call,731.0,0.0027397260273972603,2026-10-06,42.155,41.36,42.95,43.03,12.0,1.0000000000000003e-05,774.4213256835938,0.040199999809265134,0.0073566865
SPY,call,733.0,0.0027397260273972603,2026-10-06,40.285,39.63,40.94,40.08,26.0,1.0000000000000003e-05,774.4213256835938,0.040199999809265134,0.0073566865
SPY,call,736.0,0.0027397260273972603,2026-10-06,37.175,36.63,37.72,37.07,14.0,1.0000000000000003e-05,774.4213256835938,0.040199999809265134,0.0073566865
SPY,call,738.0,0.0027397260273972603,2026-10-06,35.16,34.37,35.95,35.0,12.0,1.0000000000000003e-05,774.4213256835938,0.040199999809265134,0.0073566865
SPY,call,748.0,0.0027397260273972603,2026-10-06,25.2,24.4,26.0,26.0,12.0,1.0000000000000003e-05,774.4213256835938,0.040199999809265134,0.0073566865
SPY,call,749.0,0.0027397260273972603,2026-10-06,24.075,23.56,24.59,24.15,15.0,1.0000000000000003e-05,774.4213256835938,0.040199999809265134,0.0073566865
SPY,call,750.0,0.0027397260273972603,2026-10-06,23.22,22.47,23.97,22.6,27.0,1.0000000000000003e-05,774.4213256835938,0.040199999809265134,0.0073566865
SPY,call,751.0,0.0027397260273972603,2026-10-06,22.105,21.48,22.73,22.36,14.0,1.0000000000000003e-05,774.4213256835938,0.040199999809265134,0.0073566865
SPY,call,752.0,0.0027397260273972603,2026-10-06,20.97,20.38,21.56,21.13,14.0,1.0000000000000003e-05,774.4213256835938,0.040199999809265134,0.0073566865
SPY,call,755.0,0.0027397260273972603,2026-10-06,18.095,17.48,18.71,18.5,102.0,1.0000000000000003e-05,774.4213256835938,0.040199999809265134,0.0073566865
SPY,call,756.0,0.0027397260273972603,2026-10-06,17.130000000000003,16.51,17.75,17.59,10.0,1.0000000000000003e-05,774.4213256835938,0.040199999809265134,0.0073566865
SPY,call,757.0,0.0027397260273972603,2026-10-06,16.045,15.43,16.66,16.23,24.0,1.0000000000000003e-05,774.4213256835938,0.040199999809265134,0.0073566865
SPY,call,758.0,0.0027397260273972603,2026-10-06,15.295,14.98,15.61,15.01,12.0,1.0000000000000003e-05,774.4213256835938,0.040199999809265134,0.0073566865
SPY,call,759.0,0.0027397260273972603,2026-10-06,14.115,13.63,14.6,13.84,12.0,1.0000000000000003e-05,774.4213256835938,0.040199999809265134,0.0073566865
SPY,call,760.0,0.0027397260273972603,2026-10-06,13.375,12.98,13.77,13.53,201.0,1.0000000000000003e-05,774.4213256835938,0.040199999809265134,0.0073566865
SPY,call,761.0,0.0027397260273972603,2026-10-06,12.370000000000001,12.06,12.68,12.35,178.0,1.0000000000000003e-05,774.4213256835938,0.040199999809265134,0.0073566865
SPY,call,762.0,0.0027397260273972603,2026-10-06,11.405000000000001,11.06,11.75,11.35,415.0,1.0000000000000003e-05,774.4213256835938,0.040199999809265134,0.0073566865
SPY,call,763.0,0.0027397260273972603,2026-10-06,10.435,10.07,10.8,10.77,3210.0,1.0000000000000003e-05,774.4213256835938,0.040199999809265134,0.0073566865
SPY,call,764.0,0.0027397260273972603,2026-10-06,9.495,9.12,9.87,9.81,520.0,1.0000000000000003e-05,774.4213256835938,0.040199999809265134,0.0073566865
SPY,call,765.0,0.0027397260273972603,2026-10-06,8.65,8.39,8.91,8.65,488.0,1.0000000000000003e-05,774.4213256835938,0.040199999809265134,0.0073566865
SPY,call,766.0,0.0027397260273972603,2026-10-06,7.545,7.23,7.86,7.7,516.0,1.0000000000000003e-05,774.4213256835938,0.040199999809265134,0.0073566865
SPY,call,767.0,0.0027397260273972603,2026-10-06,6.83,6.65,7.01,6.99,478.0,1.0000000000000003e-05,774.4213256835938,0.040199999809265134,0.0073566865
SPY,call,768.0,0.0027397260273972603,2026-10-06,6.0,5.98,6.02,6.1,2616.0,1.0000000000000003e-05,774.4213256835938,0.040199999809265134,0.0073566865
SPY,call,769.0,0.0027397260273972603,2026-10-06,5.1850000000000005,5.18,5.19,5.16,9739.0,1.0000000000000003e-05,774.4213256835938,0.040199999809265134,0.0073566865
SPY,call,770.0,0.0027397260273972603,2026-10-06,4.37,4.36,4.38,4.38,13148.0,1.0000000000000003e-05,774.4213256835938,0.040199999809265134,0.0073566865
SPY,call,771.0,0.0027397260273972603,2026-10-06,3.5549999999999997,3.55,3.56,3.6,17942.0,0.049570051269531255,774.4213256835938,0.040199999809265134,0.0073566865
SPY,call,772.0,0.0027397260273972603,2026-10-06,2.875,2.87,2.88,2.85,28961.0,0.05933557861328125,774.4213256835938,0.040199999809265134,0.0073566865
SPY,call,773.0,0.0027397260273972603,2026-10-06,2.225,2.22,2.23,2.23,38259.0,0.062204202270507825,774.4213256835938,0.040199999809265134,0.0073566865
SPY,call,774.0,0.0027397260273972603,2026-10-06,1.6749999999999998,1.67,1.68,1.67,40335.0,0.06434041137695312,774.4213256835938,0.040199999809265134,0.0073566865
SPY,call,775.0,0.0027397260273972603,2026-10-06,1.1949999999999998,1.19,1.2,1.19,28979.0,0.06470661865234376,774.4213256835938,0.040199999809265134,0.0073566865
SPY,call,776.0,0.0027397260273972603,2026-10-06,0.825,0.82,0.83,0.82,9920.0,0.06531696411132812,774.4213256835938,0.040199999809265134,0.0073566865
SPY,call,777.0,0.0027397260273972603,2026-10-06,0.535,0.53,0.54,0.53,11631.0,0.06519489501953124,774.4213256835938,0.040199999809265134,0.0073566865
SPY,call,778.0,0.0027397260273972603,2026-10-06,0.345,0.34,0.35,0.35,13496.0,0.06617144775390627,774.4213256835938,0.040199999809265134,0.0073566865
SPY,call,779.0,0.0027397260273972603,2026-10-06,0.215,0.21,0.22,0.22,4437.0,0.06714800048828126,774.4213256835938,0.040199999809265134,0.0073566865
SPY,call,780.0,0.0027397260273972603,2026-10-06,0.125,0.12,0.13,0.12,7088.0,0.06763627685546877,774.4213256835938,0.040199999809265134,0.0073566865
SPY,call,781.0,0.0027397260273972603,2026-10-06,0.07500000000000001,0.07,0.08,0.08,3016.0,0.06910110595703126,774.4213256835938,0.040199999809265134,0.0073566865
SPY,call,782.0,0.0027397260273972603,2026-10-06,0.045,0.04,0.05,0.05,1192.0,0.07081007324218751,774.4213256835938,0.040199999809265134,0.0073566865
SPY,call,783.0,0.0027397260273972603,2026-10-06,0.035,0.03,0.04,0.04,1033.0,0.07569283691406252,774.4213256835938,0.040199999809265134,0.0073566865
SPY,call,784.0,0.0027397260273972603,2026-10-06,0.025,0.02,0.03,0.03,694.0,0.07911077148437501,774.4213256835938,0.040199999809265134,0.0073566865
SPY,call,785.0,0.0027397260273972603,2026-10-06,0.015,0.01,0.02,0.02,927.0,0.08204042968750001,774.4213256835938,0.040199999809265134,0.0073566865
SPY,call,786.0,0.0027397260273972603,2026-10-06,0.015,0.01,0.02,0.02,1238.0,0.08789974609375001,774.4213256835938,0.040199999809265134,0.0073566865
SPY,put,705.0,0.0027397260273972603,2026-10-06,0.015,0.01,0.02,0.02,344.0,0.45703667968750006,774.4213256835938,0.040199999809265134,0.0073566865
SPY,put,710.0,0.0027397260273972603,2026-10-06,0.015,0.01,0.02,0.02,110.0,0.42578699218750005,774.4213256835938,0.040199999809265134,0.0073566865
SPY,put,723.0,0.0027397260273972603,2026-10-06,0.015,0.01,0.02,0.02,190.0,0.3437565625,774.4213256835938,0.040199999809265134,0.0073566865
SPY,put,724.0,0.0027397260273972603,2026-10-06,0.015,0.01,0.02,0.02,57.0,0.335944140625,774.4213256835938,0.040199999809265134,0.0073566865
SPY,put,725.0,0.0027397260273972603,2026-10-06,0.015,0.01,0.02,0.03,12.0,0.3320379296875,774.4213256835938,0.040199999809265134,0.0073566865
SPY,put,727.0,0.0027397260273972603,2026-10-06,0.015,0.01,0.02,0.03,22.0,0.31836619140624994,774.4213256835938,0.040199999809265134,0.0073566865
SPY,put,729.0,0.0027397260273972603,2026-10-06,0.015,0.01,0.02,0.03,12.0,0.304694453125,774.4213256835938,0.040199999809265134,0.0073566865
SPY,put,730.0,0.0027397260273972603,2026-10-06,0.015,0.01,0.02,0.01,11.0,0.3007882421875,774.4213256835938,0.040199999809265134,0.0073566865
SPY,put,731.0,0.0027397260273972603,2026-10-06,0.015,0.01,0.02,0.02,15.0,0.2929758203124999,774.4213256835938,0.040199999809265134,0.0073566865
SPY,put,733.0,0.0027397260273972603,2026-10-06,0.015,0.01,0.02,0.02,11.0,0.28125718749999995,774.4213256835938,0.040199999809265134,0.0073566865
SPY,put,734.0,0.0027397260273972603,2026-10-06,0.015,0.01,0.02,0.02,9023.0,0.273444765625,774.4213256835938,0.040199999809265134,0.0073566865
SPY,put,735.0,0.0027397260273972603,2026-10-06,0.025,0.02,0.03,0.03,40715.0,0.28125718749999995,774.4213256835938,0.040199999809265134,0.0073566865
SPY,put,736.0,0.0027397260273972603,2026-10-06,0.025,0.02,0.03,0.02,1195.0,0.273444765625,774.4213256835938,0.040199999809265134,0.0073566865
SPY,put,737.0,0.0027397260273972603,2026-10-06,0.025,0.02,0.03,0.02,4102.0,0.26758544921875,774.4213256835938,0.040199999809265134,0.0073566865
SPY,put,738.0,0.0027397260273972603,2026-10-06,0.025,0.02,0.03,0.03,2819.0,0.2617261328125,774.4213256835938,0.040199999809265134,0.0073566865
SPY,put,739.0,0.0027397260273972603,2026-10-06,0.025,0.02,0.03,0.02,6055.0,0.25391371093750004,774.4213256835938,0.040199999809265134,0.0073566865
SPY,put,740.0,0.0027397260273972603,2026-10-06,0.025,0.02,0.03,0.02,1134.0,0.24805439453125,774.4213256835938,0.040199999809265134,0.0073566865
SPY,put,741.0,0.0027397260273972603,2026-10-06,0.025,0.02,0.03,0.02,50.0,0.242195078125,774.4213256835938,0.040199999809265134,0.0073566865
SPY,put,742.0,0.0027397260273972603,2026-10-06,0.025,0.02,0.03,0.02,126.0,0.23438265625,774.4213256835938,0.040199999809265134,0.0073566865
SPY,put,743.0,0.0027397260273972603,2026-10-06,0.025,0.02,0.03,0.02,95.0,0.22852333984375,774.4213256835938,0.040199999809265134,0.0073566865
SPY,put,744.0,0.0027397260273972603,2026-10-06,0.025,0.02,0.03,0.03,64.0,0.22168747070312497,774.4213256835938,0.040199999809265134,0.0073566865
SPY,put,745.0,0.0027397260273972603,2026-10-06,0.025,0.02,0.03,0.03,111.0,0.2148516015625,774.4213256835938,0.040199999809265134,0.0073566865
SPY,put,746.0,0.0027397260273972603,2026-10-06,0.025,0.02,0.03,0.03,2330.0,0.20899228515624996,774.4213256835938,0.040199999809265134,0.0073566865
SPY,put,747.0,0.0027397260273972603,2026-10-06,0.025,0.02,0.03,0.03,231.0,0.20117986328124998,774.4213256835938,0.040199999809265134,0.0073566865
SPY,put,748.0,0.0027397260273972603,2026-10-06,0.035,0.03,0.04,0.04,121.0,0.20215641601562498,774.4213256835938,0.040199999809265134,0.0073566865
SPY,put,749.0,0.0027397260273972603,2026-10-06,0.035,0.03,0.04,0.03,89.0,0.195320546875,774.4213256835938,0.040199999809265134,0.0073566865
SPY,put,750.0,0.0027397260273972603,2026-10-06,0.035,0.03,0.04,0.03,452.0,0.188484677734375,774.4213256835938,0.040199999809265134,0.0073566865
SPY,put,751.0,0.0027397260273972603,2026-10-06,0.035,0.03,0.04,0.04,145.0,0.18164880859375,774.4213256835938,0.040199999809265134,0.0073566865
SPY,put,752.0,0.0027397260273972603,2026-10-06,0.045,0.04,0.05,0.04,316.0,0.180672255859375,774.4213256835938,0.040199999809265134,0.0073566865
SPY,put,753.0,0.0027397260273972603,2026-10-06,0.045,0.04,0.05,0.04,372.0,0.17285983398437502,774.4213256835938,0.040199999809265134,0.0073566865
SPY,put,754.0,0.0027397260273972603,2026-10-06,0.045,0.04,0.05,0.05,845.0,0.16602396484375004,774.4213256835938,0.040199999809265134,0.0073566865
SPY,put,755.0,0.0027397260273972603,2026-10-06,0.055,0.05,0.06,0.05,3029.0,0.16309430664062502,774.4213256835938,0.040199999809265134,0.0073566865
SPY,put,756.0,0.0027397260273972603,2026-10-06,0.055,0.05,0.06,0.06,740.0,0.1562584375,774.4213256835938,0.040199999809265134,0.0073566865
SPY,put,757.0,0.0027397260273972603,2026-10-06,0.065,0.06,0.07,0.06,1421.0,0.15235222656250003,774.4213256835938,0.040199999809265134,0.0073566865
SPY,put,758.0,0.0027397260273972603,2026-10-06,0.065,0.06,0.07,0.07,744.0,0.1445398046875,774.4213256835938,0.040199999809265134,0.0073566865
SPY,put,759.0,0.0027397260273972603,2026-10-06,0.07500000000000001,0.07,0.08,0.08,1102.0,0.1401453173828125,774.4213256835938,0.040199999809265134,0.0073566865
SPY,put,760.0,0.0027397260273972603,2026-10-06,0.08499999999999999,0.08,0.09,0.09,6494.0,0.13526255371093754,774.4213256835938,0.040199999809265134,0.0073566865
SPY,put,761.0,0.0027397260273972603,2026-10-06,0.10500000000000001,0.1,0.11,0.11,2232.0,0.131844619140625,774.4213256835938,0.040199999809265134,0.0073566865
SPY,put,762.0,0.0027397260273972603,2026-10-06,0.11499999999999999,0.11,0.12,0.12,2410.0,0.12574116455078127,774.4213256835938,0.040199999809265134,0.0073566865
SPY,put,763.0,0.0027397260273972603,2026-10-06,0.14500000000000002,0.14,0.15,0.15,2011.0,0.12256736816406251,774.4213256835938,0.040199999809265134,0.0073566865
SPY,put,764.0,0.0027397260273972603,2026-10-06,0.175,0.17,0.18,0.17,4673.0,0.1186611572265625,774.4213256835938,0.040199999809265134,0.0073566865
SPY,put,765.0,0.0027397260273972603,2026-10-06,0.215,0.21,0.22,0.22,14711.0,0.1147549462890625,774.4213256835938,0.040199999809265134,0.0073566865
SPY,put,766.0,0.0027397260273972603,2026-10-06,0.275,0.27,0.28,0.27,9029.0,0.11182528808593749,774.4213256835938,0.040199999809265134,0.0073566865
SPY,put,767.0,0.0027397260273972603,2026-10-06,0.355,0.35,0.36,0.36,8937.0,0.10938390625,774.4213256835938,0.040199999809265134,0.0073566865
SPY,put,768.0,0.0027397260273972603,2026-10-06,0.455,0.45,0.46,0.45,15184.0,0.10669838623046876,774.4213256835938,0.040199999809265134,0.0073566865
SPY,put,769.0,0.0027397260273972603,2026-10-06,0.585,0.58,0.59,0.58,19212.0,0.10425700439453123,774.4213256835938,0.040199999809265134,0.0073566865
SPY,put,770.0,0.0027397260273972603,2026-10-06,0.755,0.75,0.76,0.75,34472.0,0.10205976074218749,774.4213256835938,0.040199999809265134,0.0073566865
SPY,put,771.0,0.0027397260273972603,2026-10-06,0.985,0.98,0.99,0.98,28824.0,0.10083906982421875,774.4213256835938,0.040199999809265134,0.0073566865
SPY,put,772.0,0.0027397260273972603,2026-10-06,1.245,1.24,1.25,1.25,35786.0,0.09851975708007812,774.4213256835938,0.040199999809265134,0.0073566865
SPY,put,773.0,0.0027397260273972603,2026-10-06,1.6,1.59,1.61,1.6,22643.0,0.09809251525878906,774.4213256835938,0.040199999809265134,0.0073566865
SPY,put,774.0,0.0027397260273972603,2026-10-06,2.0549999999999997,2.05,2.06,2.06,6290.0,0.098641826171875,774.4213256835938,0.040199999809265134,0.0073566865
SPY,put,775.0,0.0027397260273972603,2026-10-06,2.605,2.6,2.61,2.55,4513.0,0.10047286254882812,774.4213256835938,0.040199999809265134,0.0073566865
SPY,put,776.0,0.0027397260273972603,2026-10-06,3.26,3.25,3.27,3.21,1070.0,0.10419596984863279,774.4213256835938,0.040199999809265134,0.0073566865
SPY,put,777.0,0.0027397260273972603,2026-10-06,3.995,3.99,4.0,3.96,873.0,0.10852942260742188,774.4213256835938,0.040199999809265134,0.0073566865
SPY,put,778.0,0.0027397260273972603,2026-10-06,4.74,4.73,4.75,4.78,440.0,0.11158114990234375,774.4213256835938,0.040199999809265134,0.0073566865
SPY,put,779.0,0.0027397260273972603,2026-10-06,5.875,5.55,6.2,5.92,235.0,0.14905636108398437,774.4213256835938,0.040199999809265134,0.0073566865
SPY,put,780.0,0.0027397260273972603,2026-10-06,6.84,6.46,7.22,6.91,167.0,0.16462017028808595,774.4213256835938,0.040199999809265134,0.0073566865
SPY,put,781.0,0.0027397260273972603,2026-10-06,7.535,7.41,7.66,7.5,82.0,0.14734739379882814,774.4213256835938,0.040199999809265134,0.0073566865
SPY,put,782.0,0.0027397260273972603,2026-10-06,8.785,8.39,9.18,8.59,106.0,0.1900715759277344,774.4213256835938,0.040199999809265134,0.0073566865
SPY,put,783.0,0.0027397260273972603,2026-10-06,9.9,9.17,10.63,10.05,54.0,0.22815713256835937,774.4213256835938,0.040199999809265134,0.0073566865
SPY,put,788.0,0.0027397260273972603,2026-10-06,14.675,13.72,15.63,19.31,15.0,0.29321995849609367,774.4213256835938,0.040199999809265134,0.0073566865
SPY,put,789.0,0.0027397260273972603,2026-10-06,15.675,14.72,16.63,17.58,14.0,0.3055489367675781,774.4213256835938,0.040199999809265134,0.0073566865
SPY,put,796.0,0.0027397260273972603,2026-10-06,22.785,21.98,23.59,22.7,82.0,0.3850159155273437,774.4213256835938,0.040199999809265134,0.0073566865
SPY,put,799.0,0.0027397260273972603,2026-10-06,25.759999999999998,24.83,26.69,30.26,64.0,0.42542078491210944,774.4213256835938,0.040199999809265134,0.0073566865
SPY,put,801.0,0.0027397260273972603,2026-10-06,27.6,26.76,28.44,30.45,68.0,0.428716650390625,774.4213256835938,0.040199999809265134,0.0073566865
SPY,put,802.0,0.0027397260273972603,2026-10-06,28.785,27.98,29.59,28.75,58.0,0.4506890869140625,774.4213256835938,0.040199999809265134,0.0073566865
SPY,put,803.0,0.0027397260273972603,2026-10-06,29.63,28.83,30.43,30.48,12.0,0.4489801196289062,774.4213256835938,0.040199999809265134,0.0073566865
SPY,put,805.0,0.0027397260273972603,2026-10-06,31.659999999999997,30.7,32.62,33.22,16.0,0.4846242944335938,774.4213256835938,0.040199999809265134,0.0073566865
SPY,put,815.0,0.0027397260273972603,2026-10-06,41.72,40.82,42.62,42.02,14.0,0.585941640625,774.4213256835938,0.040199999809265134,0.0073566865
SPY,put,820.0,0.0027397260273972603,2026-10-06,46.5,46.0,47.0,47.1,23.0,0.516606396484375,774.4213256835938,0.040199999809265134,0.0073566865
SPY,put,825.0,0.0027397260273972603,2026-10-06,51.425,50.95,51.9,51.44,82.0,0.5478560839843751,774.4213256835938,0.040199999809265134,0.0073566865
SPY,put,830.0,0.0027397260273972603,2026-10-06,56.4,55.9,56.9,56.92,16.0,0.5844768115234374,774.4213256835938,0.040199999809265134,0.0073566865
SPY,put,835.0,0.0027397260273972603,2026-10-06,61.475,61.0,61.95,61.4,26.0,0.6355016918945313,774.4213256835938,0.040199999809265134,0.0073566865
SPY,put,850.0,0.0027397260273972603,2026-10-06,76.66999999999999,75.71,77.63,78.09,10.0,0.7824728784179689,774.4213256835938,0.040199999809265134,0.0073566865
SPY,put,860.0,0.0027397260273972603,2026-10-06,86.675,85.72,87.63,87.64,10.0,0.85937640625,774.4213256835938,0.040199999809265134,0.0073566865
SPY,put,880.0,0.0027397260273972603,2026-10-06,106.57,105.71,107.43,107.67,12.0,0.9858399853515626,774.4213256835938,0.040199999809265134,0.0073566865
SPY,call,550.0,0.005479452054794521,2026-10-07,223.41500000000002,222.5,224.33,223.62,29.0,1.0000000000000003e-05,774.4213256835938,0.040199999809265134,0.0073566865
SPY,call,555.0,0.005479452054794521,2026-10-07,218.49,217.65,219.33,218.02,51.0,1.0000000000000003e-05,774.4213256835938,0.040199999809265134,0.0073566865
SPY,call,560.0,0.005479452054794521,2026-10-07,213.33499999999998,212.41,214.26,213.31,30.0,1.0000000000000003e-05,774.4213256835938,0.040199999809265134,0.0073566865
SPY,call,565.0,0.005479452054794521,2026-10-07,208.39499999999998,207.45,209.34,208.05,42.0,1.0000000000000003e-05,774.4213256835938,0.040199999809265134,0.0073566865
SPY,call,570.0,0.005479452054794521,2026-10-07,203.39,202.43,204.35,203.05,40.0,1.0000000000000003e-05,774.4213256835938,0.040199999809265134,0.0073566865
SPY,call,575.0,0.005479452054794521,2026-10-07,198.365,197.38,199.35,198.3,16.0,1.0000000000000003e-05,774.4213256835938,0.040199999809265134,0.0073566865
SPY,call,580.0,0.005479452054794521,2026-10-07,193.385,192.42,194.35,193.94,26.0,1.0000000000000003e-05,774.4213256835938,0.040199999809265134,0.0073566865
SPY,call,585.0,0.005479452054794521,2026-10-07,188.345,187.42,189.27,188.09,28.0,1.0000000000000003e-05,774.4213256835938,0.040199999809265134,0.0073566865
SPY,call,590.0,0.005479452054794521,2026-10-07,183.4,182.46,184.34,183.6,23.0,1.0000000000000003e-05,774.4213256835938,0.040199999809265134,0.0073566865
SPY,call,595.0,0.005479452054794521,2026-10-07,178.39,177.46,179.32,178.19,20.0,1.0000000000000003e-05,774.4213256835938,0.040199999809265134,0.0073566865
SPY,call,605.0,0.005479452054794521,2026-10-07,168.33999999999997,167.42,169.26,168.25,12.0,1.0000000000000003e-05,774.4213256835938,0.040199999809265134,0.0073566865
SPY,call,640.0,0.005479452054794521,2026-10-07,133.76,133.26,134.26,128.96,12.0,1.0000000000000003e-05,774.4213256835938,0.040199999809265134,0.0073566865
SPY,call,655.0,0.005479452054794521,2026-10-07,118.405,117.44,119.37,118.62,15.0,1.0000000000000003e-05,774.4213256835938,0.040199999809265134,0.0073566865
SPY,call,670.0,0.005479452054794521,2026-10-07,103.35,102.44,104.26,99.85,24.0,1.0000000000000003e-05,774.4213256835938,0.040199999809265134,0.0073566865
SPY,call,675.0,0.005479452054794521,2026-10-07,98.48,97.51,99.45,98.58,73.0,0.5742230078125,774.4213256835938,0.040199999809265134,0.0073566865
SPY,call,680.0,0.005479452054794521,2026-10-07,93.425,92.49,94.36,89.35,52.0,1.0000000000000003e-05,774.4213256835938,0.040199999809265134,0.0073566865
SPY,call,690.0,0.005479452054794521,2026-10-07,83.45500000000001,82.54,84.37,83.25,22.0,1.0000000000000003e-05,774.4213256835938,0.040199999809265134,0.0073566865
SPY,call,695.0,0.005479452054794521,2026-10-07,78.44,77.5,79.38,78.57,59.0,1.0000000000000003e-05,774.4213256835938,0.040199999809265134,0.0073566865
SPY,call,700.0,0.005479452054794521,2026-10-07,73.54499999999999,72.71,74.38,73.56,15.0,1.0000000000000003e-05,774.4213256835938,0.040199999809265134,0.0073566865
SPY,call,705.0,0.005479452054794521,2026-10-07,68.515,67.63,69.4,68.92,54.0,0.2500075,774.4213256835938,0.040199999809265134,0.0073566865
SPY,call,710.0,0.005479452054794521,2026-10-07,63.38,62.72,64.04,63.71,10.0,1.0000000000000003e-05,774.4213256835938,0.040199999809265134,0.0073566865
SPY,call,715.0,0.005479452054794521,2026-10-07,58.31,57.38,59.24,58.06,26.0,1.0000000000000003e-05,774.4213256835938,0.040199999809265134,0.0073566865
SPY,call,720.0,0.005479452054794521,2026-10-07,53.44,52.52,54.36,53.11,21.0,1.0000000000000003e-05,774.4213256835938,0.040199999809265134,0.0073566865
SPY,call,727.0,0.005479452054794521,2026-10-07,46.305,45.53,47.08,47.23,12.0,1.0000000000000003e-05,774.4213256835938,0.040199999809265134,0.0073566865
SPY,call,729.0,0.005479452054794521,2026-10-07,44.445,43.51,45.38,40.5,19.0,1.0000000000000003e-05,774.4213256835938,0.040199999809265134,0.0073566865
SPY,call,733.0,0.005479452054794521,2026-10-07,40.305,39.54,41.07,40.39,12.0,1.0000000000000003e-05,774.4213256835938,0.040199999809265134,0.0073566865
SPY,call,735.0,0.005479452054794521,2026-10-07,38.285,37.54,39.03,38.38,10.0,1.0000000000000003e-05,774.4213256835938,0.040199999809265134,0.0073566865
SPY,call,736.0,0.005479452054794521,2026-10-07,37.269999999999996,36.49,38.05,37.36,18.0,1.0000000000000003e-05,774.4213256835938,0.040199999809265134,0.0073566865
SPY,call,738.0,0.005479452054794521,2026-10-07,35.28,34.5,36.06,36.01,10.0,1.0000000000000003e-05,774.4213256835938,0.040199999809265134,0.0073566865
SPY,call,741.0,0.005479452054794521,2026-10-07,32.995000000000005,32.99,33.0,32.45,14.0,1.0000000000000003e-05,774.4213256835938,0.040199999809265134,0.0073566865
SPY,call,743.0,0.005479452054794521,2026-10-07,30.195,29.56,30.83,30.73,55.0,1.0000000000000003e-05,774.4213256835938,0.040199999809265134,0.0073566865
SPY,call,744.0,0.005479452054794521,2026-10-07,29.795,29.52,30.07,29.07,56.0,1.0000000000000003e-05,774.4213256835938,0.040199999809265134,0.0073566865
SPY,call,750.0,0.005479452054794521,2026-10-07,23.325,22.61,24.04,23.66,45.0,1.0000000000000003e-05,774.4213256835938,0.040199999809265134,0.0073566865
SPY,call,751.0,0.005479452054794521,2026-10-07,22.29,21.9,22.68,22.63,16.0,1.0000000000000003e-05,774.4213256835938,0.040199999809265134,0.0073566865
SPY,call,752.0,0.005479452054794521,2026-10-07,21.259999999999998,20.65,21.87,17.77,28.0,1.0000000000000003e-05,774.4213256835938,0.040199999809265134,0.0073566865
SPY,call,754.0,0.005479452054794521,2026-10-07,19.494999999999997,19.09,19.9,19.23,29.0,1.0000000000000003e-05,774.4213256835938,0.040199999809265134,0.0073566865
SPY,call,755.0,0.005479452054794521,2026-10-07,18.244999999999997,17.63,18.86,18.27,43.0,1.0000000000000003e-05,774.4213256835938,0.040199999809265134,0.0073566865
SPY,call,756.0,0.005479452054794521,2026-10-07,17.54,17.23,17.85,17.11,58.0,1.0000000000000003e-05,774.4213256835938,0.040199999809265134,0.0073566865
SPY,call,757.0,0.005479452054794521,2026-10-07,16.265,15.72,16.81,16.24,32.0,1.0000000000000003e-05,774.4213256835938,0.040199999809265134,0.0073566865
SPY,call,758.0,0.005479452054794521,2026-10-07,15.27,14.71,15.83,14.65,33.0,1.0000000000000003e-05,774.4213256835938,0.040199999809265134,0.0073566865
SPY,call,759.0,0.005479452054794521,2026-10-07,14.36,13.84,14.88,13.91,31.0,1.0000000000000003e-05,774.4213256835938,0.040199999809265134,0.0073566865
SPY,call,760.0,0.005479452054794521,2026-10-07,13.74,13.46,14.02,13.88,54.0,1.0000000000000003e-05,774.4213256835938,0.040199999809265134,0.0073566865
SPY,call,761.0,0.005479452054794521,2026-10-07,12.879999999999999,12.76,13.0,12.95,57.0,1.0000000000000003e-05,774.4213256835938,0.040199999809265134,0.0073566865
SPY,call,762.0,0.005479452054794521,2026-10-07,11.71,11.33,12.09,11.45,137.0,1.0000000000000003e-05,774.4213256835938,0.040199999809265134,0.0073566865
SPY,call,763.0,0.005479452054794521,2026-10-07,10.765,10.39,11.14,10.65,187.0,1.0000000000000003e-05,774.4213256835938,0.040199999809265134,0.0073566865
SPY,call,764.0,0.005479452054794521,2026-10-07,9.79,9.47,10.11,9.55,223.0,1.0000000000000003e-05,774.4213256835938,0.040199999809265134,0.0073566865
SPY,call,765.0,0.005479452054794521,2026-10-07,9.149999999999999,9.03,9.27,9.19,1797.0,1.0000000000000003e-05,774.4213256835938,0.040199999809265134,0.0073566865
SPY,call,766.0,0.005479452054794521,2026-10-07,8.265,8.15,8.38,8.32,476.0,1.0000000000000003e-05,774.4213256835938,0.040199999809265134,0.0073566865
SPY,call,767.0,0.005479452054794521,2026-10-07,7.359999999999999,7.25,7.47,7.35,966.0,0.060556269531250005,774.4213256835938,0.040199999809265134,0.0073566865
SPY,call,768.0,0.005479452054794521,2026-10-07,6.555,6.46,6.65,6.55,545.0,0.07251904052734376,774.4213256835938,0.040199999809265134,0.0073566865
SPY,call,769.0,0.005479452054794521,2026-10-07,5.779999999999999,5.75,5.81,5.79,1551.0,0.07471628417968751,774.4213256835938,0.040199999809265134,0.0073566865
SPY,call,770.0,0.005479452054794521,2026-10-07,4.9350000000000005,4.92,4.95,5.0,2844.0,0.07288524780273437,774.4213256835938,0.040199999809265134,0.0073566865
SPY,call,771.0,0.005479452054794521,2026-10-07,4.225,4.21,4.24,4.21,4009.0,0.07581490600585938,774.4213256835938,0.040199999809265134,0.0073566865
SPY,call,772.0,0.005479452054794521,2026-10-07,3.565,3.55,3.58,3.56,6483.0,0.07764594238281251,774.4213256835938,0.040199999809265134,0.0073566865
SPY,call,773.0,0.005479452054794521,2026-10-07,2.91,2.9,2.92,2.94,6014.0,0.07673042419433596,774.4213256835938,0.040199999809265134,0.0073566865
SPY,call,774.0,0.005479452054794521,2026-10-07,2.375,2.37,2.38,2.38,3635.0,0.07764594238281251,774.4213256835938,0.040199999809265134,0.0073566865
SPY,call,775.0,0.005479452054794521,2026-10-07,1.875,1.87,1.88,1.85,4982.0,0.07734076965332033,774.4213256835938,0.040199999809265134,0.0073566865
SPY,call,776.0,0.005479452054794521,2026-10-07,1.4449999999999998,1.44,1.45,1.39,1328.0,0.07691352783203126,774.4213256835938,0.040199999809265134,0.0073566865
SPY,call,777.0,0.005479452054794521,2026-10-07,1.0950000000000002,1.09,1.1,1.1,1075.0,0.07679145874023438,774.4213256835938,0.040199999809265134,0.0073566865
SPY,call,778.0,0.005479452054794521,2026-10-07,0.815,0.81,0.82,0.81,1415.0,0.07691352783203126,774.4213256835938,0.040199999809265134,0.0073566865
SPY,call,779.0,0.005479452054794521,2026-10-07,0.575,0.57,0.58,0.58,1929.0,0.07605904418945314,774.4213256835938,0.040199999809265134,0.0073566865
SPY,call,780.0,0.005479452054794521,2026-10-07,0.405,0.4,0.41,0.4,2691.0,0.07605904418945314,774.4213256835938,0.040199999809265134,0.0073566865
SPY,call,781.0,0.005479452054794521,2026-10-07,0.28500000000000003,0.28,0.29,0.29,2833.0,0.07666938964843752,774.4213256835938,0.040199999809265134,0.0073566865
SPY,call,782.0,0.005479452054794521,2026-10-07,0.195,0.19,0.2,0.2,3149.0,0.07703559692382814,774.4213256835938,0.040199999809265134,0.0073566865
SPY,call,783.0,0.005479452054794521,2026-10-07,0.135,0.13,0.14,0.13,330.0,0.07789008056640626,774.4213256835938,0.040199999809265134,0.0073566865
SPY,call,784.0,0.005479452054794521,2026-10-07,0.095,0.09,0.1,0.09,271.0,0.07935490966796876,774.4213256835938,0.040199999809265134,0.0073566865
SPY,call,785.0,0.005479452054794521,2026-10-07,0.065,0.06,0.07,0.07,523.0,0.0805756005859375,774.4213256835938,0.040199999809265134,0.0073566865
SPY,call,786.0,0.005479452054794521,2026-10-07,0.045,0.04,0.05,0.05,362.0,0.08204042968750001,774.4213256835938,0.040199999809265134,0.0073566865
SPY,call,787.0,0.005479452054794521,2026-10-07,0.035,0.03,0.04,0.04,117.0,0.08497008789062502,774.4213256835938,0.040199999809265134,0.0073566865
SPY,call,788.0,0.005479452054794521,2026-10-07,0.025,0.02,0.03,0.02,1502.0,0.08692319335937501,774.4213256835938,0.040199999809265134,0.0073566865
SPY,call,789.0,0.005479452054794521,2026-10-07,0.025,0.02,0.03,0.03,103.0,0.092782509765625,774.4213256835938,0.040199999809265134,0.0073566865
SPY,call,790.0,0.005479452054794521,2026-10-07,0.025,0.02,0.03,0.03,706.0,0.0976652734375,774.4213256835938,0.040199999809265134,0.0073566865
SPY,call,791.0,0.005479452054794521,2026-10-07,0.015,0.01,0.02,0.01,1513.0,0.0976652734375,774.4213256835938,0.040199999809265134,0.0073566865
SPY,call,792.0,0.005479452054794521,2026-10-07,0.015,0.01,0.02,0.02,1645.0,0.10352458984374999,774.4213256835938,0.040199999809265134,0.0073566865
SPY,call,794.0,0.005479452054794521,2026-10-07,0.015,0.01,0.02,0.01,794.0,0.1132901171875,774.4213256835938,0.040199999809265134,0.0073566865
SPY,call,795.0,0.005479452054794521,2026-10-07,0.015,0.01,0.02,0.02,504.0,0.118172880859375,774.4213256835938,0.040199999809265134,0.0073566865
SPY,call,799.0,0.005479452054794521,2026-10-07,0.015,0.01,0.02,0.03,25.0,0.13868048828125001,774.4213256835938,0.040199999809265134,0.0073566865
SPY,call,800.0,0.005479452054794521,2026-10-07,0.015,0.01,0.02,0.02,965.0,0.14258669921875,774.4213256835938,0.040199999809265134,0.0073566865
SPY,call,801.0,0.005479452054794521,2026-10-07,0.015,0.01,0.02,0.01,330.0,0.148446015625,774.4213256835938,0.040199999809265134,0.0073566865
SPY,call,803.0,0.005479452054794521,2026-10-07,0.015,0.01,0.02,0.02,399.0,0.15821154296875,774.4213256835938,0.040199999809265134,0.0073566865
SPY,call,805.0,0.005479452054794521,2026-10-07,0.015,0.01,0.02,0.02,499.0,0.16797707031250003,774.4213256835938,0.040199999809265134,0.0073566865
SPY,call,806.0,0.005479452054794521,2026-10-07,0.015,0.01,0.02,0.01,873.0,0.17188328125000002,774.4213256835938,0.040199999809265134,0.0073566865
SPY,call,808.0,0.005479452054794521,2026-10-07,0.015,0.01,0.02,0.01,621.0,0.18164880859375,774.4213256835938,0.040199999809265134,0.0073566865
SPY,call,809.0,0.005479452054794521,2026-10-07,0.015,0.01,0.02,0.02,48.0,0.18555501953124998,774.4213256835938,0.040199999809265134,0.0073566865
SPY,put,675.0,0.005479452054794521,2026-10-07,0.015,0.01,0.02,0.01,1250.0,0.51562984375,774.4213256835938,0.040199999809265134,0.0073566865
SPY,put,680.0,0.005479452054794521,2026-10-07,0.015,0.01,0.02,0.01,1155.0,0.500005,774.4213256835938,0.040199999809265134,0.0073566865
SPY,put,700.0,0.005479452054794521,2026-10-07,0.015,0.01,0.02,0.03,36.0,0.398443515625,774.4213256835938,0.040199999809265134,0.0073566865
SPY,put,705.0,0.005479452054794521,2026-10-07,0.025,0.02,0.03,0.03,2847.0,0.38672488281249995,774.4213256835938,0.040199999809265134,0.0073566865
SPY,put,720.0,0.005479452054794521,2026-10-07,0.025,0.02,0.03,0.03,1603.0,0.3086006640625,774.4213256835938,0.040199999809265134,0.0073566865
SPY,put,723.0,0.005479452054794521,2026-10-07,0.035,0.03,0.04,0.03,1472.0,0.30274134765625,774.4213256835938,0.040199999809265134,0.0073566865
SPY,put,724.0,0.005479452054794521,2026-10-07,0.035,0.03,0.04,0.03,480.0,0.29688203124999996,774.4213256835938,0.040199999809265134,0.0073566865
SPY,put,725.0,0.005479452054794521,2026-10-07,0.035,0.03,0.04,0.05,5334.0,0.2910227148437499,774.4213256835938,0.040199999809265134,0.0073566865
SPY,put,726.0,0.005479452054794521,2026-10-07,0.035,0.03,0.04,0.03,28.0,0.28516339843749994,774.4213256835938,0.040199999809265134,0.0073566865
SPY,put,727.0,0.005479452054794521,2026-10-07,0.035,0.03,0.04,0.04,61.0,0.2802806347656249,774.4213256835938,0.040199999809265134,0.0073566865
SPY,put,728.0,0.005479452054794521,2026-10-07,0.035,0.03,0.04,0.05,11.0,0.27539787109374997,774.4213256835938,0.040199999809265134,0.0073566865
SPY,put,730.0,0.005479452054794521,2026-10-07,0.035,0.03,0.04,0.04,182.0,0.26367923828125,774.4213256835938,0.040199999809265134,0.0073566865
SPY,put,733.0,0.005479452054794521,2026-10-07,0.045,0.04,0.05,0.1,189.0,0.25391371093750004,774.4213256835938,0.040199999809265134,0.0073566865
SPY,put,736.0,0.005479452054794521,2026-10-07,0.045,0.04,0.05,0.05,280.0,0.23828886718749998,774.4213256835938,0.040199999809265134,0.0073566865
SPY,put,737.0,0.005479452054794521,2026-10-07,0.045,0.04,0.05,0.04,76.0,0.23242955078125,774.4213256835938,0.040199999809265134,0.0073566865
SPY,put,739.0,0.005479452054794521,2026-10-07,0.045,0.04,0.05,0.05,53.0,0.22071091796874998,774.4213256835938,0.040199999809265134,0.0073566865
SPY,put,740.0,0.005479452054794521,2026-10-07,0.045,0.04,0.05,0.04,81.0,0.2148516015625,774.4213256835938,0.040199999809265134,0.0073566865
SPY,put,741.0,0.005479452054794521,2026-10-07,0.055,0.05,0.06,0.05,279.0,0.2148516015625,774.4213256835938,0.040199999809265134,0.0073566865
SPY,put,742.0,0.005479452054794521,2026-10-07,0.055,0.05,0.06,0.05,1571.0,0.20899228515624996,774.4213256835938,0.040199999809265134,0.0073566865
SPY,put,743.0,0.005479452054794521,2026-10-07,0.055,0.05,0.06,0.06,1359.0,0.20313296874999998,774.4213256835938,0.040199999809265134,0.0073566865
SPY,put,744.0,0.005479452054794521,2026-10-07,0.055,0.05,0.06,0.07,106.0,0.19727365234375,774.4213256835938,0.040199999809265134,0.0073566865
SPY,put,745.0,0.005479452054794521,2026-10-07,0.065,0.06,0.07,0.06,1888.0,0.196297099609375,774.4213256835938,0.040199999809265134,0.0073566865
SPY,put,746.0,0.005479452054794521,2026-10-07,0.065,0.06,0.07,0.06,1662.0,0.19043778320312502,774.4213256835938,0.040199999809265134,0.0073566865
SPY,put,747.0,0.005479452054794521,2026-10-07,0.065,0.06,0.07,0.06,486.0,0.1840901904296875,774.4213256835938,0.040199999809265134,0.0073566865
SPY,put,748.0,0.005479452054794521,2026-10-07,0.065,0.06,0.07,0.07,276.0,0.1782308740234375,774.4213256835938,0.040199999809265134,0.0073566865
SPY,put,749.0,0.005479452054794521,2026-10-07,0.07500000000000001,0.07,0.08,0.07,409.0,0.1757894921875,774.4213256835938,0.040199999809265134,0.0073566865
SPY,put,750.0,0.005479452054794521,2026-10-07,0.07500000000000001,0.07,0.08,0.08,304.0,0.16993017578125003,774.4213256835938,0.040199999809265134,0.0073566865
SPY,put,751.0,0.005479452054794521,2026-10-07,0.08499999999999999,0.08,0.09,0.08,322.0,0.16651224121093755,774.4213256835938,0.040199999809265134,0.0073566865
SPY,put,752.0,0.005479452054794521,2026-10-07,0.095,0.09,0.1,0.1,572.0,0.16309430664062502,774.4213256835938,0.040199999809265134,0.0073566865
SPY,put,753.0,0.005479452054794521,2026-10-07,0.095,0.09,0.1,0.1,129.0,0.15674671386718753,774.4213256835938,0.040199999809265134,0.0073566865
SPY,put,754.0,0.005479452054794521,2026-10-07,0.10500000000000001,0.1,0.11,0.12,302.0,0.15284050292968754,774.4213256835938,0.040199999809265134,0.0073566865
SPY,put,755.0,0.005479452054794521,2026-10-07,0.11499999999999999,0.11,0.12,0.12,415.0,0.1489342919921875,774.4213256835938,0.040199999809265134,0.0073566865
SPY,put,756.0,0.005479452054794521,2026-10-07,0.135,0.13,0.14,0.14,271.0,0.14624877197265623,774.4213256835938,0.040199999809265134,0.0073566865
SPY,put,757.0,0.005479452054794521,2026-10-07,0.155,0.15,0.16,0.15,617.0,0.1430749755859375,774.4213256835938,0.040199999809265134,0.0073566865
SPY,put,758.0,0.005479452054794521,2026-10-07,0.175,0.17,0.18,0.17,275.0,0.13941290283203128,774.4213256835938,0.040199999809265134,0.0073566865
SPY,put,759.0,0.005479452054794521,2026-10-07,0.195,0.19,0.2,0.21,289.0,0.13526255371093754,774.4213256835938,0.040199999809265134,0.0073566865
SPY,put,760.0,0.005479452054794521,2026-10-07,0.225,0.22,0.23,0.23,12568.0,0.13208875732421876,774.4213256835938,0.040199999809265134,0.0073566865
SPY,put,761.0,0.005479452054794521,2026-10-07,0.265,0.26,0.27,0.26,335.0,0.12915909912109375,774.4213256835938,0.040199999809265134,0.0073566865
SPY,put,762.0,0.005479452054794521,2026-10-07,0.305,0.3,0.31,0.31,647.0,0.12574116455078127,774.4213256835938,0.040199999809265134,0.0073566865
SPY,put,763.0,0.005479452054794521,2026-10-07,0.365,0.36,0.37,0.37,688.0,0.12329978271484376,774.4213256835938,0.040199999809265134,0.0073566865
SPY,put,764.0,0.005479452054794521,2026-10-07,0.435,0.43,0.44,0.45,693.0,0.12085840087890626,774.4213256835938,0.040199999809265134,0.0073566865
SPY,put,765.0,0.005479452054794521,2026-10-07,0.515,0.51,0.52,0.52,2158.0,0.11805081176757812,774.4213256835938,0.040199999809265134,0.0073566865
SPY,put,766.0,0.005479452054794521,2026-10-07,0.62,0.61,0.63,0.61,972.0,0.11609770629882812,774.4213256835938,0.040199999809265134,0.0073566865
SPY,put,767.0,0.005479452054794521,2026-10-07,0.745,0.74,0.75,0.73,1866.0,0.11353425537109374,774.4213256835938,0.040199999809265134,0.0073566865
SPY,put,768.0,0.005479452054794521,2026-10-07,0.89,0.88,0.9,0.89,2866.0,0.11133701171874999,774.4213256835938,0.040199999809265134,0.0073566865
SPY,put,769.0,0.005479452054794521,2026-10-07,1.065,1.06,1.07,1.07,3257.0,0.10877356079101563,774.4213256835938,0.040199999809265134,0.0073566865
SPY,put,770.0,0.005479452054794521,2026-10-07,1.275,1.27,1.28,1.3,6336.0,0.10657631713867188,774.4213256835938,0.040199999809265134,0.0073566865
SPY,put,771.0,0.005479452054794521,2026-10-07,1.56,1.55,1.57,1.55,3413.0,0.10608804077148437,774.4213256835938,0.040199999809265134,0.0073566865
SPY,put,772.0,0.005479452054794521,2026-10-07,1.8650000000000002,1.86,1.87,1.86,9691.0,0.10419596984863279,774.4213256835938,0.040199999809265134,0.0073566865
SPY,put,773.0,0.005479452054794521,2026-10-07,2.275,2.27,2.28,2.23,6128.0,0.10462321166992186,774.4213256835938,0.040199999809265134,0.0073566865
SPY,put,774.0,0.005479452054794521,2026-10-07,2.675,2.67,2.68,2.68,1151.0,0.10273114074707031,774.4213256835938,0.040199999809265134,0.0073566865
SPY,put,775.0,0.005479452054794521,2026-10-07,3.1950000000000003,3.18,3.21,3.19,1056.0,0.10352458984374999,774.4213256835938,0.040199999809265134,0.0073566865
SPY,put,776.0,0.005479452054794521,2026-10-07,3.755,3.74,3.77,3.75,839.0,0.10346355529785155,774.4213256835938,0.040199999809265134,0.0073566865
SPY,put,777.0,0.005479452054794521,2026-10-07,4.460000000000001,4.44,4.48,4.5,252.0,0.10706459350585937,774.4213256835938,0.040199999809265134,0.0073566865
SPY,put,778.0,0.005479452054794521,2026-10-07,5.415,5.14,5.69,5.61,125.0,0.12854875366210936,774.4213256835938,0.040199999809265134,0.0073566865
SPY,put,779.0,0.005479452054794521,2026-10-07,6.195,5.88,6.51,6.0,387.0,0.13428600097656251,774.4213256835938,0.040199999809265134,0.0073566865
SPY,put,780.0,0.005479452054794521,2026-10-07,7.04,6.67,7.41,7.0,280.0,0.1424035955810547,774.4213256835938,0.040199999809265134,0.0073566865
SPY,put,781.0,0.005479452054794521,2026-10-07,7.96,7.52,8.4,8.06,254.0,0.15369498657226563,774.4213256835938,0.040199999809265134,0.0073566865
SPY,put,782.0,0.005479452054794521,2026-10-07,8.98,8.58,9.38,9.02,46.0,0.16413189392089844,774.4213256835938,0.040199999809265134,0.0073566865
SPY,put,783.0,0.005479452054794521,2026-10-07,9.96,9.57,10.35,10.04,31.0,0.17383638671875,774.4213256835938,0.040199999809265134,0.0073566865
SPY,put,784.0,0.005479452054794521,2026-10-07,11.059999999999999,10.52,11.6,11.03,70.0,0.19599192687988282,774.4213256835938,0.040199999809265134,0.0073566865
SPY,put,785.0,0.005479452054794521,2026-10-07,11.965,11.2,12.73,12.17,19.0,0.2127153924560547,774.4213256835938,0.040199999809265134,0.0073566865
SPY,put,786.0,0.005479452054794521,2026-10-07,12.899999999999999,12.11,13.69,13.46,20.0,0.2215654016113281,774.4213256835938,0.040199999809265134,0.0073566865
SPY,put,787.0,0.005479452054794521,2026-10-07,13.91,13.12,14.7,14.6,10.0,0.23255161987304687,774.4213256835938,0.040199999809265134,0.0073566865
SPY,put,788.0,0.005479452054794521,2026-10-07,14.925,14.12,15.73,16.15,19.0,0.2442702526855469,774.4213256835938,0.040199999809265134,0.0073566865
SPY,put,789.0,0.005479452054794521,2026-10-07,15.66,14.79,16.53,19.64,106.0,0.24451439086914065,774.4213256835938,0.040199999809265134,0.0073566865
SPY,put,793.0,0.005479452054794521,2026-10-07,19.810000000000002,18.92,20.7,24.25,10.0,0.29224340576171864,774.4213256835938,0.040199999809265134,0.0073566865
SPY,put,795.0,0.005479452054794521,2026-10-07,21.805,20.91,22.7,24.96,10.0,0.31116411499023433,774.4213256835938,0.040199999809265134,0.0073566865
SPY,put,800.0,0.005479452054794521,2026-10-07,26.785,25.88,27.69,30.8,20.0,0.35632967895507806,774.4213256835938,0.040199999809265134,0.0073566865
SPY,put,801.0,0.005479452054794521,2026-10-07,27.675,26.82,28.53,31.88,12.0,0.35559726440429684,774.4213256835938,0.040199999809265134,0.0073566865
SPY,put,802.0,0.005479452054794521,2026-10-07,28.75,27.83,29.67,29.49,20.0,0.37280900634765624,774.4213256835938,0.040199999809265134,0.0073566865
SPY,call,685.0,0.00821917808219178,2026-10-08,88.5,87.57,89.43,84.26,12.0,0.42578699218750005,774.4213256835938,0.040199999809265134,0.0073566865
SPY,call,720.0,0.00821917808219178,2026-10-08,53.355,52.55,54.16,53.49,12.0,1.0000000000000003e-05,774.4213256835938,0.040199999809265134,0.0073566865
SPY,call,725.0,0.00821917808219178,2026-10-08,48.620000000000005,47.82,49.42,48.68,36.0,0.23242955078125,774.4213256835938,0.040199999809265134,0.0073566865
SPY,call,730.0,0.00821917808219178,2026-10-08,43.41,42.62,44.2,43.22,26.0,1.0000000000000003e-05,774.4213256835938,0.040199999809265134,0.0073566865
SPY,call,736.0,0.00821917808219178,2026-10-08,37.435,36.69,38.18,37.37,30.0,1.0000000000000003e-05,774.4213256835938,0.040199999809265134,0.0073566865
SPY,call,739.0,0.00821917808219178,2026-10-08,34.42,33.7,35.14,34.24,10.0,1.0000000000000003e-05,774.4213256835938,0.040199999809265134,0.0073566865
SPY,call,742.0,0.00821917808219178,2026-10-08,31.325000000000003,30.69,31.96,31.26,28.0,1.0000000000000003e-05,774.4213256835938,0.040199999809265134,0.0073566865
SPY,call,743.0,0.00821917808219178,2026-10-08,30.465,29.71,31.22,30.66,22.0,1.0000000000000003e-05,774.4213256835938,0.040199999809265134,0.0073566865
SPY,call,746.0,0.00821917808219178,2026-10-08,27.43,26.72,28.14,27.32,12.0,1.0000000000000003e-05,774.4213256835938,0.040199999809265134,0.0073566865
SPY,call,748.0,0.00821917808219178,2026-10-08,25.265,24.64,25.89,25.29,14.0,1.0000000000000003e-05,774.4213256835938,0.040199999809265134,0.0073566865
SPY,call,749.0,0.00821917808219178,2026-10-08,24.4,23.8,25.0,23.71,21.0,1.0000000000000003e-05,774.4213256835938,0.040199999809265134,0.0073566865
SPY,call,750.0,0.00821917808219178,2026-10-08,23.405,22.76,24.05,23.41,36.0,1.0000000000000003e-05,774.4213256835938,0.040199999809265134,0.0073566865
SPY,call,751.0,0.00821917808219178,2026-10-08,22.259999999999998,21.69,22.83,22.79,18.0,1.0000000000000003e-05,774.4213256835938,0.040199999809265134,0.0073566865
SPY,call,752.0,0.00821917808219178,2026-10-08,21.385,20.85,21.92,20.74,47.0,1.0000000000000003e-05,774.4213256835938,0.040199999809265134,0.0073566865
SPY,call,753.0,0.00821917808219178,2026-10-08,20.41,19.86,20.96,19.06,56.0,1.0000000000000003e-05,774.4213256835938,0.040199999809265134,0.0073566865
SPY,call,754.0,0.00821917808219178,2026-10-08,19.59,18.88,20.3,19.93,42.0,1.0000000000000003e-05,774.4213256835938,0.040199999809265134,0.0073566865
SPY,call,755.0,0.00821917808219178,2026-10-08,18.375,17.83,18.92,18.04,34.0,1.0000000000000003e-05,774.4213256835938,0.040199999809265134,0.0073566865
SPY,call,756.0,0.00821917808219178,2026-10-08,17.405,16.86,17.95,17.5,69.0,1.0000000000000003e-05,774.4213256835938,0.040199999809265134,0.0073566865
SPY,call,757.0,0.00821917808219178,2026-10-08,16.86,16.33,17.39,15.67,80.0,1.0000000000000003e-05,774.4213256835938,0.040199999809265134,0.0073566865
SPY,call,758.0,0.00821917808219178,2026-10-08,15.43,14.79,16.07,15.06,46.0,1.0000000000000003e-05,774.4213256835938,0.040199999809265134,0.0073566865
SPY,call,759.0,0.00821917808219178,2026-10-08,14.445,13.78,15.11,13.87,45.0,1.0000000000000003e-05,774.4213256835938,0.040199999809265134,0.0073566865
SPY,call,760.0,0.00821917808219178,2026-10-08,13.879999999999999,13.5,14.26,13.81,83.0,1.0000000000000003e-05,774.4213256835938,0.040199999809265134,0.0073566865
SPY,call,761.0,0.00821917808219178,2026-10-08,12.940000000000001,12.56,13.32,12.78,51.0,1.0000000000000003e-05,774.4213256835938,0.040199999809265134,0.0073566865
SPY,call,762.0,0.00821917808219178,2026-10-08,12.015,11.65,12.38,11.97,107.0,1.0000000000000003e-05,774.4213256835938,0.040199999809265134,0.0073566865
SPY,call,763.0,0.00821917808219178,2026-10-08,11.305,11.13,11.48,10.84,61.0,0.07691352783203126,774.4213256835938,0.040199999809265134,0.0073566865
SPY,call,764.0,0.00821917808219178,2026-10-08,10.425,10.28,10.57,10.0,271.0,0.08277284423828127,774.4213256835938,0.040199999809265134,0.0073566865
SPY,call,765.0,0.00821917808219178,2026-10-08,9.525,9.38,9.67,9.34,285.0,0.08521422607421877,774.4213256835938,0.040199999809265134,0.0073566865
SPY,call,766.0,0.00821917808219178,2026-10-08,8.665,8.54,8.79,8.21,67.0,0.08655698608398438,774.4213256835938,0.040199999809265134,0.0073566865
SPY,call,767.0,0.00821917808219178,2026-10-08,7.835,7.72,7.95,7.59,763.0,0.0882049188232422,774.4213256835938,0.040199999809265134,0.0073566865
SPY,call,768.0,0.00821917808219178,2026-10-08,7.07,7.02,7.12,6.98,1145.0,0.08832698791503907,774.4213256835938,0.040199999809265134,0.0073566865
SPY,call,769.0,0.00821917808219178,2026-10-08,6.289999999999999,6.27,6.31,6.22,1115.0,0.08765560791015625,774.4213256835938,0.040199999809265134,0.0073566865
SPY,call,770.0,0.00821917808219178,2026-10-08,5.545,5.53,5.56,5.5,5160.0,0.08783871154785157,774.4213256835938,0.040199999809265134,0.0073566865
SPY,call,771.0,0.00821917808219178,2026-10-08,4.84,4.82,4.86,4.78,2960.0,0.08808284973144533,774.4213256835938,0.040199999809265134,0.0073566865
SPY,call,772.0,0.00821917808219178,2026-10-08,4.15,4.13,4.17,4.16,1821.0,0.08692319335937501,774.4213256835938,0.040199999809265134,0.0073566865
SPY,call,773.0,0.00821917808219178,2026-10-08,3.5199999999999996,3.51,3.53,3.5,1394.0,0.08582457153320314,774.4213256835938,0.040199999809265134,0.0073566865
SPY,call,774.0,0.00821917808219178,2026-10-08,2.99,2.98,3.0,2.97,1797.0,0.08643491699218751,774.4213256835938,0.040199999809265134,0.0073566865
SPY,call,775.0,0.00821917808219178,2026-10-08,2.4299999999999997,2.42,2.44,2.47,848.0,0.08435974243164066,774.4213256835938,0.040199999809265134,0.0073566865
SPY,call,776.0,0.00821917808219178,2026-10-08,2.0,1.99,2.01,2.02,353.0,0.08448181152343752,774.4213256835938,0.040199999809265134,0.0073566865
SPY,call,777.0,0.00821917808219178,2026-10-08,1.61,1.6,1.62,1.62,727.0,0.0841156042480469,774.4213256835938,0.040199999809265134,0.0073566865
SPY,call,778.0,0.00821917808219178,2026-10-08,1.27,1.26,1.28,1.28,534.0,0.08350525878906252,774.4213256835938,0.040199999809265134,0.0073566865
SPY,call,779.0,0.00821917808219178,2026-10-08,1.01,1.0,1.02,1.0,623.0,0.08399353515625002,774.4213256835938,0.040199999809265134,0.0073566865
SPY,call,780.0,0.00821917808219178,2026-10-08,0.765,0.76,0.77,0.78,2385.0,0.08295594787597659,774.4213256835938,0.040199999809265134,0.0073566865
SPY,call,781.0,0.00821917808219178,2026-10-08,0.595,0.59,0.6,0.6,2798.0,0.08356629333496096,774.4213256835938,0.040199999809265134,0.0073566865
SPY,call,782.0,0.00821917808219178,2026-10-08,0.435,0.43,0.44,0.42,2504.0,0.08289491333007815,774.4213256835938,0.040199999809265134,0.0073566865
SPY,call,783.0,0.00821917808219178,2026-10-08,0.325,0.32,0.33,0.31,1131.0,0.0831390515136719,774.4213256835938,0.040199999809265134,0.0073566865
SPY,call,784.0,0.00821917808219178,2026-10-08,0.235,0.23,0.24,0.21,377.0,0.0831390515136719,774.4213256835938,0.040199999809265134,0.0073566865
SPY,call,785.0,0.00821917808219178,2026-10-08,0.175,0.17,0.18,0.15,745.0,0.08399353515625002,774.4213256835938,0.040199999809265134,0.0073566865
SPY,call,786.0,0.00821917808219178,2026-10-08,0.125,0.12,0.13,0.13,545.0,0.08423767333984378,774.4213256835938,0.040199999809265134,0.0073566865
SPY,call,787.0,0.00821917808219178,2026-10-08,0.08499999999999999,0.08,0.09,0.09,133.0,0.08399353515625002,774.4213256835938,0.040199999809265134,0.0073566865
SPY,call,788.0,0.00821917808219178,2026-10-08,0.065,0.06,0.07,0.06,11.0,0.08594664062500001,774.4213256835938,0.040199999809265134,0.0073566865
SPY,call,789.0,0.00821917808219178,2026-10-08,0.055,0.05,0.06,0.06,20.0,0.088876298828125,774.4213256835938,0.040199999809265134,0.0073566865
SPY,call,790.0,0.00821917808219178,2026-10-08,0.045,0.04,0.05,0.05,140.0,0.0913176806640625,774.4213256835938,0.040199999809265134,0.0073566865
SPY,call,792.0,0.00821917808219178,2026-10-08,0.025,0.02,0.03,0.02,11.0,0.0937590625,774.4213256835938,0.040199999809265134,0.0073566865
SPY,call,795.0,0.00821917808219178,2026-10-08,0.015,0.01,0.02,0.02,12.0,0.10254803710937499,774.4213256835938,0.040199999809265134,0.0073566865
SPY,call,796.0,0.00821917808219178,2026-10-08,0.015,0.01,0.02,0.02,6224.0,0.10743080078125,774.4213256835938,0.040199999809265134,0.0073566865
SPY,call,797.0,0.00821917808219178,2026-10-08,0.015,0.01,0.02,0.02,99.0,0.11133701171874999,774.4213256835938,0.040199999809265134,0.0073566865
SPY,call,799.0,0.00821917808219178,2026-10-08,0.015,0.01,0.02,0.03,10.0,0.11914943359374999,774.4213256835938,0.040199999809265134,0.0073566865
SPY,call,801.0,0.00821917808219178,2026-10-08,0.015,0.01,0.02,0.03,137.0,0.127938408203125,774.4213256835938,0.040199999809265134,0.0073566865
SPY,call,802.0,0.00821917808219178,2026-10-08,0.015,0.01,0.02,0.02,128.0,0.132821171875,774.4213256835938,0.040199999809265134,0.0073566865
SPY,call,803.0,0.00821917808219178,2026-10-08,0.015,0.01,0.02,0.02,276.0,0.13672738281250002,774.4213256835938,0.040199999809265134,0.0073566865
SPY,call,804.0,0.00821917808219178,2026-10-08,0.015,0.01,0.02,0.08,44.0,0.14063359375,774.4213256835938,0.040199999809265134,0.0073566865
SPY,call,805.0,0.00821917808219178,2026-10-08,0.015,0.01,0.02,0.02,242.0,0.1445398046875,774.4213256835938,0.040199999809265134,0.0073566865
SPY,call,808.0,0.00821917808219178,2026-10-08,0.015,0.01,0.02,0.06,86.0,0.1562584375,774.4213256835938,0.040199999809265134,0.0073566865
SPY,call,815.0,0.00821917808219178,2026-10-08,0.015,0.01,0.02,0.01,472.0,0.18555501953124998,774.4213256835938,0.040199999809265134,0.0073566865
SPY,put,655.0,0.00821917808219178,2026-10-08,0.015,0.01,0.02,0.01,160.0,0.5312546875,774.4213256835938,0.040199999809265134,0.0073566865
SPY,put,660.0,0.00821917808219178,2026-10-08,0.015,0.01,0.02,0.01,242.0,0.507817421875,774.4213256835938,0.040199999809265134,0.0073566865
SPY,put,665.0,0.00821917808219178,2026-10-08,0.015,0.01,0.02,0.01,80.0,0.500005,774.4213256835938,0.040199999809265134,0.0073566865
SPY,put,670.0,0.00821917808219178,2026-10-08,0.015,0.01,0.02,0.01,25.0,0.476567734375,774.4213256835938,0.040199999809265134,0.0073566865
SPY,put,675.0,0.00821917808219178,2026-10-08,0.015,0.01,0.02,0.02,240.0,0.45703667968750006,774.4213256835938,0.040199999809265134,0.0073566865
SPY,put,680.0,0.00821917808219178,2026-10-08,0.015,0.01,0.02,0.01,80.0,0.4335994140625,774.4213256835938,0.040199999809265134,0.0073566865
SPY,put,685.0,0.00821917808219178,2026-10-08,0.025,0.02,0.03,0.02,640.0,0.42774009765625004,774.4213256835938,0.040199999809265134,0.0073566865
SPY,put,690.0,0.00821917808219178,2026-10-08,0.025,0.02,0.03,0.04,811.0,0.40430283203125,774.4213256835938,0.040199999809265134,0.0073566865
SPY,put,700.0,0.00821917808219178,2026-10-08,0.035,0.03,0.04,0.03,101.0,0.36914693359375,774.4213256835938,0.040199999809265134,0.0073566865
SPY,put,705.0,0.00821917808219178,2026-10-08,0.035,0.03,0.04,0.03,320.0,0.34570966796874997,774.4213256835938,0.040199999809265134,0.0073566865
SPY,put,710.0,0.00821917808219178,2026-10-08,0.035,0.03,0.04,0.06,37.0,0.32227240234374993,774.4213256835938,0.040199999809265134,0.0073566865
SPY,put,715.0,0.00821917808219178,2026-10-08,0.045,0.04,0.05,0.04,321.0,0.30664755859375,774.4213256835938,0.040199999809265134,0.0073566865
SPY,put,720.0,0.00821917808219178,2026-10-08,0.045,0.04,0.05,0.05,295.0,0.28321029296874994,774.4213256835938,0.040199999809265134,0.0073566865
SPY,put,725.0,0.00821917808219178,2026-10-08,0.055,0.05,0.06,0.05,29.0,0.264655791015625,774.4213256835938,0.040199999809265134,0.0073566865
SPY,put,726.0,0.00821917808219178,2026-10-08,0.055,0.05,0.06,0.18,862.0,0.25977302734375,774.4213256835938,0.040199999809265134,0.0073566865
SPY,put,727.0,0.00821917808219178,2026-10-08,0.055,0.05,0.06,0.06,138.0,0.25489026367187506,774.4213256835938,0.040199999809265134,0.0073566865
SPY,put,730.0,0.00821917808219178,2026-10-08,0.055,0.05,0.06,0.06,10.0,0.24024197265624997,774.4213256835938,0.040199999809265134,0.0073566865
SPY,put,733.0,0.00821917808219178,2026-10-08,0.065,0.06,0.07,0.12,102.0,0.2299881689453125,774.4213256835938,0.040199999809265134,0.0073566865
SPY,put,734.0,0.00821917808219178,2026-10-08,0.065,0.06,0.07,0.07,624.0,0.22461712890624996,774.4213256835938,0.040199999809265134,0.0073566865
SPY,put,735.0,0.00821917808219178,2026-10-08,0.065,0.06,0.07,0.07,17.0,0.21973436523437498,774.4213256835938,0.040199999809265134,0.0073566865
SPY,put,736.0,0.00821917808219178,2026-10-08,0.065,0.06,0.07,0.06,492.0,0.2148516015625,774.4213256835938,0.040199999809265134,0.0073566865
SPY,put,740.0,0.00821917808219178,2026-10-08,0.07500000000000001,0.07,0.08,0.08,42.0,0.198250205078125,774.4213256835938,0.040199999809265134,0.0073566865
SPY,put,741.0,0.00821917808219178,2026-10-08,0.07500000000000001,0.07,0.08,0.09,167.0,0.19336744140625,774.4213256835938,0.040199999809265134,0.0073566865
SPY,put,742.0,0.00821917808219178,2026-10-08,0.08499999999999999,0.08,0.09,0.09,83.0,0.1914143359375,774.4213256835938,0.040199999809265134,0.0073566865
SPY,put,743.0,0.00821917808219178,2026-10-08,0.08499999999999999,0.08,0.09,0.09,290.0,0.186531572265625,774.4213256835938,0.040199999809265134,0.0073566865
SPY,put,744.0,0.00821917808219178,2026-10-08,0.095,0.09,0.1,0.1,28.0,0.1840901904296875,774.4213256835938,0.040199999809265134,0.0073566865
SPY,put,745.0,0.00821917808219178,2026-10-08,0.095,0.09,0.1,0.11,364.0,0.178719150390625,774.4213256835938,0.040199999809265134,0.0073566865
SPY,put,746.0,0.00821917808219178,2026-10-08,0.095,0.09,0.1,0.11,80.0,0.1733481103515625,774.4213256835938,0.040199999809265134,0.0073566865
SPY,put,747.0,0.00821917808219178,2026-10-08,0.10500000000000001,0.1,0.11,0.11,1409.0,0.17041845214843754,774.4213256835938,0.040199999809265134,0.0073566865
SPY,put,748.0,0.00821917808219178,2026-10-08,0.11499999999999999,0.11,0.12,0.11,194.0,0.16748879394531252,774.4213256835938,0.040199999809265134,0.0073566865
SPY,put,749.0,0.00821917808219178,2026-10-08,0.125,0.12,0.13,0.13,55.0,0.16407085937500002,774.4213256835938,0.040199999809265134,0.0073566865
SPY,put,750.0,0.00821917808219178,2026-10-08,0.135,0.13,0.14,0.13,344.0,0.1606529248046875,774.4213256835938,0.040199999809265134,0.0073566865
SPY,put,751.0,0.00821917808219178,2026-10-08,0.14500000000000002,0.14,0.15,0.15,69.0,0.15674671386718753,774.4213256835938,0.040199999809265134,0.0073566865
SPY,put,752.0,0.00821917808219178,2026-10-08,0.155,0.15,0.16,0.16,733.0,0.15284050292968754,774.4213256835938,0.040199999809265134,0.0073566865
SPY,put,753.0,0.00821917808219178,2026-10-08,0.165,0.16,0.17,0.18,3909.0,0.14869015380859374,774.4213256835938,0.040199999809265134,0.0073566865
SPY,put,754.0,0.00821917808219178,2026-10-08,0.195,0.19,0.2,0.19,122.0,0.147469462890625,774.4213256835938,0.040199999809265134,0.0073566865
SPY,put,755.0,0.00821917808219178,2026-10-08,0.20500000000000002,0.2,0.21,0.23,313.0,0.14283083740234376,774.4213256835938,0.040199999809265134,0.0073566865
SPY,put,756.0,0.00821917808219178,2026-10-08,0.235,0.23,0.24,0.26,3497.0,0.14038945556640625,774.4213256835938,0.040199999809265134,0.0073566865
SPY,put,757.0,0.00821917808219178,2026-10-08,0.265,0.26,0.27,0.27,387.0,0.13758186645507814,774.4213256835938,0.040199999809265134,0.0073566865
SPY,put,758.0,0.00821917808219178,2026-10-08,0.305,0.3,0.31,0.31,257.0,0.13526255371093754,774.4213256835938,0.040199999809265134,0.0073566865
SPY,put,759.0,0.00821917808219178,2026-10-08,0.355,0.35,0.36,0.35,194.0,0.1333094482421875,774.4213256835938,0.040199999809265134,0.0073566865
SPY,put,760.0,0.00821917808219178,2026-10-08,0.395,0.39,0.4,0.42,462.0,0.129891513671875,774.4213256835938,0.040199999809265134,0.0073566865
SPY,put,761.0,0.00821917808219178,2026-10-08,0.455,0.45,0.46,0.49,225.0,0.12757220092773439,774.4213256835938,0.040199999809265134,0.0073566865
SPY,put,762.0,0.00821917808219178,2026-10-08,0.525,0.52,0.53,0.53,191.0,0.12525288818359376,774.4213256835938,0.040199999809265134,0.0073566865
SPY,put,763.0,0.00821917808219178,2026-10-08,0.615,0.61,0.62,0.6,266.0,0.12342185180664064,774.4213256835938,0.040199999809265134,0.0073566865
SPY,put,764.0,0.00821917808219178,2026-10-08,0.705,0.7,0.71,0.7,226.0,0.12085840087890626,774.4213256835938,0.040199999809265134,0.0073566865
SPY,put,765.0,0.00821917808219178,2026-10-08,0.83,0.82,0.84,0.83,574.0,0.11951564086914063,774.4213256835938,0.040199999809265134,0.0073566865
SPY,put,766.0,0.00821917808219178,2026-10-08,0.965,0.96,0.97,0.97,265.0,0.11731839721679688,774.4213256835938,0.040199999809265134,0.0073566865
SPY,put,767.0,0.00821917808219178,2026-10-08,1.1150000000000002,1.11,1.12,1.14,469.0,0.11499908447265625,774.4213256835938,0.040199999809265134,0.0073566865
SPY,put,768.0,0.00821917808219178,2026-10-08,1.3050000000000002,1.3,1.31,1.31,577.0,0.11341218627929686,774.4213256835938,0.040199999809265134,0.0073566865
SPY,put,769.0,0.00821917808219178,2026-10-08,1.5150000000000001,1.51,1.52,1.54,652.0,0.11145908081054687,774.4213256835938,0.040199999809265134,0.0073566865
SPY,put,770.0,0.00821917808219178,2026-10-08,1.775,1.77,1.78,1.76,2074.0,0.11023838989257811,774.4213256835938,0.040199999809265134,0.0073566865
SPY,put,771.0,0.00821917808219178,2026-10-08,2.065,2.06,2.07,2.09,6765.0,0.10883459533691406,774.4213256835938,0.040199999809265134,0.0073566865
SPY,put,772.0,0.00821917808219178,2026-10-08,2.4000000000000004,2.39,2.41,2.38,1738.0,0.1077359735107422,774.4213256835938,0.040199999809265134,0.0073566865
SPY,put,773.0,0.00821917808219178,2026-10-08,2.775,2.77,2.78,2.78,706.0,0.10633217895507813,774.4213256835938,0.040199999809265134,0.0073566865
SPY,put,774.0,0.00821917808219178,2026-10-08,3.21,3.2,3.22,3.23,493.0,0.1056607989501953,774.4213256835938,0.040199999809265134,0.0073566865
SPY,put,775.0,0.00821917808219178,2026-10-08,3.715,3.7,3.73,3.69,242.0,0.10578286804199218,774.4213256835938,0.040199999809265134,0.0073566865
SPY,put,776.0,0.00821917808219178,2026-10-08,4.255000000000001,4.23,4.28,4.3,146.0,0.1056607989501953,774.4213256835938,0.040199999809265134,0.0073566865
SPY,put,777.0,0.00821917808219178,2026-10-08,4.904999999999999,4.88,4.93,5.21,126.0,0.10730873168945312,774.4213256835938,0.040199999809265134,0.0073566865
SPY,put,778.0,0.00821917808219178,2026-10-08,5.555,5.53,5.58,5.85,96.0,0.10761390441894532,774.4213256835938,0.040199999809265134,0.0073566865
SPY,put,779.0,0.00821917808219178,2026-10-08,6.335,6.2,6.47,6.63,44.0,0.11493804992675781,774.4213256835938,0.040199999809265134,0.0073566865
SPY,put,780.0,0.00821917808219178,2026-10-08,7.105,6.93,7.28,7.47,69.0,0.11860012268066406,774.4213256835938,0.040199999809265134,0.0073566865
SPY,put,781.0,0.00821917808219178,2026-10-08,7.925,7.75,8.1,8.38,85.0,0.12177391906738282,774.4213256835938,0.040199999809265134,0.0073566865
SPY,put,782.0,0.00821917808219178,2026-10-08,8.815,8.62,9.01,9.2,83.0,0.12769427001953126,774.4213256835938,0.040199999809265134,0.0073566865
SPY,put,783.0,0.00821917808219178,2026-10-08,9.965,9.63,10.3,9.89,28.0,0.1485680847167969,774.4213256835938,0.040199999809265134,0.0073566865
SPY,put,784.0,0.00821917808219178,2026-10-08,10.93,10.24,11.62,10.79,16.0,0.17054052124023442,774.4213256835938,0.040199999809265134,0.0073566865
SPY,put,785.0,0.00821917808219178,2026-10-08,12.145,11.54,12.75,15.8,53.0,0.185005708618164,774.4213256835938,0.040199999809265134,0.0073566865
SPY,put,791.0,0.00821917808219178,2026-10-08,17.775,16.82,18.73,18.32,10.0,0.23761748718261716,774.4213256835938,0.040199999809265134,0.0073566865
SPY,put,795.0,0.00821917808219178,2026-10-08,21.595,20.76,22.43,22.59,20.0,0.2564771618652344,774.4213256835938,0.040199999809265134,0.0073566865
SPY,put,800.0,0.00821917808219178,2026-10-08,26.5,26.0,27.0,30.09,10.0,0.2712475219726562,774.4213256835938,0.040199999809265134,0.0073566865
SPY,call,535.0,0.010958904109589041,2026-10-09,238.51,237.71,239.31,238.31,12.0,1.0000000000000003e-05,774.4213256835938,0.040199999809265134,0.0073566865
SPY,call,575.0,0.010958904109589041,2026-10-09,198.81,197.98,199.64,198.37,28.0,1.0683640332031252,774.4213256835938,0.040199999809265134,0.0073566865
SPY,call,580.0,0.010958904109589041,2026-10-09,193.58499999999998,192.82,194.35,193.43,12.0,1.0000000000000003e-05,774.4213256835938,0.040199999809265134,0.0073566865
SPY,call,690.0,0.010958904109589041,2026-10-09,83.765,83.11,84.42,83.66,66.0,0.34570966796874997,774.4213256835938,0.040199999809265134,0.0073566865
SPY,call,695.0,0.010958904109589041,2026-10-09,78.75,78.34,79.16,78.89,11.0,1.0000000000000003e-05,774.4213256835938,0.040199999809265134,0.0073566865
SPY,call,700.0,0.010958904109589041,2026-10-09,73.48,72.87,74.09,73.47,10.0,1.0000000000000003e-05,774.4213256835938,0.040199999809265134,0.0073566865
SPY,call,710.0,0.010958904109589041,2026-10-09,63.78,63.11,64.45,63.72,10.0,0.29492892578124996,774.4213256835938,0.040199999809265134,0.0073566865
SPY,call,715.0,0.010958904109589041,2026-10-09,58.91,58.38,59.44,58.57,24.0,0.266608896484375,774.4213256835938,0.040199999809265134,0.0073566865
SPY,call,720.0,0.010958904109589041,2026-10-09,53.745000000000005,53.0,54.49,53.62,59.0,0.27149166015625,774.4213256835938,0.040199999809265134,0.0073566865
SPY,call,725.0,0.010958904109589041,2026-10-09,48.54,48.0,49.08,48.55,19.0,1.0000000000000003e-05,774.4213256835938,0.040199999809265134,0.0073566865
SPY,call,727.0,0.010958904109589041,2026-10-09,46.81,46.16,47.46,46.66,13.0,0.22754678710937498,774.4213256835938,0.040199999809265134,0.0073566865
SPY,call,729.0,0.010958904109589041,2026-10-09,44.84,44.22,45.46,45.46,18.0,0.21875781249999998,774.4213256835938,0.040199999809265134,0.0073566865
SPY,call,730.0,0.010958904109589041,2026-10-09,43.795,43.42,44.17,43.91,21.0,1.0000000000000003e-05,774.4213256835938,0.040199999809265134,0.0073566865
SPY,call,731.0,0.010958904109589041,2026-10-09,42.79,42.14,43.44,43.44,14.0,0.1992267578125,774.4213256835938,0.040199999809265134,0.0073566865
SPY,call,732.0,0.010958904109589041,2026-10-09,41.67,40.91,42.43,41.7,50.0,0.18946123046875002,774.4213256835938,0.040199999809265134,0.0073566865
SPY,call,733.0,0.010958904109589041,2026-10-09,40.89,39.94,41.84,40.32,10.0,0.27539787109374997,774.4213256835938,0.040199999809265134,0.0073566865
SPY,call,734.0,0.010958904109589041,2026-10-09,39.87,39.55,40.19,39.43,18.0,1.0000000000000003e-05,774.4213256835938,0.040199999809265134,0.0073566865
SPY,call,735.0,0.010958904109589041,2026-10-09,38.815,38.44,39.19,38.97,23.0,1.0000000000000003e-05,774.4213256835938,0.040199999809265134,0.0073566865
SPY,call,736.0,0.010958904109589041,2026-10-09,37.8,37.44,38.16,37.64,18.0,1.0000000000000003e-05,774.4213256835938,0.040199999809265134,0.0073566865
SPY,call,737.0,0.010958904109589041,2026-10-09,36.91,36.36,37.46,37.46,14.0,0.18360191406249998,774.4213256835938,0.040199999809265134,0.0073566865
SPY,call,738.0,0.010958904109589041,2026-10-09,35.605000000000004,35.04,36.17,35.67,43.0,1.0000000000000003e-05,774.4213256835938,0.040199999809265134,0.0073566865
SPY,call,739.0,0.010958904109589041,2026-10-09,34.585,34.0,35.17,34.38,28.0,1.0000000000000003e-05,774.4213256835938,0.040199999809265134,0.0073566865
SPY,call,740.0,0.010958904109589041,2026-10-09,33.785,33.36,34.21,33.84,19.0,1.0000000000000003e-05,774.4213256835938,0.040199999809265134,0.0073566865
SPY,call,741.0,0.010958904109589041,2026-10-09,32.785,32.45,33.12,32.79,27.0,1.0000000000000003e-05,774.4213256835938,0.040199999809265134,0.0073566865
SPY,call,742.0,0.010958904109589041,2026-10-09,31.784999999999997,31.38,32.19,32.01,44.0,1.0000000000000003e-05,774.4213256835938,0.040199999809265134,0.0073566865
SPY,call,743.0,0.010958904109589041,2026-10-09,30.715,30.24,31.19,30.64,41.0,1.0000000000000003e-05,774.4213256835938,0.040199999809265134,0.0073566865
SPY,call,744.0,0.010958904109589041,2026-10-09,29.63,29.04,30.22,29.67,44.0,1.0000000000000003e-05,774.4213256835938,0.040199999809265134,0.0073566865
SPY,call,745.0,0.010958904109589041,2026-10-09,29.09,28.86,29.32,28.04,61.0,1.0000000000000003e-05,774.4213256835938,0.040199999809265134,0.0073566865
SPY,call,746.0,0.010958904109589041,2026-10-09,27.810000000000002,27.36,28.26,28.05,80.0,1.0000000000000003e-05,774.4213256835938,0.040199999809265134,0.0073566865
SPY,call,747.0,0.010958904109589041,2026-10-09,26.92,26.51,27.33,27.02,40.0,1.0000000000000003e-05,774.4213256835938,0.040199999809265134,0.0073566865
SPY,call,748.0,0.010958904109589041,2026-10-09,25.805,25.37,26.24,26.0,62.0,1.0000000000000003e-05,774.4213256835938,0.040199999809265134,0.0073566865
SPY,call,749.0,0.010958904109589041,2026-10-09,24.83,24.29,25.37,24.76,84.0,1.0000000000000003e-05,774.4213256835938,0.040199999809265134,0.0073566865
SPY,call,750.0,0.010958904109589041,2026-10-09,23.83,23.3,24.36,24.01,36.0,1.0000000000000003e-05,774.4213256835938,0.040199999809265134,0.0073566865
SPY,call,751.0,0.010958904109589041,2026-10-09,22.79,22.23,23.35,22.19,30.0,1.0000000000000003e-05,774.4213256835938,0.040199999809265134,0.0073566865
SPY,call,752.0,0.010958904109589041,2026-10-09,21.775,21.26,22.29,21.5,57.0,1.0000000000000003e-05,774.4213256835938,0.040199999809265134,0.0073566865
SPY,call,753.0,0.010958904109589041,2026-10-09,21.04,20.64,21.44,21.26,72.0,0.10596597167968749,774.4213256835938,0.040199999809265134,0.0073566865
SPY,call,754.0,0.010958904109589041,2026-10-09,20.075,19.68,20.47,19.12,178.0,0.11036045898437499,774.4213256835938,0.040199999809265134,0.0073566865
SPY,call,755.0,0.010958904109589041,2026-10-09,19.130000000000003,18.82,19.44,19.01,179.0,0.0971769970703125,774.4213256835938,0.040199999809265134,0.0073566865
SPY,call,756.0,0.010958904109589041,2026-10-09,18.08,17.77,18.39,17.55,170.0,1.0000000000000003e-05,774.4213256835938,0.040199999809265134,0.0073566865
SPY,call,757.0,0.010958904109589041,2026-10-09,17.155,16.82,17.49,17.15,44.0,0.1001066552734375,774.4213256835938,0.040199999809265134,0.0073566865
SPY,call,758.0,0.010958904109589041,2026-10-09,16.17,15.86,16.48,16.39,174.0,0.0932707861328125,774.4213256835938,0.040199999809265134,0.0073566865
SPY,call,759.0,0.010958904109589041,2026-10-09,15.32,14.95,15.69,14.82,56.0,0.11341218627929686,774.4213256835938,0.040199999809265134,0.0073566865
SPY,call,760.0,0.010958904109589041,2026-10-09,14.67,14.57,14.77,14.21,429.0,0.11390046264648437,774.4213256835938,0.040199999809265134,0.0073566865
SPY,call,761.0,0.010958904109589041,2026-10-09,13.719999999999999,13.7,13.74,13.62,349.0,0.10559976440429686,774.4213256835938,0.040199999809265134,0.0073566865
SPY,call,762.0,0.010958904109589041,2026-10-09,12.76,12.6,12.92,12.55,626.0,0.11133701171874999,774.4213256835938,0.040199999809265134,0.0073566865
SPY,call,763.0,0.010958904109589041,2026-10-09,11.870000000000001,11.72,12.02,11.85,236.0,0.11036045898437499,774.4213256835938,0.040199999809265134,0.0073566865
SPY,call,764.0,0.010958904109589041,2026-10-09,10.965,10.85,11.08,10.98,583.0,0.10657631713867188,774.4213256835938,0.040199999809265134,0.0073566865
SPY,call,765.0,0.010958904109589041,2026-10-09,10.125,10.0,10.25,10.15,1357.0,0.10730873168945312,774.4213256835938,0.040199999809265134,0.0073566865
SPY,call,766.0,0.010958904109589041,2026-10-09,9.295,9.17,9.42,9.28,1100.0,0.1069425244140625,774.4213256835938,0.040199999809265134,0.0073566865
SPY,call,767.0,0.010958904109589041,2026-10-09,8.49,8.38,8.6,8.5,221.0,0.10584390258789061,774.4213256835938,0.040199999809265134,0.0073566865
SPY,call,768.0,0.010958904109589041,2026-10-09,7.73,7.71,7.75,7.72,1146.0,0.10279217529296875,774.4213256835938,0.040199999809265134,0.0073566865
SPY,call,769.0,0.010958904109589041,2026-10-09,6.93,6.91,6.95,6.97,1813.0,0.10065596618652344,774.4213256835938,0.040199999809265134,0.0073566865
SPY,call,770.0,0.010958904109589041,2026-10-09,6.225,6.21,6.24,6.21,7999.0,0.10047286254882812,774.4213256835938,0.040199999809265134,0.0073566865
SPY,call,771.0,0.010958904109589041,2026-10-09,5.505,5.49,5.52,5.51,5742.0,0.09876389526367188,774.4213256835938,0.040199999809265134,0.0073566865
SPY,call,772.0,0.010958904109589041,2026-10-09,4.84,4.82,4.86,4.89,6227.0,0.09778734252929688,774.4213256835938,0.040199999809265134,0.0073566865
SPY,call,773.0,0.010958904109589041,2026-10-09,4.225,4.21,4.24,4.22,4548.0,0.09674975524902345,774.4213256835938,0.040199999809265134,0.0073566865
SPY,call,774.0,0.010958904109589041,2026-10-09,3.6950000000000003,3.69,3.7,3.69,2492.0,0.09668872070312501,774.4213256835938,0.040199999809265134,0.0073566865
SPY,call,775.0,0.010958904109589041,2026-10-09,3.13,3.12,3.14,3.12,6781.0,0.09485768432617189,774.4213256835938,0.040199999809265134,0.0073566865
SPY,call,776.0,0.010958904109589041,2026-10-09,2.6500000000000004,2.64,2.66,2.66,1927.0,0.09394216613769531,774.4213256835938,0.040199999809265134,0.0073566865
SPY,call,777.0,0.010958904109589041,2026-10-09,2.2199999999999998,2.21,2.23,2.23,1902.0,0.09308768249511719,774.4213256835938,0.040199999809265134,0.0073566865
SPY,call,778.0,0.010958904109589041,2026-10-09,1.8450000000000002,1.84,1.85,1.87,2095.0,0.0922942333984375,774.4213256835938,0.040199999809265134,0.0073566865
SPY,call,779.0,0.010958904109589041,2026-10-09,1.525,1.52,1.53,1.5,7386.0,0.09205009521484375,774.4213256835938,0.040199999809265134,0.0073566865
SPY,call,780.0,0.010958904109589041,2026-10-09,1.225,1.22,1.23,1.22,58501.0,0.09095147338867188,774.4213256835938,0.040199999809265134,0.0073566865
SPY,call,781.0,0.010958904109589041,2026-10-09,0.965,0.96,0.97,0.98,1172.0,0.08979181701660156,774.4213256835938,0.040199999809265134,0.0073566865
SPY,call,782.0,0.010958904109589041,2026-10-09,0.775,0.77,0.78,0.78,1591.0,0.0898528515625,774.4213256835938,0.040199999809265134,0.0073566865
SPY,call,783.0,0.010958904109589041,2026-10-09,0.615,0.61,0.62,0.59,3121.0,0.0898528515625,774.4213256835938,0.040199999809265134,0.0073566865
SPY,call,784.0,0.010958904109589041,2026-10-09,0.475,0.47,0.48,0.48,4004.0,0.08948664428710937,774.4213256835938,0.040199999809265134,0.0073566865
SPY,call,785.0,0.010958904109589041,2026-10-09,0.365,0.36,0.37,0.37,122788.0,0.08924250610351564,774.4213256835938,0.040199999809265134,0.0073566865
SPY,call,786.0,0.010958904109589041,2026-10-09,0.265,0.26,0.27,0.27,2579.0,0.08814388427734376,774.4213256835938,0.040199999809265134,0.0073566865
SPY,call,787.0,0.010958904109589041,2026-10-09,0.215,0.21,0.22,0.22,257918.0,0.08960871337890625,774.4213256835938,0.040199999809265134,0.0073566865
SPY,call,788.0,0.010958904109589041,2026-10-09,0.165,0.16,0.17,0.17,1350.0,0.09009698974609376,774.4213256835938,0.040199999809265134,0.0073566865
SPY,call,789.0,0.010958904109589041,2026-10-09,0.125,0.12,0.13,0.12,895.0,0.09058526611328124,774.4213256835938,0.040199999809265134,0.0073566865
SPY,call,790.0,0.010958904109589041,2026-10-09,0.095,0.09,0.1,0.09,1390.0,0.0913176806640625,774.4213256835938,0.040199999809265134,0.0073566865
SPY,call,791.0,0.010958904109589041,2026-10-09,0.07500000000000001,0.07,0.08,0.08,117.0,0.0922942333984375,774.4213256835938,0.040199999809265134,0.0073566865
SPY,call,792.0,0.010958904109589041,2026-10-09,0.065,0.06,0.07,0.07,835.0,0.09522389160156251,774.4213256835938,0.040199999809265134,0.0073566865
SPY,call,793.0,0.010958904109589041,2026-10-09,0.055,0.05,0.06,0.05,352.0,0.0971769970703125,774.4213256835938,0.040199999809265134,0.0073566865
SPY,call,794.0,0.010958904109589041,2026-10-09,0.045,0.04,0.05,0.04,311.0,0.0991301025390625,774.4213256835938,0.040199999809265134,0.0073566865
SPY,call,795.0,0.010958904109589041,2026-10-09,0.035,0.03,0.04,0.04,3756.0,0.1001066552734375,774.4213256835938,0.040199999809265134,0.0073566865
SPY,call,796.0,0.010958904109589041,2026-10-09,0.035,0.03,0.04,0.04,3058.0,0.10450114257812498,774.4213256835938,0.040199999809265134,0.0073566865
SPY,call,797.0,0.010958904109589041,2026-10-09,0.025,0.02,0.03,0.02,520.0,0.10450114257812498,774.4213256835938,0.040199999809265134,0.0073566865
SPY,call,800.0,0.010958904109589041,2026-10-09,0.025,0.02,0.03,0.03,222.0,0.116219775390625,774.4213256835938,0.040199999809265134,0.0073566865
SPY,call,801.0,0.010958904109589041,2026-10-09,0.025,0.02,0.03,0.02,61.0,0.12012598632812499,774.4213256835938,0.040199999809265134,0.0073566865
SPY,call,802.0,0.010958904109589041,2026-10-09,0.015,0.01,0.02,0.02,85.0,0.118172880859375,774.4213256835938,0.040199999809265134,0.0073566865
SPY,call,803.0,0.010958904109589041,2026-10-09,0.015,0.01,0.02,0.02,66.0,0.12207909179687501,774.4213256835938,0.040199999809265134,0.0073566865
SPY,call,804.0,0.010958904109589041,2026-10-09,0.015,0.01,0.02,0.03,16.0,0.125985302734375,774.4213256835938,0.040199999809265134,0.0073566865
SPY,call,805.0,0.010958904109589041,2026-10-09,0.015,0.01,0.02,0.02,937.0,0.1289149609375,774.4213256835938,0.040199999809265134,0.0073566865
SPY,call,806.0,0.010958904109589041,2026-10-09,0.015,0.01,0.02,0.02,109.0,0.132821171875,774.4213256835938,0.040199999809265134,0.0073566865
SPY,call,808.0,0.010958904109589041,2026-10-09,0.015,0.01,0.02,0.02,1165.0,0.14063359375,774.4213256835938,0.040199999809265134,0.0073566865
SPY,call,809.0,0.010958904109589041,2026-10-09,0.015,0.01,0.02,0.02,489.0,0.1445398046875,774.4213256835938,0.040199999809265134,0.0073566865
SPY,call,810.0,0.010958904109589041,2026-10-09,0.015,0.01,0.02,0.01,116.0,0.147469462890625,774.4213256835938,0.040199999809265134,0.0073566865
SPY,call,812.0,0.010958904109589041,2026-10-09,0.015,0.01,0.02,0.04,51.0,0.15430533203125002,774.4213256835938,0.040199999809265134,0.0073566865
SPY,call,814.0,0.010958904109589041,2026-10-09,0.015,0.01,0.02,0.02,1264.0,0.16211775390625,774.4213256835938,0.040199999809265134,0.0073566865
SPY,call,815.0,0.010958904109589041,2026-10-09,0.015,0.01,0.02,0.01,1287.0,0.16602396484375004,774.4213256835938,0.040199999809265134,0.0073566865
SPY,call,816.0,0.010958904109589041,2026-10-09,0.015,0.01,0.02,0.02,12858.0,0.16993017578125003,774.4213256835938,0.040199999809265134,0.0073566865
SPY,call,817.0,0.010958904109589041,2026-10-09,0.015,0.01,0.02,0.02,13171.0,0.17188328125000002,774.4213256835938,0.040199999809265134,0.0073566865
SPY,call,819.0,0.010958904109589041,2026-10-09,0.015,0.01,0.02,0.02,46.0,0.179695703125,774.4213256835938,0.040199999809265134,0.0073566865
SPY,call,820.0,0.010958904109589041,2026-10-09,0.015,0.01,0.02,0.01,2794.0,0.18360191406249998,774.4213256835938,0.040199999809265134,0.0073566865
SPY,call,821.0,0.010958904109589041,2026-10-09,0.015,0.01,0.02,0.02,1526.0,0.187508125,774.4213256835938,0.040199999809265134,0.0073566865
SPY,call,822.0,0.010958904109589041,2026-10-09,0.015,0.01,0.02,0.01,64.0,0.18946123046875002,774.4213256835938,0.040199999809265134,0.0073566865
SPY,call,823.0,0.010958904109589041,2026-10-09,0.015,0.01,0.02,0.01,183.0,0.19336744140625,774.4213256835938,0.040199999809265134,0.0073566865
SPY,put,625.0,0.010958904109589041,2026-10-09,0.015,0.01,0.02,0.01,1309.0,0.6015664843750002,774.4213256835938,0.040199999809265134,0.0073566865
SPY,put,635.0,0.010958904109589041,2026-10-09,0.015,0.01,0.02,0.02,835.0,0.5546919531250001,774.4213256835938,0.040199999809265134,0.0073566865
SPY,put,640.0,0.010958904109589041,2026-10-09,0.015,0.01,0.02,0.01,47.0,0.5390671093750001,774.4213256835938,0.040199999809265134,0.0073566865
SPY,put,650.0,0.010958904109589041,2026-10-09,0.015,0.01,0.02,0.02,146.0,0.507817421875,774.4213256835938,0.040199999809265134,0.0073566865
SPY,put,655.0,0.010958904109589041,2026-10-09,0.015,0.01,0.02,0.04,101.0,0.48828636718750007,774.4213256835938,0.040199999809265134,0.0073566865
SPY,put,660.0,0.010958904109589041,2026-10-09,0.025,0.02,0.03,0.02,545.0,0.48633326171875,774.4213256835938,0.040199999809265134,0.0073566865
SPY,put,665.0,0.010958904109589041,2026-10-09,0.025,0.02,0.03,0.02,21.0,0.46484910156250003,774.4213256835938,0.040199999809265134,0.0073566865
SPY,put,670.0,0.010958904109589041,2026-10-09,0.025,0.02,0.03,0.02,446.0,0.445318046875,774.4213256835938,0.040199999809265134,0.0073566865
SPY,put,675.0,0.010958904109589041,2026-10-09,0.025,0.02,0.03,0.02,1922.0,0.42383388671875,774.4213256835938,0.040199999809265134,0.0073566865
SPY,put,680.0,0.010958904109589041,2026-10-09,0.025,0.02,0.03,0.03,1020.0,0.4023497265625,774.4213256835938,0.040199999809265134,0.0073566865
SPY,put,685.0,0.010958904109589041,2026-10-09,0.035,0.03,0.04,0.04,184.0,0.39258419921875,774.4213256835938,0.040199999809265134,0.0073566865
SPY,put,690.0,0.010958904109589041,2026-10-09,0.035,0.03,0.04,0.05,63.0,0.37305314453125,774.4213256835938,0.040199999809265134,0.0073566865
SPY,put,695.0,0.010958904109589041,2026-10-09,0.035,0.03,0.04,0.04,205.0,0.35156898437499995,774.4213256835938,0.040199999809265134,0.0073566865
SPY,put,700.0,0.010958904109589041,2026-10-09,0.045,0.04,0.05,0.04,186.0,0.33789724609375,774.4213256835938,0.040199999809265134,0.0073566865
SPY,put,705.0,0.010958904109589041,2026-10-09,0.045,0.04,0.05,0.04,604.0,0.31641308593749995,774.4213256835938,0.040199999809265134,0.0073566865
SPY,put,710.0,0.010958904109589041,2026-10-09,0.055,0.05,0.06,0.05,125.0,0.301764794921875,774.4213256835938,0.040199999809265134,0.0073566865
SPY,put,715.0,0.010958904109589041,2026-10-09,0.055,0.05,0.06,0.05,205.0,0.2802806347656249,774.4213256835938,0.040199999809265134,0.0073566865
SPY,put,720.0,0.010958904109589041,2026-10-09,0.065,0.06,0.07,0.06,16.0,0.26367923828125,774.4213256835938,0.040199999809265134,0.0073566865
SPY,put,722.0,0.010958904109589041,2026-10-09,0.065,0.06,0.07,0.06,45.0,0.25489026367187506,774.4213256835938,0.040199999809265134,0.0073566865
SPY,put,723.0,0.010958904109589041,2026-10-09,0.065,0.06,0.07,0.07,92.0,0.2500075,774.4213256835938,0.040199999809265134,0.0073566865
SPY,put,724.0,0.010958904109589041,2026-10-09,0.065,0.06,0.07,0.06,93.0,0.2461012890625,774.4213256835938,0.040199999809265134,0.0073566865
SPY,put,725.0,0.010958904109589041,2026-10-09,0.065,0.06,0.07,0.06,326.0,0.241218525390625,774.4213256835938,0.040199999809265134,0.0073566865
SPY,put,726.0,0.010958904109589041,2026-10-09,0.065,0.06,0.07,0.08,19.0,0.2368240380859375,774.4213256835938,0.040199999809265134,0.0073566865
SPY,put,728.0,0.010958904109589041,2026-10-09,0.07500000000000001,0.07,0.08,0.08,12.0,0.23194127441406248,774.4213256835938,0.040199999809265134,0.0073566865
SPY,put,729.0,0.010958904109589041,2026-10-09,0.07500000000000001,0.07,0.08,0.07,24.0,0.22754678710937498,774.4213256835938,0.040199999809265134,0.0073566865
SPY,put,730.0,0.010958904109589041,2026-10-09,0.07500000000000001,0.07,0.08,0.07,301.0,0.22266402343749997,774.4213256835938,0.040199999809265134,0.0073566865
SPY,put,731.0,0.010958904109589041,2026-10-09,0.07500000000000001,0.07,0.08,0.08,176.0,0.21875781249999998,774.4213256835938,0.040199999809265134,0.0073566865
SPY,put,732.0,0.010958904109589041,2026-10-09,0.08499999999999999,0.08,0.09,0.08,50.0,0.2172929833984375,774.4213256835938,0.040199999809265134,0.0073566865
SPY,put,733.0,0.010958904109589041,2026-10-09,0.08499999999999999,0.08,0.09,0.08,483.0,0.21289849609375,774.4213256835938,0.040199999809265134,0.0073566865
SPY,put,734.0,0.010958904109589041,2026-10-09,0.08499999999999999,0.08,0.09,0.09,839.0,0.20801573242187496,774.4213256835938,0.040199999809265134,0.0073566865
SPY,put,735.0,0.010958904109589041,2026-10-09,0.095,0.09,0.1,0.09,984.0,0.20655090332031245,774.4213256835938,0.040199999809265134,0.0073566865
SPY,put,736.0,0.010958904109589041,2026-10-09,0.095,0.09,0.1,0.09,624.0,0.20215641601562498,774.4213256835938,0.040199999809265134,0.0073566865
SPY,put,737.0,0.010958904109589041,2026-10-09,0.095,0.09,0.1,0.09,491.0,0.19727365234375,774.4213256835938,0.040199999809265134,0.0073566865
SPY,put,738.0,0.010958904109589041,2026-10-09,0.095,0.09,0.1,0.11,255.0,0.192390888671875,774.4213256835938,0.040199999809265134,0.0073566865
SPY,put,739.0,0.010958904109589041,2026-10-09,0.10500000000000001,0.1,0.11,0.1,663.0,0.19043778320312502,774.4213256835938,0.040199999809265134,0.0073566865
SPY,put,740.0,0.010958904109589041,2026-10-09,0.10500000000000001,0.1,0.11,0.1,4147.0,0.1860432958984375,774.4213256835938,0.040199999809265134,0.0073566865
SPY,put,741.0,0.010958904109589041,2026-10-09,0.11499999999999999,0.11,0.12,0.12,235.0,0.18360191406249998,774.4213256835938,0.040199999809265134,0.0073566865
SPY,put,742.0,0.010958904109589041,2026-10-09,0.11499999999999999,0.11,0.12,0.12,373.0,0.178719150390625,774.4213256835938,0.040199999809265134,0.0073566865
SPY,put,743.0,0.010958904109589041,2026-10-09,0.125,0.12,0.13,0.13,199.0,0.17627776855468752,774.4213256835938,0.040199999809265134,0.0073566865
SPY,put,744.0,0.010958904109589041,2026-10-09,0.135,0.13,0.14,0.13,1182.0,0.1733481103515625,774.4213256835938,0.040199999809265134,0.0073566865
SPY,put,745.0,0.010958904109589041,2026-10-09,0.135,0.13,0.14,0.14,2181.0,0.16846534667968754,774.4213256835938,0.040199999809265134,0.0073566865
SPY,put,746.0,0.010958904109589041,2026-10-09,0.14500000000000002,0.14,0.15,0.15,477.0,0.16529155029296877,774.4213256835938,0.040199999809265134,0.0073566865
SPY,put,747.0,0.010958904109589041,2026-10-09,0.165,0.16,0.17,0.16,1094.0,0.1638267211914063,774.4213256835938,0.040199999809265134,0.0073566865
SPY,put,748.0,0.010958904109589041,2026-10-09,0.165,0.16,0.17,0.17,570.0,0.15869981933593752,774.4213256835938,0.040199999809265134,0.0073566865
SPY,put,749.0,0.010958904109589041,2026-10-09,0.185,0.18,0.19,0.2,564.0,0.15674671386718753,774.4213256835938,0.040199999809265134,0.0073566865
SPY,put,750.0,0.010958904109589041,2026-10-09,0.20500000000000002,0.2,0.21,0.2,4438.0,0.15430533203125002,774.4213256835938,0.040199999809265134,0.0073566865
SPY,put,751.0,0.010958904109589041,2026-10-09,0.225,0.22,0.23,0.22,702.0,0.15161981201171876,774.4213256835938,0.040199999809265134,0.0073566865
SPY,put,752.0,0.010958904109589041,2026-10-09,0.245,0.24,0.25,0.24,678.0,0.14869015380859374,774.4213256835938,0.040199999809265134,0.0073566865
SPY,put,753.0,0.010958904109589041,2026-10-09,0.265,0.26,0.27,0.27,1479.0,0.14527221923828126,774.4213256835938,0.040199999809265134,0.0073566865
SPY,put,754.0,0.010958904109589041,2026-10-09,0.295,0.29,0.3,0.29,1944.0,0.14295290649414064,774.4213256835938,0.040199999809265134,0.0073566865
SPY,put,755.0,0.010958904109589041,2026-10-09,0.335,0.33,0.34,0.33,4891.0,0.14112187011718752,774.4213256835938,0.040199999809265134,0.0073566865
SPY,put,756.0,0.010958904109589041,2026-10-09,0.365,0.36,0.37,0.37,1079.0,0.13794807373046875,774.4213256835938,0.040199999809265134,0.0073566865
SPY,put,757.0,0.010958904109589041,2026-10-09,0.425,0.42,0.43,0.42,1077.0,0.13672738281250002,774.4213256835938,0.040199999809265134,0.0073566865
SPY,put,758.0,0.010958904109589041,2026-10-09,0.475,0.47,0.48,0.48,1124.0,0.13428600097656251,774.4213256835938,0.040199999809265134,0.0073566865
SPY,put,759.0,0.010958904109589041,2026-10-09,0.525,0.52,0.53,0.52,2195.0,0.1313563427734375,774.4213256835938,0.040199999809265134,0.0073566865
SPY,put,760.0,0.010958904109589041,2026-10-09,0.605,0.6,0.61,0.61,12335.0,0.129891513671875,774.4213256835938,0.040199999809265134,0.0073566865
SPY,put,761.0,0.010958904109589041,2026-10-09,0.685,0.68,0.69,0.74,820.0,0.12781633911132811,774.4213256835938,0.040199999809265134,0.0073566865
SPY,put,762.0,0.010958904109589041,2026-10-09,0.785,0.78,0.79,0.84,1220.0,0.12622944091796873,774.4213256835938,0.040199999809265134,0.0073566865
SPY,put,763.0,0.010958904109589041,2026-10-09,0.88,0.87,0.89,0.95,1521.0,0.12391012817382813,774.4213256835938,0.040199999809265134,0.0073566865
SPY,put,764.0,0.010958904109589041,2026-10-09,0.995,0.99,1.0,1.0,1094.0,0.12146874633789062,774.4213256835938,0.040199999809265134,0.0073566865
SPY,put,765.0,0.010958904109589041,2026-10-09,1.1349999999999998,1.13,1.14,1.13,8732.0,0.11969874450683593,774.4213256835938,0.040199999809265134,0.0073566865
SPY,put,766.0,0.010958904109589041,2026-10-09,1.295,1.29,1.3,1.3,1016.0,0.11792874267578124,774.4213256835938,0.040199999809265134,0.0073566865
SPY,put,767.0,0.010958904109589041,2026-10-09,1.475,1.47,1.48,1.47,14550.0,0.11609770629882812,774.4213256835938,0.040199999809265134,0.0073566865
SPY,put,768.0,0.010958904109589041,2026-10-09,1.69,1.68,1.7,1.69,3134.0,0.11487701538085937,774.4213256835938,0.040199999809265134,0.0073566865
SPY,put,769.0,0.010958904109589041,2026-10-09,1.93,1.92,1.94,1.92,2647.0,0.11335115173339844,774.4213256835938,0.040199999809265134,0.0073566865
SPY,put,770.0,0.010958904109589041,2026-10-09,2.205,2.2,2.21,2.2,12829.0,0.11188632263183593,774.4213256835938,0.040199999809265134,0.0073566865
SPY,put,771.0,0.010958904109589041,2026-10-09,2.4850000000000003,2.48,2.49,2.48,5423.0,0.10975011352539063,774.4213256835938,0.040199999809265134,0.0073566865
SPY,put,772.0,0.010958904109589041,2026-10-09,2.84,2.83,2.85,2.81,5903.0,0.10895666442871094,774.4213256835938,0.040199999809265134,0.0073566865
SPY,put,773.0,0.010958904109589041,2026-10-09,3.2300000000000004,3.22,3.24,3.21,3386.0,0.10798011169433594,774.4213256835938,0.040199999809265134,0.0073566865
SPY,put,774.0,0.010958904109589041,2026-10-09,3.6399999999999997,3.63,3.65,3.68,2229.0,0.10642373077392578,774.4213256835938,0.040199999809265134,0.0073566865
SPY,put,775.0,0.010958904109589041,2026-10-09,4.15,4.14,4.16,4.2,1707.0,0.10651528259277344,774.4213256835938,0.040199999809265134,0.0073566865
SPY,put,776.0,0.010958904109589041,2026-10-09,4.66,4.64,4.68,4.66,340.0,0.10572183349609374,774.4213256835938,0.040199999809265134,0.0073566865
SPY,put,777.0,0.010958904109589041,2026-10-09,5.285,5.27,5.3,5.26,360.0,0.10663735168457032,774.4213256835938,0.040199999809265134,0.0073566865
SPY,put,778.0,0.010958904109589041,2026-10-09,5.890000000000001,5.87,5.91,6.2,328.0,0.10608804077148437,774.4213256835938,0.040199999809265134,0.0073566865
SPY,put,779.0,0.010958904109589041,2026-10-09,6.574999999999999,6.55,6.6,6.6,412.0,0.10682045532226564,774.4213256835938,0.040199999809265134,0.0073566865
SPY,put,780.0,0.010958904109589041,2026-10-09,7.3149999999999995,7.25,7.38,7.35,690.0,0.10932287170410156,774.4213256835938,0.040199999809265134,0.0073566865
SPY,put,781.0,0.010958904109589041,2026-10-09,8.120000000000001,8.0,8.24,8.6,48.0,0.11371735900878906,774.4213256835938,0.040199999809265134,0.0073566865
SPY,put,782.0,0.010958904109589041,2026-10-09,8.895,8.88,8.91,9.02,290.0,0.11060459716796875,774.4213256835938,0.040199999809265134,0.0073566865
SPY,put,783.0,0.010958904109589041,2026-10-09,9.795,9.62,9.97,10.21,32.0,0.1209194354248047,774.4213256835938,0.040199999809265134,0.0073566865
SPY,put,784.0,0.010958904109589041,2026-10-09,10.855,10.62,11.09,10.9,47.0,0.13343151733398437,774.4213256835938,0.040199999809265134,0.0073566865
SPY,put,785.0,0.010958904109589041,2026-10-09,11.85,11.44,12.26,11.64,53.0,0.14777463562011722,774.4213256835938,0.040199999809265134,0.0073566865
SPY,put,788.0,0.010958904109589041,2026-10-09,15.120000000000001,14.53,15.71,15.75,35.0,0.188484677734375,774.4213256835938,0.040199999809265134,0.0073566865
SPY,put,789.0,0.010958904109589041,2026-10-09,15.855,14.93,16.78,16.44,50.0,0.19898261962890623,774.4213256835938,0.040199999809265134,0.0073566865
SPY,put,790.0,0.010958904109589041,2026-10-09,16.88,16.11,17.65,16.5,59.0,0.20179020874023437,774.4213256835938,0.040199999809265134,0.0073566865
SPY,put,791.0,0.010958904109589041,2026-10-09,17.785,17.12,18.45,18.37,82.0,0.20130193237304686,774.4213256835938,0.040199999809265134,0.0073566865
SPY,put,792.0,0.010958904109589041,2026-10-09,18.845,18.1,19.59,19.44,14.0,0.21448539428710936,774.4213256835938,0.040199999809265134,0.0073566865
SPY,put,794.0,0.010958904109589041,2026-10-09,20.72,19.83,21.61,21.44,24.0,0.2299881689453125,774.4213256835938,0.040199999809265134,0.0073566865
SPY,put,795.0,0.010958904109589041,2026-10-09,21.5,21.0,22.0,22.3,10.0,0.20960263061523435,774.4213256835938,0.040199999809265134,0.0073566865
SPY,put,797.0,0.010958904109589041,2026-10-09,23.44,22.94,23.94,23.44,24.0,0.2199785034179687,774.4213256835938,0.040199999809265134,0.0073566865
SPY,put,800.0,0.010958904109589041,2026-10-09,26.44,25.94,26.94,26.43,50.0,0.23944852355957028,774.4213256835938,0.040199999809265134,0.0073566865
SPY,put,802.0,0.010958904109589041,2026-10-09,28.45,27.95,28.95,29.39,20.0,0.25269302001953126,774.4213256835938,0.040199999809265134,0.0073566865
SPY,call,650.0,0.019178082191780823,2026-10-12,123.75999999999999,122.81,124.71,121.79,20.0,0.5459029785156251,774.4213256835938,0.040199999809265134,0.0073566865
SPY,call,730.0,0.019178082191780823,2026-10-12,43.864999999999995,42.91,44.82,42.75,20.0,0.22876747802734376,774.4213256835938,0.040199999809265134,0.0073566865
SPY,call,734.0,0.019178082191780823,2026-10-12,40.0,39.03,40.97,39.83,18.0,0.22473919799804684,774.4213256835938,0.040199999809265134,0.0073566865
SPY,call,736.0,0.019178082191780823,2026-10-12,38.005,37.06,38.95,36.85,26.0,0.21399711791992188,774.4213256835938,0.040199999809265134,0.0073566865
SPY,call,737.0,0.019178082191780823,2026-10-12,36.835,35.71,37.96,36.83,38.0,0.21021297607421874,774.4213256835938,0.040199999809265134,0.0073566865
SPY,call,738.0,0.019178082191780823,2026-10-12,35.885,35.05,36.72,35.78,26.0,0.18384605224609374,774.4213256835938,0.040199999809265134,0.0073566865
SPY,call,739.0,0.019178082191780823,2026-10-12,35.035,34.06,36.01,34.28,74.0,0.2048419360351562,774.4213256835938,0.040199999809265134,0.0073566865
SPY,call,740.0,0.019178082191780823,2026-10-12,33.785,32.83,34.74,33.91,68.0,0.17749845947265624,774.4213256835938,0.040199999809265134,0.0073566865
SPY,call,741.0,0.019178082191780823,2026-10-12,33.09,32.09,34.09,32.84,58.0,0.20093572509765623,774.4213256835938,0.040199999809265134,0.0073566865
SPY,call,742.0,0.019178082191780823,2026-10-12,32.06,31.11,33.01,31.66,42.0,0.19080399047851562,774.4213256835938,0.040199999809265134,0.0073566865
SPY,call,745.0,0.019178082191780823,2026-10-12,29.0,27.92,30.08,29.02,55.0,0.18116053222656248,774.4213256835938,0.040199999809265134,0.0073566865
SPY,call,746.0,0.019178082191780823,2026-10-12,28.045,26.93,29.16,27.65,238.0,0.18116053222656248,774.4213256835938,0.040199999809265134,0.0073566865
SPY,call,747.0,0.019178082191780823,2026-10-12,26.98,26.03,27.93,27.63,53.0,0.16175154663085936,774.4213256835938,0.040199999809265134,0.0073566865
SPY,call,748.0,0.019178082191780823,2026-10-12,26.130000000000003,25.05,27.21,25.74,70.0,0.17408052490234377,774.4213256835938,0.040199999809265134,0.0073566865
SPY,call,749.0,0.019178082191780823,2026-10-12,25.159999999999997,24.08,26.24,24.81,68.0,0.17060155578613284,774.4213256835938,0.040199999809265134,0.0073566865
SPY,call,750.0,0.019178082191780823,2026-10-12,24.11,23.11,25.11,23.94,73.0,0.15845568115234376,774.4213256835938,0.040199999809265134,0.0073566865
SPY,call,751.0,0.019178082191780823,2026-10-12,22.865000000000002,22.16,23.57,23.27,60.0,0.11304597900390626,774.4213256835938,0.040199999809265134,0.0073566865
SPY,call,752.0,0.019178082191780823,2026-10-12,22.119999999999997,21.24,23.0,22.12,92.0,0.14234256103515625,774.4213256835938,0.040199999809265134,0.0073566865
SPY,call,753.0,0.019178082191780823,2026-10-12,20.945,20.28,21.61,20.17,56.0,0.10913976806640624,774.4213256835938,0.040199999809265134,0.0073566865
SPY,call,754.0,0.019178082191780823,2026-10-12,20.445,19.34,21.55,20.32,40.0,0.1588218884277344,774.4213256835938,0.040199999809265134,0.0073566865
SPY,call,755.0,0.019178082191780823,2026-10-12,19.095,18.43,19.76,20.15,59.0,0.1128018408203125,774.4213256835938,0.040199999809265134,0.0073566865
SPY,call,756.0,0.019178082191780823,2026-10-12,18.47,17.51,19.43,18.34,60.0,0.14270876831054688,774.4213256835938,0.040199999809265134,0.0073566865
SPY,call,757.0,0.019178082191780823,2026-10-12,17.395000000000003,16.44,18.35,17.38,84.0,0.13385875915527345,774.4213256835938,0.040199999809265134,0.0073566865
SPY,call,758.0,0.019178082191780823,2026-10-12,16.490000000000002,16.04,16.94,15.58,30.0,0.10938390625,774.4213256835938,0.040199999809265134,0.0073566865
SPY,call,759.0,0.019178082191780823,2026-10-12,15.8,15.65,15.95,15.8,38.0,0.10486734985351562,774.4213256835938,0.040199999809265134,0.0073566865
SPY,call,760.0,0.019178082191780823,2026-10-12,14.925,14.76,15.09,14.64,135.0,0.10633217895507813,774.4213256835938,0.040199999809265134,0.0073566865
SPY,call,761.0,0.019178082191780823,2026-10-12,14.02,13.87,14.17,13.82,73.0,0.1043790734863281,774.4213256835938,0.040199999809265134,0.0073566865
SPY,call,762.0,0.019178082191780823,2026-10-12,13.155,13.03,13.28,12.86,96.0,0.10328045166015623,774.4213256835938,0.040199999809265134,0.0073566865
SPY,call,763.0,0.019178082191780823,2026-10-12,12.260000000000002,12.13,12.39,12.08,91.0,0.10157148437499999,774.4213256835938,0.040199999809265134,0.0073566865
SPY,call,764.0,0.019178082191780823,2026-10-12,11.43,11.32,11.54,11.41,124.0,0.10077803527832031,774.4213256835938,0.040199999809265134,0.0073566865
SPY,call,765.0,0.019178082191780823,2026-10-12,10.605,10.5,10.71,10.58,205.0,0.0999235516357422,774.4213256835938,0.040199999809265134,0.0073566865
SPY,call,766.0,0.019178082191780823,2026-10-12,9.774999999999999,9.68,9.87,9.69,480.0,0.09821458435058594,774.4213256835938,0.040199999809265134,0.0073566865
SPY,call,767.0,0.019178082191780823,2026-10-12,8.98,8.89,9.07,8.64,697.0,0.09705492797851564,774.4213256835938,0.040199999809265134,0.0073566865
SPY,call,768.0,0.019178082191780823,2026-10-12,8.215,8.13,8.3,8.17,603.0,0.0960173406982422,774.4213256835938,0.040199999809265134,0.0073566865
SPY,call,769.0,0.019178082191780823,2026-10-12,7.465,7.4,7.53,7.1,311.0,0.09436940795898438,774.4213256835938,0.040199999809265134,0.0073566865
SPY,call,770.0,0.019178082191780823,2026-10-12,6.734999999999999,6.66,6.81,6.51,1960.0,0.09320975158691407,774.4213256835938,0.040199999809265134,0.0073566865
SPY,call,771.0,0.019178082191780823,2026-10-12,6.07,6.01,6.13,6.05,1293.0,0.0922942333984375,774.4213256835938,0.040199999809265134,0.0073566865
SPY,call,772.0,0.019178082191780823,2026-10-12,5.415,5.35,5.48,5.4,740.0,0.0913176806640625,774.4213256835938,0.040199999809265134,0.0073566865
SPY,call,773.0,0.019178082191780823,2026-10-12,4.805,4.79,4.82,4.73,471.0,0.08930354064941406,774.4213256835938,0.040199999809265134,0.0073566865
SPY,call,774.0,0.019178082191780823,2026-10-12,4.234999999999999,4.22,4.25,4.19,824.0,0.08847957427978516,774.4213256835938,0.040199999809265134,0.0073566865
SPY,call,775.0,0.019178082191780823,2026-10-12,3.71,3.7,3.72,3.68,755.0,0.08768612518310548,774.4213256835938,0.040199999809265134,0.0073566865
SPY,call,776.0,0.019178082191780823,2026-10-12,3.21,3.2,3.22,3.0,726.0,0.08667905517578126,774.4213256835938,0.040199999809265134,0.0073566865
SPY,call,777.0,0.019178082191780823,2026-10-12,2.7199999999999998,2.71,2.73,2.76,632.0,0.08497008789062502,774.4213256835938,0.040199999809265134,0.0073566865
SPY,call,778.0,0.019178082191780823,2026-10-12,2.34,2.33,2.35,2.34,668.0,0.0847869842529297,774.4213256835938,0.040199999809265134,0.0073566865
SPY,call,779.0,0.019178082191780823,2026-10-12,1.96,1.95,1.97,1.99,384.0,0.08368836242675783,774.4213256835938,0.040199999809265134,0.0073566865
SPY,call,780.0,0.019178082191780823,2026-10-12,1.64,1.63,1.65,1.66,733.0,0.08307801696777346,774.4213256835938,0.040199999809265134,0.0073566865
SPY,call,781.0,0.019178082191780823,2026-10-12,1.3650000000000002,1.36,1.37,1.23,314.0,0.08252870605468751,774.4213256835938,0.040199999809265134,0.0073566865
SPY,call,782.0,0.019178082191780823,2026-10-12,1.145,1.14,1.15,1.13,436.0,0.08271180969238283,774.4213256835938,0.040199999809265134,0.0073566865
SPY,call,783.0,0.019178082191780823,2026-10-12,0.9299999999999999,0.92,0.94,0.94,619.0,0.08222353332519532,774.4213256835938,0.040199999809265134,0.0073566865
SPY,call,784.0,0.019178082191780823,2026-10-12,0.755,0.75,0.76,0.67,548.0,0.08179629150390627,774.4213256835938,0.040199999809265134,0.0073566865
SPY,call,785.0,0.019178082191780823,2026-10-12,0.595,0.59,0.6,0.58,1246.0,0.08100284240722656,774.4213256835938,0.040199999809265134,0.0073566865
SPY,call,786.0,0.019178082191780823,2026-10-12,0.48,0.47,0.49,0.48,127.0,0.08130801513671876,774.4213256835938,0.040199999809265134,0.0073566865
SPY,call,787.0,0.019178082191780823,2026-10-12,0.385,0.38,0.39,0.35,218.0,0.08118594604492188,774.4213256835938,0.040199999809265134,0.0073566865
SPY,call,788.0,0.019178082191780823,2026-10-12,0.295,0.29,0.3,0.28,199.0,0.0805756005859375,774.4213256835938,0.040199999809265134,0.0073566865
SPY,call,789.0,0.019178082191780823,2026-10-12,0.24,0.23,0.25,0.22,73.0,0.08167422241210939,774.4213256835938,0.040199999809265134,0.0073566865
SPY,call,790.0,0.019178082191780823,2026-10-12,0.195,0.19,0.2,0.17,204.0,0.08204042968750001,774.4213256835938,0.040199999809265134,0.0073566865
SPY,call,791.0,0.019178082191780823,2026-10-12,0.14500000000000002,0.14,0.15,0.15,140.0,0.08155215332031251,774.4213256835938,0.040199999809265134,0.0073566865
SPY,call,792.0,0.019178082191780823,2026-10-12,0.125,0.12,0.13,0.11,39.0,0.08326112060546878,774.4213256835938,0.040199999809265134,0.0073566865
SPY,call,793.0,0.019178082191780823,2026-10-12,0.095,0.09,0.1,0.08,61.0,0.08326112060546878,774.4213256835938,0.040199999809265134,0.0073566865
SPY,call,794.0,0.019178082191780823,2026-10-12,0.08499999999999999,0.08,0.09,0.07,28.0,0.08545836425781252,774.4213256835938,0.040199999809265134,0.0073566865
SPY,call,795.0,0.019178082191780823,2026-10-12,0.065,0.06,0.07,0.06,19.0,0.08570250244140626,774.4213256835938,0.040199999809265134,0.0073566865
SPY,call,796.0,0.019178082191780823,2026-10-12,0.055,0.05,0.06,0.06,15.0,0.08716733154296877,774.4213256835938,0.040199999809265134,0.0073566865
SPY,call,797.0,0.019178082191780823,2026-10-12,0.045,0.04,0.05,0.04,121.0,0.08838802246093751,774.4213256835938,0.040199999809265134,0.0073566865
SPY,call,799.0,0.019178082191780823,2026-10-12,0.035,0.03,0.04,0.06,15.0,0.09180595703125,774.4213256835938,0.040199999809265134,0.0073566865
SPY,call,800.0,0.019178082191780823,2026-10-12,0.035,0.03,0.04,0.03,14.0,0.09522389160156251,774.4213256835938,0.040199999809265134,0.0073566865
SPY,call,801.0,0.019178082191780823,2026-10-12,0.025,0.02,0.03,0.03,101.0,0.09473561523437501,774.4213256835938,0.040199999809265134,0.0073566865
SPY,call,803.0,0.019178082191780823,2026-10-12,0.025,0.02,0.03,0.03,243.0,0.1010832080078125,774.4213256835938,0.040199999809265134,0.0073566865
SPY,call,806.0,0.019178082191780823,2026-10-12,0.025,0.02,0.03,0.02,362.0,0.11036045898437499,774.4213256835938,0.040199999809265134,0.0073566865
SPY,call,807.0,0.019178082191780823,2026-10-12,0.015,0.01,0.02,0.02,193.0,0.108407353515625,774.4213256835938,0.040199999809265134,0.0073566865
SPY,call,808.0,0.019178082191780823,2026-10-12,0.015,0.01,0.02,0.02,86.0,0.11133701171874999,774.4213256835938,0.040199999809265134,0.0073566865
SPY,call,809.0,0.019178082191780823,2026-10-12,0.015,0.01,0.02,0.04,48.0,0.1132901171875,774.4213256835938,0.040199999809265134,0.0073566865
SPY,call,825.0,0.019178082191780823,2026-10-12,0.015,0.01,0.02,0.01,53.0,0.15821154296875,774.4213256835938,0.040199999809265134,0.0073566865
SPY,put,610.0,0.019178082191780823,2026-10-12,0.015,0.01,0.02,0.02,36.0,0.523442265625,774.4213256835938,0.040199999809265134,0.0073566865
SPY,put,640.0,0.019178082191780823,2026-10-12,0.015,0.01,0.02,0.02,258.0,0.4335994140625,774.4213256835938,0.040199999809265134,0.0073566865
SPY,put,645.0,0.019178082191780823,2026-10-12,0.025,0.02,0.03,0.02,56.0,0.4335994140625,774.4213256835938,0.040199999809265134,0.0073566865
SPY,put,660.0,0.019178082191780823,2026-10-12,0.025,0.02,0.03,0.03,132.0,0.38477177734374995,774.4213256835938,0.040199999809265134,0.0073566865
SPY,put,670.0,0.019178082191780823,2026-10-12,0.025,0.02,0.03,0.03,4538.0,0.35156898437499995,774.4213256835938,0.040199999809265134,0.0073566865
SPY,put,675.0,0.019178082191780823,2026-10-12,0.035,0.03,0.04,0.03,384.0,0.3437565625,774.4213256835938,0.040199999809265134,0.0073566865
SPY,put,680.0,0.019178082191780823,2026-10-12,0.035,0.03,0.04,0.04,9817.0,0.32813171874999997,774.4213256835938,0.040199999809265134,0.0073566865
SPY,put,685.0,0.019178082191780823,2026-10-12,0.035,0.03,0.04,0.04,747.0,0.31055376953124997,774.4213256835938,0.040199999809265134,0.0073566865
SPY,put,695.0,0.019178082191780823,2026-10-12,0.045,0.04,0.05,0.05,1544.0,0.2841868457031249,774.4213256835938,0.040199999809265134,0.0073566865
SPY,put,705.0,0.019178082191780823,2026-10-12,0.055,0.05,0.06,0.06,788.0,0.25586681640625003,774.4213256835938,0.040199999809265134,0.0073566865
SPY,put,710.0,0.019178082191780823,2026-10-12,0.065,0.06,0.07,0.07,1484.0,0.243171630859375,774.4213256835938,0.040199999809265134,0.0073566865
SPY,put,720.0,0.019178082191780823,2026-10-12,0.08499999999999999,0.08,0.09,0.08,69.0,0.2148516015625,774.4213256835938,0.040199999809265134,0.0073566865
SPY,put,723.0,0.019178082191780823,2026-10-12,0.08499999999999999,0.08,0.09,0.11,1002.0,0.20410952148437497,774.4213256835938,0.040199999809265134,0.0073566865
SPY,put,724.0,0.019178082191780823,2026-10-12,0.08499999999999999,0.08,0.09,0.17,11.0,0.20069158691406247,774.4213256835938,0.040199999809265134,0.0073566865
SPY,put,725.0,0.019178082191780823,2026-10-12,0.095,0.09,0.1,0.09,11.0,0.1997150341796875,774.4213256835938,0.040199999809265134,0.0073566865
SPY,put,726.0,0.019178082191780823,2026-10-12,0.095,0.09,0.1,0.12,10.0,0.196297099609375,774.4213256835938,0.040199999809265134,0.0073566865
SPY,put,728.0,0.019178082191780823,2026-10-12,0.10500000000000001,0.1,0.11,0.12,12.0,0.1914143359375,774.4213256835938,0.040199999809265134,0.0073566865
SPY,put,729.0,0.019178082191780823,2026-10-12,0.10500000000000001,0.1,0.11,0.11,15.0,0.18775226318359373,774.4213256835938,0.040199999809265134,0.0073566865
SPY,put,730.0,0.019178082191780823,2026-10-12,0.10500000000000001,0.1,0.11,0.12,155.0,0.1840901904296875,774.4213256835938,0.040199999809265134,0.0073566865
SPY,put,731.0,0.019178082191780823,2026-10-12,0.11499999999999999,0.11,0.12,0.13,19.0,0.18262536132812499,774.4213256835938,0.040199999809265134,0.0073566865
SPY,put,733.0,0.019178082191780823,2026-10-12,0.11499999999999999,0.11,0.12,0.14,20.0,0.1753012158203125,774.4213256835938,0.040199999809265134,0.0073566865
SPY,put,735.0,0.019178082191780823,2026-10-12,0.135,0.13,0.14,0.13,19.0,0.17163914306640626,774.4213256835938,0.040199999809265134,0.0073566865
SPY,put,736.0,0.019178082191780823,2026-10-12,0.135,0.13,0.14,0.14,14.0,0.16773293212890628,774.4213256835938,0.040199999809265134,0.0073566865
SPY,put,737.0,0.019178082191780823,2026-10-12,0.135,0.13,0.14,0.15,22.0,0.16407085937500002,774.4213256835938,0.040199999809265134,0.0073566865
SPY,put,738.0,0.019178082191780823,2026-10-12,0.14500000000000002,0.14,0.15,0.29,113.0,0.16187361572265624,774.4213256835938,0.040199999809265134,0.0073566865
SPY,put,739.0,0.019178082191780823,2026-10-12,0.155,0.15,0.16,0.17,20.0,0.1596763720703125,774.4213256835938,0.040199999809265134,0.0073566865
SPY,put,740.0,0.019178082191780823,2026-10-12,0.165,0.16,0.17,0.18,201.0,0.157234990234375,774.4213256835938,0.040199999809265134,0.0073566865
SPY,put,741.0,0.019178082191780823,2026-10-12,0.175,0.17,0.18,0.25,30.0,0.15479360839843753,774.4213256835938,0.040199999809265134,0.0073566865
SPY,put,742.0,0.019178082191780823,2026-10-12,0.185,0.18,0.19,0.2,102.0,0.15210808837890627,774.4213256835938,0.040199999809265134,0.0073566865
SPY,put,743.0,0.019178082191780823,2026-10-12,0.195,0.19,0.2,0.22,90.0,0.149422568359375,774.4213256835938,0.040199999809265134,0.0073566865
SPY,put,745.0,0.019178082191780823,2026-10-12,0.225,0.22,0.23,0.22,186.0,0.14478394287109375,774.4213256835938,0.040199999809265134,0.0073566865
SPY,put,746.0,0.019178082191780823,2026-10-12,0.235,0.23,0.24,0.24,68.0,0.14185428466796873,774.4213256835938,0.040199999809265134,0.0073566865
SPY,put,747.0,0.019178082191780823,2026-10-12,0.255,0.25,0.26,0.26,95.0,0.139657041015625,774.4213256835938,0.040199999809265134,0.0073566865
SPY,put,748.0,0.019178082191780823,2026-10-12,0.275,0.27,0.28,0.28,16.0,0.1374597973632813,774.4213256835938,0.040199999809265134,0.0073566865
SPY,put,749.0,0.019178082191780823,2026-10-12,0.295,0.29,0.3,0.31,18.0,0.13501841552734378,774.4213256835938,0.040199999809265134,0.0073566865
SPY,put,750.0,0.019178082191780823,2026-10-12,0.325,0.32,0.33,0.34,492.0,0.1331873791503906,774.4213256835938,0.040199999809265134,0.0073566865
SPY,put,751.0,0.019178082191780823,2026-10-12,0.345,0.34,0.35,0.39,78.0,0.13037979003906247,774.4213256835938,0.040199999809265134,0.0073566865
SPY,put,752.0,0.019178082191780823,2026-10-12,0.385,0.38,0.39,0.39,705.0,0.1287928918457031,774.4213256835938,0.040199999809265134,0.0073566865
SPY,put,753.0,0.019178082191780823,2026-10-12,0.435,0.43,0.44,0.45,327.0,0.12769427001953126,774.4213256835938,0.040199999809265134,0.0073566865
SPY,put,754.0,0.019178082191780823,2026-10-12,0.475,0.47,0.48,0.52,285.0,0.12549702636718751,774.4213256835938,0.040199999809265134,0.0073566865
SPY,put,755.0,0.019178082191780823,2026-10-12,0.515,0.51,0.52,0.52,625.0,0.12311667907714845,774.4213256835938,0.040199999809265134,0.0073566865
SPY,put,756.0,0.019178082191780823,2026-10-12,0.58,0.57,0.59,0.57,662.0,0.12207909179687501,774.4213256835938,0.040199999809265134,0.0073566865
SPY,put,757.0,0.019178082191780823,2026-10-12,0.635,0.63,0.64,0.63,267.0,0.11963770996093749,774.4213256835938,0.040199999809265134,0.0073566865
SPY,put,758.0,0.019178082191780823,2026-10-12,0.715,0.71,0.72,0.7,335.0,0.11835598449707031,774.4213256835938,0.040199999809265134,0.0073566865
SPY,put,759.0,0.019178082191780823,2026-10-12,0.785,0.78,0.79,0.78,293.0,0.116219775390625,774.4213256835938,0.040199999809265134,0.0073566865
SPY,put,760.0,0.019178082191780823,2026-10-12,0.875,0.87,0.88,0.88,688.0,0.11451080810546876,774.4213256835938,0.040199999809265134,0.0073566865
SPY,put,761.0,0.019178082191780823,2026-10-12,0.985,0.98,0.99,0.97,93.0,0.11322908264160156,774.4213256835938,0.040199999809265134,0.0073566865
SPY,put,762.0,0.019178082191780823,2026-10-12,1.085,1.08,1.09,1.18,327.0,0.11109287353515623,774.4213256835938,0.040199999809265134,0.0073566865
SPY,put,763.0,0.019178082191780823,2026-10-12,1.225,1.22,1.23,1.31,431.0,0.10993321716308593,774.4213256835938,0.040199999809265134,0.0073566865
SPY,put,764.0,0.019178082191780823,2026-10-12,1.355,1.35,1.36,1.46,802.0,0.1079190771484375,774.4213256835938,0.040199999809265134,0.0073566865
SPY,put,765.0,0.019178082191780823,2026-10-12,1.525,1.52,1.53,1.53,767.0,0.10663735168457032,774.4213256835938,0.040199999809265134,0.0073566865
SPY,put,766.0,0.019178082191780823,2026-10-12,1.6949999999999998,1.69,1.7,1.68,245.0,0.10486734985351562,774.4213256835938,0.040199999809265134,0.0073566865
SPY,put,767.0,0.019178082191780823,2026-10-12,1.91,1.9,1.92,1.93,441.0,0.1038602798461914,774.4213256835938,0.040199999809265134,0.0073566865
SPY,put,768.0,0.019178082191780823,2026-10-12,2.13,2.12,2.14,2.14,362.0,0.1022428643798828,774.4213256835938,0.040199999809265134,0.0073566865
SPY,put,769.0,0.019178082191780823,2026-10-12,2.375,2.37,2.38,2.38,768.0,0.10056441436767577,774.4213256835938,0.040199999809265134,0.0073566865
SPY,put,770.0,0.019178082191780823,2026-10-12,2.67,2.66,2.68,2.69,2016.0,0.09967941345214844,774.4213256835938,0.040199999809265134,0.0073566865
SPY,put,771.0,0.019178082191780823,2026-10-12,3.0,2.99,3.01,3.0,1521.0,0.09876389526367188,774.4213256835938,0.040199999809265134,0.0073566865
SPY,put,772.0,0.019178082191780823,2026-10-12,3.3499999999999996,3.34,3.36,3.38,1177.0,0.09763475616455078,774.4213256835938,0.040199999809265134,0.0073566865
SPY,put,773.0,0.019178082191780823,2026-10-12,3.725,3.72,3.73,3.72,595.0,0.09620044433593751,774.4213256835938,0.040199999809265134,0.0073566865
SPY,put,774.0,0.019178082191780823,2026-10-12,4.18,4.17,4.19,4.2,857.0,0.09595630615234377,774.4213256835938,0.040199999809265134,0.0073566865
SPY,put,775.0,0.019178082191780823,2026-10-12,4.640000000000001,4.63,4.65,4.65,848.0,0.09494923614501954,774.4213256835938,0.040199999809265134,0.0073566865
SPY,put,776.0,0.019178082191780823,2026-10-12,5.165,5.11,5.22,5.4,34.0,0.0955290643310547,774.4213256835938,0.040199999809265134,0.0073566865
SPY,put,777.0,0.019178082191780823,2026-10-12,5.73,5.66,5.8,5.97,71.0,0.09559009887695313,774.4213256835938,0.040199999809265134,0.0073566865
SPY,put,778.0,0.019178082191780823,2026-10-12,6.3100000000000005,6.22,6.4,6.58,28.0,0.09525440887451173,774.4213256835938,0.040199999809265134,0.0073566865
SPY,put,779.0,0.019178082191780823,2026-10-12,6.995,6.92,7.07,6.95,11.0,0.09577320251464845,774.4213256835938,0.040199999809265134,0.0073566865
SPY,put,780.0,0.019178082191780823,2026-10-12,7.67,7.55,7.79,7.66,205.0,0.09674975524902345,774.4213256835938,0.040199999809265134,0.0073566865
SPY,put,783.0,0.019178082191780823,2026-10-12,10.03,9.86,10.2,12.44,37.0,0.1022428643798828,774.4213256835938,0.040199999809265134,0.0073566865
SPY,put,794.0,0.019178082191780823,2026-10-12,20.655,19.71,21.6,19.88,10.0,0.1815267395019531,774.4213256835938,0.040199999809265134,0.0073566865
SPY,put,802.0,0.019178082191780823,2026-10-12,28.44,27.94,28.94,29.06,10.0,0.19934882690429687,774.4213256835938,0.040199999809265134,0.0073566865
SPY,call,756.0,0.021917808219178082,2026-10-13,18.6,16.99,20.21,16.78,10.0,0.16236189208984375,774.4213256835938,0.040199999809265134,0.0073566865
SPY,call,758.0,0.021917808219178082,2026-10-13,17.015,16.86,17.17,16.32,22.0,0.11365632446289062,774.4213256835938,0.040199999809265134,0.0073566865
SPY,call,760.0,0.021917808219178082,2026-10-13,15.25,15.09,15.41,15.2,12.0,0.1128018408203125,774.4213256835938,0.040199999809265134,0.0073566865
SPY,call,764.0,0.021917808219178082,2026-10-13,11.8,11.64,11.96,10.94,21.0,0.10749183532714844,774.4213256835938,0.040199999809265134,0.0073566865
SPY,call,765.0,0.021917808219178082,2026-10-13,10.98,10.84,11.12,11.0,276.0,0.10572183349609374,774.4213256835938,0.040199999809265134,0.0073566865
SPY,call,766.0,0.021917808219178082,2026-10-13,10.175,10.05,10.3,8.3,22.0,0.1040433834838867,774.4213256835938,0.040199999809265134,0.0073566865
SPY,call,768.0,0.021917808219178082,2026-10-13,8.66,8.56,8.76,8.26,30.0,0.10163251892089843,774.4213256835938,0.040199999809265134,0.0073566865
SPY,call,769.0,0.021917808219178082,2026-10-13,7.88,7.76,8.0,7.57,118.0,0.09980148254394532,774.4213256835938,0.040199999809265134,0.0073566865
SPY,call,770.0,0.021917808219178082,2026-10-13,7.205,7.13,7.28,6.8,405.0,0.09836717071533202,774.4213256835938,0.040199999809265134,0.0073566865
SPY,call,771.0,0.021917808219178082,2026-10-13,6.545,6.46,6.63,5.9,134.0,0.09784837707519532,774.4213256835938,0.040199999809265134,0.0073566865
SPY,call,772.0,0.021917808219178082,2026-10-13,5.89,5.81,5.97,5.69,318.0,0.09644458251953125,774.4213256835938,0.040199999809265134,0.0073566865
SPY,call,773.0,0.021917808219178082,2026-10-13,5.265000000000001,5.25,5.28,5.28,318.0,0.0937590625,774.4213256835938,0.040199999809265134,0.0073566865
SPY,call,774.0,0.021917808219178082,2026-10-13,4.715,4.71,4.72,4.7,146.0,0.0931181997680664,774.4213256835938,0.040199999809265134,0.0073566865
SPY,call,775.0,0.021917808219178082,2026-10-13,4.15,4.14,4.16,4.16,325.0,0.09174492248535156,774.4213256835938,0.040199999809265134,0.0073566865
SPY,call,776.0,0.021917808219178082,2026-10-13,3.645,3.64,3.65,3.42,194.0,0.0906768179321289,774.4213256835938,0.040199999809265134,0.0073566865
SPY,call,777.0,0.021917808219178082,2026-10-13,3.17,3.16,3.18,3.15,1121.0,0.08966974792480469,774.4213256835938,0.040199999809265134,0.0073566865
SPY,call,778.0,0.021917808219178082,2026-10-13,2.7649999999999997,2.76,2.77,2.78,156.0,0.08912043701171876,774.4213256835938,0.040199999809265134,0.0073566865
SPY,call,779.0,0.021917808219178082,2026-10-13,2.375,2.36,2.39,2.39,114.0,0.08844905700683595,774.4213256835938,0.040199999809265134,0.0073566865
SPY,call,780.0,0.021917808219178082,2026-10-13,2.05,2.04,2.06,1.92,220.0,0.08814388427734376,774.4213256835938,0.040199999809265134,0.0073566865
SPY,call,781.0,0.021917808219178082,2026-10-13,1.74,1.73,1.75,1.71,35.0,0.08747250427246095,774.4213256835938,0.040199999809265134,0.0073566865
SPY,call,782.0,0.021917808219178082,2026-10-13,1.47,1.46,1.48,1.46,94.0,0.08698422790527345,774.4213256835938,0.040199999809265134,0.0073566865
SPY,call,783.0,0.021917808219178082,2026-10-13,1.23,1.22,1.24,1.15,78.0,0.08643491699218751,774.4213256835938,0.040199999809265134,0.0073566865
SPY,call,784.0,0.021917808219178082,2026-10-13,1.01,1.0,1.02,1.01,174.0,0.08558043334960938,774.4213256835938,0.040199999809265134,0.0073566865
SPY,call,785.0,0.021917808219178082,2026-10-13,0.835,0.83,0.84,0.78,36.0,0.0850921569824219,774.4213256835938,0.040199999809265134,0.0073566865
SPY,call,786.0,0.021917808219178082,2026-10-13,0.685,0.68,0.69,0.69,53.0,0.0847869842529297,774.4213256835938,0.040199999809265134,0.0073566865
SPY,call,787.0,0.021917808219178082,2026-10-13,0.56,0.55,0.57,0.55,46.0,0.08484801879882814,774.4213256835938,0.040199999809265134,0.0073566865
SPY,call,788.0,0.021917808219178082,2026-10-13,0.455,0.45,0.46,0.45,32.0,0.08448181152343752,774.4213256835938,0.040199999809265134,0.0073566865
SPY,call,789.0,0.021917808219178082,2026-10-13,0.365,0.36,0.37,0.36,20.0,0.08423767333984378,774.4213256835938,0.040199999809265134,0.0073566865
SPY,call,790.0,0.021917808219178082,2026-10-13,0.295,0.29,0.3,0.29,59.0,0.08435974243164066,774.4213256835938,0.040199999809265134,0.0073566865
SPY,call,791.0,0.021917808219178082,2026-10-13,0.235,0.23,0.24,0.21,60.0,0.08435974243164066,774.4213256835938,0.040199999809265134,0.0073566865
SPY,call,792.0,0.021917808219178082,2026-10-13,0.195,0.19,0.2,0.17,223.0,0.0850921569824219,774.4213256835938,0.040199999809265134,0.0073566865
SPY,call,793.0,0.021917808219178082,2026-10-13,0.155,0.15,0.16,0.14,203.0,0.08521422607421877,774.4213256835938,0.040199999809265134,0.0073566865
SPY,call,795.0,0.021917808219178082,2026-10-13,0.10500000000000001,0.1,0.11,0.1,64.0,0.08667905517578126,774.4213256835938,0.040199999809265134,0.0073566865
SPY,call,796.0,0.021917808219178082,2026-10-13,0.08499999999999999,0.08,0.09,0.08,16.0,0.08741146972656251,774.4213256835938,0.040199999809265134,0.0073566865
SPY,call,797.0,0.021917808219178082,2026-10-13,0.07500000000000001,0.07,0.08,0.06,15.0,0.08912043701171876,774.4213256835938,0.040199999809265134,0.0073566865
SPY,call,798.0,0.021917808219178082,2026-10-13,0.065,0.06,0.07,0.16,175.0,0.0903411279296875,774.4213256835938,0.040199999809265134,0.0073566865
SPY,call,800.0,0.021917808219178082,2026-10-13,0.045,0.04,0.05,0.05,119.0,0.0922942333984375,774.4213256835938,0.040199999809265134,0.0073566865
SPY,call,804.0,0.021917808219178082,2026-10-13,0.035,0.03,0.04,0.04,60.0,0.10157148437499999,774.4213256835938,0.040199999809265134,0.0073566865
SPY,put,665.0,0.021917808219178082,2026-10-13,0.035,0.03,0.04,0.06,100.0,0.35742830078125,774.4213256835938,0.040199999809265134,0.0073566865
SPY,put,690.0,0.021917808219178082,2026-10-13,0.055,0.05,0.06,0.06,25.0,0.29004616210937495,774.4213256835938,0.040199999809265134,0.0073566865
SPY,put,715.0,0.021917808219178082,2026-10-13,0.095,0.09,0.1,0.15,60.0,0.22266402343749997,774.4213256835938,0.040199999809265134,0.0073566865
SPY,put,720.0,0.021917808219178082,2026-10-13,0.10500000000000001,0.1,0.11,0.22,98.0,0.20801573242187496,774.4213256835938,0.040199999809265134,0.0073566865
SPY,put,724.0,0.021917808219178082,2026-10-13,0.11499999999999999,0.11,0.12,0.21,404.0,0.19678537597656248,774.4213256835938,0.040199999809265134,0.0073566865
SPY,put,726.0,0.021917808219178082,2026-10-13,0.125,0.12,0.13,0.22,71.0,0.19190261230468753,774.4213256835938,0.040199999809265134,0.0073566865
SPY,put,727.0,0.021917808219178082,2026-10-13,0.135,0.13,0.14,0.23,90.0,0.19043778320312502,774.4213256835938,0.040199999809265134,0.0073566865
SPY,put,729.0,0.021917808219178082,2026-10-13,0.135,0.13,0.14,0.25,88.0,0.18311363769531247,774.4213256835938,0.040199999809265134,0.0073566865
SPY,put,730.0,0.021917808219178082,2026-10-13,0.14500000000000002,0.14,0.15,0.15,20.0,0.18164880859375,774.4213256835938,0.040199999809265134,0.0073566865
SPY,put,731.0,0.021917808219178082,2026-10-13,0.155,0.15,0.16,0.16,11.0,0.179695703125,774.4213256835938,0.040199999809265134,0.0073566865
SPY,put,732.0,0.021917808219178082,2026-10-13,0.155,0.15,0.16,0.16,26.0,0.17603363037109376,774.4213256835938,0.040199999809265134,0.0073566865
SPY,put,734.0,0.021917808219178082,2026-10-13,0.175,0.17,0.18,0.45,15.0,0.17188328125000002,774.4213256835938,0.040199999809265134,0.0073566865
SPY,put,735.0,0.021917808219178082,2026-10-13,0.175,0.17,0.18,0.17,18.0,0.1682212084960938,774.4213256835938,0.040199999809265134,0.0073566865
SPY,put,738.0,0.021917808219178082,2026-10-13,0.20500000000000002,0.2,0.21,0.24,10.0,0.161141201171875,774.4213256835938,0.040199999809265134,0.0073566865
SPY,put,739.0,0.021917808219178082,2026-10-13,0.215,0.21,0.22,0.23,29.0,0.15869981933593752,774.4213256835938,0.040199999809265134,0.0073566865
SPY,put,740.0,0.021917808219178082,2026-10-13,0.235,0.23,0.24,0.24,74.0,0.157234990234375,774.4213256835938,0.040199999809265134,0.0073566865
SPY,put,741.0,0.021917808219178082,2026-10-13,0.245,0.24,0.25,0.27,20.0,0.15430533203125002,774.4213256835938,0.040199999809265134,0.0073566865
SPY,put,742.0,0.021917808219178082,2026-10-13,0.265,0.26,0.27,0.29,51.0,0.15259636474609378,774.4213256835938,0.040199999809265134,0.0073566865
SPY,put,743.0,0.021917808219178082,2026-10-13,0.275,0.27,0.28,0.29,22.0,0.14966670654296876,774.4213256835938,0.040199999809265134,0.0073566865
SPY,put,744.0,0.021917808219178082,2026-10-13,0.28500000000000003,0.28,0.29,0.31,22.0,0.14661497924804687,774.4213256835938,0.040199999809265134,0.0073566865
SPY,put,745.0,0.021917808219178082,2026-10-13,0.315,0.31,0.32,0.33,113.0,0.14527221923828126,774.4213256835938,0.040199999809265134,0.0073566865
SPY,put,746.0,0.021917808219178082,2026-10-13,0.335,0.33,0.34,0.35,20.0,0.14295290649414064,774.4213256835938,0.040199999809265134,0.0073566865
SPY,put,747.0,0.021917808219178082,2026-10-13,0.365,0.36,0.37,0.4,15.0,0.1412439392089844,774.4213256835938,0.040199999809265134,0.0073566865
SPY,put,748.0,0.021917808219178082,2026-10-13,0.39,0.38,0.4,0.42,24.0,0.1392908337402344,774.4213256835938,0.040199999809265134,0.0073566865
SPY,put,749.0,0.021917808219178082,2026-10-13,0.42,0.41,0.43,0.44,11.0,0.13721565917968753,774.4213256835938,0.040199999809265134,0.0073566865
SPY,put,750.0,0.021917808219178082,2026-10-13,0.46499999999999997,0.46,0.47,0.49,54.0,0.1355066918945313,774.4213256835938,0.040199999809265134,0.0073566865
SPY,put,751.0,0.021917808219178082,2026-10-13,0.505,0.5,0.51,0.53,217.0,0.13355358642578125,774.4213256835938,0.040199999809265134,0.0073566865
SPY,put,752.0,0.021917808219178082,2026-10-13,0.535,0.53,0.54,0.57,200.0,0.13086806640624998,774.4213256835938,0.040199999809265134,0.0073566865
SPY,put,753.0,0.021917808219178082,2026-10-13,0.585,0.58,0.59,0.63,232.0,0.12915909912109375,774.4213256835938,0.040199999809265134,0.0073566865
SPY,put,754.0,0.021917808219178082,2026-10-13,0.64,0.63,0.65,0.69,46.0,0.12757220092773439,774.4213256835938,0.040199999809265134,0.0073566865
SPY,put,755.0,0.021917808219178082,2026-10-13,0.7,0.69,0.71,0.75,143.0,0.12574116455078127,774.4213256835938,0.040199999809265134,0.0073566865
SPY,put,756.0,0.021917808219178082,2026-10-13,0.765,0.76,0.77,0.77,58.0,0.12366598999023437,774.4213256835938,0.040199999809265134,0.0073566865
SPY,put,757.0,0.021917808219178082,2026-10-13,0.845,0.84,0.85,0.84,63.0,0.12220116088867189,774.4213256835938,0.040199999809265134,0.0073566865
SPY,put,758.0,0.021917808219178082,2026-10-13,0.935,0.93,0.94,0.99,76.0,0.12073633178710938,774.4213256835938,0.040199999809265134,0.0073566865
SPY,put,759.0,0.021917808219178082,2026-10-13,1.0150000000000001,1.01,1.02,1.04,29.0,0.11853908813476563,774.4213256835938,0.040199999809265134,0.0073566865
SPY,put,760.0,0.021917808219178082,2026-10-13,1.13,1.12,1.14,1.17,429.0,0.1175015008544922,774.4213256835938,0.040199999809265134,0.0073566865
SPY,put,761.0,0.021917808219178082,2026-10-13,1.25,1.24,1.26,1.33,17.0,0.11597563720703125,774.4213256835938,0.040199999809265134,0.0073566865
SPY,put,762.0,0.021917808219178082,2026-10-13,1.375,1.37,1.38,1.45,535.0,0.11414460083007813,774.4213256835938,0.040199999809265134,0.0073566865
SPY,put,763.0,0.021917808219178082,2026-10-13,1.51,1.5,1.52,1.63,54.0,0.11243563354492186,774.4213256835938,0.040199999809265134,0.0073566865
SPY,put,764.0,0.021917808219178082,2026-10-13,1.68,1.67,1.69,1.8,95.0,0.11124545989990234,774.4213256835938,0.040199999809265134,0.0073566865
SPY,put,765.0,0.021917808219178082,2026-10-13,1.85,1.84,1.86,1.96,215.0,0.10956700988769531,774.4213256835938,0.040199999809265134,0.0073566865
SPY,put,766.0,0.021917808219178082,2026-10-13,2.04,2.03,2.05,2.2,92.0,0.1079190771484375,774.4213256835938,0.040199999809265134,0.0073566865
SPY,put,767.0,0.021917808219178082,2026-10-13,2.2649999999999997,2.26,2.27,2.27,157.0,0.10657631713867188,774.4213256835938,0.040199999809265134,0.0073566865
SPY,put,768.0,0.021917808219178082,2026-10-13,2.51,2.5,2.52,2.5,109.0,0.10541666076660156,774.4213256835938,0.040199999809265134,0.0073566865
SPY,put,769.0,0.021917808219178082,2026-10-13,2.775,2.77,2.78,2.95,131.0,0.10395183166503905,774.4213256835938,0.040199999809265134,0.0073566865
SPY,put,770.0,0.021917808219178082,2026-10-13,3.0700000000000003,3.06,3.08,3.04,226.0,0.10282269256591797,774.4213256835938,0.040199999809265134,0.0073566865
SPY,put,771.0,0.021917808219178082,2026-10-13,3.4050000000000002,3.4,3.41,3.39,202.0,0.10175458801269531,774.4213256835938,0.040199999809265134,0.0073566865
SPY,put,772.0,0.021917808219178082,2026-10-13,3.7300000000000004,3.72,3.74,3.76,562.0,0.10004562072753906,774.4213256835938,0.040199999809265134,0.0073566865
SPY,put,773.0,0.021917808219178082,2026-10-13,4.145,4.13,4.16,4.14,218.0,0.09961837890625,774.4213256835938,0.040199999809265134,0.0073566865
SPY,put,774.0,0.021917808219178082,2026-10-13,4.57,4.56,4.58,4.62,65.0,0.09851975708007812,774.4213256835938,0.040199999809265134,0.0073566865
SPY,put,775.0,0.021917808219178082,2026-10-13,5.045,5.03,5.06,5.33,34.0,0.0979704461669922,774.4213256835938,0.040199999809265134,0.0073566865
SPY,put,778.0,0.021917808219178082,2026-10-13,6.654999999999999,6.55,6.76,8.22,20.0,0.09760423889160157,774.4213256835938,0.040199999809265134,0.0073566865
SPY,put,785.0,0.021917808219178082,2026-10-13,11.86,11.68,12.04,13.01,10.0,0.10389079711914062,774.4213256835938,0.040199999809265134,0.0073566865
SPY,put,786.0,0.021917808219178082,2026-10-13,12.84,11.67,14.01,16.74,18.0,0.1364222100830078,774.4213256835938,0.040199999809265134,0.0073566865
SPY,call,762.0,0.024657534246575342,2026-10-14,14.02,13.86,14.18,11.49,109.0,0.11957667541503905,774.4213256835938,0.040199999809265134,0.0073566865
SPY,call,764.0,0.024657534246575342,2026-10-14,12.385,12.26,12.51,10.0,19.0,0.11634184448242188,774.4213256835938,0.040199999809265134,0.0073566865
SPY,call,768.0,0.024657534246575342,2026-10-14,9.33,9.24,9.42,8.91,51.0,0.11097080444335936,774.4213256835938,0.040199999809265134,0.0073566865
SPY,call,769.0,0.024657534246575342,2026-10-14,8.57,8.47,8.67,8.2,53.0,0.10901769897460936,774.4213256835938,0.040199999809265134,0.0073566865
SPY,call,770.0,0.024657534246575342,2026-10-14,7.885,7.8,7.97,7.58,134.0,0.10767493896484376,774.4213256835938,0.040199999809265134,0.0073566865
SPY,call,771.0,0.024657534246575342,2026-10-14,7.24,7.15,7.33,7.27,93.0,0.10703407623291016,774.4213256835938,0.040199999809265134,0.0073566865
SPY,call,772.0,0.024657534246575342,2026-10-14,6.6,6.52,6.68,6.63,213.0,0.1056607989501953,774.4213256835938,0.040199999809265134,0.0073566865
SPY,call,773.0,0.024657534246575342,2026-10-14,5.96,5.95,5.97,5.79,267.0,0.10254803710937499,774.4213256835938,0.040199999809265134,0.0073566865
SPY,call,774.0,0.024657534246575342,2026-10-14,5.415,5.41,5.42,5.36,238.0,0.10202924346923828,774.4213256835938,0.040199999809265134,0.0073566865
SPY,call,775.0,0.024657534246575342,2026-10-14,4.890000000000001,4.88,4.9,4.86,287.0,0.10151044982910155,774.4213256835938,0.040199999809265134,0.0073566865
SPY,call,776.0,0.024657534246575342,2026-10-14,4.359999999999999,4.35,4.37,4.07,99.0,0.10019820709228515,774.4213256835938,0.040199999809265134,0.0073566865
SPY,call,777.0,0.024657534246575342,2026-10-14,3.875,3.86,3.89,3.9,52.0,0.09925217163085936,774.4213256835938,0.040199999809265134,0.0073566865
SPY,call,778.0,0.024657534246575342,2026-10-14,3.4400000000000004,3.43,3.45,3.45,28.0,0.09845872253417969,774.4213256835938,0.040199999809265134,0.0073566865
SPY,call,779.0,0.024657534246575342,2026-10-14,3.025,3.01,3.04,3.04,35.0,0.09760423889160157,774.4213256835938,0.040199999809265134,0.0073566865
SPY,call,780.0,0.024657534246575342,2026-10-14,2.6799999999999997,2.67,2.69,2.59,222.0,0.09739061798095702,774.4213256835938,0.040199999809265134,0.0073566865
SPY,call,781.0,0.024657534246575342,2026-10-14,2.3049999999999997,2.3,2.31,2.19,154.0,0.09583423706054689,774.4213256835938,0.040199999809265134,0.0073566865
SPY,call,782.0,0.024657534246575342,2026-10-14,2.025,2.02,2.03,1.89,42.0,0.09583423706054689,774.4213256835938,0.040199999809265134,0.0073566865
SPY,call,783.0,0.024657534246575342,2026-10-14,1.73,1.72,1.74,1.73,243.0,0.09491871887207033,774.4213256835938,0.040199999809265134,0.0073566865
SPY,call,784.0,0.024657534246575342,2026-10-14,1.495,1.49,1.5,1.47,30.0,0.0945525115966797,774.4213256835938,0.040199999809265134,0.0073566865
SPY,call,785.0,0.024657534246575342,2026-10-14,1.2650000000000001,1.26,1.27,1.26,86.0,0.0937590625,774.4213256835938,0.040199999809265134,0.0073566865
SPY,call,786.0,0.024657534246575342,2026-10-14,1.085,1.08,1.09,1.0,432.0,0.09369802795410156,774.4213256835938,0.040199999809265134,0.0073566865
SPY,call,787.0,0.024657534246575342,2026-10-14,0.92,0.91,0.93,0.84,161.0,0.0935759588623047,774.4213256835938,0.040199999809265134,0.0073566865
SPY,call,789.0,0.024657534246575342,2026-10-14,0.645,0.64,0.65,0.61,133.0,0.09272147521972655,774.4213256835938,0.040199999809265134,0.0073566865
SPY,call,790.0,0.024657534246575342,2026-10-14,0.535,0.53,0.54,0.54,68.0,0.09241630249023436,774.4213256835938,0.040199999809265134,0.0073566865
SPY,call,792.0,0.024657534246575342,2026-10-14,0.365,0.36,0.37,0.33,16.0,0.09205009521484375,774.4213256835938,0.040199999809265134,0.0073566865
SPY,call,793.0,0.024657534246575342,2026-10-14,0.305,0.3,0.31,0.27,64.0,0.0922942333984375,774.4213256835938,0.040199999809265134,0.0073566865
SPY,call,795.0,0.024657534246575342,2026-10-14,0.215,0.21,0.22,0.2,71.0,0.09314871704101563,774.4213256835938,0.040199999809265134,0.0073566865
SPY,call,799.0,0.024657534246575342,2026-10-14,0.10500000000000001,0.1,0.11,0.17,48.0,0.09522389160156251,774.4213256835938,0.040199999809265134,0.0073566865
SPY,call,800.0,0.024657534246575342,2026-10-14,0.08499999999999999,0.08,0.09,0.09,33.0,0.09546802978515626,774.4213256835938,0.040199999809265134,0.0073566865
SPY,call,802.0,0.024657534246575342,2026-10-14,0.07500000000000001,0.07,0.08,0.1,125.0,0.09986251708984376,774.4213256835938,0.040199999809265134,0.0073566865
SPY,call,803.0,0.024657534246575342,2026-10-14,0.065,0.06,0.07,0.14,43.0,0.1010832080078125,774.4213256835938,0.040199999809265134,0.0073566865
SPY,call,805.0,0.024657534246575342,2026-10-14,0.055,0.05,0.06,0.1,102.0,0.10450114257812498,774.4213256835938,0.040199999809265134,0.0073566865
SPY,call,809.0,0.024657534246575342,2026-10-14,0.035,0.03,0.04,0.05,24.0,0.11036045898437499,774.4213256835938,0.040199999809265134,0.0073566865
SPY,call,810.0,0.024657534246575342,2026-10-14,0.035,0.03,0.04,0.06,24.0,0.1132901171875,774.4213256835938,0.040199999809265134,0.0073566865
SPY,call,820.0,0.024657534246575342,2026-10-14,0.025,0.02,0.03,0.04,48.0,0.13477427734375003,774.4213256835938,0.040199999809265134,0.0073566865
SPY,put,555.0,0.024657534246575342,2026-10-14,0.015,0.01,0.02,0.02,100.0,0.64062859375,774.4213256835938,0.040199999809265134,0.0073566865
SPY,put,590.0,0.024657534246575342,2026-10-14,0.015,0.01,0.02,0.04,240.0,0.5273484765625001,774.4213256835938,0.040199999809265134,0.0073566865
SPY,put,595.0,0.024657534246575342,2026-10-14,0.025,0.02,0.03,0.03,120.0,0.5351608984375,774.4213256835938,0.040199999809265134,0.0073566865
SPY,put,610.0,0.024657534246575342,2026-10-14,0.025,0.02,0.03,0.03,72.0,0.49609878906250005,774.4213256835938,0.040199999809265134,0.0073566865
SPY,put,640.0,0.024657534246575342,2026-10-14,0.035,0.03,0.04,0.06,180.0,0.414068359375,774.4213256835938,0.040199999809265134,0.0073566865
SPY,put,650.0,0.024657534246575342,2026-10-14,0.045,0.04,0.05,0.07,550.0,0.39258419921875,774.4213256835938,0.040199999809265134,0.0073566865
SPY,put,665.0,0.024657534246575342,2026-10-14,0.055,0.05,0.06,0.06,25.0,0.35352208984374994,774.4213256835938,0.040199999809265134,0.0073566865
SPY,put,700.0,0.024657534246575342,2026-10-14,0.10500000000000001,0.1,0.11,0.1,10.0,0.26270268554687504,774.4213256835938,0.040199999809265134,0.0073566865
SPY,put,710.0,0.024657534246575342,2026-10-14,0.125,0.12,0.13,0.13,10.0,0.23535920898437498,774.4213256835938,0.040199999809265134,0.0073566865
SPY,put,720.0,0.024657534246575342,2026-10-14,0.155,0.15,0.16,0.17,13.0,0.20801573242187496,774.4213256835938,0.040199999809265134,0.0073566865
SPY,put,723.0,0.024657534246575342,2026-10-14,0.175,0.17,0.18,0.33,12.0,0.20142400146484374,774.4213256835938,0.040199999809265134,0.0073566865
SPY,put,724.0,0.024657534246575342,2026-10-14,0.175,0.17,0.18,0.19,49.0,0.19800606689453126,774.4213256835938,0.040199999809265134,0.0073566865
SPY,put,725.0,0.024657534246575342,2026-10-14,0.185,0.18,0.19,0.19,35.0,0.19605296142578127,774.4213256835938,0.040199999809265134,0.0073566865
SPY,put,728.0,0.024657534246575342,2026-10-14,0.20500000000000002,0.2,0.21,0.22,24.0,0.188484677734375,774.4213256835938,0.040199999809265134,0.0073566865
SPY,put,730.0,0.024657534246575342,2026-10-14,0.215,0.21,0.22,0.22,28.0,0.1828694995117187,774.4213256835938,0.040199999809265134,0.0073566865
SPY,put,731.0,0.024657534246575342,2026-10-14,0.225,0.22,0.23,0.26,20.0,0.180672255859375,774.4213256835938,0.040199999809265134,0.0073566865
SPY,put,736.0,0.024657534246575342,2026-10-14,0.28500000000000003,0.28,0.29,0.39,32.0,0.16919776123046876,774.4213256835938,0.040199999809265134,0.0073566865
SPY,put,738.0,0.024657534246575342,2026-10-14,0.315,0.31,0.32,0.47,23.0,0.16468120483398438,774.4213256835938,0.040199999809265134,0.0073566865
SPY,put,739.0,0.024657534246575342,2026-10-14,0.335,0.33,0.34,0.34,31.0,0.16272809936523439,774.4213256835938,0.040199999809265134,0.0073566865
SPY,put,740.0,0.024657534246575342,2026-10-14,0.345,0.34,0.35,0.34,18.0,0.1596763720703125,774.4213256835938,0.040199999809265134,0.0073566865
SPY,put,741.0,0.024657534246575342,2026-10-14,0.375,0.37,0.38,0.77,25.0,0.15845568115234376,774.4213256835938,0.040199999809265134,0.0073566865
SPY,put,744.0,0.024657534246575342,2026-10-14,0.44,0.43,0.45,1.05,35.0,0.1518639501953125,774.4213256835938,0.040199999809265134,0.0073566865
SPY,put,745.0,0.024657534246575342,2026-10-14,0.475,0.47,0.48,0.48,23.0,0.14978877563476564,774.4213256835938,0.040199999809265134,0.0073566865
SPY,put,746.0,0.024657534246575342,2026-10-14,0.505,0.5,0.51,0.5,14.0,0.14771360107421877,774.4213256835938,0.040199999809265134,0.0073566865
SPY,put,749.0,0.024657534246575342,2026-10-14,0.635,0.63,0.64,1.39,85.0,0.14258669921875,774.4213256835938,0.040199999809265134,0.0073566865
SPY,put,750.0,0.024657534246575342,2026-10-14,0.675,0.67,0.68,0.67,194.0,0.14026738647460937,774.4213256835938,0.040199999809265134,0.0073566865
SPY,put,753.0,0.024657534246575342,2026-10-14,0.85,0.84,0.86,0.9,48.0,0.13520151916503909,774.4213256835938,0.040199999809265134,0.0073566865
SPY,put,754.0,0.024657534246575342,2026-10-14,0.925,0.92,0.93,1.0,52.0,0.13343151733398437,774.4213256835938,0.040199999809265134,0.0073566865
SPY,put,755.0,0.024657534246575342,2026-10-14,1.005,1.0,1.01,1.03,50.0,0.131844619140625,774.4213256835938,0.040199999809265134,0.0073566865
SPY,put,757.0,0.024657534246575342,2026-10-14,1.18,1.17,1.19,1.26,15.0,0.12854875366210936,774.4213256835938,0.040199999809265134,0.0073566865
SPY,put,758.0,0.024657534246575342,2026-10-14,1.29,1.28,1.3,1.36,80.0,0.1271449591064453,774.4213256835938,0.040199999809265134,0.0073566865
SPY,put,759.0,0.024657534246575342,2026-10-14,1.4049999999999998,1.4,1.41,1.49,68.0,0.12543599182128906,774.4213256835938,0.040199999809265134,0.0073566865
SPY,put,760.0,0.024657534246575342,2026-10-14,1.525,1.52,1.53,1.59,109.0,0.12372702453613281,774.4213256835938,0.040199999809265134,0.0073566865
SPY,put,761.0,0.024657534246575342,2026-10-14,1.665,1.66,1.67,1.77,51.0,0.12226219543457033,774.4213256835938,0.040199999809265134,0.0073566865
SPY,put,762.0,0.024657534246575342,2026-10-14,1.81,1.8,1.82,1.89,52.0,0.12073633178710938,774.4213256835938,0.040199999809265134,0.0073566865
SPY,put,763.0,0.024657534246575342,2026-10-14,1.98,1.97,1.99,2.0,121.0,0.11939357177734375,774.4213256835938,0.040199999809265134,0.0073566865
SPY,put,764.0,0.024657534246575342,2026-10-14,2.16,2.15,2.17,2.24,19.0,0.11789822540283201,774.4213256835938,0.040199999809265134,0.0073566865
SPY,put,765.0,0.024657534246575342,2026-10-14,2.355,2.35,2.36,2.45,142.0,0.11628080993652344,774.4213256835938,0.040199999809265134,0.0073566865
SPY,put,766.0,0.024657534246575342,2026-10-14,2.575,2.57,2.58,2.77,116.0,0.11493804992675781,774.4213256835938,0.040199999809265134,0.0073566865
SPY,put,767.0,0.024657534246575342,2026-10-14,2.8200000000000003,2.81,2.83,2.92,273.0,0.11383942810058593,774.4213256835938,0.040199999809265134,0.0073566865
SPY,put,768.0,0.024657534246575342,2026-10-14,3.09,3.08,3.1,3.15,106.0,0.11274080627441406,774.4213256835938,0.040199999809265134,0.0073566865
SPY,put,769.0,0.024657534246575342,2026-10-14,3.3499999999999996,3.34,3.36,3.38,83.0,0.11097080444335936,774.4213256835938,0.040199999809265134,0.0073566865
SPY,put,770.0,0.024657534246575342,2026-10-14,3.6500000000000004,3.64,3.66,3.79,2636.0,0.10956700988769531,774.4213256835938,0.040199999809265134,0.0073566865
SPY,put,771.0,0.024657534246575342,2026-10-14,4.015000000000001,4.0,4.03,4.0,972.0,0.1090787335205078,774.4213256835938,0.040199999809265134,0.0073566865
SPY,put,772.0,0.024657534246575342,2026-10-14,4.38,4.37,4.39,4.56,220.0,0.10788855987548829,774.4213256835938,0.040199999809265134,0.0073566865
SPY,put,773.0,0.024657534246575342,2026-10-14,4.79,4.78,4.8,4.78,170.0,0.1071256280517578,774.4213256835938,0.040199999809265134,0.0073566865
SPY,put,774.0,0.024657534246575342,2026-10-14,5.220000000000001,5.21,5.23,5.22,40.0,0.10617959259033202,774.4213256835938,0.040199999809265134,0.0073566865
SPY,put,775.0,0.024657534246575342,2026-10-14,5.640000000000001,5.63,5.65,5.66,73.0,0.10450114257812498,774.4213256835938,0.040199999809265134,0.0073566865
SPY,put,776.0,0.024657534246575342,2026-10-14,6.16,6.11,6.21,8.16,15.0,0.1049894189453125,774.4213256835938,0.040199999809265134,0.0073566865
SPY,put,777.0,0.024657534246575342,2026-10-14,6.665,6.57,6.76,7.05,50.0,0.1046842462158203,774.4213256835938,0.040199999809265134,0.0073566865
SPY,put,785.0,0.024657534246575342,2026-10-14,12.16,11.95,12.37,12.3,45.0,0.10736976623535156,774.4213256835938,0.040199999809265134,0.0073566865
SPY,call,755.0,0.0273972602739726,2026-10-15,20.509999999999998,20.33,20.69,17.8,33.0,0.1355066918945313,774.4213256835938,0.040199999809265134,0.0073566865
SPY,call,769.0,0.0273972602739726,2026-10-15,9.07,8.98,9.16,8.85,12.0,0.1137783935546875,774.4213256835938,0.040199999809265134,0.0073566865
SPY,call,770.0,0.0273972602739726,2026-10-15,8.37,8.29,8.45,8.05,171.0,0.11206942626953123,774.4213256835938,0.040199999809265134,0.0073566865
SPY,call,771.0,0.0273972602739726,2026-10-15,7.699999999999999,7.63,7.77,7.41,230.0,0.1105130453491211,774.4213256835938,0.040199999809265134,0.0073566865
SPY,call,772.0,0.0273972602739726,2026-10-15,7.09,7.02,7.16,6.85,190.0,0.10981114807128906,774.4213256835938,0.040199999809265134,0.0073566865
SPY,call,773.0,0.0273972602739726,2026-10-15,6.46,6.45,6.47,6.41,148.0,0.10715614532470702,774.4213256835938,0.040199999809265134,0.0073566865
SPY,call,774.0,0.0273972602739726,2026-10-15,5.904999999999999,5.89,5.92,5.61,58.0,0.10660683441162111,774.4213256835938,0.040199999809265134,0.0073566865
SPY,call,775.0,0.0273972602739726,2026-10-15,5.359999999999999,5.35,5.37,5.21,386.0,0.10556924713134765,774.4213256835938,0.040199999809265134,0.0073566865
SPY,call,776.0,0.0273972602739726,2026-10-15,4.8,4.79,4.81,4.59,118.0,0.10379924530029297,774.4213256835938,0.040199999809265134,0.0073566865
SPY,call,777.0,0.0273972602739726,2026-10-15,4.355,4.34,4.37,4.15,183.0,0.10373821075439452,774.4213256835938,0.040199999809265134,0.0073566865
SPY,call,778.0,0.0273972602739726,2026-10-15,3.885,3.87,3.9,3.64,129.0,0.10254803710937499,774.4213256835938,0.040199999809265134,0.0073566865
SPY,call,779.0,0.0273972602739726,2026-10-15,3.455,3.44,3.47,3.48,342.0,0.10157148437499999,774.4213256835938,0.040199999809265134,0.0073566865
SPY,call,780.0,0.0273972602739726,2026-10-15,3.08,3.07,3.09,2.9,266.0,0.10102217346191406,774.4213256835938,0.040199999809265134,0.0073566865
SPY,call,781.0,0.0273972602739726,2026-10-15,2.71,2.7,2.72,2.72,27.0,0.10004562072753906,774.4213256835938,0.040199999809265134,0.0073566865
SPY,call,782.0,0.0273972602739726,2026-10-15,2.37,2.36,2.38,2.39,77.0,0.09909958526611329,774.4213256835938,0.040199999809265134,0.0073566865
SPY,call,783.0,0.0273972602739726,2026-10-15,2.0700000000000003,2.06,2.08,2.0,160.0,0.09839768798828125,774.4213256835938,0.040199999809265134,0.0073566865
SPY,call,784.0,0.0273972602739726,2026-10-15,1.8250000000000002,1.82,1.83,1.68,286.0,0.09827561889648437,774.4213256835938,0.040199999809265134,0.0073566865
SPY,call,785.0,0.0273972602739726,2026-10-15,1.565,1.56,1.57,1.48,54.0,0.09729906616210937,774.4213256835938,0.040199999809265134,0.0073566865
SPY,call,786.0,0.0273972602739726,2026-10-15,1.35,1.34,1.36,1.36,120.0,0.09693285888671876,774.4213256835938,0.040199999809265134,0.0073566865
SPY,call,787.0,0.0273972602739726,2026-10-15,1.16,1.15,1.17,1.17,10.0,0.09656665161132813,774.4213256835938,0.040199999809265134,0.0073566865
SPY,call,788.0,0.0273972602739726,2026-10-15,0.995,0.99,1.0,0.94,18.0,0.09613940979003907,774.4213256835938,0.040199999809265134,0.0073566865
SPY,call,790.0,0.0273972602739726,2026-10-15,0.71,0.7,0.72,0.64,123.0,0.09534596069335938,774.4213256835938,0.040199999809265134,0.0073566865
SPY,call,791.0,0.0273972602739726,2026-10-15,0.6,0.59,0.61,0.5,14.0,0.09522389160156251,774.4213256835938,0.040199999809265134,0.0073566865
SPY,call,792.0,0.0273972602739726,2026-10-15,0.505,0.5,0.51,0.42,15.0,0.09479664978027345,774.4213256835938,0.040199999809265134,0.0073566865
SPY,call,795.0,0.0273972602739726,2026-10-15,0.305,0.3,0.31,0.31,38.0,0.09522389160156251,774.4213256835938,0.040199999809265134,0.0073566865
SPY,call,800.0,0.0273972602739726,2026-10-15,0.125,0.12,0.13,0.11,80.0,0.09644458251953125,774.4213256835938,0.040199999809265134,0.0073566865
SPY,call,808.0,0.0273972602739726,2026-10-15,0.055,0.05,0.06,0.1,100.0,0.1079190771484375,774.4213256835938,0.040199999809265134,0.0073566865
SPY,call,810.0,0.0273972602739726,2026-10-15,0.045,0.04,0.05,0.05,10.0,0.11084873535156249,774.4213256835938,0.040199999809265134,0.0073566865
SPY,put,580.0,0.0273972602739726,2026-10-15,0.025,0.02,0.03,0.03,120.0,0.5546919531250001,774.4213256835938,0.040199999809265134,0.0073566865
SPY,put,675.0,0.0273972602739726,2026-10-15,0.08499999999999999,0.08,0.09,0.13,94.0,0.32129584960937496,774.4213256835938,0.040199999809265134,0.0073566865
SPY,put,680.0,0.0273972602739726,2026-10-15,0.095,0.09,0.1,0.16,40.0,0.309577216796875,774.4213256835938,0.040199999809265134,0.0073566865
SPY,put,700.0,0.0273972602739726,2026-10-15,0.135,0.13,0.14,0.14,35.0,0.25879647460937505,774.4213256835938,0.040199999809265134,0.0073566865
SPY,put,705.0,0.0273972602739726,2026-10-15,0.14500000000000002,0.14,0.15,0.22,23.0,0.245124736328125,774.4213256835938,0.040199999809265134,0.0073566865
SPY,put,710.0,0.0273972602739726,2026-10-15,0.165,0.16,0.17,0.16,22.0,0.2329178271484375,774.4213256835938,0.040199999809265134,0.0073566865
SPY,put,720.0,0.0273972602739726,2026-10-15,0.20500000000000002,0.2,0.21,0.22,439.0,0.2067950415039062,774.4213256835938,0.040199999809265134,0.0073566865
SPY,put,725.0,0.0273972602739726,2026-10-15,0.235,0.23,0.24,0.24,62.0,0.19409985595703128,774.4213256835938,0.040199999809265134,0.0073566865
SPY,put,728.0,0.0273972602739726,2026-10-15,0.265,0.26,0.27,0.29,100.0,0.18726398681640627,774.4213256835938,0.040199999809265134,0.0073566865
SPY,put,731.0,0.0273972602739726,2026-10-15,0.295,0.29,0.3,0.41,187.0,0.1801839794921875,774.4213256835938,0.040199999809265134,0.0073566865
SPY,put,732.0,0.0273972602739726,2026-10-15,0.315,0.31,0.32,0.65,117.0,0.17859708129882812,774.4213256835938,0.040199999809265134,0.0073566865
SPY,put,733.0,0.0273972602739726,2026-10-15,0.315,0.31,0.32,0.62,14.0,0.17505707763671874,774.4213256835938,0.040199999809265134,0.0073566865
SPY,put,734.0,0.0273972602739726,2026-10-15,0.335,0.33,0.34,0.78,40.0,0.1733481103515625,774.4213256835938,0.040199999809265134,0.0073566865
SPY,put,736.0,0.0273972602739726,2026-10-15,0.375,0.37,0.38,0.73,28.0,0.1695639685058594,774.4213256835938,0.040199999809265134,0.0073566865
SPY,put,740.0,0.0273972602739726,2026-10-15,0.455,0.45,0.46,0.48,29.0,0.1607749938964844,774.4213256835938,0.040199999809265134,0.0073566865
SPY,put,741.0,0.0273972602739726,2026-10-15,0.48,0.47,0.49,1.01,127.0,0.15906602661132813,774.4213256835938,0.040199999809265134,0.0073566865
SPY,put,742.0,0.0273972602739726,2026-10-15,0.505,0.5,0.51,0.55,25.0,0.15650257568359377,774.4213256835938,0.040199999809265134,0.0073566865
SPY,put,744.0,0.0273972602739726,2026-10-15,0.575,0.57,0.58,0.57,12.0,0.15296257202148442,774.4213256835938,0.040199999809265134,0.0073566865
SPY,put,745.0,0.0273972602739726,2026-10-15,0.605,0.6,0.61,0.62,73.0,0.1506432592773438,774.4213256835938,0.040199999809265134,0.0073566865
SPY,put,746.0,0.0273972602739726,2026-10-15,0.65,0.64,0.66,1.3,121.0,0.149422568359375,774.4213256835938,0.040199999809265134,0.0073566865
SPY,put,750.0,0.0273972602739726,2026-10-15,0.85,0.84,0.86,0.9,214.0,0.1420984228515625,774.4213256835938,0.040199999809265134,0.0073566865
SPY,put,751.0,0.0273972602739726,2026-10-15,0.91,0.9,0.92,0.96,14.0,0.14026738647460937,774.4213256835938,0.040199999809265134,0.0073566865
SPY,put,752.0,0.0273972602739726,2026-10-15,0.985,0.98,0.99,1.07,19.0,0.13868048828125001,774.4213256835938,0.040199999809265134,0.0073566865
SPY,put,753.0,0.0273972602739726,2026-10-15,1.065,1.06,1.07,1.1,13.0,0.13721565917968753,774.4213256835938,0.040199999809265134,0.0073566865
SPY,put,754.0,0.0273972602739726,2026-10-15,1.14,1.13,1.15,1.26,60.0,0.1355066918945313,774.4213256835938,0.040199999809265134,0.0073566865
SPY,put,755.0,0.0273972602739726,2026-10-15,1.23,1.22,1.24,1.22,60.0,0.13391979370117188,774.4213256835938,0.040199999809265134,0.0073566865
SPY,put,756.0,0.0273972602739726,2026-10-15,1.33,1.32,1.34,1.38,33.0,0.13239393005371097,774.4213256835938,0.040199999809265134,0.0073566865
SPY,put,757.0,0.0273972602739726,2026-10-15,1.435,1.43,1.44,1.49,51.0,0.13062392822265623,774.4213256835938,0.040199999809265134,0.0073566865
SPY,put,759.0,0.0273972602739726,2026-10-15,1.665,1.66,1.67,1.76,15.0,0.12720599365234375,774.4213256835938,0.040199999809265134,0.0073566865
SPY,put,760.0,0.0273972602739726,2026-10-15,1.815,1.81,1.82,1.89,417.0,0.12604633728027342,774.4213256835938,0.040199999809265134,0.0073566865
SPY,put,761.0,0.0273972602739726,2026-10-15,1.96,1.95,1.97,1.95,24.0,0.12458150817871094,774.4213256835938,0.040199999809265134,0.0073566865
SPY,put,762.0,0.0273972602739726,2026-10-15,2.13,2.12,2.14,2.37,10.0,0.12329978271484376,774.4213256835938,0.040199999809265134,0.0073566865
SPY,put,764.0,0.0273972602739726,2026-10-15,2.5,2.49,2.51,2.63,12.0,0.12040064178466797,774.4213256835938,0.040199999809265134,0.0073566865
SPY,put,765.0,0.0273972602739726,2026-10-15,2.705,2.7,2.71,2.71,543.0,0.11878322631835936,774.4213256835938,0.040199999809265134,0.0073566865
SPY,put,766.0,0.0273972602739726,2026-10-15,2.935,2.93,2.94,3.13,12.0,0.11744046630859376,774.4213256835938,0.040199999809265134,0.0073566865
SPY,put,767.0,0.0273972602739726,2026-10-15,3.16,3.15,3.17,3.29,63.0,0.11576201629638672,774.4213256835938,0.040199999809265134,0.0073566865
SPY,put,768.0,0.0273972602739726,2026-10-15,3.45,3.44,3.46,3.57,33.0,0.1149075326538086,774.4213256835938,0.040199999809265134,0.0073566865
SPY,put,769.0,0.0273972602739726,2026-10-15,3.7350000000000003,3.72,3.75,3.88,81.0,0.11362580718994139,774.4213256835938,0.040199999809265134,0.0073566865
SPY,put,770.0,0.0273972602739726,2026-10-15,4.055,4.04,4.07,4.27,3878.0,0.1124966680908203,774.4213256835938,0.040199999809265134,0.0073566865
SPY,put,771.0,0.0273972602739726,2026-10-15,4.395,4.38,4.41,4.45,1427.0,0.11133701171874999,774.4213256835938,0.040199999809265134,0.0073566865
SPY,put,772.0,0.0273972602739726,2026-10-15,4.77,4.76,4.78,4.8,294.0,0.11023838989257811,774.4213256835938,0.040199999809265134,0.0073566865
SPY,put,773.0,0.0273972602739726,2026-10-15,5.15,5.14,5.16,5.17,226.0,0.1088956298828125,774.4213256835938,0.040199999809265134,0.0073566865
SPY,put,774.0,0.0273972602739726,2026-10-15,5.595000000000001,5.58,5.61,5.59,19.0,0.10834631896972656,774.4213256835938,0.040199999809265134,0.0073566865
SPY,put,775.0,0.0273972602739726,2026-10-15,6.029999999999999,6.02,6.04,6.02,75.0,0.10691200714111329,774.4213256835938,0.040199999809265134,0.0073566865
SPY,put,776.0,0.0273972602739726,2026-10-15,6.505,6.49,6.52,6.85,18.0,0.10590493713378905,774.4213256835938,0.040199999809265134,0.0073566865
SPY,put,780.0,0.0273972602739726,2026-10-15,8.795,8.66,8.93,8.89,51.0,0.10587441986083984,774.4213256835938,0.040199999809265134,0.0073566865
SPY,put,784.0,0.0273972602739726,2026-10-15,11.59,11.43,11.75,15.52,54.0,0.10590493713378905,774.4213256835938,0.040199999809265134,0.0073566865
SPY,call,300.0,0.030136986301369864,2026-10-16,473.95,473.45,474.45,468.62,24.0,1.71875140625,774.4213256835938,0.040199999809265134,0.0073566865
SPY,call,305.0,0.030136986301369864,2026-10-16,468.96,468.46,469.46,454.74,84.0,1.71875140625,774.4213256835938,0.040199999809265134,0.0073566865
SPY,call,310.0,0.030136986301369864,2026-10-16,463.94500000000005,463.47,464.42,458.44,24.0,1.5468772656249998,774.4213256835938,0.040199999809265134,0.0073566865
SPY,call,320.0,0.030136986301369864,2026-10-16,453.98,453.48,454.48,448.74,24.0,1.67578287109375,774.4213256835938,0.040199999809265134,0.0073566865
SPY,call,330.0,0.030136986301369864,2026-10-16,435.105,433.2,437.01,437.51,15.0,1.0000000000000003e-05,774.4213256835938,0.040199999809265134,0.0073566865
SPY,call,335.0,0.030136986301369864,2026-10-16,429.735,427.91,431.56,432.71,15.0,1.0000000000000003e-05,774.4213256835938,0.040199999809265134,0.0073566865
SPY,call,445.0,0.030136986301369864,2026-10-16,328.66999999999996,327.07,330.27,314.16,36.0,1.4267606787109375,774.4213256835938,0.040199999809265134,0.0073566865
SPY,call,485.0,0.030136986301369864,2026-10-16,288.9,287.28,290.52,278.24,11.0,1.2744176904296873,774.4213256835938,0.040199999809265134,0.0073566865
SPY,call,515.0,0.030136986301369864,2026-10-16,258.87,257.18,260.56,248.17,43.0,1.1357465087890626,774.4213256835938,0.040199999809265134,0.0073566865
SPY,call,590.0,0.030136986301369864,2026-10-16,183.88,182.76,185.0,179.66,18.0,0.7202176416015625,774.4213256835938,0.040199999809265134,0.0073566865
SPY,call,640.0,0.030136986301369864,2026-10-16,133.95999999999998,132.92,135.0,128.93,10.0,0.5297898583984376,774.4213256835938,0.040199999809265134,0.0073566865
SPY,call,650.0,0.030136986301369864,2026-10-16,123.94,122.88,125.0,120.33,13.0,0.49268085449218757,774.4213256835938,0.040199999809265134,0.0073566865
SPY,call,660.0,0.030136986301369864,2026-10-16,114.07,112.97,115.17,108.4,18.0,0.47559118164062497,774.4213256835938,0.040199999809265134,0.0073566865
SPY,call,665.0,0.030136986301369864,2026-10-16,109.05000000000001,107.92,110.18,104.45,30.0,0.4577690942382813,774.4213256835938,0.040199999809265134,0.0073566865
SPY,call,695.0,0.030136986301369864,2026-10-16,79.155,78.02,80.29,73.58,17.0,0.3536441589355468,774.4213256835938,0.040199999809265134,0.0073566865
SPY,call,700.0,0.030136986301369864,2026-10-16,74.42,73.66,75.18,74.33,23.0,0.3259344750976562,774.4213256835938,0.040199999809265134,0.0073566865
SPY,call,701.0,0.030136986301369864,2026-10-16,73.13499999999999,72.07,74.2,68.42,127.0,0.3237372314453124,774.4213256835938,0.040199999809265134,0.0073566865
SPY,call,709.0,0.030136986301369864,2026-10-16,65.35,63.63,67.07,62.38,10.0,0.34534346069335936,774.4213256835938,0.040199999809265134,0.0073566865
SPY,call,710.0,0.030136986301369864,2026-10-16,64.24,63.12,65.36,60.53,44.0,0.3007882421875,774.4213256835938,0.040199999809265134,0.0073566865
SPY,call,734.0,0.030136986301369864,2026-10-16,40.504999999999995,39.41,41.6,33.95,10.0,0.2176591906738281,774.4213256835938,0.040199999809265134,0.0073566865
SPY,call,740.0,0.030136986301369864,2026-10-16,35.084999999999994,35.05,35.12,34.66,61.0,0.1695639685058594,774.4213256835938,0.040199999809265134,0.0073566865
SPY,call,745.0,0.030136986301369864,2026-10-16,29.855,28.73,30.98,26.56,36.0,0.18531088134765622,774.4213256835938,0.040199999809265134,0.0073566865
SPY,call,750.0,0.030136986301369864,2026-10-16,25.6,25.56,25.64,25.18,22.0,0.15070429382324224,774.4213256835938,0.040199999809265134,0.0073566865
SPY,call,754.0,0.030136986301369864,2026-10-16,21.87,21.71,22.03,18.81,18.0,0.14508911560058596,774.4213256835938,0.040199999809265134,0.0073566865
SPY,call,755.0,0.030136986301369864,2026-10-16,20.990000000000002,20.85,21.13,20.83,49.0,0.1431970446777344,774.4213256835938,0.040199999809265134,0.0073566865
SPY,call,760.0,0.030136986301369864,2026-10-16,16.645,16.61,16.68,16.05,86.0,0.13221082641601564,774.4213256835938,0.040199999809265134,0.0073566865
SPY,call,762.0,0.030136986301369864,2026-10-16,14.955,14.83,15.08,14.52,101.0,0.13056289367675777,774.4213256835938,0.040199999809265134,0.0073566865
SPY,call,763.0,0.030136986301369864,2026-10-16,14.155000000000001,14.05,14.26,13.86,208.0,0.1287928918457031,774.4213256835938,0.040199999809265134,0.0073566865
SPY,call,764.0,0.030136986301369864,2026-10-16,13.345,13.23,13.46,13.0,279.0,0.12717547637939453,774.4213256835938,0.040199999809265134,0.0073566865
SPY,call,765.0,0.030136986301369864,2026-10-16,12.575,12.55,12.6,12.6,685.0,0.12400167999267578,774.4213256835938,0.040199999809265134,0.0073566865
SPY,call,766.0,0.030136986301369864,2026-10-16,11.76,11.73,11.79,11.75,93.0,0.12162133270263673,774.4213256835938,0.040199999809265134,0.0073566865
SPY,call,767.0,0.030136986301369864,2026-10-16,11.01,10.98,11.04,10.97,81.0,0.12015650360107422,774.4213256835938,0.040199999809265134,0.0073566865
SPY,call,768.0,0.030136986301369864,2026-10-16,10.335,10.25,10.42,9.99,627.0,0.12082788360595703,774.4213256835938,0.040199999809265134,0.0073566865
SPY,call,769.0,0.030136986301369864,2026-10-16,9.61,9.51,9.71,9.4,541.0,0.11936305450439452,774.4213256835938,0.040199999809265134,0.0073566865
SPY,call,770.0,0.030136986301369864,2026-10-16,8.96,8.93,8.99,8.8,3209.0,0.1173489144897461,774.4213256835938,0.040199999809265134,0.0073566865
SPY,call,771.0,0.030136986301369864,2026-10-16,8.28,8.2,8.36,8.21,421.0,0.11661649993896485,774.4213256835938,0.040199999809265134,0.0073566865
SPY,call,772.0,0.030136986301369864,2026-10-16,7.625,7.56,7.69,7.59,1597.0,0.1147549462890625,774.4213256835938,0.040199999809265134,0.0073566865
SPY,call,773.0,0.030136986301369864,2026-10-16,7.005,6.99,7.02,7.0,984.0,0.11246615081787109,774.4213256835938,0.040199999809265134,0.0073566865
SPY,call,774.0,0.030136986301369864,2026-10-16,6.42,6.41,6.43,6.12,562.0,0.11118442535400389,774.4213256835938,0.040199999809265134,0.0073566865
SPY,call,775.0,0.030136986301369864,2026-10-16,5.890000000000001,5.88,5.9,5.9,5355.0,0.11054356262207031,774.4213256835938,0.040199999809265134,0.0073566865
SPY,call,776.0,0.030136986301369864,2026-10-16,5.365,5.35,5.38,5.36,756.0,0.10959752716064453,774.4213256835938,0.040199999809265134,0.0073566865
SPY,call,777.0,0.030136986301369864,2026-10-16,4.85,4.84,4.86,4.79,966.0,0.10819373260498047,774.4213256835938,0.040199999809265134,0.0073566865
SPY,call,778.0,0.030136986301369864,2026-10-16,4.355,4.34,4.37,4.35,1005.0,0.10682045532226564,774.4213256835938,0.040199999809265134,0.0073566865
SPY,call,779.0,0.030136986301369864,2026-10-16,3.955,3.94,3.97,3.73,1150.0,0.10663735168457032,774.4213256835938,0.040199999809265134,0.0073566865
SPY,call,780.0,0.030136986301369864,2026-10-16,3.51,3.5,3.52,3.52,5005.0,0.10495890167236327,774.4213256835938,0.040199999809265134,0.0073566865
SPY,call,781.0,0.030136986301369864,2026-10-16,3.135,3.12,3.15,2.93,611.0,0.10431803894042967,774.4213256835938,0.040199999809265134,0.0073566865
SPY,call,782.0,0.030136986301369864,2026-10-16,2.79,2.78,2.8,2.61,705.0,0.10352458984374999,774.4213256835938,0.040199999809265134,0.0073566865
SPY,call,783.0,0.030136986301369864,2026-10-16,2.4699999999999998,2.46,2.48,2.49,1057.0,0.10282269256591797,774.4213256835938,0.040199999809265134,0.0073566865
SPY,call,784.0,0.030136986301369864,2026-10-16,2.1799999999999997,2.17,2.19,2.09,5789.0,0.10221234710693358,774.4213256835938,0.040199999809265134,0.0073566865
SPY,call,785.0,0.030136986301369864,2026-10-16,1.9249999999999998,1.92,1.93,1.91,3178.0,0.10175458801269531,774.4213256835938,0.040199999809265134,0.0073566865
SPY,call,786.0,0.030136986301369864,2026-10-16,1.67,1.66,1.68,1.65,860.0,0.10096113891601563,774.4213256835938,0.040199999809265134,0.0073566865
SPY,call,787.0,0.030136986301369864,2026-10-16,1.455,1.45,1.46,1.44,420.0,0.10032027618408201,774.4213256835938,0.040199999809265134,0.0073566865
SPY,call,788.0,0.030136986301369864,2026-10-16,1.27,1.26,1.28,1.25,350.0,0.10022872436523436,774.4213256835938,0.040199999809265134,0.0073566865
SPY,call,789.0,0.030136986301369864,2026-10-16,1.09,1.08,1.1,1.02,466.0,0.09955734436035156,774.4213256835938,0.040199999809265134,0.0073566865
SPY,call,790.0,0.030136986301369864,2026-10-16,0.935,0.93,0.94,0.86,1537.0,0.09888596435546876,774.4213256835938,0.040199999809265134,0.0073566865
SPY,call,791.0,0.030136986301369864,2026-10-16,0.805,0.8,0.81,0.74,286.0,0.09870286071777344,774.4213256835938,0.040199999809265134,0.0073566865
SPY,call,792.0,0.030136986301369864,2026-10-16,0.685,0.68,0.69,0.69,279.0,0.09827561889648437,774.4213256835938,0.040199999809265134,0.0073566865
SPY,call,793.0,0.030136986301369864,2026-10-16,0.59,0.58,0.6,0.58,106.0,0.09851975708007812,774.4213256835938,0.040199999809265134,0.0073566865
SPY,call,794.0,0.030136986301369864,2026-10-16,0.5,0.49,0.51,0.46,160.0,0.09827561889648437,774.4213256835938,0.040199999809265134,0.0073566865
SPY,call,795.0,0.030136986301369864,2026-10-16,0.43,0.42,0.44,0.42,4400.0,0.09851975708007812,774.4213256835938,0.040199999809265134,0.0073566865
SPY,call,796.0,0.030136986301369864,2026-10-16,0.355,0.35,0.36,0.34,388.0,0.0976652734375,774.4213256835938,0.040199999809265134,0.0073566865
SPY,call,797.0,0.030136986301369864,2026-10-16,0.315,0.31,0.32,0.32,2540.0,0.098641826171875,774.4213256835938,0.040199999809265134,0.0073566865
SPY,call,798.0,0.030136986301369864,2026-10-16,0.255,0.25,0.26,0.27,2204.0,0.09790941162109376,774.4213256835938,0.040199999809265134,0.0073566865
SPY,call,799.0,0.030136986301369864,2026-10-16,0.225,0.22,0.23,0.21,41.0,0.09876389526367188,774.4213256835938,0.040199999809265134,0.0073566865
SPY,call,800.0,0.030136986301369864,2026-10-16,0.195,0.19,0.2,0.2,2302.0,0.09937424072265624,774.4213256835938,0.040199999809265134,0.0073566865
SPY,call,801.0,0.030136986301369864,2026-10-16,0.175,0.17,0.18,0.15,20.0,0.100594931640625,774.4213256835938,0.040199999809265134,0.0073566865
SPY,call,802.0,0.030136986301369864,2026-10-16,0.155,0.15,0.16,0.15,692.0,0.10157148437499999,774.4213256835938,0.040199999809265134,0.0073566865
SPY,call,805.0,0.030136986301369864,2026-10-16,0.095,0.09,0.1,0.09,61.0,0.10254803710937499,774.4213256835938,0.040199999809265134,0.0073566865
SPY,call,809.0,0.030136986301369864,2026-10-16,0.065,0.06,0.07,0.07,11.0,0.10816321533203124,774.4213256835938,0.040199999809265134,0.0073566865
SPY,call,810.0,0.030136986301369864,2026-10-16,0.065,0.06,0.07,0.06,14.0,0.11084873535156249,774.4213256835938,0.040199999809265134,0.0073566865
SPY,call,815.0,0.030136986301369864,2026-10-16,0.045,0.04,0.05,0.04,25.0,0.1186611572265625,774.4213256835938,0.040199999809265134,0.0073566865
SPY,call,820.0,0.030136986301369864,2026-10-16,0.035,0.03,0.04,0.03,14.0,0.1274501318359375,774.4213256835938,0.040199999809265134,0.0073566865
SPY,call,825.0,0.030136986301369864,2026-10-16,0.025,0.02,0.03,0.03,38.0,0.13477427734375003,774.4213256835938,0.040199999809265134,0.0073566865
SPY,call,855.0,0.030136986301369864,2026-10-16,0.015,0.01,0.02,0.02,800.0,0.19336744140625,774.4213256835938,0.040199999809265134,0.0073566865
SPY,put,500.0,0.030136986301369864,2026-10-16,0.015,0.01,0.02,0.01,274.0,0.7500025,774.4213256835938,0.040199999809265134,0.0073566865
SPY,put,510.0,0.030136986301369864,2026-10-16,0.015,0.01,0.02,0.02,100.0,0.7187528125,774.4213256835938,0.040199999809265134,0.0073566865
SPY,put,515.0,0.030136986301369864,2026-10-16,0.015,0.01,0.02,0.02,2840.0,0.70312796875,774.4213256835938,0.040199999809265134,0.0073566865
SPY,put,535.0,0.030136986301369864,2026-10-16,0.015,0.01,0.02,0.01,280.0,0.64062859375,774.4213256835938,0.040199999809265134,0.0073566865
SPY,put,540.0,0.030136986301369864,2026-10-16,0.015,0.01,0.02,0.02,342.0,0.6250037500000001,774.4213256835938,0.040199999809265134,0.0073566865
SPY,put,545.0,0.030136986301369864,2026-10-16,0.015,0.01,0.02,0.03,40.0,0.6093789062500001,774.4213256835938,0.040199999809265134,0.0073566865
SPY,put,555.0,0.030136986301369864,2026-10-16,0.025,0.02,0.03,0.03,1171.0,0.6054726953125001,774.4213256835938,0.040199999809265134,0.0073566865
SPY,put,560.0,0.030136986301369864,2026-10-16,0.025,0.02,0.03,0.03,19377.0,0.5898478515625001,774.4213256835938,0.040199999809265134,0.0073566865
SPY,put,570.0,0.030136986301369864,2026-10-16,0.025,0.02,0.03,0.03,60.0,0.5625043750000001,774.4213256835938,0.040199999809265134,0.0073566865
SPY,put,575.0,0.030136986301369864,2026-10-16,0.025,0.02,0.03,0.03,98.0,0.5468795312500001,774.4213256835938,0.040199999809265134,0.0073566865
SPY,put,585.0,0.030136986301369864,2026-10-16,0.035,0.03,0.04,0.04,36.0,0.53320779296875,774.4213256835938,0.040199999809265134,0.0073566865
SPY,put,595.0,0.030136986301369864,2026-10-16,0.035,0.03,0.04,0.04,16.0,0.5039112109375,774.4213256835938,0.040199999809265134,0.0073566865
SPY,put,600.0,0.030136986301369864,2026-10-16,0.035,0.03,0.04,0.04,81.0,0.49414568359375005,774.4213256835938,0.040199999809265134,0.0073566865
SPY,put,605.0,0.030136986301369864,2026-10-16,0.035,0.03,0.04,0.05,25.0,0.4804739453125,774.4213256835938,0.040199999809265134,0.0073566865
SPY,put,610.0,0.030136986301369864,2026-10-16,0.045,0.04,0.05,0.06,187.0,0.47461462890625,774.4213256835938,0.040199999809265134,0.0073566865
SPY,put,615.0,0.030136986301369864,2026-10-16,0.045,0.04,0.05,0.06,196.0,0.46094289062500005,774.4213256835938,0.040199999809265134,0.0073566865
SPY,put,625.0,0.030136986301369864,2026-10-16,0.055,0.05,0.06,0.05,30.0,0.43945873046875,774.4213256835938,0.040199999809265134,0.0073566865
SPY,put,630.0,0.030136986301369864,2026-10-16,0.055,0.05,0.06,0.06,60.0,0.42383388671875,774.4213256835938,0.040199999809265134,0.0073566865
SPY,put,635.0,0.030136986301369864,2026-10-16,0.055,0.05,0.06,0.09,70.0,0.40918559570312496,774.4213256835938,0.040199999809265134,0.0073566865
SPY,put,645.0,0.030136986301369864,2026-10-16,0.065,0.06,0.07,0.06,47.0,0.38672488281249995,774.4213256835938,0.040199999809265134,0.0073566865
SPY,put,650.0,0.030136986301369864,2026-10-16,0.07500000000000001,0.07,0.08,0.07,61.0,0.37695935546875,774.4213256835938,0.040199999809265134,0.0073566865
SPY,put,655.0,0.030136986301369864,2026-10-16,0.07500000000000001,0.07,0.08,0.08,81.0,0.362311064453125,774.4213256835938,0.040199999809265134,0.0073566865
SPY,put,670.0,0.030136986301369864,2026-10-16,0.095,0.09,0.1,0.1,13.0,0.32617861328125,774.4213256835938,0.040199999809265134,0.0073566865
SPY,put,675.0,0.030136986301369864,2026-10-16,0.10500000000000001,0.1,0.11,0.11,66.0,0.3149482568359374,774.4213256835938,0.040199999809265134,0.0073566865
SPY,put,680.0,0.030136986301369864,2026-10-16,0.11499999999999999,0.11,0.12,0.12,85.0,0.30274134765625,774.4213256835938,0.040199999809265134,0.0073566865
SPY,put,685.0,0.030136986301369864,2026-10-16,0.125,0.12,0.13,0.12,113.0,0.2910227148437499,774.4213256835938,0.040199999809265134,0.0073566865
SPY,put,690.0,0.030136986301369864,2026-10-16,0.135,0.13,0.14,0.14,244.0,0.278327529296875,774.4213256835938,0.040199999809265134,0.0073566865
SPY,put,695.0,0.030136986301369864,2026-10-16,0.14500000000000002,0.14,0.15,0.14,340.0,0.2651440673828125,774.4213256835938,0.040199999809265134,0.0073566865
SPY,put,700.0,0.030136986301369864,2026-10-16,0.165,0.16,0.17,0.16,1007.0,0.25440198730468755,774.4213256835938,0.040199999809265134,0.0073566865
SPY,put,701.0,0.030136986301369864,2026-10-16,0.165,0.16,0.17,0.3,64.0,0.25098405273437496,774.4213256835938,0.040199999809265134,0.0073566865
SPY,put,704.0,0.030136986301369864,2026-10-16,0.175,0.17,0.18,0.3,40.0,0.2436599072265625,774.4213256835938,0.040199999809265134,0.0073566865
SPY,put,705.0,0.030136986301369864,2026-10-16,0.175,0.17,0.18,0.18,63.0,0.24073024902343748,774.4213256835938,0.040199999809265134,0.0073566865
SPY,put,709.0,0.030136986301369864,2026-10-16,0.195,0.19,0.2,0.21,25.0,0.231452998046875,774.4213256835938,0.040199999809265134,0.0073566865
SPY,put,710.0,0.030136986301369864,2026-10-16,0.20500000000000002,0.2,0.21,0.2,206.0,0.2299881689453125,774.4213256835938,0.040199999809265134,0.0073566865
SPY,put,711.0,0.030136986301369864,2026-10-16,0.20500000000000002,0.2,0.21,0.21,14.0,0.2268143725585937,774.4213256835938,0.040199999809265134,0.0073566865
SPY,put,713.0,0.030136986301369864,2026-10-16,0.215,0.21,0.22,0.24,11.0,0.2219316088867187,774.4213256835938,0.040199999809265134,0.0073566865
SPY,put,714.0,0.030136986301369864,2026-10-16,0.215,0.21,0.22,0.23,17.0,0.21875781249999998,774.4213256835938,0.040199999809265134,0.0073566865
SPY,put,715.0,0.030136986301369864,2026-10-16,0.225,0.22,0.23,0.22,86.0,0.21704884521484374,774.4213256835938,0.040199999809265134,0.0073566865
SPY,put,716.0,0.030136986301369864,2026-10-16,0.225,0.22,0.23,0.25,44.0,0.21363091064453127,774.4213256835938,0.040199999809265134,0.0073566865
SPY,put,718.0,0.030136986301369864,2026-10-16,0.235,0.23,0.24,0.25,53.0,0.20850400878906244,774.4213256835938,0.040199999809265134,0.0073566865
SPY,put,719.0,0.030136986301369864,2026-10-16,0.245,0.24,0.25,0.25,18.0,0.2067950415039062,774.4213256835938,0.040199999809265134,0.0073566865
SPY,put,720.0,0.030136986301369864,2026-10-16,0.255,0.25,0.26,0.26,609.0,0.20459779785156246,774.4213256835938,0.040199999809265134,0.0073566865
SPY,put,721.0,0.030136986301369864,2026-10-16,0.265,0.26,0.27,0.29,24.0,0.20264469238281246,774.4213256835938,0.040199999809265134,0.0073566865
SPY,put,722.0,0.030136986301369864,2026-10-16,0.265,0.26,0.27,0.28,10.0,0.1992267578125,774.4213256835938,0.040199999809265134,0.0073566865
SPY,put,723.0,0.030136986301369864,2026-10-16,0.275,0.27,0.28,0.27,13.0,0.19727365234375,774.4213256835938,0.040199999809265134,0.0073566865
SPY,put,724.0,0.030136986301369864,2026-10-16,0.28500000000000003,0.28,0.29,0.31,37.0,0.19507640869140624,774.4213256835938,0.040199999809265134,0.0073566865
SPY,put,725.0,0.030136986301369864,2026-10-16,0.305,0.3,0.31,0.3,233.0,0.19385571777343752,774.4213256835938,0.040199999809265134,0.0073566865
SPY,put,726.0,0.030136986301369864,2026-10-16,0.305,0.3,0.31,0.3,31.0,0.19043778320312502,774.4213256835938,0.040199999809265134,0.0073566865
SPY,put,727.0,0.030136986301369864,2026-10-16,0.315,0.31,0.32,0.34,26.0,0.18799640136718748,774.4213256835938,0.040199999809265134,0.0073566865
SPY,put,728.0,0.030136986301369864,2026-10-16,0.325,0.32,0.33,0.34,324.0,0.18567708862304685,774.4213256835938,0.040199999809265134,0.0073566865
SPY,put,729.0,0.030136986301369864,2026-10-16,0.345,0.34,0.35,0.35,283.0,0.1840901904296875,774.4213256835938,0.040199999809265134,0.0073566865
SPY,put,730.0,0.030136986301369864,2026-10-16,0.355,0.35,0.36,0.37,10096.0,0.18164880859375,774.4213256835938,0.040199999809265134,0.0073566865
SPY,put,731.0,0.030136986301369864,2026-10-16,0.375,0.37,0.38,0.39,211.0,0.17993984130859375,774.4213256835938,0.040199999809265134,0.0073566865
SPY,put,732.0,0.030136986301369864,2026-10-16,0.385,0.38,0.39,0.41,66.0,0.1772543212890625,774.4213256835938,0.040199999809265134,0.0073566865
SPY,put,733.0,0.030136986301369864,2026-10-16,0.405,0.4,0.41,0.4,57.0,0.17542328491210937,774.4213256835938,0.040199999809265134,0.0073566865
SPY,put,734.0,0.030136986301369864,2026-10-16,0.425,0.42,0.43,0.44,134.0,0.17347017944335938,774.4213256835938,0.040199999809265134,0.0073566865
SPY,put,735.0,0.030136986301369864,2026-10-16,0.445,0.44,0.45,0.45,7639.0,0.1713950048828125,774.4213256835938,0.040199999809265134,0.0073566865
SPY,put,736.0,0.030136986301369864,2026-10-16,0.46499999999999997,0.46,0.47,0.47,276.0,0.16931983032226564,774.4213256835938,0.040199999809265134,0.0073566865
SPY,put,737.0,0.030136986301369864,2026-10-16,0.485,0.48,0.49,0.5,96.0,0.16700051757812504,774.4213256835938,0.040199999809265134,0.0073566865
SPY,put,738.0,0.030136986301369864,2026-10-16,0.515,0.51,0.52,0.53,106.0,0.16541361938476565,774.4213256835938,0.040199999809265134,0.0073566865
SPY,put,739.0,0.030136986301369864,2026-10-16,0.535,0.53,0.54,0.55,1111.0,0.16297223754882814,774.4213256835938,0.040199999809265134,0.0073566865
SPY,put,740.0,0.030136986301369864,2026-10-16,0.565,0.56,0.57,0.57,632.0,0.161141201171875,774.4213256835938,0.040199999809265134,0.0073566865
SPY,put,741.0,0.030136986301369864,2026-10-16,0.605,0.6,0.61,0.59,353.0,0.1596763720703125,774.4213256835938,0.040199999809265134,0.0073566865
SPY,put,742.0,0.030136986301369864,2026-10-16,0.635,0.63,0.64,0.66,59.0,0.15760119750976562,774.4213256835938,0.040199999809265134,0.0073566865
SPY,put,743.0,0.030136986301369864,2026-10-16,0.675,0.67,0.68,0.68,100.0,0.15589223022460938,774.4213256835938,0.040199999809265134,0.0073566865
SPY,put,744.0,0.030136986301369864,2026-10-16,0.705,0.7,0.71,0.74,86.0,0.1534508483886719,774.4213256835938,0.040199999809265134,0.0073566865
SPY,put,745.0,0.030136986301369864,2026-10-16,0.745,0.74,0.75,0.74,583.0,0.1514977429199219,774.4213256835938,0.040199999809265134,0.0073566865
SPY,put,746.0,0.030136986301369864,2026-10-16,0.795,0.79,0.8,0.82,110.0,0.14991084472656252,774.4213256835938,0.040199999809265134,0.0073566865
SPY,put,747.0,0.030136986301369864,2026-10-16,0.85,0.84,0.86,0.85,166.0,0.14850705017089844,774.4213256835938,0.040199999809265134,0.0073566865
SPY,put,748.0,0.030136986301369864,2026-10-16,0.905,0.9,0.91,0.91,396.0,0.14655394470214844,774.4213256835938,0.040199999809265134,0.0073566865
SPY,put,749.0,0.030136986301369864,2026-10-16,0.97,0.96,0.98,0.97,123.0,0.14527221923828126,774.4213256835938,0.040199999809265134,0.0073566865
SPY,put,750.0,0.030136986301369864,2026-10-16,1.03,1.02,1.04,1.04,3876.0,0.14331911376953127,774.4213256835938,0.040199999809265134,0.0073566865
SPY,put,751.0,0.030136986301369864,2026-10-16,1.0950000000000002,1.09,1.1,1.16,69.0,0.1412439392089844,774.4213256835938,0.040199999809265134,0.0073566865
SPY,put,752.0,0.030136986301369864,2026-10-16,1.1749999999999998,1.17,1.18,1.17,5925.0,0.13971807556152344,774.4213256835938,0.040199999809265134,0.0073566865
SPY,put,753.0,0.030136986301369864,2026-10-16,1.26,1.25,1.27,1.25,319.0,0.13831428100585938,774.4213256835938,0.040199999809265134,0.0073566865
SPY,put,754.0,0.030136986301369864,2026-10-16,1.355,1.35,1.36,1.41,684.0,0.13672738281250002,774.4213256835938,0.040199999809265134,0.0073566865
SPY,put,755.0,0.030136986301369864,2026-10-16,1.45,1.44,1.46,1.44,2260.0,0.13520151916503909,774.4213256835938,0.040199999809265134,0.0073566865
SPY,put,756.0,0.030136986301369864,2026-10-16,1.565,1.56,1.57,1.57,171.0,0.13373669006347655,774.4213256835938,0.040199999809265134,0.0073566865
SPY,put,757.0,0.030136986301369864,2026-10-16,1.67,1.66,1.68,1.67,486.0,0.1320277227783203,774.4213256835938,0.040199999809265134,0.0073566865
SPY,put,758.0,0.030136986301369864,2026-10-16,1.8,1.79,1.81,1.78,489.0,0.13062392822265623,774.4213256835938,0.040199999809265134,0.0073566865
SPY,put,759.0,0.030136986301369864,2026-10-16,1.93,1.92,1.94,1.94,576.0,0.12897599548339844,774.4213256835938,0.040199999809265134,0.0073566865
SPY,put,760.0,0.030136986301369864,2026-10-16,2.0700000000000003,2.06,2.08,2.08,3733.0,0.12732806274414063,774.4213256835938,0.040199999809265134,0.0073566865
SPY,put,761.0,0.030136986301369864,2026-10-16,2.2350000000000003,2.23,2.24,2.33,407.0,0.12589375091552735,774.4213256835938,0.040199999809265134,0.0073566865
SPY,put,762.0,0.030136986301369864,2026-10-16,2.4000000000000004,2.39,2.41,2.4,869.0,0.12439840454101564,774.4213256835938,0.040199999809265134,0.0073566865
SPY,put,763.0,0.030136986301369864,2026-10-16,2.5949999999999998,2.59,2.6,2.58,751.0,0.12305564453125001,774.4213256835938,0.040199999809265134,0.0073566865
SPY,put,764.0,0.030136986301369864,2026-10-16,2.79,2.78,2.8,2.8,516.0,0.12162133270263673,774.4213256835938,0.040199999809265134,0.0073566865
SPY,put,765.0,0.030136986301369864,2026-10-16,3.0149999999999997,3.01,3.02,3.02,7086.0,0.1203090899658203,774.4213256835938,0.040199999809265134,0.0073566865
SPY,put,766.0,0.030136986301369864,2026-10-16,3.25,3.24,3.26,3.28,379.0,0.11902736450195311,774.4213256835938,0.040199999809265134,0.0073566865
SPY,put,767.0,0.030136986301369864,2026-10-16,3.5149999999999997,3.5,3.53,3.5,442.0,0.11802029449462889,774.4213256835938,0.040199999809265134,0.0073566865
SPY,put,768.0,0.030136986301369864,2026-10-16,3.775,3.77,3.78,3.75,2810.0,0.11625029266357423,774.4213256835938,0.040199999809265134,0.0073566865
SPY,put,769.0,0.030136986301369864,2026-10-16,4.08,4.07,4.09,4.06,1276.0,0.11524322265625,774.4213256835938,0.040199999809265134,0.0073566865
SPY,put,770.0,0.030136986301369864,2026-10-16,4.42,4.41,4.43,4.43,5499.0,0.11441925628662111,774.4213256835938,0.040199999809265134,0.0073566865
SPY,put,771.0,0.030136986301369864,2026-10-16,4.755,4.75,4.76,4.73,1892.0,0.11298494445800782,774.4213256835938,0.040199999809265134,0.0073566865
SPY,put,772.0,0.030136986301369864,2026-10-16,5.12,5.11,5.13,5.12,2393.0,0.11188632263183593,774.4213256835938,0.040199999809265134,0.0073566865
SPY,put,773.0,0.030136986301369864,2026-10-16,5.49,5.48,5.5,5.54,855.0,0.11036045898437499,774.4213256835938,0.040199999809265134,0.0073566865
SPY,put,774.0,0.030136986301369864,2026-10-16,5.955,5.95,5.96,5.97,765.0,0.10999425170898436,774.4213256835938,0.040199999809265134,0.0073566865
SPY,put,775.0,0.030136986301369864,2026-10-16,6.390000000000001,6.38,6.4,6.4,1910.0,0.10880407806396485,774.4213256835938,0.040199999809265134,0.0073566865
SPY,put,776.0,0.030136986301369864,2026-10-16,6.85,6.84,6.86,7.16,468.0,0.10749183532714844,774.4213256835938,0.040199999809265134,0.0073566865
SPY,put,777.0,0.030136986301369864,2026-10-16,7.38,7.34,7.42,7.64,745.0,0.10752235260009765,774.4213256835938,0.040199999809265134,0.0073566865
SPY,put,778.0,0.030136986301369864,2026-10-16,7.92,7.84,8.0,8.19,313.0,0.10743080078125,774.4213256835938,0.040199999809265134,0.0073566865
SPY,put,780.0,0.030136986301369864,2026-10-16,9.135,9.07,9.2,9.07,411.0,0.10654579986572266,774.4213256835938,0.040199999809265134,0.0073566865
SPY,put,782.0,0.030136986301369864,2026-10-16,10.375,10.24,10.51,10.44,60.0,0.10581338531494139,774.4213256835938,0.040199999809265134,0.0073566865
SPY,put,783.0,0.030136986301369864,2026-10-16,11.100000000000001,10.97,11.23,11.36,10.0,0.10602700622558593,774.4213256835938,0.040199999809265134,0.0073566865
SPY,put,785.0,0.030136986301369864,2026-10-16,12.6,12.5,12.7,12.95,34.0,0.10572183349609374,774.4213256835938,0.040199999809265134,0.0073566865
SPY,put,790.0,0.030136986301369864,2026-10-16,17.475,16.57,18.38,17.0,33.0,0.1479272219848633,774.4213256835938,0.040199999809265134,0.0073566865
SPY,put,792.0,0.030136986301369864,2026-10-16,19.009999999999998,17.34,20.68,28.24,100.0,0.16535258483886722,774.4213256835938,0.040199999809265134,0.0073566865
SPY,put,793.0,0.030136986301369864,2026-10-16,19.86,18.24,21.48,29.2,100.0,0.16571879211425783,774.4213256835938,0.040199999809265134,0.0073566865
SPY,put,796.0,0.030136986301369864,2026-10-16,22.875,21.2,24.55,26.64,180.0,0.18244225769042968,774.4213256835938,0.040199999809265134,0.0073566865
SPY,put,797.0,0.030136986301369864,2026-10-16,23.755000000000003,22.14,25.37,28.02,42.0,0.1828084649658203,774.4213256835938,0.040199999809265134,0.0073566865
SPY,put,798.0,0.030136986301369864,2026-10-16,24.715,23.07,26.36,29.01,36.0,0.1873250213623047,774.4213256835938,0.040199999809265134,0.0073566865
SPY,put,800.0,0.030136986301369864,2026-10-16,27.25,26.43,28.07,27.94,12.0,0.1889729541015625,774.4213256835938,0.040199999809265134,0.0073566865
SPY,put,805.0,0.030136986301369864,2026-10-16,31.49,30.99,31.99,33.66,16.0,0.176766044921875,774.4213256835938,0.040199999809265134,0.0073566865
SPY,put,885.0,0.030136986301369864,2026-10-16,111.745,110.18,113.31,115.24,11.0,0.5177660528564454,774.4213256835938,0.040199999809265134,0.0073566865
SPY,call,690.0,0.049315068493150684,2026-10-23,84.96,83.21,86.71,77.08,40.0,0.3651796881103516,774.4213256835938,0.040199999809265134,0.0073566865
SPY,call,720.0,0.049315068493150684,2026-10-23,55.245000000000005,54.09,56.4,45.37,16.0,0.24872577453613282,774.4213256835938,0.040199999809265134,0.0073566865
SPY,call,726.0,0.049315068493150684,2026-10-23,49.335,47.75,50.92,42.8,40.0,0.24323266540527344,774.4213256835938,0.040199999809265134,0.0073566865
SPY,call,744.0,0.049315068493150684,2026-10-23,32.345,30.72,33.97,22.28,24.0,0.19879951599121093,774.4213256835938,0.040199999809265134,0.0073566865
SPY,call,745.0,0.049315068493150684,2026-10-23,31.64,31.46,31.82,24.75,84.0,0.16886207122802738,774.4213256835938,0.040199999809265134,0.0073566865
SPY,call,746.0,0.049315068493150684,2026-10-23,30.77,30.56,30.98,27.52,13.0,0.1687094848632813,774.4213256835938,0.040199999809265134,0.0073566865
SPY,call,750.0,0.049315068493150684,2026-10-23,27.15,27.0,27.3,26.38,480.0,0.15964585479736326,774.4213256835938,0.040199999809265134,0.0073566865
SPY,call,758.0,0.049315068493150684,2026-10-23,20.19,20.03,20.35,19.35,18.0,0.14481446014404298,774.4213256835938,0.040199999809265134,0.0073566865
SPY,call,759.0,0.049315068493150684,2026-10-23,19.365000000000002,19.2,19.53,14.1,662.0,0.14325807922363282,774.4213256835938,0.040199999809265134,0.0073566865
SPY,call,760.0,0.049315068493150684,2026-10-23,18.53,18.4,18.66,18.13,451.0,0.14069462829589846,774.4213256835938,0.040199999809265134,0.0073566865
SPY,call,762.0,0.049315068493150684,2026-10-23,16.95,16.82,17.08,15.79,27.0,0.13779548736572267,774.4213256835938,0.040199999809265134,0.0073566865
SPY,call,764.0,0.049315068493150684,2026-10-23,15.399999999999999,15.28,15.52,15.0,11.0,0.13453013916015627,774.4213256835938,0.040199999809265134,0.0073566865
SPY,call,765.0,0.049315068493150684,2026-10-23,14.620000000000001,14.51,14.73,14.21,29.0,0.1324549645996094,774.4213256835938,0.040199999809265134,0.0073566865
SPY,call,766.0,0.049315068493150684,2026-10-23,13.885,13.77,14.0,13.51,15.0,0.13114272186279297,774.4213256835938,0.040199999809265134,0.0073566865
SPY,call,767.0,0.049315068493150684,2026-10-23,13.115,12.99,13.24,13.13,13.0,0.12915909912109375,774.4213256835938,0.040199999809265134,0.0073566865
SPY,call,768.0,0.049315068493150684,2026-10-23,12.455,12.35,12.56,12.43,16.0,0.12818254638671872,774.4213256835938,0.040199999809265134,0.0073566865
SPY,call,769.0,0.049315068493150684,2026-10-23,11.75,11.65,11.85,11.6,49.0,0.12653461364746094,774.4213256835938,0.040199999809265134,0.0073566865
SPY,call,770.0,0.049315068493150684,2026-10-23,11.0,10.94,11.06,10.85,398.0,0.1235134036254883,774.4213256835938,0.040199999809265134,0.0073566865
SPY,call,771.0,0.049315068493150684,2026-10-23,10.325,10.27,10.38,10.23,198.0,0.12186547088623048,774.4213256835938,0.040199999809265134,0.0073566865
SPY,call,772.0,0.049315068493150684,2026-10-23,9.754999999999999,9.69,9.82,9.52,345.0,0.12168236724853515,774.4213256835938,0.040199999809265134,0.0073566865
SPY,call,773.0,0.049315068493150684,2026-10-23,9.129999999999999,9.11,9.15,9.0,221.0,0.11969874450683593,774.4213256835938,0.040199999809265134,0.0073566865
SPY,call,774.0,0.049315068493150684,2026-10-23,8.559999999999999,8.54,8.58,8.48,220.0,0.11887477813720701,774.4213256835938,0.040199999809265134,0.0073566865
SPY,call,775.0,0.049315068493150684,2026-10-23,7.955,7.94,7.97,7.94,614.0,0.117196328125,774.4213256835938,0.040199999809265134,0.0073566865
SPY,call,776.0,0.049315068493150684,2026-10-23,7.404999999999999,7.39,7.42,7.1,248.0,0.11612822357177735,774.4213256835938,0.040199999809265134,0.0073566865
SPY,call,777.0,0.049315068493150684,2026-10-23,6.865,6.85,6.88,6.85,225.0,0.1149075326538086,774.4213256835938,0.040199999809265134,0.0073566865
SPY,call,778.0,0.049315068493150684,2026-10-23,6.345000000000001,6.33,6.36,6.35,231.0,0.11365632446289062,774.4213256835938,0.040199999809265134,0.0073566865
SPY,call,779.0,0.049315068493150684,2026-10-23,5.88,5.87,5.89,5.87,153.0,0.11286287536621094,774.4213256835938,0.040199999809265134,0.0073566865
SPY,call,780.0,0.049315068493150684,2026-10-23,5.404999999999999,5.39,5.42,5.41,489.0,0.11173373626708984,774.4213256835938,0.040199999809265134,0.0073566865
SPY,call,781.0,0.049315068493150684,2026-10-23,4.99,4.98,5.0,4.73,112.0,0.11106235626220701,774.4213256835938,0.040199999809265134,0.0073566865
SPY,call,782.0,0.049315068493150684,2026-10-23,4.574999999999999,4.56,4.59,4.57,210.0,0.11023838989257811,774.4213256835938,0.040199999809265134,0.0073566865
SPY,call,783.0,0.049315068493150684,2026-10-23,4.154999999999999,4.14,4.17,4.16,185.0,0.1088956298828125,774.4213256835938,0.040199999809265134,0.0073566865
SPY,call,784.0,0.049315068493150684,2026-10-23,3.785,3.77,3.8,3.79,38.0,0.10801062896728515,774.4213256835938,0.040199999809265134,0.0073566865
SPY,call,785.0,0.049315068493150684,2026-10-23,3.455,3.44,3.47,3.47,238.0,0.10746131805419923,774.4213256835938,0.040199999809265134,0.0073566865
SPY,call,786.0,0.049315068493150684,2026-10-23,3.13,3.12,3.14,2.98,158.0,0.10654579986572266,774.4213256835938,0.040199999809265134,0.0073566865
SPY,call,787.0,0.049315068493150684,2026-10-23,2.8449999999999998,2.83,2.86,2.75,104.0,0.10614907531738281,774.4213256835938,0.040199999809265134,0.0073566865
SPY,call,788.0,0.049315068493150684,2026-10-23,2.5549999999999997,2.54,2.57,2.52,154.0,0.10526407440185548,774.4213256835938,0.040199999809265134,0.0073566865
SPY,call,789.0,0.049315068493150684,2026-10-23,2.3049999999999997,2.3,2.31,2.22,79.0,0.10456217712402342,774.4213256835938,0.040199999809265134,0.0073566865
SPY,call,790.0,0.049315068493150684,2026-10-23,2.065,2.06,2.07,2.03,547.0,0.1038602798461914,774.4213256835938,0.040199999809265134,0.0073566865
SPY,call,791.0,0.049315068493150684,2026-10-23,1.86,1.85,1.87,1.76,80.0,0.10364665893554686,774.4213256835938,0.040199999809265134,0.0073566865
SPY,call,792.0,0.049315068493150684,2026-10-23,1.66,1.65,1.67,1.65,62.0,0.10309734802246093,774.4213256835938,0.040199999809265134,0.0073566865
SPY,call,793.0,0.049315068493150684,2026-10-23,1.4849999999999999,1.48,1.49,1.4,29.0,0.10260907165527343,774.4213256835938,0.040199999809265134,0.0073566865
SPY,call,794.0,0.049315068493150684,2026-10-23,1.3250000000000002,1.32,1.33,1.33,20.0,0.10230389892578123,774.4213256835938,0.040199999809265134,0.0073566865
SPY,call,795.0,0.049315068493150684,2026-10-23,1.18,1.17,1.19,1.16,11292.0,0.10212079528808593,774.4213256835938,0.040199999809265134,0.0073566865
SPY,call,796.0,0.049315068493150684,2026-10-23,1.04,1.03,1.05,1.02,61.0,0.10163251892089843,774.4213256835938,0.040199999809265134,0.0073566865
SPY,call,797.0,0.049315068493150684,2026-10-23,0.92,0.91,0.93,0.86,80.0,0.10132734619140624,774.4213256835938,0.040199999809265134,0.0073566865
SPY,call,798.0,0.049315068493150684,2026-10-23,0.81,0.8,0.82,0.76,63.0,0.10096113891601563,774.4213256835938,0.040199999809265134,0.0073566865
SPY,call,799.0,0.049315068493150684,2026-10-23,0.725,0.72,0.73,0.68,20.0,0.10096113891601563,774.4213256835938,0.040199999809265134,0.0073566865
SPY,call,800.0,0.049315068493150684,2026-10-23,0.645,0.64,0.65,0.62,722.0,0.10102217346191406,774.4213256835938,0.040199999809265134,0.0073566865
SPY,call,801.0,0.049315068493150684,2026-10-23,0.555,0.55,0.56,0.54,60.0,0.10035079345703124,774.4213256835938,0.040199999809265134,0.0073566865
SPY,call,802.0,0.049315068493150684,2026-10-23,0.495,0.49,0.5,0.5,107.0,0.100594931640625,774.4213256835938,0.040199999809265134,0.0073566865
SPY,call,803.0,0.049315068493150684,2026-10-23,0.445,0.44,0.45,0.45,21.0,0.10102217346191406,774.4213256835938,0.040199999809265134,0.0073566865
SPY,call,804.0,0.049315068493150684,2026-10-23,0.39,0.38,0.4,0.35,11.0,0.10120527709960936,774.4213256835938,0.040199999809265134,0.0073566865
SPY,call,805.0,0.049315068493150684,2026-10-23,0.355,0.35,0.36,0.35,257.0,0.10169355346679687,774.4213256835938,0.040199999809265134,0.0073566865
SPY,call,806.0,0.049315068493150684,2026-10-23,0.315,0.31,0.32,0.29,13.0,0.10193769165039063,774.4213256835938,0.040199999809265134,0.0073566865
SPY,call,807.0,0.049315068493150684,2026-10-23,0.275,0.27,0.28,0.26,22.0,0.10181562255859375,774.4213256835938,0.040199999809265134,0.0073566865
SPY,call,810.0,0.049315068493150684,2026-10-23,0.195,0.19,0.2,0.19,14.0,0.10303631347656249,774.4213256835938,0.040199999809265134,0.0073566865
SPY,call,812.0,0.049315068493150684,2026-10-23,0.16,0.15,0.17,0.15,58.0,0.1049894189453125,774.4213256835938,0.040199999809265134,0.0073566865
SPY,call,813.0,0.049315068493150684,2026-10-23,0.14500000000000002,0.14,0.15,0.14,238.0,0.10523355712890625,774.4213256835938,0.040199999809265134,0.0073566865
SPY,call,814.0,0.049315068493150684,2026-10-23,0.135,0.13,0.14,0.13,63.0,0.10621010986328125,774.4213256835938,0.040199999809265134,0.0073566865
SPY,call,818.0,0.049315068493150684,2026-10-23,0.095,0.09,0.1,0.1,26.0,0.10962804443359375,774.4213256835938,0.040199999809265134,0.0073566865
SPY,call,819.0,0.049315068493150684,2026-10-23,0.08499999999999999,0.08,0.09,0.1,171.0,0.11011632080078124,774.4213256835938,0.040199999809265134,0.0073566865
SPY,call,821.0,0.049315068493150684,2026-10-23,0.07500000000000001,0.07,0.08,0.08,18.0,0.11231356445312499,774.4213256835938,0.040199999809265134,0.0073566865
SPY,call,822.0,0.049315068493150684,2026-10-23,0.07500000000000001,0.07,0.08,0.08,20.0,0.11451080810546876,774.4213256835938,0.040199999809265134,0.0073566865
SPY,call,835.0,0.049315068493150684,2026-10-23,0.035,0.03,0.04,0.04,67.0,0.1289149609375,774.4213256835938,0.040199999809265134,0.0073566865
SPY,call,840.0,0.049315068493150684,2026-10-23,0.035,0.03,0.04,0.03,49.0,0.1381922119140625,774.4213256835938,0.040199999809265134,0.0073566865
SPY,call,845.0,0.049315068493150684,2026-10-23,0.025,0.02,0.03,0.04,25.0,0.14258669921875,774.4213256835938,0.040199999809265134,0.0073566865
SPY,call,850.0,0.049315068493150684,2026-10-23,0.025,0.02,0.03,0.02,126.0,0.15137567382812503,774.4213256835938,0.040199999809265134,0.0073566865
SPY,call,855.0,0.049315068493150684,2026-10-23,0.015,0.01,0.02,0.01,60.0,0.15430533203125002,774.4213256835938,0.040199999809265134,0.0073566865
SPY,call,865.0,0.049315068493150684,2026-10-23,0.015,0.01,0.02,0.03,289.0,0.16993017578125003,774.4213256835938,0.040199999809265134,0.0073566865
SPY,call,875.0,0.049315068493150684,2026-10-23,0.015,0.01,0.02,0.02,10.0,0.18555501953124998,774.4213256835938,0.040199999809265134,0.0073566865
SPY,put,500.0,0.049315068493150684,2026-10-23,0.025,0.02,0.03,0.02,104.0,0.6210975390625001,774.4213256835938,0.040199999809265134,0.0073566865
SPY,put,505.0,0.049315068493150684,2026-10-23,0.025,0.02,0.03,0.03,54.0,0.6093789062500001,774.4213256835938,0.040199999809265134,0.0073566865
SPY,put,510.0,0.049315068493150684,2026-10-23,0.025,0.02,0.03,0.04,319.0,0.5937540625000001,774.4213256835938,0.040199999809265134,0.0073566865
SPY,put,515.0,0.049315068493150684,2026-10-23,0.025,0.02,0.03,0.03,216.0,0.5820354296875,774.4213256835938,0.040199999809265134,0.0073566865
SPY,put,520.0,0.049315068493150684,2026-10-23,0.025,0.02,0.03,0.03,73.0,0.570316796875,774.4213256835938,0.040199999809265134,0.0073566865
SPY,put,525.0,0.049315068493150684,2026-10-23,0.025,0.02,0.03,0.02,33.0,0.5585981640625001,774.4213256835938,0.040199999809265134,0.0073566865
SPY,put,530.0,0.049315068493150684,2026-10-23,0.035,0.03,0.04,0.04,22.0,0.56055126953125,774.4213256835938,0.040199999809265134,0.0073566865
SPY,put,535.0,0.049315068493150684,2026-10-23,0.035,0.03,0.04,0.05,100.0,0.5468795312500001,774.4213256835938,0.040199999809265134,0.0073566865
SPY,put,545.0,0.049315068493150684,2026-10-23,0.035,0.03,0.04,0.05,55.0,0.5214891601562499,774.4213256835938,0.040199999809265134,0.0073566865
SPY,put,560.0,0.049315068493150684,2026-10-23,0.045,0.04,0.05,0.06,100.0,0.500005,774.4213256835938,0.040199999809265134,0.0073566865
SPY,put,575.0,0.049315068493150684,2026-10-23,0.055,0.05,0.06,0.05,33.0,0.47070841796875,774.4213256835938,0.040199999809265134,0.0073566865
SPY,put,590.0,0.049315068493150684,2026-10-23,0.07500000000000001,0.07,0.08,0.1,71.0,0.446294599609375,774.4213256835938,0.040199999809265134,0.0073566865
SPY,put,595.0,0.049315068493150684,2026-10-23,0.07500000000000001,0.07,0.08,0.07,34.0,0.4335994140625,774.4213256835938,0.040199999809265134,0.0073566865
SPY,put,600.0,0.049315068493150684,2026-10-23,0.08499999999999999,0.08,0.09,0.12,112.0,0.42676354492187507,774.4213256835938,0.040199999809265134,0.0073566865
SPY,put,605.0,0.049315068493150684,2026-10-23,0.08499999999999999,0.08,0.09,0.09,50.0,0.414068359375,774.4213256835938,0.040199999809265134,0.0073566865
SPY,put,635.0,0.049315068493150684,2026-10-23,0.125,0.12,0.13,0.15,60.0,0.3544986425781249,774.4213256835938,0.040199999809265134,0.0073566865
SPY,put,650.0,0.049315068493150684,2026-10-23,0.155,0.15,0.16,0.17,113.0,0.32471378417968744,774.4213256835938,0.040199999809265134,0.0073566865
SPY,put,665.0,0.049315068493150684,2026-10-23,0.195,0.19,0.2,0.28,241.0,0.2954172021484375,774.4213256835938,0.040199999809265134,0.0073566865
SPY,put,670.0,0.049315068493150684,2026-10-23,0.215,0.21,0.22,0.21,54.0,0.2866282275390625,774.4213256835938,0.040199999809265134,0.0073566865
SPY,put,675.0,0.049315068493150684,2026-10-23,0.225,0.22,0.23,0.23,156.0,0.27539787109374997,774.4213256835938,0.040199999809265134,0.0073566865
SPY,put,680.0,0.049315068493150684,2026-10-23,0.245,0.24,0.25,0.25,24.0,0.26563234375,774.4213256835938,0.040199999809265134,0.0073566865
SPY,put,685.0,0.049315068493150684,2026-10-23,0.265,0.26,0.27,0.26,42.0,0.2553785400390626,774.4213256835938,0.040199999809265134,0.0073566865
SPY,put,690.0,0.049315068493150684,2026-10-23,0.295,0.29,0.3,0.3,27.0,0.2461012890625,774.4213256835938,0.040199999809265134,0.0073566865
SPY,put,695.0,0.049315068493150684,2026-10-23,0.315,0.31,0.32,0.31,89.0,0.23511507080078126,774.4213256835938,0.040199999809265134,0.0073566865
SPY,put,700.0,0.049315068493150684,2026-10-23,0.355,0.35,0.36,0.35,243.0,0.2260819580078125,774.4213256835938,0.040199999809265134,0.0073566865
SPY,put,705.0,0.049315068493150684,2026-10-23,0.395,0.39,0.4,0.41,56.0,0.21631643066406248,774.4213256835938,0.040199999809265134,0.0073566865
SPY,put,710.0,0.049315068493150684,2026-10-23,0.445,0.44,0.45,0.45,94.0,0.2067950415039062,774.4213256835938,0.040199999809265134,0.0073566865
SPY,put,715.0,0.049315068493150684,2026-10-23,0.505,0.5,0.51,0.5,226.0,0.19715158325195312,774.4213256835938,0.040199999809265134,0.0073566865
SPY,put,720.0,0.049315068493150684,2026-10-23,0.575,0.57,0.58,0.59,199.0,0.187508125,774.4213256835938,0.040199999809265134,0.0073566865
SPY,put,721.0,0.049315068493150684,2026-10-23,0.605,0.6,0.61,0.64,35.0,0.18640950317382812,774.4213256835938,0.040199999809265134,0.0073566865
SPY,put,722.0,0.049315068493150684,2026-10-23,0.62,0.61,0.63,0.64,13.0,0.18470053588867186,774.4213256835938,0.040199999809265134,0.0073566865
SPY,put,724.0,0.049315068493150684,2026-10-23,0.66,0.65,0.67,0.74,44.0,0.1810384631347656,774.4213256835938,0.040199999809265134,0.0073566865
SPY,put,725.0,0.049315068493150684,2026-10-23,0.685,0.68,0.69,0.69,380.0,0.1790853576660156,774.4213256835938,0.040199999809265134,0.0073566865
SPY,put,726.0,0.049315068493150684,2026-10-23,0.71,0.7,0.72,0.7,59.0,0.17774259765625,774.4213256835938,0.040199999809265134,0.0073566865
SPY,put,728.0,0.049315068493150684,2026-10-23,0.765,0.76,0.77,0.8,11.0,0.17414155944824222,774.4213256835938,0.040199999809265134,0.0073566865
SPY,put,729.0,0.049315068493150684,2026-10-23,0.79,0.78,0.8,0.82,14.0,0.1724936267089844,774.4213256835938,0.040199999809265134,0.0073566865
SPY,put,730.0,0.049315068493150684,2026-10-23,0.825,0.82,0.83,0.82,431.0,0.1708456939697266,774.4213256835938,0.040199999809265134,0.0073566865
SPY,put,731.0,0.049315068493150684,2026-10-23,0.85,0.84,0.86,0.85,62.0,0.1690756921386719,774.4213256835938,0.040199999809265134,0.0073566865
SPY,put,732.0,0.049315068493150684,2026-10-23,0.885,0.88,0.89,0.89,789.0,0.16724465576171876,774.4213256835938,0.040199999809265134,0.0073566865
SPY,put,733.0,0.049315068493150684,2026-10-23,0.92,0.91,0.93,0.97,391.0,0.16577982666015628,774.4213256835938,0.040199999809265134,0.0073566865
SPY,put,734.0,0.049315068493150684,2026-10-23,0.96,0.95,0.97,1.0,29.0,0.16425396301269532,774.4213256835938,0.040199999809265134,0.0073566865
SPY,put,735.0,0.049315068493150684,2026-10-23,1.01,1.0,1.02,1.0,144.0,0.16303327209472657,774.4213256835938,0.040199999809265134,0.0073566865
SPY,put,736.0,0.049315068493150684,2026-10-23,1.05,1.04,1.06,1.06,341.0,0.1613243048095703,774.4213256835938,0.040199999809265134,0.0073566865
SPY,put,737.0,0.049315068493150684,2026-10-23,1.0950000000000002,1.09,1.1,1.1,67.0,0.1595543029785156,774.4213256835938,0.040199999809265134,0.0073566865
SPY,put,738.0,0.049315068493150684,2026-10-23,1.145,1.14,1.15,1.14,60.0,0.1580284393310547,774.4213256835938,0.040199999809265134,0.0073566865
SPY,put,739.0,0.049315068493150684,2026-10-23,1.1949999999999998,1.19,1.2,1.18,34.0,0.15644154113769532,774.4213256835938,0.040199999809265134,0.0073566865
SPY,put,740.0,0.049315068493150684,2026-10-23,1.245,1.24,1.25,1.23,3013.0,0.15473257385253908,774.4213256835938,0.040199999809265134,0.0073566865
SPY,put,741.0,0.049315068493150684,2026-10-23,1.31,1.3,1.32,1.35,425.0,0.15357291748046875,774.4213256835938,0.040199999809265134,0.0073566865
SPY,put,742.0,0.049315068493150684,2026-10-23,1.3650000000000002,1.36,1.37,1.4,1301.0,0.15174188110351564,774.4213256835938,0.040199999809265134,0.0073566865
SPY,put,743.0,0.049315068493150684,2026-10-23,1.435,1.43,1.44,1.48,688.0,0.15039912109375003,774.4213256835938,0.040199999809265134,0.0073566865
SPY,put,744.0,0.049315068493150684,2026-10-23,1.5,1.49,1.51,1.51,848.0,0.14887325744628904,774.4213256835938,0.040199999809265134,0.0073566865
SPY,put,745.0,0.049315068493150684,2026-10-23,1.5750000000000002,1.57,1.58,1.58,2960.0,0.14731687652587894,774.4213256835938,0.040199999809265134,0.0073566865
SPY,put,746.0,0.049315068493150684,2026-10-23,1.6549999999999998,1.65,1.66,1.65,99.0,0.1458825646972656,774.4213256835938,0.040199999809265134,0.0073566865
SPY,put,747.0,0.049315068493150684,2026-10-23,1.73,1.72,1.74,1.73,62.0,0.1443567010498047,774.4213256835938,0.040199999809265134,0.0073566865
SPY,put,748.0,0.049315068493150684,2026-10-23,1.8250000000000002,1.82,1.83,1.85,51.0,0.14295290649414064,774.4213256835938,0.040199999809265134,0.0073566865
SPY,put,749.0,0.049315068493150684,2026-10-23,1.915,1.91,1.92,1.99,81.0,0.1414270428466797,774.4213256835938,0.040199999809265134,0.0073566865
SPY,put,750.0,0.049315068493150684,2026-10-23,2.0199999999999996,2.01,2.03,2.04,329.0,0.14026738647460937,774.4213256835938,0.040199999809265134,0.0073566865
SPY,put,751.0,0.049315068493150684,2026-10-23,2.125,2.12,2.13,2.18,28.0,0.13874152282714847,774.4213256835938,0.040199999809265134,0.0073566865
SPY,put,752.0,0.049315068493150684,2026-10-23,2.2350000000000003,2.23,2.24,2.24,196.0,0.13727669372558599,774.4213256835938,0.040199999809265134,0.0073566865
SPY,put,753.0,0.049315068493150684,2026-10-23,2.355,2.35,2.36,2.36,47.0,0.1358728991699219,774.4213256835938,0.040199999809265134,0.0073566865
SPY,put,754.0,0.049315068493150684,2026-10-23,2.475,2.47,2.48,2.52,48.0,0.13434703552246097,774.4213256835938,0.040199999809265134,0.0073566865
SPY,put,755.0,0.049315068493150684,2026-10-23,2.6100000000000003,2.6,2.62,2.66,3091.0,0.13309582733154296,774.4213256835938,0.040199999809265134,0.0073566865
SPY,put,756.0,0.049315068493150684,2026-10-23,2.755,2.74,2.77,2.74,252.0,0.13187513641357423,774.4213256835938,0.040199999809265134,0.0073566865
SPY,put,757.0,0.049315068493150684,2026-10-23,2.9000000000000004,2.89,2.91,3.01,176.0,0.1302882382202148,774.4213256835938,0.040199999809265134,0.0073566865
SPY,put,758.0,0.049315068493150684,2026-10-23,3.0700000000000003,3.06,3.08,3.07,108.0,0.1290980645751953,774.4213256835938,0.040199999809265134,0.0073566865
SPY,put,759.0,0.049315068493150684,2026-10-23,3.25,3.24,3.26,3.32,247.0,0.127938408203125,774.4213256835938,0.040199999809265134,0.0073566865
SPY,put,760.0,0.049315068493150684,2026-10-23,3.42,3.41,3.43,3.5,1167.0,0.1263820272827148,774.4213256835938,0.040199999809265134,0.0073566865
SPY,put,761.0,0.049315068493150684,2026-10-23,3.5999999999999996,3.59,3.61,3.71,87.0,0.12482564636230468,774.4213256835938,0.040199999809265134,0.0073566865
SPY,put,762.0,0.049315068493150684,2026-10-23,3.8200000000000003,3.81,3.83,3.96,287.0,0.12378805908203125,774.4213256835938,0.040199999809265134,0.0073566865
SPY,put,763.0,0.049315068493150684,2026-10-23,4.045,4.03,4.06,4.2,180.0,0.12268943725585937,774.4213256835938,0.040199999809265134,0.0073566865
SPY,put,764.0,0.049315068493150684,2026-10-23,4.27,4.26,4.28,4.23,59.0,0.12122460815429686,774.4213256835938,0.040199999809265134,0.0073566865
SPY,put,765.0,0.049315068493150684,2026-10-23,4.515000000000001,4.5,4.53,4.65,343.0,0.12003443450927734,774.4213256835938,0.040199999809265134,0.0073566865
SPY,put,766.0,0.049315068493150684,2026-10-23,4.785,4.77,4.8,4.75,173.0,0.11893581268310546,774.4213256835938,0.040199999809265134,0.0073566865
SPY,put,767.0,0.049315068493150684,2026-10-23,5.045,5.03,5.06,5.09,105.0,0.11744046630859376,774.4213256835938,0.040199999809265134,0.0073566865
SPY,put,768.0,0.049315068493150684,2026-10-23,5.345000000000001,5.33,5.36,5.42,460.0,0.11634184448242188,774.4213256835938,0.040199999809265134,0.0073566865
SPY,put,769.0,0.049315068493150684,2026-10-23,5.66,5.64,5.68,5.77,222.0,0.11527373992919923,774.4213256835938,0.040199999809265134,0.0073566865
SPY,put,770.0,0.049315068493150684,2026-10-23,5.970000000000001,5.96,5.98,6.02,616.0,0.11368684173583984,774.4213256835938,0.040199999809265134,0.0073566865
SPY,put,771.0,0.049315068493150684,2026-10-23,6.33,6.32,6.34,6.35,180.0,0.11271028900146485,774.4213256835938,0.040199999809265134,0.0073566865
SPY,put,772.0,0.049315068493150684,2026-10-23,6.71,6.7,6.72,6.75,409.0,0.11173373626708984,774.4213256835938,0.040199999809265134,0.0073566865
SPY,put,773.0,0.049315068493150684,2026-10-23,7.07,7.06,7.08,7.1,218.0,0.11020787261962889,774.4213256835938,0.040199999809265134,0.0073566865
SPY,put,774.0,0.049315068493150684,2026-10-23,7.495,7.48,7.51,7.48,88.0,0.10941442352294922,774.4213256835938,0.040199999809265134,0.0073566865
SPY,put,775.0,0.049315068493150684,2026-10-23,7.92,7.91,7.93,7.9,427.0,0.10819373260498047,774.4213256835938,0.040199999809265134,0.0073566865
SPY,put,776.0,0.049315068493150684,2026-10-23,8.365,8.35,8.38,8.55,134.0,0.10707985214233398,774.4213256835938,0.040199999809265134,0.0073566865
SPY,put,777.0,0.049315068493150684,2026-10-23,8.870000000000001,8.85,8.89,9.11,170.0,0.10651528259277344,774.4213256835938,0.040199999809265134,0.0073566865
SPY,put,778.0,0.049315068493150684,2026-10-23,9.375,9.31,9.44,10.31,11.0,0.10624062713623048,774.4213256835938,0.040199999809265134,0.0073566865
SPY,put,780.0,0.049315068493150684,2026-10-23,10.440000000000001,10.38,10.5,11.16,18.0,0.10413493530273435,774.4213256835938,0.040199999809265134,0.0073566865
SPY,put,782.0,0.049315068493150684,2026-10-23,11.59,11.48,11.7,15.0,43.0,0.10279217529296875,774.4213256835938,0.040199999809265134,0.0073566865
SPY,put,785.0,0.049315068493150684,2026-10-23,13.575,13.41,13.74,13.98,21.0,0.10205976074218749,774.4213256835938,0.040199999809265134,0.0073566865
SPY,put,788.0,0.049315068493150684,2026-10-23,15.774999999999999,15.61,15.94,21.0,20.0,0.1010832080078125,774.4213256835938,0.040199999809265134,0.0073566865
SPY,put,790.0,0.049315068493150684,2026-10-23,17.36,17.12,17.6,17.7,46.0,0.10254803710937499,774.4213256835938,0.040199999809265134,0.0073566865
SPY,put,791.0,0.049315068493150684,2026-10-23,18.145,17.89,18.4,20.25,20.0,0.1022428643798828,774.4213256835938,0.040199999809265134,0.0073566865
SPY,put,792.0,0.049315068493150684,2026-10-23,19.02,18.72,19.32,24.06,33.0,0.10428752166748045,774.4213256835938,0.040199999809265134,0.0073566865
SPY,put,793.0,0.049315068493150684,2026-10-23,20.235,18.62,21.85,22.61,21.0,0.13871100555419924,774.4213256835938,0.040199999809265134,0.0073566865
SPY,put,796.0,0.049315068493150684,2026-10-23,22.96,21.35,24.57,27.65,40.0,0.14542480560302734,774.4213256835938,0.040199999809265134,0.0073566865
SPY,put,798.0,0.049315068493150684,2026-10-23,24.854999999999997,23.24,26.47,29.34,19.0,0.15116205291748053,774.4213256835938,0.040199999809265134,0.0073566865
SPY,put,800.0,0.049315068493150684,2026-10-23,26.8,25.18,28.42,31.26,131.0,0.15769274932861327,774.4213256835938,0.040199999809265134,0.0073566865
SPY,put,801.0,0.049315068493150684,2026-10-23,27.78,26.18,29.38,29.81,20.0,0.16059189025878906,774.4213256835938,0.040199999809265134,0.0073566865
SPY,put,808.0,0.049315068493150684,2026-10-23,34.445,33.97,34.92,37.22,18.0,0.14783567016601565,774.4213256835938,0.040199999809265134,0.0073566865
SPY,call,490.0,0.0684931506849315,2026-10-30,284.685,282.97,286.4,281.55,70.0,0.7041045214843751,774.4213256835938,0.040199999809265134,0.0073566865
SPY,call,590.0,0.0684931506849315,2026-10-30,185.10500000000002,183.35,186.86,184.9,25.0,0.5012256909179689,774.4213256835938,0.040199999809265134,0.0073566865
SPY,call,595.0,0.0684931506849315,2026-10-30,180.02499999999998,178.92,181.13,169.13,44.0,0.5690961059570312,774.4213256835938,0.040199999809265134,0.0073566865
SPY,call,630.0,0.0684931506849315,2026-10-30,145.325,143.57,147.08,134.59,22.0,0.5097705273437501,774.4213256835938,0.040199999809265134,0.0073566865
SPY,call,665.0,0.0684931506849315,2026-10-30,110.60499999999999,108.85,112.36,110.1,25.0,0.41095559753417965,774.4213256835938,0.040199999809265134,0.0073566865
SPY,call,680.0,0.0684931506849315,2026-10-30,95.62,94.53,96.71,86.9,30.0,0.3421696643066406,774.4213256835938,0.040199999809265134,0.0073566865
SPY,call,688.0,0.0684931506849315,2026-10-30,87.735,86.62,88.85,80.41,58.0,0.32282171325683584,774.4213256835938,0.040199999809265134,0.0073566865
SPY,call,689.0,0.0684931506849315,2026-10-30,86.745,85.63,87.86,88.67,319.0,0.3201361932373046,774.4213256835938,0.040199999809265134,0.0073566865
SPY,call,698.0,0.0684931506849315,2026-10-30,77.61500000000001,76.78,78.45,79.92,262.0,0.2795482202148437,774.4213256835938,0.040199999809265134,0.0073566865
SPY,call,728.0,0.0684931506849315,2026-10-30,48.815,47.69,49.94,42.03,10.0,0.22461712890624996,774.4213256835938,0.040199999809265134,0.0073566865
SPY,call,739.0,0.0684931506849315,2026-10-30,38.989999999999995,38.75,39.23,30.03,102.0,0.19248244049072266,774.4213256835938,0.040199999809265134,0.0073566865
SPY,call,747.0,0.0684931506849315,2026-10-30,31.794999999999998,31.54,32.05,25.8,10.0,0.17759001129150392,774.4213256835938,0.040199999809265134,0.0073566865
SPY,call,750.0,0.0684931506849315,2026-10-30,29.16,29.0,29.32,29.12,24.0,0.17035741760253909,774.4213256835938,0.040199999809265134,0.0073566865
SPY,call,755.0,0.0684931506849315,2026-10-30,24.89,24.77,25.01,24.7,30.0,0.16068344207763674,774.4213256835938,0.040199999809265134,0.0073566865
SPY,call,756.0,0.0684931506849315,2026-10-30,24.145,23.96,24.33,23.29,11.0,0.1611106838989258,774.4213256835938,0.040199999809265134,0.0073566865
SPY,call,758.0,0.0684931506849315,2026-10-30,22.424999999999997,22.29,22.56,22.04,18.0,0.15580067840576173,774.4213256835938,0.040199999809265134,0.0073566865
SPY,call,759.0,0.0684931506849315,2026-10-30,21.65,21.5,21.8,20.51,200.0,0.15473257385253908,774.4213256835938,0.040199999809265134,0.0073566865
SPY,call,760.0,0.0684931506849315,2026-10-30,20.869999999999997,20.77,20.97,20.78,153.0,0.152626882019043,774.4213256835938,0.040199999809265134,0.0073566865
SPY,call,761.0,0.0684931506849315,2026-10-30,20.104999999999997,19.99,20.22,18.78,33.0,0.15146722564697268,774.4213256835938,0.040199999809265134,0.0073566865
SPY,call,762.0,0.0684931506849315,2026-10-30,19.310000000000002,19.17,19.45,18.56,11.0,0.14991084472656252,774.4213256835938,0.040199999809265134,0.0073566865
SPY,call,763.0,0.0684931506849315,2026-10-30,18.564999999999998,18.45,18.68,18.47,34.0,0.1482629119873047,774.4213256835938,0.040199999809265134,0.0073566865
SPY,call,765.0,0.0684931506849315,2026-10-30,17.075,16.99,17.16,16.77,58.0,0.1448449774169922,774.4213256835938,0.040199999809265134,0.0073566865
SPY,call,766.0,0.0684931506849315,2026-10-30,16.36,16.27,16.45,16.07,31.0,0.143563251953125,774.4213256835938,0.040199999809265134,0.0073566865
SPY,call,767.0,0.0684931506849315,2026-10-30,15.645,15.56,15.73,15.48,29.0,0.14203738830566404,774.4213256835938,0.040199999809265134,0.0073566865
SPY,call,768.0,0.0684931506849315,2026-10-30,14.945,14.86,15.03,14.52,37.0,0.14060307647705078,774.4213256835938,0.040199999809265134,0.0073566865
SPY,call,769.0,0.0684931506849315,2026-10-30,14.285,14.18,14.39,14.25,239.0,0.1397791101074219,774.4213256835938,0.040199999809265134,0.0073566865
SPY,call,770.0,0.0684931506849315,2026-10-30,13.565,13.52,13.61,13.58,635.0,0.13709359008789065,774.4213256835938,0.040199999809265134,0.0073566865
SPY,call,771.0,0.0684931506849315,2026-10-30,12.905000000000001,12.84,12.97,12.98,82.0,0.13596445098876953,774.4213256835938,0.040199999809265134,0.0073566865
SPY,call,772.0,0.0684931506849315,2026-10-30,12.31,12.23,12.39,12.24,153.0,0.13538462280273442,774.4213256835938,0.040199999809265134,0.0073566865
SPY,call,773.0,0.0684931506849315,2026-10-30,11.705,11.64,11.77,11.67,197.0,0.13417919052124022,774.4213256835938,0.040199999809265134,0.0073566865
SPY,call,774.0,0.0684931506849315,2026-10-30,11.059999999999999,11.04,11.08,10.7,124.0,0.1319361709594727,774.4213256835938,0.040199999809265134,0.0073566865
SPY,call,775.0,0.0684931506849315,2026-10-30,10.485,10.47,10.5,10.39,608.0,0.13086806640624998,774.4213256835938,0.040199999809265134,0.0073566865
SPY,call,776.0,0.0684931506849315,2026-10-30,9.9,9.88,9.92,9.71,151.0,0.12961685821533203,774.4213256835938,0.040199999809265134,0.0073566865
SPY,call,777.0,0.0684931506849315,2026-10-30,9.33,9.31,9.35,9.28,49.0,0.1283046154785156,774.4213256835938,0.040199999809265134,0.0073566865
SPY,call,778.0,0.0684931506849315,2026-10-30,8.78,8.77,8.79,8.81,255.0,0.12693133819580077,774.4213256835938,0.040199999809265134,0.0073566865
SPY,call,779.0,0.0684931506849315,2026-10-30,8.29,8.27,8.31,8.18,81.0,0.1263209927368164,774.4213256835938,0.040199999809265134,0.0073566865
SPY,call,780.0,0.0684931506849315,2026-10-30,7.77,7.76,7.78,7.8,451.0,0.12491719818115235,774.4213256835938,0.040199999809265134,0.0073566865
SPY,call,781.0,0.0684931506849315,2026-10-30,7.29,7.28,7.3,7.32,156.0,0.12394064544677735,774.4213256835938,0.040199999809265134,0.0073566865
SPY,call,782.0,0.0684931506849315,2026-10-30,6.845000000000001,6.83,6.86,6.66,138.0,0.12323874816894533,774.4213256835938,0.040199999809265134,0.0073566865
SPY,call,783.0,0.0684931506849315,2026-10-30,6.395,6.38,6.41,6.15,180.0,0.1222164195251465,774.4213256835938,0.040199999809265134,0.0073566865
SPY,call,784.0,0.0684931506849315,2026-10-30,5.975,5.96,5.99,5.99,52.0,0.12136193588256836,774.4213256835938,0.040199999809265134,0.0073566865
SPY,call,785.0,0.0684931506849315,2026-10-30,5.5600000000000005,5.55,5.57,5.59,2271.0,0.1202785726928711,774.4213256835938,0.040199999809265134,0.0073566865
SPY,call,786.0,0.0684931506849315,2026-10-30,5.1850000000000005,5.17,5.2,5.15,97.0,0.1196682272338867,774.4213256835938,0.040199999809265134,0.0073566865
SPY,call,787.0,0.0684931506849315,2026-10-30,4.83,4.82,4.84,4.62,38.0,0.11895107131958008,774.4213256835938,0.040199999809265134,0.0073566865
SPY,call,788.0,0.0684931506849315,2026-10-30,4.48,4.47,4.49,4.27,118.0,0.11815762222290038,774.4213256835938,0.040199999809265134,0.0073566865
SPY,call,789.0,0.0684931506849315,2026-10-30,4.154999999999999,4.14,4.17,4.04,145.0,0.11756253540039063,774.4213256835938,0.040199999809265134,0.0073566865
SPY,call,790.0,0.0684931506849315,2026-10-30,3.8499999999999996,3.84,3.86,3.85,425.0,0.1168911553955078,774.4213256835938,0.040199999809265134,0.0073566865
SPY,call,791.0,0.0684931506849315,2026-10-30,3.5599999999999996,3.55,3.57,3.53,34.0,0.11628080993652344,774.4213256835938,0.040199999809265134,0.0073566865
SPY,call,792.0,0.0684931506849315,2026-10-30,3.3,3.29,3.31,3.13,129.0,0.1159146026611328,774.4213256835938,0.040199999809265134,0.0073566865
SPY,call,793.0,0.0684931506849315,2026-10-30,3.035,3.02,3.05,2.91,103.0,0.11530425720214844,774.4213256835938,0.040199999809265134,0.0073566865
SPY,call,794.0,0.0684931506849315,2026-10-30,2.8,2.79,2.81,2.66,49.0,0.11481598083496095,774.4213256835938,0.040199999809265134,0.0073566865
SPY,call,795.0,0.0684931506849315,2026-10-30,2.55,2.54,2.56,2.56,402.0,0.11390046264648437,774.4213256835938,0.040199999809265134,0.0073566865
SPY,call,796.0,0.0684931506849315,2026-10-30,2.3499999999999996,2.34,2.36,2.35,54.0,0.11359528991699218,774.4213256835938,0.040199999809265134,0.0073566865
SPY,call,797.0,0.0684931506849315,2026-10-30,2.1550000000000002,2.15,2.16,2.15,110.0,0.1131070135498047,774.4213256835938,0.040199999809265134,0.0073566865
SPY,call,798.0,0.0684931506849315,2026-10-30,1.975,1.97,1.98,1.89,12.0,0.11274080627441406,774.4213256835938,0.040199999809265134,0.0073566865
SPY,call,799.0,0.0684931506849315,2026-10-30,1.81,1.8,1.82,1.73,11.0,0.11255770263671874,774.4213256835938,0.040199999809265134,0.0073566865
SPY,call,800.0,0.0684931506849315,2026-10-30,1.6549999999999998,1.65,1.66,1.6,1550.0,0.11213046081542967,774.4213256835938,0.040199999809265134,0.0073566865
SPY,call,801.0,0.0684931506849315,2026-10-30,1.5,1.49,1.51,1.5,32.0,0.11170321899414062,774.4213256835938,0.040199999809265134,0.0073566865
SPY,call,802.0,0.0684931506849315,2026-10-30,1.38,1.37,1.39,1.36,105.0,0.11173373626708984,774.4213256835938,0.040199999809265134,0.0073566865
SPY,call,803.0,0.0684931506849315,2026-10-30,1.255,1.25,1.26,1.22,27.0,0.11133701171874999,774.4213256835938,0.040199999809265134,0.0073566865
SPY,call,804.0,0.0684931506849315,2026-10-30,1.145,1.14,1.15,1.03,34.0,0.11115390808105467,774.4213256835938,0.040199999809265134,0.0073566865
SPY,call,805.0,0.0684931506849315,2026-10-30,1.0350000000000001,1.03,1.04,1.0,104.0,0.11078770080566405,774.4213256835938,0.040199999809265134,0.0073566865
SPY,call,806.0,0.0684931506849315,2026-10-30,0.945,0.94,0.95,0.9,96.0,0.11078770080566405,774.4213256835938,0.040199999809265134,0.0073566865
SPY,call,807.0,0.0684931506849315,2026-10-30,0.865,0.86,0.87,0.85,65.0,0.11084873535156249,774.4213256835938,0.040199999809265134,0.0073566865
SPY,call,808.0,0.0684931506849315,2026-10-30,0.785,0.78,0.79,0.75,95.0,0.11072666625976563,774.4213256835938,0.040199999809265134,0.0073566865
SPY,call,810.0,0.0684931506849315,2026-10-30,0.64,0.63,0.65,0.64,346.0,0.11054356262207031,774.4213256835938,0.040199999809265134,0.0073566865
SPY,call,811.0,0.0684931506849315,2026-10-30,0.59,0.58,0.6,0.5,173.0,0.11097080444335936,774.4213256835938,0.040199999809265134,0.0073566865
SPY,call,812.0,0.0684931506849315,2026-10-30,0.53,0.52,0.54,0.54,13.0,0.11072666625976563,774.4213256835938,0.040199999809265134,0.0073566865
SPY,call,815.0,0.0684931506849315,2026-10-30,0.405,0.4,0.41,0.41,78.0,0.11121494262695311,774.4213256835938,0.040199999809265134,0.0073566865
SPY,call,817.0,0.0684931506849315,2026-10-30,0.33999999999999997,0.33,0.35,0.25,215.0,0.11219149536132811,774.4213256835938,0.040199999809265134,0.0073566865
SPY,call,818.0,0.0684931506849315,2026-10-30,0.315,0.31,0.32,0.29,38.0,0.11243563354492186,774.4213256835938,0.040199999809265134,0.0073566865
SPY,call,819.0,0.0684931506849315,2026-10-30,0.295,0.29,0.3,0.27,39.0,0.11316804809570313,774.4213256835938,0.040199999809265134,0.0073566865
SPY,call,820.0,0.0684931506849315,2026-10-30,0.265,0.26,0.27,0.26,243.0,0.11316804809570313,774.4213256835938,0.040199999809265134,0.0073566865
SPY,call,821.0,0.0684931506849315,2026-10-30,0.245,0.24,0.25,0.22,84.0,0.11365632446289062,774.4213256835938,0.040199999809265134,0.0073566865
SPY,call,822.0,0.0684931506849315,2026-10-30,0.225,0.22,0.23,0.21,11.0,0.11402253173828125,774.4213256835938,0.040199999809265134,0.0073566865
SPY,call,823.0,0.0684931506849315,2026-10-30,0.20500000000000002,0.2,0.21,0.23,29.0,0.11426666992187501,774.4213256835938,0.040199999809265134,0.0073566865
SPY,call,825.0,0.0684931506849315,2026-10-30,0.175,0.17,0.18,0.18,30.0,0.11536529174804688,774.4213256835938,0.040199999809265134,0.0073566865
SPY,call,827.0,0.0684931506849315,2026-10-30,0.155,0.15,0.16,0.22,41.0,0.11695218994140624,774.4213256835938,0.040199999809265134,0.0073566865
SPY,call,828.0,0.0684931506849315,2026-10-30,0.14500000000000002,0.14,0.15,0.21,42.0,0.1176846044921875,774.4213256835938,0.040199999809265134,0.0073566865
SPY,call,829.0,0.0684931506849315,2026-10-30,0.135,0.13,0.14,0.1,7570.0,0.11841701904296875,774.4213256835938,0.040199999809265134,0.0073566865
SPY,call,830.0,0.0684931506849315,2026-10-30,0.13,0.13,0.13,0.13,53.0,0.11890529541015624,774.4213256835938,0.040199999809265134,0.0073566865
SPY,call,831.0,0.0684931506849315,2026-10-30,0.125,0.12,0.13,0.15,46.0,0.1206142626953125,774.4213256835938,0.040199999809265134,0.0073566865
SPY,call,832.0,0.0684931506849315,2026-10-30,0.11499999999999999,0.11,0.12,0.16,23.0,0.1211025390625,774.4213256835938,0.040199999809265134,0.0073566865
SPY,call,833.0,0.0684931506849315,2026-10-30,0.11499999999999999,0.11,0.12,0.13,564.0,0.12281150634765625,774.4213256835938,0.040199999809265134,0.0073566865
SPY,call,835.0,0.0684931506849315,2026-10-30,0.10500000000000001,0.1,0.11,0.1,29.0,0.12476461181640625,774.4213256835938,0.040199999809265134,0.0073566865
SPY,call,850.0,0.0684931506849315,2026-10-30,0.055,0.05,0.06,0.05,71.0,0.139657041015625,774.4213256835938,0.040199999809265134,0.0073566865
SPY,call,860.0,0.0684931506849315,2026-10-30,0.035,0.03,0.04,0.03,48.0,0.148446015625,774.4213256835938,0.040199999809265134,0.0073566865
SPY,call,875.0,0.0684931506849315,2026-10-30,0.025,0.02,0.03,0.03,24.0,0.165047412109375,774.4213256835938,0.040199999809265134,0.0073566865
SPY,call,880.0,0.0684931506849315,2026-10-30,0.015,0.01,0.02,0.02,101.0,0.16602396484375004,774.4213256835938,0.040199999809265134,0.0073566865
SPY,call,890.0,0.0684931506849315,2026-10-30,0.015,0.01,0.02,0.01,20.0,0.17774259765625,774.4213256835938,0.040199999809265134,0.0073566865
SPY,put,475.0,0.0684931506849315,2026-10-30,0.035,0.03,0.04,0.03,25.0,0.6054726953125001,774.4213256835938,0.040199999809265134,0.0073566865
SPY,put,480.0,0.0684931506849315,2026-10-30,0.035,0.03,0.04,0.03,140.0,0.5937540625000001,774.4213256835938,0.040199999809265134,0.0073566865
SPY,put,485.0,0.0684931506849315,2026-10-30,0.035,0.03,0.04,0.07,100.0,0.5820354296875,774.4213256835938,0.040199999809265134,0.0073566865
SPY,put,500.0,0.0684931506849315,2026-10-30,0.045,0.04,0.05,0.04,46.0,0.5585981640625001,774.4213256835938,0.040199999809265134,0.0073566865
SPY,put,505.0,0.0684931506849315,2026-10-30,0.055,0.05,0.06,0.05,10.0,0.5566450585937501,774.4213256835938,0.040199999809265134,0.0073566865
SPY,put,510.0,0.0684931506849315,2026-10-30,0.055,0.05,0.06,0.08,180.0,0.5449264257812501,774.4213256835938,0.040199999809265134,0.0073566865
SPY,put,520.0,0.0684931506849315,2026-10-30,0.055,0.05,0.06,0.05,147.0,0.5214891601562499,774.4213256835938,0.040199999809265134,0.0073566865
SPY,put,545.0,0.0684931506849315,2026-10-30,0.07500000000000001,0.07,0.08,0.1,101.0,0.48242705078125003,774.4213256835938,0.040199999809265134,0.0073566865
SPY,put,550.0,0.0684931506849315,2026-10-30,0.08499999999999999,0.08,0.09,0.08,56.0,0.476567734375,774.4213256835938,0.040199999809265134,0.0073566865
SPY,put,555.0,0.0684931506849315,2026-10-30,0.095,0.09,0.1,0.09,12.0,0.46973186523437505,774.4213256835938,0.040199999809265134,0.0073566865
SPY,put,565.0,0.0684931506849315,2026-10-30,0.10500000000000001,0.1,0.11,0.13,11.0,0.45117736328125,774.4213256835938,0.040199999809265134,0.0073566865
SPY,put,580.0,0.0684931506849315,2026-10-30,0.125,0.12,0.13,0.13,60.0,0.424810439453125,774.4213256835938,0.040199999809265134,0.0073566865
SPY,put,590.0,0.0684931506849315,2026-10-30,0.14500000000000002,0.14,0.15,0.14,27.0,0.40820904296875,774.4213256835938,0.040199999809265134,0.0073566865
SPY,put,600.0,0.0684931506849315,2026-10-30,0.155,0.15,0.16,0.16,17.0,0.38867798828125,774.4213256835938,0.040199999809265134,0.0073566865
SPY,put,620.0,0.0684931506849315,2026-10-30,0.20500000000000002,0.2,0.21,0.29,102.0,0.3552310571289062,774.4213256835938,0.040199999809265134,0.0073566865
SPY,put,625.0,0.0684931506849315,2026-10-30,0.225,0.22,0.23,0.23,40.0,0.34766277343749996,774.4213256835938,0.040199999809265134,0.0073566865
SPY,put,630.0,0.0684931506849315,2026-10-30,0.235,0.23,0.24,0.24,18.0,0.33814138427734375,774.4213256835938,0.040199999809265134,0.0073566865
SPY,put,635.0,0.0684931506849315,2026-10-30,0.245,0.24,0.25,0.25,27.0,0.3286199951171874,774.4213256835938,0.040199999809265134,0.0073566865
SPY,put,640.0,0.0684931506849315,2026-10-30,0.275,0.27,0.28,0.27,68.0,0.3217841259765625,774.4213256835938,0.040199999809265134,0.0073566865
SPY,put,641.0,0.0684931506849315,2026-10-30,0.275,0.27,0.28,0.59,14.0,0.31958688232421867,774.4213256835938,0.040199999809265134,0.0073566865
SPY,put,644.0,0.0684931506849315,2026-10-30,0.28500000000000003,0.28,0.29,0.31,16.0,0.3142158422851562,774.4213256835938,0.040199999809265134,0.0073566865
SPY,put,647.0,0.0684931506849315,2026-10-30,0.295,0.29,0.3,0.59,202.0,0.3086006640625,774.4213256835938,0.040199999809265134,0.0073566865
SPY,put,649.0,0.0684931506849315,2026-10-30,0.305,0.3,0.31,0.41,147.0,0.30542686767578126,774.4213256835938,0.040199999809265134,0.0073566865
SPY,put,650.0,0.0684931506849315,2026-10-30,0.315,0.31,0.32,0.33,177.0,0.30445031494140623,774.4213256835938,0.040199999809265134,0.0073566865
SPY,put,652.0,0.0684931506849315,2026-10-30,0.315,0.31,0.32,0.43,62.0,0.299811689453125,774.4213256835938,0.040199999809265134,0.0073566865
SPY,put,653.0,0.0684931506849315,2026-10-30,0.325,0.32,0.33,0.44,50.0,0.29883513671874995,774.4213256835938,0.040199999809265134,0.0073566865
SPY,put,654.0,0.0684931506849315,2026-10-30,0.325,0.32,0.33,0.42,18.0,0.2963937548828125,774.4213256835938,0.040199999809265134,0.0073566865
SPY,put,658.0,0.0684931506849315,2026-10-30,0.345,0.34,0.35,0.47,102.0,0.28955788574218744,774.4213256835938,0.040199999809265134,0.0073566865
SPY,put,659.0,0.0684931506849315,2026-10-30,0.355,0.35,0.36,0.47,97.0,0.2885813330078124,774.4213256835938,0.040199999809265134,0.0073566865
SPY,put,660.0,0.0684931506849315,2026-10-30,0.355,0.35,0.36,0.37,100.0,0.28613995117187496,774.4213256835938,0.040199999809265134,0.0073566865
SPY,put,662.0,0.0684931506849315,2026-10-30,0.365,0.36,0.37,0.5,59.0,0.2827220166015625,774.4213256835938,0.040199999809265134,0.0073566865
SPY,put,663.0,0.0684931506849315,2026-10-30,0.375,0.37,0.38,0.51,48.0,0.2815013256835937,774.4213256835938,0.040199999809265134,0.0073566865
SPY,put,664.0,0.0684931506849315,2026-10-30,0.385,0.38,0.39,0.43,10.0,0.280158565673828,774.4213256835938,0.040199999809265134,0.0073566865
SPY,put,666.0,0.0684931506849315,2026-10-30,0.395,0.39,0.4,0.41,13.0,0.27649649291992184,774.4213256835938,0.040199999809265134,0.0073566865
SPY,put,670.0,0.0684931506849315,2026-10-30,0.415,0.41,0.42,0.43,24.0,0.2690502783203125,774.4213256835938,0.040199999809265134,0.0073566865
SPY,put,672.0,0.0684931506849315,2026-10-30,0.435,0.43,0.44,0.44,30.0,0.26636475830078127,774.4213256835938,0.040199999809265134,0.0073566865
SPY,put,675.0,0.0684931506849315,2026-10-30,0.445,0.44,0.45,0.44,59.0,0.2600171655273438,774.4213256835938,0.040199999809265134,0.0073566865
SPY,put,680.0,0.0684931506849315,2026-10-30,0.485,0.48,0.49,0.51,649.0,0.2515943981933594,774.4213256835938,0.040199999809265134,0.0073566865
SPY,put,681.0,0.0684931506849315,2026-10-30,0.505,0.5,0.51,0.53,188.0,0.25086198364257806,774.4213256835938,0.040199999809265134,0.0073566865
SPY,put,683.0,0.0684931506849315,2026-10-30,0.515,0.51,0.52,0.73,60.0,0.24683370361328127,774.4213256835938,0.040199999809265134,0.0073566865
SPY,put,685.0,0.0684931506849315,2026-10-30,0.535,0.53,0.54,0.55,42.0,0.24353783813476562,774.4213256835938,0.040199999809265134,0.0073566865
SPY,put,690.0,0.0684931506849315,2026-10-30,0.585,0.58,0.59,0.6,35.0,0.2348709326171875,774.4213256835938,0.040199999809265134,0.0073566865
SPY,put,691.0,0.0684931506849315,2026-10-30,0.595,0.59,0.6,0.63,14.0,0.23316196533203126,774.4213256835938,0.040199999809265134,0.0073566865
SPY,put,692.0,0.0684931506849315,2026-10-30,0.615,0.61,0.62,0.6,27.0,0.23206334350585936,774.4213256835938,0.040199999809265134,0.0073566865
SPY,put,694.0,0.0684931506849315,2026-10-30,0.635,0.63,0.64,0.74,11.0,0.22840127075195313,774.4213256835938,0.040199999809265134,0.0073566865
SPY,put,695.0,0.0684931506849315,2026-10-30,0.645,0.64,0.65,0.65,79.0,0.22657023437499998,774.4213256835938,0.040199999809265134,0.0073566865
SPY,put,696.0,0.0684931506849315,2026-10-30,0.66,0.65,0.67,0.98,14.0,0.22522747436523435,774.4213256835938,0.040199999809265134,0.0073566865
SPY,put,697.0,0.0684931506849315,2026-10-30,0.675,0.67,0.68,0.9,90.0,0.22339643798828124,774.4213256835938,0.040199999809265134,0.0073566865
SPY,put,698.0,0.0684931506849315,2026-10-30,0.695,0.69,0.7,0.92,35.0,0.22205367797851558,774.4213256835938,0.040199999809265134,0.0073566865
SPY,put,699.0,0.0684931506849315,2026-10-30,0.705,0.7,0.71,0.8,32.0,0.22010057250976559,774.4213256835938,0.040199999809265134,0.0073566865
SPY,put,700.0,0.0684931506849315,2026-10-30,0.725,0.72,0.73,0.73,351.0,0.21875781249999998,774.4213256835938,0.040199999809265134,0.0073566865
SPY,put,701.0,0.0684931506849315,2026-10-30,0.735,0.73,0.74,0.76,47.0,0.21680470703125,774.4213256835938,0.040199999809265134,0.0073566865
SPY,put,705.0,0.0684931506849315,2026-10-30,0.805,0.8,0.81,0.82,147.0,0.21033504516601562,774.4213256835938,0.040199999809265134,0.0073566865
SPY,put,708.0,0.0684931506849315,2026-10-30,0.865,0.86,0.87,0.9,18.0,0.20557435058593748,774.4213256835938,0.040199999809265134,0.0073566865
SPY,put,709.0,0.0684931506849315,2026-10-30,0.895,0.89,0.9,0.93,35.0,0.2043536596679687,774.4213256835938,0.040199999809265134,0.0073566865
SPY,put,710.0,0.0684931506849315,2026-10-30,0.915,0.91,0.92,0.91,591.0,0.20264469238281246,774.4213256835938,0.040199999809265134,0.0073566865
SPY,put,711.0,0.0684931506849315,2026-10-30,0.9299999999999999,0.92,0.94,0.98,17.0,0.20093572509765623,774.4213256835938,0.040199999809265134,0.0073566865
SPY,put,714.0,0.0684931506849315,2026-10-30,1.01,1.0,1.02,1.01,16.0,0.19641916870117188,774.4213256835938,0.040199999809265134,0.0073566865
SPY,put,715.0,0.0684931506849315,2026-10-30,1.04,1.03,1.05,1.07,201.0,0.19495433959960937,774.4213256835938,0.040199999809265134,0.0073566865
SPY,put,716.0,0.0684931506849315,2026-10-30,1.07,1.06,1.08,1.13,28.0,0.19348951049804688,774.4213256835938,0.040199999809265134,0.0073566865
SPY,put,717.0,0.0684931506849315,2026-10-30,1.0950000000000002,1.09,1.1,1.16,10.0,0.1915364050292969,774.4213256835938,0.040199999809265134,0.0073566865
SPY,put,718.0,0.0684931506849315,2026-10-30,1.13,1.12,1.14,1.18,77.0,0.1903767486572266,774.4213256835938,0.040199999809265134,0.0073566865
SPY,put,719.0,0.0684931506849315,2026-10-30,1.165,1.16,1.17,1.2,19.0,0.1887898504638672,774.4213256835938,0.040199999809265134,0.0073566865
SPY,put,720.0,0.0684931506849315,2026-10-30,1.1949999999999998,1.19,1.2,1.19,367.0,0.1871419177246094,774.4213256835938,0.040199999809265134,0.0073566865
SPY,put,721.0,0.0684931506849315,2026-10-30,1.2349999999999999,1.23,1.24,1.28,20.0,0.18579915771484373,774.4213256835938,0.040199999809265134,0.0073566865
SPY,put,722.0,0.0684931506849315,2026-10-30,1.2650000000000001,1.26,1.27,1.27,15.0,0.18402915588378904,774.4213256835938,0.040199999809265134,0.0073566865
SPY,put,724.0,0.0684931506849315,2026-10-30,1.355,1.35,1.36,1.37,11.0,0.18146570495605469,774.4213256835938,0.040199999809265134,0.0073566865
SPY,put,725.0,0.0684931506849315,2026-10-30,1.395,1.39,1.4,1.39,212.0,0.17993984130859375,774.4213256835938,0.040199999809265134,0.0073566865
SPY,put,726.0,0.0684931506849315,2026-10-30,1.435,1.43,1.44,1.47,21.0,0.1783529431152344,774.4213256835938,0.040199999809265134,0.0073566865
SPY,put,727.0,0.0684931506849315,2026-10-30,1.48,1.47,1.49,1.49,59.0,0.17701018310546873,774.4213256835938,0.040199999809265134,0.0073566865
SPY,put,728.0,0.0684931506849315,2026-10-30,1.53,1.52,1.54,1.53,283.0,0.1756063885498047,774.4213256835938,0.040199999809265134,0.0073566865
SPY,put,729.0,0.0684931506849315,2026-10-30,1.58,1.57,1.59,1.59,66.0,0.17414155944824222,774.4213256835938,0.040199999809265134,0.0073566865
SPY,put,730.0,0.0684931506849315,2026-10-30,1.6349999999999998,1.63,1.64,1.65,424.0,0.17264621307373051,774.4213256835938,0.040199999809265134,0.0073566865
SPY,put,731.0,0.0684931506849315,2026-10-30,1.6949999999999998,1.69,1.7,1.76,62.0,0.17133397033691405,774.4213256835938,0.040199999809265134,0.0073566865
SPY,put,732.0,0.0684931506849315,2026-10-30,1.755,1.75,1.76,1.76,22.0,0.16999121032714848,774.4213256835938,0.040199999809265134,0.0073566865
SPY,put,733.0,0.0684931506849315,2026-10-30,1.815,1.81,1.82,1.91,26.0,0.16858741577148442,774.4213256835938,0.040199999809265134,0.0073566865
SPY,put,734.0,0.0684931506849315,2026-10-30,1.87,1.86,1.88,1.93,63.0,0.1671225866699219,774.4213256835938,0.040199999809265134,0.0073566865
SPY,put,735.0,0.0684931506849315,2026-10-30,1.9449999999999998,1.94,1.95,1.94,221.0,0.16577982666015628,774.4213256835938,0.040199999809265134,0.0073566865
SPY,put,736.0,0.0684931506849315,2026-10-30,2.0149999999999997,2.01,2.02,2.07,39.0,0.16443706665039062,774.4213256835938,0.040199999809265134,0.0073566865
SPY,put,737.0,0.0684931506849315,2026-10-30,2.08,2.07,2.09,2.12,70.0,0.16297223754882814,774.4213256835938,0.040199999809265134,0.0073566865
SPY,put,738.0,0.0684931506849315,2026-10-30,2.16,2.15,2.17,2.26,27.0,0.16169051208496094,774.4213256835938,0.040199999809265134,0.0073566865
SPY,put,739.0,0.0684931506849315,2026-10-30,2.24,2.23,2.25,2.29,19.0,0.1603477520751953,774.4213256835938,0.040199999809265134,0.0073566865
SPY,put,740.0,0.0684931506849315,2026-10-30,2.3200000000000003,2.31,2.33,2.38,235.0,0.15891344024658205,774.4213256835938,0.040199999809265134,0.0073566865
SPY,put,741.0,0.0684931506849315,2026-10-30,2.41,2.4,2.42,2.39,37.0,0.15763171478271482,774.4213256835938,0.040199999809265134,0.0073566865
SPY,put,742.0,0.0684931506849315,2026-10-30,2.505,2.5,2.51,2.56,41.0,0.1562584375,774.4213256835938,0.040199999809265134,0.0073566865
SPY,put,743.0,0.0684931506849315,2026-10-30,2.59,2.58,2.6,2.64,70.0,0.15479360839843753,774.4213256835938,0.040199999809265134,0.0073566865
SPY,put,744.0,0.0684931506849315,2026-10-30,2.6950000000000003,2.69,2.7,2.76,34.0,0.1534508483886719,774.4213256835938,0.040199999809265134,0.0073566865
SPY,put,745.0,0.0684931506849315,2026-10-30,2.8,2.79,2.81,2.79,535.0,0.15223015747070315,774.4213256835938,0.040199999809265134,0.0073566865
SPY,put,746.0,0.0684931506849315,2026-10-30,2.9050000000000002,2.9,2.91,2.9,76.0,0.15070429382324224,774.4213256835938,0.040199999809265134,0.0073566865
SPY,put,747.0,0.0684931506849315,2026-10-30,3.0199999999999996,3.01,3.03,3.03,35.0,0.14948360290527346,774.4213256835938,0.040199999809265134,0.0073566865
SPY,put,748.0,0.0684931506849315,2026-10-30,3.1399999999999997,3.13,3.15,3.31,64.0,0.14817136016845706,774.4213256835938,0.040199999809265134,0.0073566865
SPY,put,749.0,0.0684931506849315,2026-10-30,3.2699999999999996,3.26,3.28,3.34,26.0,0.14692015197753905,774.4213256835938,0.040199999809265134,0.0073566865
SPY,put,750.0,0.0684931506849315,2026-10-30,3.4000000000000004,3.39,3.41,3.43,2989.0,0.14557739196777342,774.4213256835938,0.040199999809265134,0.0073566865
SPY,put,751.0,0.0684931506849315,2026-10-30,3.54,3.53,3.55,3.64,258.0,0.14429566650390624,774.4213256835938,0.040199999809265134,0.0073566865
SPY,put,752.0,0.0684931506849315,2026-10-30,3.6799999999999997,3.67,3.69,3.76,157.0,0.14292238922119144,774.4213256835938,0.040199999809265134,0.0073566865
SPY,put,753.0,0.0684931506849315,2026-10-30,3.8499999999999996,3.84,3.86,3.91,53.0,0.14191531921386719,774.4213256835938,0.040199999809265134,0.0073566865
SPY,put,754.0,0.0684931506849315,2026-10-30,4.0,3.99,4.01,4.09,46.0,0.14048100738525393,774.4213256835938,0.040199999809265134,0.0073566865
SPY,put,755.0,0.0684931506849315,2026-10-30,4.17,4.16,4.18,4.28,384.0,0.1392603164672852,774.4213256835938,0.040199999809265134,0.0073566865
SPY,put,756.0,0.0684931506849315,2026-10-30,4.34,4.33,4.35,4.47,60.0,0.13791755645751952,774.4213256835938,0.040199999809265134,0.0073566865
SPY,put,757.0,0.0684931506849315,2026-10-30,4.52,4.51,4.53,4.64,44.0,0.13660531372070314,774.4213256835938,0.040199999809265134,0.0073566865
SPY,put,758.0,0.0684931506849315,2026-10-30,4.71,4.7,4.72,4.82,60.0,0.13529307098388677,774.4213256835938,0.040199999809265134,0.0073566865
SPY,put,759.0,0.0684931506849315,2026-10-30,4.91,4.9,4.92,5.06,72.0,0.13404186279296876,774.4213256835938,0.040199999809265134,0.0073566865
SPY,put,760.0,0.0684931506849315,2026-10-30,5.135,5.12,5.15,5.14,1123.0,0.13305005142211912,774.4213256835938,0.040199999809265134,0.0073566865
SPY,put,761.0,0.0684931506849315,2026-10-30,5.359999999999999,5.35,5.37,5.5,52.0,0.13178358459472655,774.4213256835938,0.040199999809265134,0.0073566865
SPY,put,762.0,0.0684931506849315,2026-10-30,5.595000000000001,5.58,5.61,5.74,88.0,0.13065444549560545,774.4213256835938,0.040199999809265134,0.0073566865
SPY,put,763.0,0.0684931506849315,2026-10-30,5.8149999999999995,5.8,5.83,5.84,268.0,0.12912858184814452,774.4213256835938,0.040199999809265134,0.0073566865
SPY,put,764.0,0.0684931506849315,2026-10-30,6.09,6.08,6.1,6.2,113.0,0.1281215118408203,774.4213256835938,0.040199999809265134,0.0073566865
SPY,put,765.0,0.0684931506849315,2026-10-30,6.335,6.32,6.35,6.38,427.0,0.126687200012207,774.4213256835938,0.040199999809265134,0.0073566865
SPY,put,766.0,0.0684931506849315,2026-10-30,6.625,6.61,6.64,6.75,109.0,0.1256190954589844,774.4213256835938,0.040199999809265134,0.0073566865
SPY,put,767.0,0.0684931506849315,2026-10-30,6.91,6.9,6.92,7.1,127.0,0.12427633544921876,774.4213256835938,0.040199999809265134,0.0073566865
SPY,put,768.0,0.0684931506849315,2026-10-30,7.23,7.22,7.24,7.27,600.0,0.12326926544189454,774.4213256835938,0.040199999809265134,0.0073566865
SPY,put,769.0,0.0684931506849315,2026-10-30,7.535,7.52,7.55,7.59,184.0,0.12197228134155275,774.4213256835938,0.040199999809265134,0.0073566865
SPY,put,770.0,0.0684931506849315,2026-10-30,7.9,7.89,7.91,7.88,3462.0,0.1211177976989746,774.4213256835938,0.040199999809265134,0.0073566865
SPY,put,771.0,0.0684931506849315,2026-10-30,8.24,8.22,8.26,8.28,447.0,0.11997339996337889,774.4213256835938,0.040199999809265134,0.0073566865
SPY,put,772.0,0.0684931506849315,2026-10-30,8.585,8.57,8.6,8.87,538.0,0.1185085708618164,774.4213256835938,0.040199999809265134,0.0073566865
SPY,put,773.0,0.0684931506849315,2026-10-30,8.969999999999999,8.95,8.99,8.98,993.0,0.11747098358154298,774.4213256835938,0.040199999809265134,0.0073566865
SPY,put,774.0,0.0684931506849315,2026-10-30,9.395,9.37,9.42,9.59,63.0,0.1167233103942871,774.4213256835938,0.040199999809265134,0.0073566865
SPY,put,775.0,0.0684931506849315,2026-10-30,9.809999999999999,9.79,9.83,9.75,176.0,0.1155331367492676,774.4213256835938,0.040199999809265134,0.0073566865
SPY,put,776.0,0.0684931506849315,2026-10-30,10.25,10.23,10.27,10.43,64.0,0.11451080810546876,774.4213256835938,0.040199999809265134,0.0073566865
SPY,put,777.0,0.0684931506849315,2026-10-30,10.725000000000001,10.71,10.74,11.09,14.0,0.113641065826416,774.4213256835938,0.040199999809265134,0.0073566865
SPY,put,778.0,0.0684931506849315,2026-10-30,11.185,11.16,11.21,11.32,20.0,0.11255770263671874,774.4213256835938,0.040199999809265134,0.0073566865
SPY,put,779.0,0.0684931506849315,2026-10-30,11.67,11.65,11.69,19.35,14.0,0.11138278762817383,774.4213256835938,0.040199999809265134,0.0073566865
SPY,put,780.0,0.0684931506849315,2026-10-30,12.195,12.12,12.27,12.56,85.0,0.11121494262695311,774.4213256835938,0.040199999809265134,0.0073566865
SPY,put,785.0,0.0684931506849315,2026-10-30,15.065,14.94,15.19,15.0,26.0,0.10730873168945312,774.4213256835938,0.040199999809265134,0.0073566865
SPY,put,786.0,0.0684931506849315,2026-10-30,15.725,15.54,15.91,20.18,32.0,0.10764442169189453,774.4213256835938,0.040199999809265134,0.0073566865
SPY,put,790.0,0.0684931506849315,2026-10-30,18.52,18.32,18.72,19.0,11.0,0.10584390258789061,774.4213256835938,0.040199999809265134,0.0073566865
SPY,put,796.0,0.0684931506849315,2026-10-30,23.28,23.02,23.54,30.0,55.0,0.10590493713378905,774.4213256835938,0.040199999809265134,0.0073566865
SPY,put,799.0,0.0684931506849315,2026-10-30,26.18,24.56,27.8,31.28,45.0,0.13822272918701173,774.4213256835938,0.040199999809265134,0.0073566865
SPY,put,803.0,0.0684931506849315,2026-10-30,29.884999999999998,28.25,31.52,34.85,283.0,0.14615722015380855,774.4213256835938,0.040199999809265134,0.0073566865
SPY,put,804.0,0.0684931506849315,2026-10-30,30.845,29.23,32.46,35.35,301.0,0.14817136016845706,774.4213256835938,0.040199999809265134,0.0073566865
SPY,put,806.0,0.0684931506849315,2026-10-30,32.795,31.18,34.41,37.41,14.0,0.15338981384277345,774.4213256835938,0.040199999809265134,0.0073566865
SPY,put,812.0,0.0684931506849315,2026-10-30,38.42,37.92,38.92,41.19,60.0,0.13691048645019532,774.4213256835938,0.040199999809265134,0.0073566865
SPY,put,814.0,0.0684931506849315,2026-10-30,40.42,39.92,40.92,42.66,89.0,0.14203738830566404,774.4213256835938,0.040199999809265134,0.0073566865
SPY,put,815.0,0.0684931506849315,2026-10-30,41.43,40.93,41.93,43.86,30.0,0.1448449774169922,774.4213256835938,0.040199999809265134,0.0073566865
SPY,put,817.0,0.0684931506849315,2026-10-30,43.47,42.97,43.97,46.12,22.0,0.15107050109863285,774.4213256835938,0.040199999809265134,0.0073566865
SPY,put,865.0,0.0684931506849315,2026-10-30,91.765,90.17,93.36,99.26,10.0,0.30774618041992186,774.4213256835938,0.040199999809265134,0.0073566865
SPY,call,740.0,0.08767123287671233,2026-11-06,39.735,39.48,39.99,38.62,11.0,0.19516796051025392,774.4213256835938,0.040199999809265134,0.0073566865
SPY,call,745.0,0.08767123287671233,2026-11-06,35.335,35.1,35.57,32.47,17.0,0.18619588226318357,774.4213256835938,0.040199999809265134,0.0073566865
SPY,call,759.0,0.08767123287671233,2026-11-06,23.759999999999998,23.59,23.93,23.31,14.0,0.16294172027587894,774.4213256835938,0.040199999809265134,0.0073566865
SPY,call,761.0,0.08767123287671233,2026-11-06,22.195,22.05,22.34,21.9,32.0,0.1593406820678711,774.4213256835938,0.040199999809265134,0.0073566865
SPY,call,765.0,0.08767123287671233,2026-11-06,19.195,19.12,19.27,19.0,34.0,0.15238274383544925,774.4213256835938,0.040199999809265134,0.0073566865
SPY,call,768.0,0.08767123287671233,2026-11-06,17.145000000000003,17.03,17.26,17.03,12.0,0.149422568359375,774.4213256835938,0.040199999809265134,0.0073566865
SPY,call,769.0,0.08767123287671233,2026-11-06,16.47,16.36,16.58,16.05,69.0,0.1480798083496094,774.4213256835938,0.040199999809265134,0.0073566865
SPY,call,770.0,0.08767123287671233,2026-11-06,15.77,15.69,15.85,15.41,96.0,0.14609618560791016,774.4213256835938,0.040199999809265134,0.0073566865
SPY,call,771.0,0.08767123287671233,2026-11-06,15.12,15.04,15.2,15.0,50.0,0.14487549468994143,774.4213256835938,0.040199999809265134,0.0073566865
SPY,call,772.0,0.08767123287671233,2026-11-06,14.504999999999999,14.4,14.61,14.56,177.0,0.14418885604858395,774.4213256835938,0.040199999809265134,0.0073566865
SPY,call,773.0,0.08767123287671233,2026-11-06,13.85,13.77,13.93,13.78,371.0,0.1424035955810547,774.4213256835938,0.040199999809265134,0.0073566865
SPY,call,774.0,0.08767123287671233,2026-11-06,13.22,13.13,13.31,13.13,13.0,0.14112187011718752,774.4213256835938,0.040199999809265134,0.0073566865
SPY,call,775.0,0.08767123287671233,2026-11-06,12.655000000000001,12.6,12.71,12.4,180.0,0.13994695510864258,774.4213256835938,0.040199999809265134,0.0073566865
SPY,call,776.0,0.08767123287671233,2026-11-06,12.094999999999999,12.02,12.17,12.05,144.0,0.1392908337402344,774.4213256835938,0.040199999809265134,0.0073566865
SPY,call,777.0,0.08767123287671233,2026-11-06,11.489999999999998,11.45,11.53,10.93,39.0,0.13739876281738284,774.4213256835938,0.040199999809265134,0.0073566865
SPY,call,778.0,0.08767123287671233,2026-11-06,10.955,10.91,11.0,10.73,17.0,0.13657479644775394,774.4213256835938,0.040199999809265134,0.0073566865
SPY,call,779.0,0.08767123287671233,2026-11-06,10.440000000000001,10.39,10.49,10.39,16.0,0.13582712326049806,774.4213256835938,0.040199999809265134,0.0073566865
SPY,call,780.0,0.08767123287671233,2026-11-06,9.899999999999999,9.87,9.93,9.61,495.0,0.1343928114318848,774.4213256835938,0.040199999809265134,0.0073566865
SPY,call,781.0,0.08767123287671233,2026-11-06,9.370000000000001,9.33,9.41,9.26,20.0,0.13324841369628904,774.4213256835938,0.040199999809265134,0.0073566865
SPY,call,782.0,0.08767123287671233,2026-11-06,8.91,8.87,8.95,8.77,64.0,0.1326075509643555,774.4213256835938,0.040199999809265134,0.0073566865
SPY,call,784.0,0.08767123287671233,2026-11-06,7.98,7.94,8.02,7.71,13.0,0.1307765145874023,774.4213256835938,0.040199999809265134,0.0073566865
SPY,call,785.0,0.08767123287671233,2026-11-06,7.529999999999999,7.5,7.56,7.41,73.0,0.12967789276123048,774.4213256835938,0.040199999809265134,0.0073566865
SPY,call,786.0,0.08767123287671233,2026-11-06,7.095,7.06,7.13,6.96,11.0,0.1287623745727539,774.4213256835938,0.040199999809265134,0.0073566865
SPY,call,787.0,0.08767123287671233,2026-11-06,6.695,6.66,6.73,6.2,21.0,0.12802996002197264,774.4213256835938,0.040199999809265134,0.0073566865
SPY,call,788.0,0.08767123287671233,2026-11-06,6.305,6.28,6.33,6.2,29.0,0.1271449591064453,774.4213256835938,0.040199999809265134,0.0073566865
SPY,call,789.0,0.08767123287671233,2026-11-06,5.9350000000000005,5.9,5.97,5.83,51.0,0.12656513092041016,774.4213256835938,0.040199999809265134,0.0073566865
SPY,call,790.0,0.08767123287671233,2026-11-06,5.575,5.54,5.61,5.55,175.0,0.12581745773315428,774.4213256835938,0.040199999809265134,0.0073566865
SPY,call,791.0,0.08767123287671233,2026-11-06,5.24,5.21,5.27,5.02,13.0,0.12516133636474608,774.4213256835938,0.040199999809265134,0.0073566865
SPY,call,794.0,0.08767123287671233,2026-11-06,4.3100000000000005,4.28,4.34,4.26,50.0,0.12329978271484376,774.4213256835938,0.040199999809265134,0.0073566865
SPY,call,795.0,0.08767123287671233,2026-11-06,4.029999999999999,4.0,4.06,3.97,46.0,0.12275047180175781,774.4213256835938,0.040199999809265134,0.0073566865
SPY,call,796.0,0.08767123287671233,2026-11-06,3.755,3.73,3.78,3.71,32.0,0.12201805725097657,774.4213256835938,0.040199999809265134,0.0073566865
SPY,call,797.0,0.08767123287671233,2026-11-06,3.51,3.48,3.54,3.38,30.0,0.12165184997558594,774.4213256835938,0.040199999809265134,0.0073566865
SPY,call,798.0,0.08767123287671233,2026-11-06,3.26,3.23,3.29,3.24,68.0,0.12101098724365235,774.4213256835938,0.040199999809265134,0.0073566865
SPY,call,800.0,0.08767123287671233,2026-11-06,2.835,2.82,2.85,2.84,370.0,0.12006495178222655,774.4213256835938,0.040199999809265134,0.0073566865
SPY,call,801.0,0.08767123287671233,2026-11-06,2.64,2.62,2.66,2.64,48.0,0.1198208135986328,774.4213256835938,0.040199999809265134,0.0073566865
SPY,call,802.0,0.08767123287671233,2026-11-06,2.45,2.43,2.47,2.4,88.0,0.11939357177734375,774.4213256835938,0.040199999809265134,0.0073566865
SPY,call,803.0,0.08767123287671233,2026-11-06,2.27,2.25,2.29,2.19,55.0,0.11896632995605468,774.4213256835938,0.040199999809265134,0.0073566865
SPY,call,805.0,0.08767123287671233,2026-11-06,1.955,1.94,1.97,1.89,103.0,0.1183254672241211,774.4213256835938,0.040199999809265134,0.0073566865
SPY,call,807.0,0.08767123287671233,2026-11-06,1.66,1.64,1.68,1.62,98.0,0.11756253540039063,774.4213256835938,0.040199999809265134,0.0073566865
SPY,call,808.0,0.08767123287671233,2026-11-06,1.55,1.53,1.57,1.53,83.0,0.1176846044921875,774.4213256835938,0.040199999809265134,0.0073566865
SPY,call,809.0,0.08767123287671233,2026-11-06,1.43,1.41,1.45,1.41,25.0,0.11744046630859376,774.4213256835938,0.040199999809265134,0.0073566865
SPY,call,810.0,0.08767123287671233,2026-11-06,1.32,1.31,1.33,1.28,318.0,0.11698270721435547,774.4213256835938,0.040199999809265134,0.0073566865
SPY,call,811.0,0.08767123287671233,2026-11-06,1.23,1.21,1.25,1.18,49.0,0.1173489144897461,774.4213256835938,0.040199999809265134,0.0073566865
SPY,call,812.0,0.08767123287671233,2026-11-06,1.13,1.12,1.14,1.09,17.0,0.11683012084960936,774.4213256835938,0.040199999809265134,0.0073566865
SPY,call,813.0,0.08767123287671233,2026-11-06,1.05,1.04,1.06,1.02,65.0,0.1168911553955078,774.4213256835938,0.040199999809265134,0.0073566865
SPY,call,814.0,0.08767123287671233,2026-11-06,0.96,0.95,0.97,0.95,13.0,0.1165249481201172,774.4213256835938,0.040199999809265134,0.0073566865
SPY,call,815.0,0.08767123287671233,2026-11-06,0.89,0.88,0.9,0.89,281.0,0.11664701721191406,774.4213256835938,0.040199999809265134,0.0073566865
SPY,call,820.0,0.08767123287671233,2026-11-06,0.595,0.59,0.6,0.58,29.0,0.1165249481201172,774.4213256835938,0.040199999809265134,0.0073566865
SPY,call,825.0,0.08767123287671233,2026-11-06,0.405,0.4,0.41,0.41,167.0,0.11744046630859376,774.4213256835938,0.040199999809265134,0.0073566865
SPY,call,840.0,0.08767123287671233,2026-11-06,0.16,0.15,0.17,0.16,26.0,0.12549702636718751,774.4213256835938,0.040199999809265134,0.0073566865
SPY,call,850.0,0.08767123287671233,2026-11-06,0.1,0.09,0.11,0.09,23.0,0.13306531005859373,774.4213256835938,0.040199999809265134,0.0073566865
SPY,call,855.0,0.08767123287671233,2026-11-06,0.08,0.07,0.09,0.08,109.0,0.13697152099609378,774.4213256835938,0.040199999809265134,0.0073566865
SPY,call,870.0,0.08767123287671233,2026-11-06,0.045,0.04,0.05,0.04,48.0,0.147469462890625,774.4213256835938,0.040199999809265134,0.0073566865
SPY,call,880.0,0.08767123287671233,2026-11-06,0.035,0.03,0.04,0.03,99.0,0.157234990234375,774.4213256835938,0.040199999809265134,0.0073566865
SPY,call,885.0,0.08767123287671233,2026-11-06,0.03,0.02,0.04,0.02,50.0,0.16309430664062502,774.4213256835938,0.040199999809265134,0.0073566865
SPY,call,905.0,0.08767123287671233,2026-11-06,0.015,0.01,0.02,0.02,40.0,0.1757894921875,774.4213256835938,0.040199999809265134,0.0073566865
SPY,put,500.0,0.08767123287671233,2026-11-06,0.07500000000000001,0.07,0.08,0.08,29.0,0.5205126074218749,774.4213256835938,0.040199999809265134,0.0073566865
SPY,put,545.0,0.08767123287671233,2026-11-06,0.135,0.13,0.14,0.13,139.0,0.45361874511718747,774.4213256835938,0.040199999809265134,0.0073566865
SPY,put,565.0,0.08767123287671233,2026-11-06,0.16999999999999998,0.16,0.18,0.18,48.0,0.422857333984375,774.4213256835938,0.040199999809265134,0.0073566865
SPY,put,600.0,0.08767123287671233,2026-11-06,0.26,0.25,0.27,0.27,126.0,0.3676821044921875,774.4213256835938,0.040199999809265134,0.0073566865
SPY,put,610.0,0.08767123287671233,2026-11-06,0.295,0.29,0.3,0.37,12.0,0.35156898437499995,774.4213256835938,0.040199999809265134,0.0073566865
SPY,put,625.0,0.08767123287671233,2026-11-06,0.355,0.35,0.36,0.37,113.0,0.3278875805664062,774.4213256835938,0.040199999809265134,0.0073566865
SPY,put,650.0,0.08767123287671233,2026-11-06,0.505,0.5,0.51,0.52,59.0,0.28967995483398434,774.4213256835938,0.040199999809265134,0.0073566865
SPY,put,670.0,0.08767123287671233,2026-11-06,0.67,0.66,0.68,0.67,18.0,0.25843026733398444,774.4213256835938,0.040199999809265134,0.0073566865
SPY,put,675.0,0.08767123287671233,2026-11-06,0.725,0.72,0.73,0.74,29.0,0.2503737072753906,774.4213256835938,0.040199999809265134,0.0073566865
SPY,put,680.0,0.08767123287671233,2026-11-06,0.795,0.79,0.8,0.8,168.0,0.243171630859375,774.4213256835938,0.040199999809265134,0.0073566865
SPY,put,685.0,0.08767123287671233,2026-11-06,0.865,0.86,0.87,0.89,53.0,0.23548127807617186,774.4213256835938,0.040199999809265134,0.0073566865
SPY,put,690.0,0.08767123287671233,2026-11-06,0.95,0.94,0.96,0.98,121.0,0.22827920166015625,774.4213256835938,0.040199999809265134,0.0073566865
SPY,put,695.0,0.08767123287671233,2026-11-06,1.05,1.04,1.06,1.07,62.0,0.22101609069824218,774.4213256835938,0.040199999809265134,0.0073566865
SPY,put,700.0,0.08767123287671233,2026-11-06,1.165,1.16,1.17,1.18,152.0,0.21356987609863282,774.4213256835938,0.040199999809265134,0.0073566865
SPY,put,705.0,0.08767123287671233,2026-11-06,1.3,1.29,1.31,1.34,93.0,0.2066119378662109,774.4213256835938,0.040199999809265134,0.0073566865
SPY,put,710.0,0.08767123287671233,2026-11-06,1.46,1.45,1.47,1.46,82.0,0.19959296508789062,774.4213256835938,0.040199999809265134,0.0073566865
SPY,put,715.0,0.08767123287671233,2026-11-06,1.6549999999999998,1.64,1.67,1.68,109.0,0.19300123413085937,774.4213256835938,0.040199999809265134,0.0073566865
SPY,put,716.0,0.08767123287671233,2026-11-06,1.6949999999999998,1.68,1.71,1.69,13.0,0.1915364050292969,774.4213256835938,0.040199999809265134,0.0073566865
SPY,put,717.0,0.08767123287671233,2026-11-06,1.7349999999999999,1.72,1.75,1.77,19.0,0.1900715759277344,774.4213256835938,0.040199999809265134,0.0073566865
SPY,put,719.0,0.08767123287671233,2026-11-06,1.835,1.82,1.85,1.86,10.0,0.18756915954589842,774.4213256835938,0.040199999809265134,0.0073566865
SPY,put,720.0,0.08767123287671233,2026-11-06,1.8849999999999998,1.88,1.89,1.92,173.0,0.18598226135253904,774.4213256835938,0.040199999809265134,0.0073566865
SPY,put,723.0,0.08767123287671233,2026-11-06,2.04,2.03,2.05,2.08,31.0,0.18201501586914062,774.4213256835938,0.040199999809265134,0.0073566865
SPY,put,725.0,0.08767123287671233,2026-11-06,2.1500000000000004,2.14,2.16,2.15,146.0,0.17926846130371094,774.4213256835938,0.040199999809265134,0.0073566865
SPY,put,726.0,0.08767123287671233,2026-11-06,2.215,2.2,2.23,2.25,20.0,0.17816983947753906,774.4213256835938,0.040199999809265134,0.0073566865
SPY,put,727.0,0.08767123287671233,2026-11-06,2.275,2.26,2.29,2.33,13.0,0.176766044921875,774.4213256835938,0.040199999809265134,0.0073566865
SPY,put,728.0,0.08767123287671233,2026-11-06,2.335,2.32,2.35,2.4,21.0,0.17533173309326172,774.4213256835938,0.040199999809265134,0.0073566865
SPY,put,729.0,0.08767123287671233,2026-11-06,2.4050000000000002,2.39,2.42,2.47,22.0,0.17408052490234377,774.4213256835938,0.040199999809265134,0.0073566865
SPY,put,730.0,0.08767123287671233,2026-11-06,2.4850000000000003,2.47,2.5,2.53,117.0,0.1729819030761719,774.4213256835938,0.040199999809265134,0.0073566865
SPY,put,731.0,0.08767123287671233,2026-11-06,2.5549999999999997,2.54,2.57,2.59,31.0,0.17160862579345704,774.4213256835938,0.040199999809265134,0.0073566865
SPY,put,732.0,0.08767123287671233,2026-11-06,2.63,2.61,2.65,2.68,26.0,0.1703879348754883,774.4213256835938,0.040199999809265134,0.0073566865
SPY,put,733.0,0.08767123287671233,2026-11-06,2.715,2.71,2.72,2.77,45.0,0.1688925885009766,774.4213256835938,0.040199999809265134,0.0073566865
SPY,put,734.0,0.08767123287671233,2026-11-06,2.78,2.76,2.8,2.86,31.0,0.1675803457641602,774.4213256835938,0.040199999809265134,0.0073566865
SPY,put,735.0,0.08767123287671233,2026-11-06,2.88,2.86,2.9,2.93,81.0,0.166573275756836,774.4213256835938,0.040199999809265134,0.0073566865
SPY,put,736.0,0.08767123287671233,2026-11-06,2.975,2.95,3.0,3.05,30.0,0.1655051712036133,774.4213256835938,0.040199999809265134,0.0073566865
SPY,put,737.0,0.08767123287671233,2026-11-06,3.065,3.04,3.09,3.14,111.0,0.1641929284667969,774.4213256835938,0.040199999809265134,0.0073566865
SPY,put,738.0,0.08767123287671233,2026-11-06,3.1550000000000002,3.13,3.18,3.24,85.0,0.16281965118408204,774.4213256835938,0.040199999809265134,0.0073566865
SPY,put,740.0,0.08767123287671233,2026-11-06,3.36,3.34,3.38,3.44,186.0,0.16022568298339845,774.4213256835938,0.040199999809265134,0.0073566865
SPY,put,741.0,0.08767123287671233,2026-11-06,3.46,3.44,3.48,3.61,27.0,0.1588218884277344,774.4213256835938,0.040199999809265134,0.0073566865
SPY,put,742.0,0.08767123287671233,2026-11-06,3.58,3.56,3.6,3.72,55.0,0.1577232666015625,774.4213256835938,0.040199999809265134,0.0073566865
SPY,put,743.0,0.08767123287671233,2026-11-06,3.705,3.68,3.73,3.77,89.0,0.15668567932128907,774.4213256835938,0.040199999809265134,0.0073566865
SPY,put,744.0,0.08767123287671233,2026-11-06,3.81,3.79,3.83,3.87,17.0,0.1550987811279297,774.4213256835938,0.040199999809265134,0.0073566865
SPY,put,745.0,0.08767123287671233,2026-11-06,3.955,3.94,3.97,3.93,94.0,0.15406119384765626,774.4213256835938,0.040199999809265134,0.0073566865
SPY,put,746.0,0.08767123287671233,2026-11-06,4.07,4.05,4.09,4.13,27.0,0.15265739929199224,774.4213256835938,0.040199999809265134,0.0073566865
SPY,put,747.0,0.08767123287671233,2026-11-06,4.205,4.18,4.23,4.33,58.0,0.1514977429199219,774.4213256835938,0.040199999809265134,0.0073566865
SPY,put,748.0,0.08767123287671233,2026-11-06,4.355,4.33,4.38,4.35,74.0,0.1503686038208008,774.4213256835938,0.040199999809265134,0.0073566865
SPY,put,749.0,0.08767123287671233,2026-11-06,4.5,4.48,4.52,4.61,39.0,0.14905636108398437,774.4213256835938,0.040199999809265134,0.0073566865
SPY,put,750.0,0.08767123287671233,2026-11-06,4.655,4.65,4.66,4.67,5163.0,0.1476220492553711,774.4213256835938,0.040199999809265134,0.0073566865
SPY,put,751.0,0.08767123287671233,2026-11-06,4.800000000000001,4.78,4.82,4.97,44.0,0.14643187561035154,774.4213256835938,0.040199999809265134,0.0073566865
SPY,put,752.0,0.08767123287671233,2026-11-06,4.965,4.94,4.99,5.06,52.0,0.14527221923828126,774.4213256835938,0.040199999809265134,0.0073566865
SPY,put,753.0,0.08767123287671233,2026-11-06,5.154999999999999,5.13,5.18,5.14,45.0,0.14429566650390624,774.4213256835938,0.040199999809265134,0.0073566865
SPY,put,754.0,0.08767123287671233,2026-11-06,5.335,5.31,5.36,5.44,35.0,0.1430749755859375,774.4213256835938,0.040199999809265134,0.0073566865
SPY,put,755.0,0.08767123287671233,2026-11-06,5.529999999999999,5.51,5.55,5.5,188.0,0.14191531921386719,774.4213256835938,0.040199999809265134,0.0073566865
SPY,put,756.0,0.08767123287671233,2026-11-06,5.720000000000001,5.69,5.75,5.84,19.0,0.14078618011474608,774.4213256835938,0.040199999809265134,0.0073566865
SPY,put,757.0,0.08767123287671233,2026-11-06,5.92,5.89,5.95,6.03,17.0,0.13956548919677736,774.4213256835938,0.040199999809265134,0.0073566865
SPY,put,758.0,0.08767123287671233,2026-11-06,6.13,6.1,6.16,6.14,31.0,0.13834479827880858,774.4213256835938,0.040199999809265134,0.0073566865
SPY,put,759.0,0.08767123287671233,2026-11-06,6.355,6.32,6.39,6.43,33.0,0.1373072109985352,774.4213256835938,0.040199999809265134,0.0073566865
SPY,put,760.0,0.08767123287671233,2026-11-06,6.58,6.55,6.61,6.58,337.0,0.13602548553466798,774.4213256835938,0.040199999809265134,0.0073566865
SPY,put,761.0,0.08767123287671233,2026-11-06,6.8,6.77,6.83,6.98,15.0,0.13463694961547856,774.4213256835938,0.040199999809265134,0.0073566865
SPY,put,762.0,0.08767123287671233,2026-11-06,7.0649999999999995,7.03,7.1,7.23,11.0,0.13373669006347655,774.4213256835938,0.040199999809265134,0.0073566865
SPY,put,763.0,0.08767123287671233,2026-11-06,7.32,7.28,7.36,7.49,92.0,0.1326075509643555,774.4213256835938,0.040199999809265134,0.0073566865
SPY,put,764.0,0.08767123287671233,2026-11-06,7.6,7.56,7.64,7.93,147.0,0.13158522232055664,774.4213256835938,0.040199999809265134,0.0073566865
SPY,put,765.0,0.08767123287671233,2026-11-06,7.875,7.83,7.92,7.9,222.0,0.13044082458496092,774.4213256835938,0.040199999809265134,0.0073566865
SPY,put,766.0,0.08767123287671233,2026-11-06,8.155,8.12,8.19,8.34,13.0,0.12908280593872068,774.4213256835938,0.040199999809265134,0.0073566865
SPY,put,767.0,0.08767123287671233,2026-11-06,8.465,8.42,8.51,8.6,14.0,0.1281520291137695,774.4213256835938,0.040199999809265134,0.0073566865
SPY,put,768.0,0.08767123287671233,2026-11-06,8.765,8.72,8.81,8.75,106.0,0.12687030364990232,774.4213256835938,0.040199999809265134,0.0073566865
SPY,put,769.0,0.08767123287671233,2026-11-06,9.105,9.06,9.15,9.04,43.0,0.12590900955200196,774.4213256835938,0.040199999809265134,0.0073566865
SPY,put,770.0,0.08767123287671233,2026-11-06,9.43,9.39,9.47,9.4,296.0,0.12458150817871094,774.4213256835938,0.040199999809265134,0.0073566865
SPY,put,771.0,0.08767123287671233,2026-11-06,9.79,9.75,9.83,9.81,134.0,0.12357443817138672,774.4213256835938,0.040199999809265134,0.0073566865
SPY,put,772.0,0.08767123287671233,2026-11-06,10.175,10.13,10.22,10.39,142.0,0.12273521316528321,774.4213256835938,0.040199999809265134,0.0073566865
SPY,put,773.0,0.08767123287671233,2026-11-06,10.530000000000001,10.48,10.58,10.59,105.0,0.1214382290649414,774.4213256835938,0.040199999809265134,0.0073566865
SPY,put,774.0,0.08767123287671233,2026-11-06,10.920000000000002,10.88,10.96,11.12,25.0,0.12020227951049803,774.4213256835938,0.040199999809265134,0.0073566865
SPY,put,775.0,0.08767123287671233,2026-11-06,11.315,11.26,11.37,11.7,231.0,0.11914943359374999,774.4213256835938,0.040199999809265134,0.0073566865
SPY,put,776.0,0.08767123287671233,2026-11-06,11.77,11.69,11.85,11.94,73.0,0.1186764158630371,774.4213256835938,0.040199999809265134,0.0073566865
SPY,put,780.0,0.08767123287671233,2026-11-06,13.655000000000001,13.55,13.76,13.9,89.0,0.11512115356445313,774.4213256835938,0.040199999809265134,0.0073566865
SPY,put,795.0,0.08767123287671233,2026-11-06,23.155,22.94,23.37,24.88,56.0,0.10440959075927733,774.4213256835938,0.040199999809265134,0.0073566865
SPY,put,796.0,0.08767123287671233,2026-11-06,23.965,23.73,24.2,25.68,50.0,0.10474528076171874,774.4213256835938,0.040199999809265134,0.0073566865
SPY,call,745.0,0.10684931506849316,2026-11-13,36.93000000000001,36.77,37.09,33.97,17.0,0.1879048495483398,774.4213256835938,0.040199999809265134,0.0073566865
SPY,call,752.0,0.10684931506849316,2026-11-13,31.07,30.88,31.26,28.45,13.0,0.17728483856201172,774.4213256835938,0.040199999809265134,0.0073566865
SPY,call,762.0,0.10684931506849316,2026-11-13,23.22,23.06,23.38,20.8,42.0,0.16202620208740232,774.4213256835938,0.040199999809265134,0.0073566865
SPY,call,765.0,0.10684931506849316,2026-11-13,20.939999999999998,20.88,21.0,20.16,16.0,0.15598378204345703,774.4213256835938,0.040199999809265134,0.0073566865
SPY,call,767.0,0.10684931506849316,2026-11-13,19.615000000000002,19.52,19.71,16.89,127.0,0.15454947021484378,774.4213256835938,0.040199999809265134,0.0073566865
SPY,call,770.0,0.10684931506849316,2026-11-13,17.595,17.5,17.69,17.44,77.0,0.15088739746093754,774.4213256835938,0.040199999809265134,0.0073566865
SPY,call,771.0,0.10684931506849316,2026-11-13,16.945,16.8,17.09,16.19,24.0,0.15020075881958012,774.4213256835938,0.040199999809265134,0.0073566865
SPY,call,773.0,0.10684931506849316,2026-11-13,15.67,15.53,15.81,15.35,55.0,0.147744118347168,774.4213256835938,0.040199999809265134,0.0073566865
SPY,call,774.0,0.10684931506849316,2026-11-13,15.030000000000001,15.01,15.05,14.37,107.0,0.1452111846923828,774.4213256835938,0.040199999809265134,0.0073566865
SPY,call,775.0,0.10684931506849316,2026-11-13,14.385,14.37,14.4,14.39,42.0,0.14362428649902342,774.4213256835938,0.040199999809265134,0.0073566865
SPY,call,776.0,0.10684931506849316,2026-11-13,13.809999999999999,13.79,13.83,13.59,12.0,0.14273928558349608,774.4213256835938,0.040199999809265134,0.0073566865
SPY,call,777.0,0.10684931506849316,2026-11-13,13.23,13.21,13.25,12.66,110.0,0.1416406637573242,774.4213256835938,0.040199999809265134,0.0073566865
SPY,call,778.0,0.10684931506849316,2026-11-13,12.695,12.67,12.72,12.47,13.0,0.1409235078430176,774.4213256835938,0.040199999809265134,0.0073566865
SPY,call,779.0,0.10684931506849316,2026-11-13,12.115,12.1,12.13,11.4,134.0,0.1395044546508789,774.4213256835938,0.040199999809265134,0.0073566865
SPY,call,780.0,0.10684931506849316,2026-11-13,11.6,11.58,11.62,11.6,123.0,0.13875678146362308,774.4213256835938,0.040199999809265134,0.0073566865
SPY,call,783.0,0.10684931506849316,2026-11-13,10.04,10.02,10.06,9.91,30.0,0.13553720916748052,774.4213256835938,0.040199999809265134,0.0073566865
SPY,call,784.0,0.10684931506849316,2026-11-13,9.61,9.59,9.63,9.44,14.0,0.13510996734619146,774.4213256835938,0.040199999809265134,0.0073566865
SPY,call,785.0,0.10684931506849316,2026-11-13,9.120000000000001,9.1,9.14,8.85,19.0,0.1339655696105957,774.4213256835938,0.040199999809265134,0.0073566865
SPY,call,786.0,0.10684931506849316,2026-11-13,8.675,8.66,8.69,8.28,30.0,0.13309582733154296,774.4213256835938,0.040199999809265134,0.0073566865
SPY,call,787.0,0.10684931506849316,2026-11-13,8.245000000000001,8.23,8.26,7.91,13.0,0.1323176368713379,774.4213256835938,0.040199999809265134,0.0073566865
SPY,call,790.0,0.10684931506849316,2026-11-13,7.050000000000001,7.03,7.07,6.83,10.0,0.130242462310791,774.4213256835938,0.040199999809265134,0.0073566865
SPY,call,791.0,0.10684931506849316,2026-11-13,6.66,6.65,6.67,6.49,11.0,0.12925065093994142,774.4213256835938,0.040199999809265134,0.0073566865
SPY,call,792.0,0.10684931506849316,2026-11-13,6.285,6.27,6.3,6.31,37.0,0.1284419432067871,774.4213256835938,0.040199999809265134,0.0073566865
SPY,call,795.0,0.10684931506849316,2026-11-13,5.305,5.29,5.32,5.31,28.0,0.1266719413757324,774.4213256835938,0.040199999809265134,0.0073566865
SPY,call,799.0,0.10684931506849316,2026-11-13,4.17,4.16,4.18,4.04,18.0,0.12436788726806641,774.4213256835938,0.040199999809265134,0.0073566865
SPY,call,800.0,0.10684931506849316,2026-11-13,3.925,3.91,3.94,3.92,115.0,0.124032197265625,774.4213256835938,0.040199999809265134,0.0073566865
SPY,call,801.0,0.10684931506849316,2026-11-13,3.685,3.67,3.7,3.67,12.0,0.1235439208984375,774.4213256835938,0.040199999809265134,0.0073566865
SPY,call,802.0,0.10684931506849316,2026-11-13,3.46,3.45,3.47,3.46,81.0,0.12305564453125001,774.4213256835938,0.040199999809265134,0.0073566865
SPY,call,803.0,0.10684931506849316,2026-11-13,3.245,3.23,3.26,3.17,13.0,0.12268943725585937,774.4213256835938,0.040199999809265134,0.0073566865
SPY,call,804.0,0.10684931506849316,2026-11-13,3.04,3.03,3.05,2.96,32.0,0.12220116088867189,774.4213256835938,0.040199999809265134,0.0073566865
SPY,call,805.0,0.10684931506849316,2026-11-13,2.84,2.83,2.85,2.84,184.0,0.12171288452148438,774.4213256835938,0.040199999809265134,0.0073566865
SPY,call,806.0,0.10684931506849316,2026-11-13,2.67,2.66,2.68,2.47,80.0,0.12156029815673827,774.4213256835938,0.040199999809265134,0.0073566865
SPY,call,809.0,0.10684931506849316,2026-11-13,2.185,2.17,2.2,2.17,40.0,0.12073633178710938,774.4213256835938,0.040199999809265134,0.0073566865
SPY,call,810.0,0.10684931506849316,2026-11-13,2.04,2.03,2.05,2.0,130.0,0.12037012451171875,774.4213256835938,0.040199999809265134,0.0073566865
SPY,call,812.0,0.10684931506849316,2026-11-13,1.77,1.76,1.78,1.69,51.0,0.11975977905273436,774.4213256835938,0.040199999809265134,0.0073566865
SPY,call,814.0,0.10684931506849316,2026-11-13,1.54,1.53,1.55,1.54,43.0,0.11939357177734375,774.4213256835938,0.040199999809265134,0.0073566865
SPY,call,815.0,0.10684931506849316,2026-11-13,1.43,1.42,1.44,1.41,76.0,0.11914943359374999,774.4213256835938,0.040199999809265134,0.0073566865
SPY,call,820.0,0.10684931506849316,2026-11-13,0.985,0.98,0.99,0.99,70.0,0.11805081176757812,774.4213256835938,0.040199999809265134,0.0073566865
SPY,call,825.0,0.10684931506849316,2026-11-13,0.7,0.69,0.71,0.68,31.0,0.1186611572265625,774.4213256835938,0.040199999809265134,0.0073566865
SPY,call,830.0,0.10684931506849316,2026-11-13,0.5,0.49,0.51,0.47,65.0,0.11951564086914063,774.4213256835938,0.040199999809265134,0.0073566865
SPY,call,885.0,0.10684931506849316,2026-11-13,0.045,0.04,0.05,0.04,24.0,0.15137567382812503,774.4213256835938,0.040199999809265134,0.0073566865
SPY,call,890.0,0.10684931506849316,2026-11-13,0.035,0.03,0.04,0.04,48.0,0.15332877929687502,774.4213256835938,0.040199999809265134,0.0073566865
SPY,call,895.0,0.10684931506849316,2026-11-13,0.025,0.02,0.03,0.03,40.0,0.15528188476562502,774.4213256835938,0.040199999809265134,0.0073566865
SPY,put,500.0,0.10684931506849316,2026-11-13,0.11499999999999999,0.11,0.12,0.11,22.0,0.495122236328125,774.4213256835938,0.040199999809265134,0.0073566865
SPY,put,545.0,0.10684931506849316,2026-11-13,0.195,0.19,0.2,0.24,57.0,0.4292049267578125,774.4213256835938,0.040199999809265134,0.0073566865
SPY,put,580.0,0.10684931506849316,2026-11-13,0.295,0.29,0.3,0.36,24.0,0.37842418457031246,774.4213256835938,0.040199999809265134,0.0073566865
SPY,put,605.0,0.10684931506849316,2026-11-13,0.395,0.39,0.4,0.41,13.0,0.34204759521484374,774.4213256835938,0.040199999809265134,0.0073566865
SPY,put,615.0,0.10684931506849316,2026-11-13,0.445,0.44,0.45,0.55,274.0,0.3275213732910156,774.4213256835938,0.040199999809265134,0.0073566865
SPY,put,620.0,0.10684931506849316,2026-11-13,0.475,0.47,0.48,0.59,274.0,0.3205634350585937,774.4213256835938,0.040199999809265134,0.0073566865
SPY,put,625.0,0.10684931506849316,2026-11-13,0.505,0.5,0.51,0.62,90.0,0.31323928955078123,774.4213256835938,0.040199999809265134,0.0073566865
SPY,put,630.0,0.10684931506849316,2026-11-13,0.54,0.53,0.55,0.68,559.0,0.30664755859375,774.4213256835938,0.040199999809265134,0.0073566865
SPY,put,635.0,0.10684931506849316,2026-11-13,0.575,0.57,0.58,0.71,252.0,0.29895720581054686,774.4213256835938,0.040199999809265134,0.0073566865
SPY,put,640.0,0.10684931506849316,2026-11-13,0.615,0.61,0.62,0.64,42.0,0.291877198486328,774.4213256835938,0.040199999809265134,0.0073566865
SPY,put,650.0,0.10684931506849316,2026-11-13,0.705,0.7,0.71,0.73,142.0,0.2775951147460937,774.4213256835938,0.040199999809265134,0.0073566865
SPY,put,670.0,0.10684931506849316,2026-11-13,0.945,0.94,0.95,0.97,48.0,0.24933611999511718,774.4213256835938,0.040199999809265134,0.0073566865
SPY,put,675.0,0.10684931506849316,2026-11-13,1.025,1.02,1.03,1.04,15.0,0.24243921630859372,774.4213256835938,0.040199999809265134,0.0073566865
SPY,put,690.0,0.10684931506849316,2026-11-13,1.335,1.33,1.34,1.36,17.0,0.22205367797851558,774.4213256835938,0.040199999809265134,0.0073566865
SPY,put,695.0,0.10684931506849316,2026-11-13,1.4649999999999999,1.46,1.47,1.49,35.0,0.21527884338378905,774.4213256835938,0.040199999809265134,0.0073566865
SPY,put,700.0,0.10684931506849316,2026-11-13,1.6150000000000002,1.61,1.62,1.62,105.0,0.20862607788085932,774.4213256835938,0.040199999809265134,0.0073566865
SPY,put,705.0,0.10684931506849316,2026-11-13,1.8,1.79,1.81,1.84,91.0,0.20243107147216793,774.4213256835938,0.040199999809265134,0.0073566865
SPY,put,710.0,0.10684931506849316,2026-11-13,2.005,2.0,2.01,2.08,38.0,0.1958088232421875,774.4213256835938,0.040199999809265134,0.0073566865
SPY,put,715.0,0.10684931506849316,2026-11-13,2.245,2.24,2.25,2.28,50.0,0.18946123046875002,774.4213256835938,0.040199999809265134,0.0073566865
SPY,put,716.0,0.10684931506849316,2026-11-13,2.3049999999999997,2.3,2.31,2.38,27.0,0.18836260864257812,774.4213256835938,0.040199999809265134,0.0073566865
SPY,put,720.0,0.10684931506849316,2026-11-13,2.535,2.53,2.54,2.55,67.0,0.183327258605957,774.4213256835938,0.040199999809265134,0.0073566865
SPY,put,722.0,0.10684931506849316,2026-11-13,2.66,2.65,2.67,2.75,15.0,0.18091639404296872,774.4213256835938,0.040199999809265134,0.0073566865
SPY,put,725.0,0.10684931506849316,2026-11-13,2.865,2.85,2.88,2.93,71.0,0.17728483856201172,774.4213256835938,0.040199999809265134,0.0073566865
SPY,put,726.0,0.10684931506849316,2026-11-13,2.935,2.92,2.95,2.99,47.0,0.17600311309814454,774.4213256835938,0.040199999809265134,0.0073566865
SPY,put,727.0,0.10684931506849316,2026-11-13,3.0149999999999997,3.01,3.02,3.12,26.0,0.1746603530883789,774.4213256835938,0.040199999809265134,0.0073566865
SPY,put,728.0,0.10684931506849316,2026-11-13,3.0949999999999998,3.08,3.11,3.15,16.0,0.1736532830810547,774.4213256835938,0.040199999809265134,0.0073566865
SPY,put,729.0,0.10684931506849316,2026-11-13,3.1799999999999997,3.17,3.19,3.21,32.0,0.17240207489013676,774.4213256835938,0.040199999809265134,0.0073566865
SPY,put,730.0,0.10684931506849316,2026-11-13,3.2699999999999996,3.26,3.28,3.32,172.0,0.17130345306396483,774.4213256835938,0.040199999809265134,0.0073566865
SPY,put,731.0,0.10684931506849316,2026-11-13,3.3449999999999998,3.33,3.36,3.38,41.0,0.16996069305419925,774.4213256835938,0.040199999809265134,0.0073566865
SPY,put,732.0,0.10684931506849316,2026-11-13,3.435,3.42,3.45,3.5,67.0,0.16877051940917973,774.4213256835938,0.040199999809265134,0.0073566865
SPY,put,733.0,0.10684931506849316,2026-11-13,3.5300000000000002,3.52,3.54,3.52,79.0,0.16751931121826175,774.4213256835938,0.040199999809265134,0.0073566865
SPY,put,735.0,0.10684931506849316,2026-11-13,3.715,3.7,3.73,3.76,118.0,0.1650168948364258,774.4213256835938,0.040199999809265134,0.0073566865
SPY,put,736.0,0.10684931506849316,2026-11-13,3.825,3.82,3.83,3.84,91.0,0.16379620391845706,774.4213256835938,0.040199999809265134,0.0073566865
SPY,put,739.0,0.10684931506849316,2026-11-13,4.145,4.13,4.16,4.14,38.0,0.16022568298339845,774.4213256835938,0.040199999809265134,0.0073566865
SPY,put,740.0,0.10684931506849316,2026-11-13,4.265000000000001,4.25,4.28,4.36,184.0,0.15906602661132813,774.4213256835938,0.040199999809265134,0.0073566865
SPY,put,741.0,0.10684931506849316,2026-11-13,4.385,4.37,4.4,4.5,12.0,0.15784533569335937,774.4213256835938,0.040199999809265134,0.0073566865
SPY,put,742.0,0.10684931506849316,2026-11-13,4.51,4.5,4.52,4.61,11.0,0.15659412750244145,774.4213256835938,0.040199999809265134,0.0073566865
SPY,put,744.0,0.10684931506849316,2026-11-13,4.77,4.76,4.78,4.85,25.0,0.15415274566650394,774.4213256835938,0.040199999809265134,0.0073566865
SPY,put,745.0,0.10684931506849316,2026-11-13,4.91,4.9,4.92,4.91,90.0,0.15299308929443362,774.4213256835938,0.040199999809265134,0.0073566865
SPY,put,749.0,0.10684931506849316,2026-11-13,5.52,5.51,5.53,5.64,15.0,0.14832394653320313,774.4213256835938,0.040199999809265134,0.0073566865
SPY,put,750.0,0.10684931506849316,2026-11-13,5.695,5.68,5.71,5.8,83.0,0.14731687652587894,774.4213256835938,0.040199999809265134,0.0073566865
SPY,put,752.0,0.10684931506849316,2026-11-13,6.04,6.03,6.05,6.15,38.0,0.14487549468994143,774.4213256835938,0.040199999809265134,0.0073566865
SPY,put,753.0,0.10684931506849316,2026-11-13,6.225,6.21,6.24,6.34,97.0,0.1437768728637695,774.4213256835938,0.040199999809265134,0.0073566865
SPY,put,757.0,0.10684931506849316,2026-11-13,7.025,7.01,7.04,7.05,45.0,0.13909247146606446,774.4213256835938,0.040199999809265134,0.0073566865
SPY,put,758.0,0.10684931506849316,2026-11-13,7.255,7.24,7.27,7.49,46.0,0.13805488418579104,774.4213256835938,0.040199999809265134,0.0073566865
SPY,put,759.0,0.10684931506849316,2026-11-13,7.475,7.46,7.49,7.6,19.0,0.1368189346313477,774.4213256835938,0.040199999809265134,0.0073566865
SPY,put,760.0,0.10684931506849316,2026-11-13,7.725,7.71,7.74,7.86,30.0,0.13582712326049806,774.4213256835938,0.040199999809265134,0.0073566865
SPY,put,761.0,0.10684931506849316,2026-11-13,7.965,7.95,7.98,7.99,79.0,0.13463694961547856,774.4213256835938,0.040199999809265134,0.0073566865
SPY,put,765.0,0.10684931506849316,2026-11-13,9.030000000000001,9.01,9.05,9.04,32.0,0.1301051345825195,774.4213256835938,0.040199999809265134,0.0073566865
SPY,put,766.0,0.10684931506849316,2026-11-13,9.335,9.32,9.35,9.76,10.0,0.12906754730224607,774.4213256835938,0.040199999809265134,0.0073566865
SPY,put,768.0,0.10684931506849316,2026-11-13,9.95,9.93,9.97,10.27,29.0,0.12688556228637693,774.4213256835938,0.040199999809265134,0.0073566865
SPY,put,770.0,0.10684931506849316,2026-11-13,10.625,10.61,10.64,10.82,55.0,0.12476461181640625,774.4213256835938,0.040199999809265134,0.0073566865
SPY,put,771.0,0.10684931506849316,2026-11-13,10.985,10.97,11.0,11.2,52.0,0.12378805908203125,774.4213256835938,0.040199999809265134,0.0073566865
SPY,put,772.0,0.10684931506849316,2026-11-13,11.355,11.33,11.38,11.5,66.0,0.12288779953002929,774.4213256835938,0.040199999809265134,0.0073566865
SPY,put,773.0,0.10684931506849316,2026-11-13,11.735,11.72,11.75,11.9,104.0,0.12177391906738282,774.4213256835938,0.040199999809265134,0.0073566865
SPY,put,775.0,0.10684931506849316,2026-11-13,12.525,12.5,12.55,12.7,40.0,0.11975977905273436,774.4213256835938,0.040199999809265134,0.0073566865
SPY,put,780.0,0.10684931506849316,2026-11-13,14.77,14.74,14.8,15.29,23.0,0.1149075326538086,774.4213256835938,0.040199999809265134,0.0073566865
SPY,put,782.0,0.10684931506849316,2026-11-13,15.76,15.61,15.91,18.89,49.0,0.11409882492065429,774.4213256835938,0.040199999809265134,0.0073566865
SPY,call,320.0,0.12602739726027398,2026-11-20,455.02,453.31,456.73,453.18,10.0,1.0551805053710939,774.4213256835938,0.040199999809265134,0.0073566865
SPY,call,400.0,0.12602739726027398,2026-11-20,375.57000000000005,373.92,377.22,364.1,11.0,0.8815929809570311,774.4213256835938,0.040199999809265134,0.0073566865
SPY,call,490.0,0.12602739726027398,2026-11-20,282.5,280.74,284.26,254.08,20.0,1.0000000000000003e-05,774.4213256835938,0.040199999809265134,0.0073566865
SPY,call,510.0,0.12602739726027398,2026-11-20,266.315,264.64,267.99,267.7,30.0,0.6372106591796876,774.4213256835938,0.040199999809265134,0.0073566865
SPY,call,530.0,0.12602739726027398,2026-11-20,246.46499999999997,244.79,248.14,233.58,24.0,0.594730615234375,774.4213256835938,0.040199999809265134,0.0073566865
SPY,call,595.0,0.12602739726027398,2026-11-20,182.015,180.26,183.77,171.22,66.0,0.5159350164794922,774.4213256835938,0.040199999809265134,0.0073566865
SPY,call,700.0,0.12602739726027398,2026-11-20,79.555,79.49,79.62,79.33,12.0,0.26569337829589845,774.4213256835938,0.040199999809265134,0.0073566865
SPY,call,705.0,0.12602739726027398,2026-11-20,74.13,73.27,74.99,73.55,14.0,0.2586133709716797,774.4213256835938,0.040199999809265134,0.0073566865
SPY,call,717.0,0.12602739726027398,2026-11-20,63.495000000000005,63.22,63.77,60.44,16.0,0.23792265991210934,774.4213256835938,0.040199999809265134,0.0073566865
SPY,call,742.0,0.12602739726027398,2026-11-20,41.065,40.88,41.25,31.63,56.0,0.1956104609680176,774.4213256835938,0.040199999809265134,0.0073566865
SPY,call,750.0,0.12602739726027398,2026-11-20,34.325,34.19,34.46,33.83,40.0,0.18262536132812499,774.4213256835938,0.040199999809265134,0.0073566865
SPY,call,760.0,0.12602739726027398,2026-11-20,26.4,26.34,26.46,26.15,120.0,0.16721413848876954,774.4213256835938,0.040199999809265134,0.0073566865
SPY,call,761.0,0.12602739726027398,2026-11-20,25.65,25.49,25.81,23.44,462.0,0.16681741394042973,774.4213256835938,0.040199999809265134,0.0073566865
SPY,call,765.0,0.12602739726027398,2026-11-20,22.79,22.74,22.84,22.38,58.0,0.16101913208007812,774.4213256835938,0.040199999809265134,0.0073566865
SPY,call,769.0,0.12602739726027398,2026-11-20,20.025,19.9,20.15,19.63,30.0,0.1567161965942383,774.4213256835938,0.040199999809265134,0.0073566865
SPY,call,770.0,0.12602739726027398,2026-11-20,19.32,19.26,19.38,19.3,441.0,0.1545647288513184,774.4213256835938,0.040199999809265134,0.0073566865
SPY,call,771.0,0.12602739726027398,2026-11-20,18.7,18.58,18.82,18.51,76.0,0.15425955612182618,774.4213256835938,0.040199999809265134,0.0073566865
SPY,call,772.0,0.12602739726027398,2026-11-20,18.025,17.93,18.12,17.43,154.0,0.15259636474609378,774.4213256835938,0.040199999809265134,0.0073566865
SPY,call,773.0,0.12602739726027398,2026-11-20,17.384999999999998,17.22,17.55,17.05,121.0,0.1520165365600586,774.4213256835938,0.040199999809265134,0.0073566865
SPY,call,774.0,0.12602739726027398,2026-11-20,16.784999999999997,16.74,16.83,16.68,91.0,0.1500176551818848,774.4213256835938,0.040199999809265134,0.0073566865
SPY,call,775.0,0.12602739726027398,2026-11-20,16.17,16.15,16.19,16.17,313.0,0.1486443778991699,774.4213256835938,0.040199999809265134,0.0073566865
SPY,call,776.0,0.12602739726027398,2026-11-20,15.535,15.51,15.56,15.56,57.0,0.1472863592529297,774.4213256835938,0.040199999809265134,0.0073566865
SPY,call,777.0,0.12602739726027398,2026-11-20,14.95,14.93,14.97,14.67,213.0,0.14618773742675778,774.4213256835938,0.040199999809265134,0.0073566865
SPY,call,778.0,0.12602739726027398,2026-11-20,14.395,14.38,14.41,14.04,267.0,0.14528747787475588,774.4213256835938,0.040199999809265134,0.0073566865
SPY,call,779.0,0.12602739726027398,2026-11-20,13.8,13.79,13.81,13.83,30.0,0.14391420059204102,774.4213256835938,0.040199999809265134,0.0073566865
SPY,call,780.0,0.12602739726027398,2026-11-20,13.25,13.24,13.26,13.28,211.0,0.14292238922119144,774.4213256835938,0.040199999809265134,0.0073566865
SPY,call,781.0,0.12602739726027398,2026-11-20,12.725000000000001,12.71,12.74,12.46,44.0,0.14208316421508788,774.4213256835938,0.040199999809265134,0.0073566865
SPY,call,782.0,0.12602739726027398,2026-11-20,12.21,12.19,12.23,12.01,36.0,0.14125919784545898,774.4213256835938,0.040199999809265134,0.0073566865
SPY,call,783.0,0.12602739726027398,2026-11-20,11.684999999999999,11.67,11.7,11.58,69.0,0.1401453173828125,774.4213256835938,0.040199999809265134,0.0073566865
SPY,call,784.0,0.12602739726027398,2026-11-20,11.205,11.18,11.23,11.11,186.0,0.1394739373779297,774.4213256835938,0.040199999809265134,0.0073566865
SPY,call,785.0,0.12602739726027398,2026-11-20,10.745000000000001,10.73,10.76,10.68,808.0,0.13872626419067385,774.4213256835938,0.040199999809265134,0.0073566865
SPY,call,786.0,0.12602739726027398,2026-11-20,10.245000000000001,10.23,10.26,10.07,183.0,0.13758186645507814,774.4213256835938,0.040199999809265134,0.0073566865
SPY,call,787.0,0.12602739726027398,2026-11-20,9.8,9.78,9.82,9.69,144.0,0.1368952278137207,774.4213256835938,0.040199999809265134,0.0073566865
SPY,call,788.0,0.12602739726027398,2026-11-20,9.385,9.37,9.4,9.18,59.0,0.13630014099121096,774.4213256835938,0.040199999809265134,0.0073566865
SPY,call,789.0,0.12602739726027398,2026-11-20,8.934999999999999,8.92,8.95,8.75,156.0,0.13530832962036138,774.4213256835938,0.040199999809265134,0.0073566865
SPY,call,790.0,0.12602739726027398,2026-11-20,8.54,8.53,8.55,8.55,667.0,0.13468272552490235,774.4213256835938,0.040199999809265134,0.0073566865
SPY,call,791.0,0.12602739726027398,2026-11-20,8.135,8.12,8.15,8.07,76.0,0.1339655696105957,774.4213256835938,0.040199999809265134,0.0073566865
SPY,call,792.0,0.12602739726027398,2026-11-20,7.734999999999999,7.72,7.75,7.68,62.0,0.13312634460449219,774.4213256835938,0.040199999809265134,0.0073566865
SPY,call,793.0,0.12602739726027398,2026-11-20,7.355,7.34,7.37,7.32,108.0,0.13239393005371097,774.4213256835938,0.040199999809265134,0.0073566865
SPY,call,794.0,0.12602739726027398,2026-11-20,6.99,6.98,7.0,6.71,97.0,0.13163099822998048,774.4213256835938,0.040199999809265134,0.0073566865
SPY,call,795.0,0.12602739726027398,2026-11-20,6.645,6.64,6.65,6.61,359.0,0.13095961822509766,774.4213256835938,0.040199999809265134,0.0073566865
SPY,call,796.0,0.12602739726027398,2026-11-20,6.324999999999999,6.31,6.34,6.28,67.0,0.130593410949707,774.4213256835938,0.040199999809265134,0.0073566865
SPY,call,797.0,0.12602739726027398,2026-11-20,5.99,5.98,6.0,5.81,98.0,0.12979996185302733,774.4213256835938,0.040199999809265134,0.0073566865
SPY,call,798.0,0.12602739726027398,2026-11-20,5.6850000000000005,5.67,5.7,5.4,24.0,0.12934220275878905,774.4213256835938,0.040199999809265134,0.0073566865
SPY,call,799.0,0.12602739726027398,2026-11-20,5.38,5.37,5.39,5.35,205.0,0.128640305480957,774.4213256835938,0.040199999809265134,0.0073566865
SPY,call,800.0,0.12602739726027398,2026-11-20,5.12,5.11,5.13,5.11,1542.0,0.12838090866088864,774.4213256835938,0.040199999809265134,0.0073566865
SPY,call,805.0,0.12602739726027398,2026-11-20,3.865,3.86,3.87,3.81,1593.0,0.12590900955200196,774.4213256835938,0.040199999809265134,0.0073566865
SPY,call,810.0,0.12602739726027398,2026-11-20,2.8600000000000003,2.85,2.87,2.86,328.0,0.12384909362792969,774.4213256835938,0.040199999809265134,0.0073566865
SPY,call,815.0,0.12602739726027398,2026-11-20,2.0999999999999996,2.09,2.11,2.01,224.0,0.1223842645263672,774.4213256835938,0.040199999809265134,0.0073566865
SPY,call,820.0,0.12602739726027398,2026-11-20,1.525,1.52,1.53,1.5,325.0,0.12125512542724609,774.4213256835938,0.040199999809265134,0.0073566865
SPY,call,825.0,0.12602739726027398,2026-11-20,1.0950000000000002,1.09,1.1,1.08,195.0,0.12049219360351562,774.4213256835938,0.040199999809265134,0.0073566865
SPY,call,830.0,0.12602739726027398,2026-11-20,0.795,0.79,0.8,0.79,942.0,0.12049219360351562,774.4213256835938,0.040199999809265134,0.0073566865
SPY,call,835.0,0.12602739726027398,2026-11-20,0.575,0.57,0.58,0.57,139.0,0.12073633178710938,774.4213256835938,0.040199999809265134,0.0073566865
SPY,call,840.0,0.12602739726027398,2026-11-20,0.43,0.42,0.44,0.41,382.0,0.12220116088867189,774.4213256835938,0.040199999809265134,0.0073566865
SPY,call,845.0,0.12602739726027398,2026-11-20,0.325,0.32,0.33,0.32,120.0,0.12342185180664064,774.4213256835938,0.040199999809265134,0.0073566865
SPY,call,850.0,0.12602739726027398,2026-11-20,0.255,0.25,0.26,0.24,272.0,0.1256190954589844,774.4213256835938,0.040199999809265134,0.0073566865
SPY,call,875.0,0.12602739726027398,2026-11-20,0.08499999999999999,0.08,0.09,0.09,16.0,0.13770393554687502,774.4213256835938,0.040199999809265134,0.0073566865
SPY,call,895.0,0.12602739726027398,2026-11-20,0.045,0.04,0.05,0.04,24.0,0.15039912109375003,774.4213256835938,0.040199999809265134,0.0073566865
SPY,call,905.0,0.12602739726027398,2026-11-20,0.035,0.03,0.04,0.03,48.0,0.157234990234375,774.4213256835938,0.040199999809265134,0.0073566865
SPY,call,910.0,0.12602739726027398,2026-11-20,0.025,0.02,0.03,0.03,24.0,0.157234990234375,774.4213256835938,0.040199999809265134,0.0073566865
SPY,call,915.0,0.12602739726027398,2026-11-20,0.025,0.02,0.03,0.03,26.0,0.16211775390625,774.4213256835938,0.040199999809265134,0.0073566865
SPY,call,925.0,0.12602739726027398,2026-11-20,0.015,0.01,0.02,0.03,25.0,0.16602396484375004,774.4213256835938,0.040199999809265134,0.0073566865
SPY,call,940.0,0.12602739726027398,2026-11-20,0.015,0.01,0.02,0.01,84.0,0.179695703125,774.4213256835938,0.040199999809265134,0.0073566865
SPY,call,955.0,0.12602739726027398,2026-11-20,0.015,0.01,0.02,0.01,15.0,0.192390888671875,774.4213256835938,0.040199999809265134,0.0073566865
SPY,put,305.0,0.12602739726027398,2026-11-20,0.015,0.01,0.02,0.02,326.0,0.7812521875,774.4213256835938,0.040199999809265134,0.0073566865
SPY,put,310.0,0.12602739726027398,2026-11-20,0.015,0.01,0.02,0.02,22.0,0.7656273437500001,774.4213256835938,0.040199999809265134,0.0073566865
SPY,put,320.0,0.12602739726027398,2026-11-20,0.015,0.01,0.02,0.03,101.0,0.7421900781249999,774.4213256835938,0.040199999809265134,0.0073566865
SPY,put,325.0,0.12602739726027398,2026-11-20,0.025,0.02,0.03,0.03,48.0,0.7578149218750001,774.4213256835938,0.040199999809265134,0.0073566865
SPY,put,330.0,0.12602739726027398,2026-11-20,0.025,0.02,0.03,0.03,24.0,0.7421900781249999,774.4213256835938,0.040199999809265134,0.0073566865
SPY,put,335.0,0.12602739726027398,2026-11-20,0.025,0.02,0.03,0.03,48.0,0.7304714453125,774.4213256835938,0.040199999809265134,0.0073566865
SPY,put,340.0,0.12602739726027398,2026-11-20,0.025,0.02,0.03,0.03,74.0,0.7187528125,774.4213256835938,0.040199999809265134,0.0073566865
SPY,put,345.0,0.12602739726027398,2026-11-20,0.025,0.02,0.03,0.03,10.0,0.7070341796875,774.4213256835938,0.040199999809265134,0.0073566865
SPY,put,350.0,0.12602739726027398,2026-11-20,0.025,0.02,0.03,0.04,96.0,0.6953155468750001,774.4213256835938,0.040199999809265134,0.0073566865
SPY,put,355.0,0.12602739726027398,2026-11-20,0.025,0.02,0.03,0.04,24.0,0.6835969140625001,774.4213256835938,0.040199999809265134,0.0073566865
SPY,put,360.0,0.12602739726027398,2026-11-20,0.025,0.02,0.03,0.03,52.0,0.6718782812500002,774.4213256835938,0.040199999809265134,0.0073566865
SPY,put,365.0,0.12602739726027398,2026-11-20,0.035,0.03,0.04,0.04,500.0,0.6777375976562501,774.4213256835938,0.040199999809265134,0.0073566865
SPY,put,370.0,0.12602739726027398,2026-11-20,0.035,0.03,0.04,0.05,815.0,0.6660189648437502,774.4213256835938,0.040199999809265134,0.0073566865
SPY,put,375.0,0.12602739726027398,2026-11-20,0.035,0.03,0.04,0.06,712.0,0.6543003320312502,774.4213256835938,0.040199999809265134,0.0073566865
SPY,put,380.0,0.12602739726027398,2026-11-20,0.035,0.03,0.04,0.03,75.0,0.6425816992187501,774.4213256835938,0.040199999809265134,0.0073566865
SPY,put,385.0,0.12602739726027398,2026-11-20,0.045,0.04,0.05,0.04,112.0,0.6445348046875,774.4213256835938,0.040199999809265134,0.0073566865
SPY,put,390.0,0.12602739726027398,2026-11-20,0.045,0.04,0.05,0.05,160.0,0.632816171875,774.4213256835938,0.040199999809265134,0.0073566865
SPY,put,395.0,0.12602739726027398,2026-11-20,0.045,0.04,0.05,0.04,161.0,0.62305064453125,774.4213256835938,0.040199999809265134,0.0073566865
SPY,put,400.0,0.12602739726027398,2026-11-20,0.055,0.05,0.06,0.05,149.0,0.62305064453125,774.4213256835938,0.040199999809265134,0.0073566865
SPY,put,405.0,0.12602739726027398,2026-11-20,0.055,0.05,0.06,0.06,106.0,0.6113320117187502,774.4213256835938,0.040199999809265134,0.0073566865
SPY,put,410.0,0.12602739726027398,2026-11-20,0.055,0.05,0.06,0.06,102.0,0.6015664843750002,774.4213256835938,0.040199999809265134,0.0073566865
SPY,put,420.0,0.12602739726027398,2026-11-20,0.065,0.06,0.07,0.06,36.0,0.58789474609375,774.4213256835938,0.040199999809265134,0.0073566865
SPY,put,425.0,0.12602739726027398,2026-11-20,0.065,0.06,0.07,0.08,1202.0,0.57812921875,774.4213256835938,0.040199999809265134,0.0073566865
SPY,put,440.0,0.12602739726027398,2026-11-20,0.07500000000000001,0.07,0.08,0.12,39.0,0.55273884765625,774.4213256835938,0.040199999809265134,0.0073566865
SPY,put,445.0,0.12602739726027398,2026-11-20,0.08499999999999999,0.08,0.09,0.09,302.0,0.5498091894531252,774.4213256835938,0.040199999809265134,0.0073566865
SPY,put,450.0,0.12602739726027398,2026-11-20,0.08499999999999999,0.08,0.09,0.1,40.0,0.5390671093750001,774.4213256835938,0.040199999809265134,0.0073566865
SPY,put,460.0,0.12602739726027398,2026-11-20,0.095,0.09,0.1,0.1,10.0,0.524418818359375,774.4213256835938,0.040199999809265134,0.0073566865
SPY,put,465.0,0.12602739726027398,2026-11-20,0.10500000000000001,0.1,0.11,0.11,2510.0,0.5195360546875,774.4213256835938,0.040199999809265134,0.0073566865
SPY,put,470.0,0.12602739726027398,2026-11-20,0.10500000000000001,0.1,0.11,0.11,2093.0,0.5097705273437501,774.4213256835938,0.040199999809265134,0.0073566865
SPY,put,475.0,0.12602739726027398,2026-11-20,0.11499999999999999,0.11,0.12,0.13,10.0,0.5039112109375,774.4213256835938,0.040199999809265134,0.0073566865
SPY,put,485.0,0.12602739726027398,2026-11-20,0.135,0.13,0.14,0.17,60.0,0.49414568359375005,774.4213256835938,0.040199999809265134,0.0073566865
SPY,put,490.0,0.12602739726027398,2026-11-20,0.135,0.13,0.14,0.17,20.0,0.48438015625,774.4213256835938,0.040199999809265134,0.0073566865
SPY,put,500.0,0.12602739726027398,2026-11-20,0.155,0.15,0.16,0.15,214.0,0.47119669433593747,774.4213256835938,0.040199999809265134,0.0073566865
SPY,put,505.0,0.12602739726027398,2026-11-20,0.165,0.16,0.17,0.28,40.0,0.4643608251953125,774.4213256835938,0.040199999809265134,0.0073566865
SPY,put,515.0,0.12602739726027398,2026-11-20,0.185,0.18,0.19,0.23,78.0,0.4506890869140625,774.4213256835938,0.040199999809265134,0.0073566865
SPY,put,530.0,0.12602739726027398,2026-11-20,0.225,0.22,0.23,0.28,50.0,0.43115803222656257,774.4213256835938,0.040199999809265134,0.0073566865
SPY,put,540.0,0.12602739726027398,2026-11-20,0.255,0.25,0.26,0.26,17.0,0.41797457031249996,774.4213256835938,0.040199999809265134,0.0073566865
SPY,put,545.0,0.12602739726027398,2026-11-20,0.275,0.27,0.28,0.28,16.0,0.41211525390625,774.4213256835938,0.040199999809265134,0.0073566865
SPY,put,550.0,0.12602739726027398,2026-11-20,0.28500000000000003,0.28,0.29,0.3,51.0,0.40430283203125,774.4213256835938,0.040199999809265134,0.0073566865
SPY,put,580.0,0.12602739726027398,2026-11-20,0.405,0.4,0.41,0.41,112.0,0.36377589355468753,774.4213256835938,0.040199999809265134,0.0073566865
SPY,put,590.0,0.12602739726027398,2026-11-20,0.455,0.45,0.46,0.46,39.0,0.35034829345703117,774.4213256835938,0.040199999809265134,0.0073566865
SPY,put,600.0,0.12602739726027398,2026-11-20,0.505,0.5,0.51,0.51,190.0,0.33618827880859375,774.4213256835938,0.040199999809265134,0.0073566865
SPY,put,615.0,0.12602739726027398,2026-11-20,0.605,0.6,0.61,0.62,300.0,0.3161689477539062,774.4213256835938,0.040199999809265134,0.0073566865
SPY,put,620.0,0.12602739726027398,2026-11-20,0.645,0.64,0.65,0.65,556.0,0.309577216796875,774.4213256835938,0.040199999809265134,0.0073566865
SPY,put,625.0,0.12602739726027398,2026-11-20,0.685,0.68,0.69,0.71,321.0,0.30286341674804684,774.4213256835938,0.040199999809265134,0.0073566865
SPY,put,630.0,0.12602739726027398,2026-11-20,0.725,0.72,0.73,0.74,305.0,0.295905478515625,774.4213256835938,0.040199999809265134,0.0073566865
SPY,put,635.0,0.12602739726027398,2026-11-20,0.775,0.77,0.78,0.8,13.0,0.2893137475585937,774.4213256835938,0.040199999809265134,0.0073566865
SPY,put,640.0,0.12602739726027398,2026-11-20,0.835,0.83,0.84,0.84,220.0,0.2830882238769531,774.4213256835938,0.040199999809265134,0.0073566865
SPY,put,645.0,0.12602739726027398,2026-11-20,0.885,0.88,0.89,0.92,25.0,0.2761302856445312,774.4213256835938,0.040199999809265134,0.0073566865
SPY,put,650.0,0.12602739726027398,2026-11-20,0.945,0.94,0.95,0.95,50.0,0.2694164855957031,774.4213256835938,0.040199999809265134,0.0073566865
SPY,put,660.0,0.12602739726027398,2026-11-20,1.0950000000000002,1.09,1.1,1.09,417.0,0.25659923095703124,774.4213256835938,0.040199999809265134,0.0073566865
SPY,put,665.0,0.12602739726027398,2026-11-20,1.185,1.18,1.19,1.22,326.0,0.2503126727294922,774.4213256835938,0.040199999809265134,0.0073566865
SPY,put,670.0,0.12602739726027398,2026-11-20,1.27,1.26,1.28,1.29,35.0,0.2436599072265625,774.4213256835938,0.040199999809265134,0.0073566865
SPY,put,675.0,0.12602739726027398,2026-11-20,1.375,1.37,1.38,1.41,419.0,0.23712921081542968,774.4213256835938,0.040199999809265134,0.0073566865
SPY,put,680.0,0.12602739726027398,2026-11-20,1.495,1.49,1.5,1.5,765.0,0.23084265258789063,774.4213256835938,0.040199999809265134,0.0073566865
SPY,put,685.0,0.12602739726027398,2026-11-20,1.625,1.62,1.63,1.63,77.0,0.22449505981445309,774.4213256835938,0.040199999809265134,0.0073566865
SPY,put,690.0,0.12602739726027398,2026-11-20,1.77,1.76,1.78,1.79,2533.0,0.21826953613281247,774.4213256835938,0.040199999809265134,0.0073566865
SPY,put,695.0,0.12602739726027398,2026-11-20,1.935,1.93,1.94,1.94,237.0,0.2117998742675781,774.4213256835938,0.040199999809265134,0.0073566865
SPY,put,700.0,0.12602739726027398,2026-11-20,2.1399999999999997,2.13,2.15,2.14,986.0,0.20609314422607417,774.4213256835938,0.040199999809265134,0.0073566865
SPY,put,703.0,0.12602739726027398,2026-11-20,2.2699999999999996,2.26,2.28,2.85,28.0,0.20246158874511716,774.4213256835938,0.040199999809265134,0.0073566865
SPY,put,704.0,0.12602739726027398,2026-11-20,2.3099999999999996,2.3,2.32,2.37,64.0,0.20111882873535153,774.4213256835938,0.040199999809265134,0.0073566865
SPY,put,705.0,0.12602739726027398,2026-11-20,2.3600000000000003,2.35,2.37,2.36,47.0,0.19998968963623048,774.4213256835938,0.040199999809265134,0.0073566865
SPY,put,708.0,0.12602739726027398,2026-11-20,2.505,2.5,2.51,2.55,14.0,0.19620554779052735,774.4213256835938,0.040199999809265134,0.0073566865
SPY,put,709.0,0.12602739726027398,2026-11-20,2.565,2.56,2.57,2.59,14.0,0.19519847778320312,774.4213256835938,0.040199999809265134,0.0073566865
SPY,put,710.0,0.12602739726027398,2026-11-20,2.6100000000000003,2.6,2.62,2.6,92.0,0.19391675231933597,774.4213256835938,0.040199999809265134,0.0073566865
SPY,put,711.0,0.12602739726027398,2026-11-20,2.67,2.66,2.68,2.73,53.0,0.19281813049316404,774.4213256835938,0.040199999809265134,0.0073566865
SPY,put,712.0,0.12602739726027398,2026-11-20,2.7199999999999998,2.71,2.73,2.78,30.0,0.19147537048339847,774.4213256835938,0.040199999809265134,0.0073566865
SPY,put,713.0,0.12602739726027398,2026-11-20,2.785,2.78,2.79,2.87,27.0,0.19031571411132814,774.4213256835938,0.040199999809265134,0.0073566865
SPY,put,714.0,0.12602739726027398,2026-11-20,2.84,2.83,2.85,2.89,27.0,0.1891560577392578,774.4213256835938,0.040199999809265134,0.0073566865
SPY,put,715.0,0.12602739726027398,2026-11-20,2.9000000000000004,2.89,2.91,2.9,140.0,0.18793536682128903,774.4213256835938,0.040199999809265134,0.0073566865
SPY,put,716.0,0.12602739726027398,2026-11-20,2.965,2.96,2.97,3.04,37.0,0.18668415863037108,774.4213256835938,0.040199999809265134,0.0073566865
SPY,put,717.0,0.12602739726027398,2026-11-20,3.0300000000000002,3.02,3.04,3.07,32.0,0.1855855368041992,774.4213256835938,0.040199999809265134,0.0073566865
SPY,put,718.0,0.12602739726027398,2026-11-20,3.09,3.08,3.1,3.19,28.0,0.1842732940673828,774.4213256835938,0.040199999809265134,0.0073566865
SPY,put,719.0,0.12602739726027398,2026-11-20,3.165,3.16,3.17,3.18,78.0,0.18311363769531247,774.4213256835938,0.040199999809265134,0.0073566865
SPY,put,720.0,0.12602739726027398,2026-11-20,3.2350000000000003,3.23,3.24,3.23,968.0,0.18192346405029297,774.4213256835938,0.040199999809265134,0.0073566865
SPY,put,721.0,0.12602739726027398,2026-11-20,3.295,3.29,3.3,3.3,353.0,0.1805196694946289,774.4213256835938,0.040199999809265134,0.0073566865
SPY,put,722.0,0.12602739726027398,2026-11-20,3.385,3.38,3.39,3.44,36.0,0.17960415130615232,774.4213256835938,0.040199999809265134,0.0073566865
SPY,put,723.0,0.12602739726027398,2026-11-20,3.465,3.46,3.47,3.51,258.0,0.17847501220703127,774.4213256835938,0.040199999809265134,0.0073566865
SPY,put,724.0,0.12602739726027398,2026-11-20,3.54,3.53,3.55,3.6,64.0,0.17731535583496094,774.4213256835938,0.040199999809265134,0.0073566865
SPY,put,725.0,0.12602739726027398,2026-11-20,3.62,3.61,3.63,3.62,1225.0,0.17612518218994144,774.4213256835938,0.040199999809265134,0.0073566865
SPY,put,726.0,0.12602739726027398,2026-11-20,3.71,3.7,3.72,3.76,366.0,0.1750265603637695,774.4213256835938,0.040199999809265134,0.0073566865
SPY,put,727.0,0.12602739726027398,2026-11-20,3.79,3.78,3.8,3.82,127.0,0.17377535217285156,774.4213256835938,0.040199999809265134,0.0073566865
SPY,put,728.0,0.12602739726027398,2026-11-20,3.885,3.88,3.89,3.87,44.0,0.1726156958007813,774.4213256835938,0.040199999809265134,0.0073566865
SPY,put,729.0,0.12602739726027398,2026-11-20,3.9699999999999998,3.96,3.98,4.03,136.0,0.17142552215576173,774.4213256835938,0.040199999809265134,0.0073566865
SPY,put,730.0,0.12602739726027398,2026-11-20,4.0649999999999995,4.06,4.07,4.07,1202.0,0.17017431396484378,774.4213256835938,0.040199999809265134,0.0073566865
SPY,put,731.0,0.12602739726027398,2026-11-20,4.165,4.16,4.17,4.22,265.0,0.16904517486572268,774.4213256835938,0.040199999809265134,0.0073566865
SPY,put,732.0,0.12602739726027398,2026-11-20,4.265000000000001,4.25,4.28,4.39,47.0,0.16803810485839848,774.4213256835938,0.040199999809265134,0.0073566865
SPY,put,733.0,0.12602739726027398,2026-11-20,4.375,4.36,4.39,4.47,1558.0,0.16695474166870122,774.4213256835938,0.040199999809265134,0.0073566865
SPY,put,734.0,0.12602739726027398,2026-11-20,4.475,4.46,4.49,4.5,53.0,0.1656882748413086,774.4213256835938,0.040199999809265134,0.0073566865
SPY,put,735.0,0.12602739726027398,2026-11-20,4.59,4.58,4.6,4.61,487.0,0.16452861846923827,774.4213256835938,0.040199999809265134,0.0073566865
SPY,put,736.0,0.12602739726027398,2026-11-20,4.705,4.7,4.71,4.78,280.0,0.16333844482421878,774.4213256835938,0.040199999809265134,0.0073566865
SPY,put,737.0,0.12602739726027398,2026-11-20,4.8149999999999995,4.8,4.83,4.95,47.0,0.16220930572509767,774.4213256835938,0.040199999809265134,0.0073566865
SPY,put,738.0,0.12602739726027398,2026-11-20,4.9350000000000005,4.92,4.95,4.99,99.0,0.16104964935302735,774.4213256835938,0.040199999809265134,0.0073566865
SPY,put,739.0,0.12602739726027398,2026-11-20,5.0600000000000005,5.05,5.07,5.14,82.0,0.1598594757080078,774.4213256835938,0.040199999809265134,0.0073566865
SPY,put,740.0,0.12602739726027398,2026-11-20,5.1899999999999995,5.18,5.2,5.19,3251.0,0.15873033660888675,774.4213256835938,0.040199999809265134,0.0073566865
SPY,put,741.0,0.12602739726027398,2026-11-20,5.33,5.32,5.34,5.38,28.0,0.15766223205566404,774.4213256835938,0.040199999809265134,0.0073566865
SPY,put,742.0,0.12602739726027398,2026-11-20,5.470000000000001,5.46,5.48,5.55,75.0,0.15656361022949222,774.4213256835938,0.040199999809265134,0.0073566865
SPY,put,743.0,0.12602739726027398,2026-11-20,5.609999999999999,5.6,5.62,5.76,81.0,0.1554039538574219,774.4213256835938,0.040199999809265134,0.0073566865
SPY,put,744.0,0.12602739726027398,2026-11-20,5.745,5.73,5.76,5.82,54.0,0.15421378021240234,774.4213256835938,0.040199999809265134,0.0073566865
SPY,put,745.0,0.12602739726027398,2026-11-20,5.904999999999999,5.89,5.92,5.9,556.0,0.15317619293212892,774.4213256835938,0.040199999809265134,0.0073566865
SPY,put,746.0,0.12602739726027398,2026-11-20,6.0600000000000005,6.05,6.07,6.15,47.0,0.1519860192871094,774.4213256835938,0.040199999809265134,0.0073566865
SPY,put,747.0,0.12602739726027398,2026-11-20,6.215,6.2,6.23,6.31,76.0,0.15085688018798832,774.4213256835938,0.040199999809265134,0.0073566865
SPY,put,748.0,0.12602739726027398,2026-11-20,6.365,6.36,6.37,6.37,665.0,0.149422568359375,774.4213256835938,0.040199999809265134,0.0073566865
SPY,put,749.0,0.12602739726027398,2026-11-20,6.555,6.54,6.57,6.71,31.0,0.14862911926269531,774.4213256835938,0.040199999809265134,0.0073566865
SPY,put,750.0,0.12602739726027398,2026-11-20,6.735,6.73,6.74,6.73,2438.0,0.1474389456176758,774.4213256835938,0.040199999809265134,0.0073566865
SPY,put,751.0,0.12602739726027398,2026-11-20,6.904999999999999,6.89,6.92,6.98,41.0,0.14627928924560546,774.4213256835938,0.040199999809265134,0.0073566865
SPY,put,752.0,0.12602739726027398,2026-11-20,7.105,7.09,7.12,7.21,83.0,0.1453027365112305,774.4213256835938,0.040199999809265134,0.0073566865
SPY,put,753.0,0.12602739726027398,2026-11-20,7.295,7.28,7.31,7.27,49.0,0.14412782150268555,774.4213256835938,0.040199999809265134,0.0073566865
SPY,put,754.0,0.12602739726027398,2026-11-20,7.5,7.48,7.52,7.73,36.0,0.14310549285888674,774.4213256835938,0.040199999809265134,0.0073566865
SPY,put,755.0,0.12602739726027398,2026-11-20,7.695,7.68,7.71,7.73,706.0,0.1418237673950195,774.4213256835938,0.040199999809265134,0.0073566865
SPY,put,756.0,0.12602739726027398,2026-11-20,7.915,7.9,7.93,8.06,39.0,0.14077092147827147,774.4213256835938,0.040199999809265134,0.0073566865
SPY,put,757.0,0.12602739726027398,2026-11-20,8.129999999999999,8.11,8.15,8.34,32.0,0.139657041015625,774.4213256835938,0.040199999809265134,0.0073566865
SPY,put,758.0,0.12602739726027398,2026-11-20,8.379999999999999,8.36,8.4,8.6,49.0,0.13875678146362308,774.4213256835938,0.040199999809265134,0.0073566865
SPY,put,759.0,0.12602739726027398,2026-11-20,8.61,8.59,8.63,8.87,79.0,0.13759712509155275,774.4213256835938,0.040199999809265134,0.0073566865
SPY,put,760.0,0.12602739726027398,2026-11-20,8.844999999999999,8.84,8.85,8.85,1234.0,0.13626962371826173,774.4213256835938,0.040199999809265134,0.0073566865
SPY,put,761.0,0.12602739726027398,2026-11-20,9.105,9.09,9.12,9.18,44.0,0.13535410552978522,774.4213256835938,0.040199999809265134,0.0073566865
SPY,put,762.0,0.12602739726027398,2026-11-20,9.365,9.35,9.38,9.33,160.0,0.1342554837036133,774.4213256835938,0.040199999809265134,0.0073566865
SPY,put,763.0,0.12602739726027398,2026-11-20,9.64,9.62,9.66,9.68,74.0,0.13327893096923826,774.4213256835938,0.040199999809265134,0.0073566865
SPY,put,764.0,0.12602739726027398,2026-11-20,9.895,9.88,9.91,10.01,66.0,0.13192091232299807,774.4213256835938,0.040199999809265134,0.0073566865
SPY,put,765.0,0.12602739726027398,2026-11-20,10.195,10.17,10.22,10.22,1223.0,0.1310664286804199,774.4213256835938,0.040199999809265134,0.0073566865
SPY,put,766.0,0.12602739726027398,2026-11-20,10.48,10.46,10.5,10.61,174.0,0.12983047912597656,774.4213256835938,0.040199999809265134,0.0073566865
SPY,put,767.0,0.12602739726027398,2026-11-20,10.79,10.77,10.81,10.77,363.0,0.1287928918457031,774.4213256835938,0.040199999809265134,0.0073566865
SPY,put,768.0,0.12602739726027398,2026-11-20,11.120000000000001,11.11,11.13,11.21,35.0,0.1277553045654297,774.4213256835938,0.040199999809265134,0.0073566865
SPY,put,769.0,0.12602739726027398,2026-11-20,11.435,11.41,11.46,11.62,287.0,0.12673297592163085,774.4213256835938,0.040199999809265134,0.0073566865
SPY,put,770.0,0.12602739726027398,2026-11-20,11.805,11.79,11.82,11.78,1432.0,0.12587849227905273,774.4213256835938,0.040199999809265134,0.0073566865
SPY,put,771.0,0.12602739726027398,2026-11-20,12.15,12.13,12.17,12.1,133.0,0.12484090499877928,774.4213256835938,0.040199999809265134,0.0073566865
SPY,put,772.0,0.12602739726027398,2026-11-20,12.52,12.5,12.54,12.53,398.0,0.1238796109008789,774.4213256835938,0.040199999809265134,0.0073566865
SPY,put,773.0,0.12602739726027398,2026-11-20,12.885,12.86,12.91,12.88,796.0,0.12282676498413087,774.4213256835938,0.040199999809265134,0.0073566865
SPY,put,774.0,0.12602739726027398,2026-11-20,13.245000000000001,13.22,13.27,13.32,109.0,0.12157555679321289,774.4213256835938,0.040199999809265134,0.0073566865
SPY,put,775.0,0.12602739726027398,2026-11-20,13.675,13.65,13.7,13.65,654.0,0.12085840087890626,774.4213256835938,0.040199999809265134,0.0073566865
SPY,put,776.0,0.12602739726027398,2026-11-20,14.085,14.06,14.11,14.22,22.0,0.119851330871582,774.4213256835938,0.040199999809265134,0.0073566865
SPY,put,780.0,0.12602739726027398,2026-11-20,15.870000000000001,15.84,15.9,15.89,48.0,0.1160671890258789,774.4213256835938,0.040199999809265134,0.0073566865
SPY,put,781.0,0.12602739726027398,2026-11-20,16.365000000000002,16.35,16.38,18.13,131.0,0.11512115356445313,774.4213256835938,0.040199999809265134,0.0073566865
SPY,put,790.0,0.12602739726027398,2026-11-20,21.355,21.25,21.46,21.76,27.0,0.10807166351318359,774.4213256835938,0.040199999809265134,0.0073566865
SPY,put,795.0,0.12602739726027398,2026-11-20,24.625,24.42,24.83,27.6,25.0,0.10489786712646484,774.4213256835938,0.040199999809265134,0.0073566865
SPY,put,800.0,0.12602739726027398,2026-11-20,28.35,28.12,28.58,28.41,109.0,0.10245648529052734,774.4213256835938,0.040199999809265134,0.0073566865
SPY,put,820.0,0.12602739726027398,2026-11-20,46.78,45.18,48.38,58.35,10.0,0.1440820455932617,774.4213256835938,0.040199999809265134,0.0073566865
SPY,put,850.0,0.12602739726027398,2026-11-20,110.87,109.23,112.51,100.49,19.0,0.5719494709777833,774.4213256835938,0.040199999809265134,0.0073566865
SPY,put,995.0,0.12602739726027398,2026-11-20,221.845,220.16,223.53,232.85,20.0,0.4293269958496094,774.4213256835938,0.040199999809265134,0.0073566865
SPY,put,1000.0,0.12602739726027398,2026-11-20,226.76,225.16,228.36,237.81,20.0,0.4307307904052735,774.4213256835938,0.040199999809265134,0.0073566865
SPY,call,480.0,0.15342465753424658,2026-11-30,296.49,294.71,298.27,293.6,29.0,0.6607699938964844,774.4213256835938,0.040199999809265134,0.0073566865
SPY,call,545.0,0.15342465753424658,2026-11-30,232.11,230.31,233.91,221.76,27.0,0.5333298620605469,774.4213256835938,0.040199999809265134,0.0073566865
SPY,call,584.0,0.15342465753424658,2026-11-30,193.58999999999997,191.79,195.39,188.53,11.0,0.5108081146240235,774.4213256835938,0.040199999809265134,0.0073566865
SPY,call,600.0,0.15342465753424658,2026-11-30,177.78,175.98,179.58,170.18,10.0,0.47638463073730464,774.4213256835938,0.040199999809265134,0.0073566865
SPY,call,665.0,0.15342465753424658,2026-11-30,113.955,112.81,115.1,100.26,321.0,0.3316412051391602,774.4213256835938,0.040199999809265134,0.0073566865
SPY,call,670.0,0.15342465753424658,2026-11-30,109.08,107.96,110.2,95.5,86.0,0.3214484359741211,774.4213256835938,0.040199999809265134,0.0073566865
SPY,call,673.0,0.15342465753424658,2026-11-30,106.19,105.05,107.33,108.76,16.0,0.3164741204833984,774.4213256835938,0.040199999809265134,0.0073566865
SPY,call,684.0,0.15342465753424658,2026-11-30,88.47,86.99,89.95,94.14,56.0,1.0000000000000003e-05,774.4213256835938,0.040199999809265134,0.0073566865
SPY,call,732.0,0.15342465753424658,2026-11-30,50.55,49.58,51.52,40.34,30.0,0.20850400878906244,774.4213256835938,0.040199999809265134,0.0073566865
SPY,call,734.0,0.15342465753424658,2026-11-30,49.555,49.31,49.8,47.73,10.0,0.20587952331542966,774.4213256835938,0.040199999809265134,0.0073566865
SPY,call,765.0,0.15342465753424658,2026-11-30,24.45,24.34,24.56,24.06,16.0,0.16068344207763674,774.4213256835938,0.040199999809265134,0.0073566865
SPY,call,766.0,0.15342465753424658,2026-11-30,23.72,23.59,23.85,23.69,185.0,0.15941697525024412,774.4213256835938,0.040199999809265134,0.0073566865
SPY,call,770.0,0.15342465753424658,2026-11-30,20.985,20.86,21.11,20.85,46.0,0.15462576339721684,774.4213256835938,0.040199999809265134,0.0073566865
SPY,call,771.0,0.15342465753424658,2026-11-30,20.375,20.24,20.51,19.33,58.0,0.1539849006652832,774.4213256835938,0.040199999809265134,0.0073566865
SPY,call,772.0,0.15342465753424658,2026-11-30,19.674999999999997,19.56,19.79,19.42,31.0,0.15227593338012696,774.4213256835938,0.040199999809265134,0.0073566865
SPY,call,773.0,0.15342465753424658,2026-11-30,19.055,18.96,19.15,18.5,22.0,0.15116205291748053,774.4213256835938,0.040199999809265134,0.0073566865
SPY,call,775.0,0.15342465753424658,2026-11-30,17.755,17.74,17.77,17.44,21.0,0.1479119633483887,774.4213256835938,0.040199999809265134,0.0073566865
SPY,call,776.0,0.15342465753424658,2026-11-30,17.17,17.15,17.19,16.81,58.0,0.1470879969787598,774.4213256835938,0.040199999809265134,0.0073566865
SPY,call,777.0,0.15342465753424658,2026-11-30,16.595,16.57,16.62,15.2,70.0,0.14626403060913085,774.4213256835938,0.040199999809265134,0.0073566865
SPY,call,778.0,0.15342465753424658,2026-11-30,15.969999999999999,15.95,15.99,16.04,33.0,0.14487549468994143,774.4213256835938,0.040199999809265134,0.0073566865
SPY,call,779.0,0.15342465753424658,2026-11-30,15.440000000000001,15.42,15.46,15.2,325.0,0.1442346319580078,774.4213256835938,0.040199999809265134,0.0073566865
SPY,call,780.0,0.15342465753424658,2026-11-30,14.855,14.83,14.88,14.61,79.0,0.14310549285888674,774.4213256835938,0.040199999809265134,0.0073566865
SPY,call,781.0,0.15342465753424658,2026-11-30,14.335,14.32,14.35,12.53,136.0,0.14231204376220702,774.4213256835938,0.040199999809265134,0.0073566865
SPY,call,782.0,0.15342465753424658,2026-11-30,13.77,13.75,13.79,12.31,13.0,0.1411981632995606,774.4213256835938,0.040199999809265134,0.0073566865
SPY,call,784.0,0.15342465753424658,2026-11-30,12.735,12.72,12.75,12.14,14.0,0.13936712692260744,774.4213256835938,0.040199999809265134,0.0073566865
SPY,call,785.0,0.15342465753424658,2026-11-30,12.219999999999999,12.2,12.24,11.64,23.0,0.13842109146118164,774.4213256835938,0.040199999809265134,0.0073566865
SPY,call,786.0,0.15342465753424658,2026-11-30,11.765,11.75,11.78,11.27,10.0,0.13779548736572267,774.4213256835938,0.040199999809265134,0.0073566865
SPY,call,789.0,0.15342465753424658,2026-11-30,10.355,10.34,10.37,9.82,15.0,0.13518626052856447,774.4213256835938,0.040199999809265134,0.0073566865
SPY,call,790.0,0.15342465753424658,2026-11-30,9.92,9.91,9.93,9.7,69.0,0.1343928114318848,774.4213256835938,0.040199999809265134,0.0073566865
SPY,call,792.0,0.15342465753424658,2026-11-30,9.105,9.09,9.12,8.89,17.0,0.1331568618774414,774.4213256835938,0.040199999809265134,0.0073566865
SPY,call,794.0,0.15342465753424658,2026-11-30,8.325,8.31,8.34,8.15,80.0,0.1318293605041504,774.4213256835938,0.040199999809265134,0.0073566865
SPY,call,795.0,0.15342465753424658,2026-11-30,7.93,7.92,7.94,7.78,68.0,0.13092910095214844,774.4213256835938,0.040199999809265134,0.0073566865
SPY,call,796.0,0.15342465753424658,2026-11-30,7.57,7.56,7.58,7.53,132.0,0.1303034968566894,774.4213256835938,0.040199999809265134,0.0073566865
SPY,call,798.0,0.15342465753424658,2026-11-30,6.88,6.87,6.89,6.74,16.0,0.12905228866577145,774.4213256835938,0.040199999809265134,0.0073566865
SPY,call,800.0,0.15342465753424658,2026-11-30,6.265000000000001,6.25,6.28,6.25,298.0,0.12819780502319333,774.4213256835938,0.040199999809265134,0.0073566865
SPY,call,801.0,0.15342465753424658,2026-11-30,5.949999999999999,5.93,5.97,5.8,210.0,0.12757220092773439,774.4213256835938,0.040199999809265134,0.0073566865
SPY,call,802.0,0.15342465753424658,2026-11-30,5.66,5.65,5.67,5.49,31.0,0.12696185546875,774.4213256835938,0.040199999809265134,0.0073566865
SPY,call,803.0,0.15342465753424658,2026-11-30,5.390000000000001,5.38,5.4,5.29,229.0,0.12654987228393555,774.4213256835938,0.040199999809265134,0.0073566865
SPY,call,804.0,0.15342465753424658,2026-11-30,5.115,5.1,5.13,5.0,11.0,0.12604633728027342,774.4213256835938,0.040199999809265134,0.0073566865
SPY,call,805.0,0.15342465753424658,2026-11-30,4.855,4.84,4.87,4.73,36.0,0.12555806091308597,774.4213256835938,0.040199999809265134,0.0073566865
SPY,call,806.0,0.15342465753424658,2026-11-30,4.609999999999999,4.6,4.62,4.51,15.0,0.12506978454589845,774.4213256835938,0.040199999809265134,0.0073566865
SPY,call,809.0,0.15342465753424658,2026-11-30,3.9299999999999997,3.92,3.94,3.91,10.0,0.12383383499145509,774.4213256835938,0.040199999809265134,0.0073566865
SPY,call,810.0,0.15342465753424658,2026-11-30,3.725,3.71,3.74,3.69,101.0,0.1235439208984375,774.4213256835938,0.040199999809265134,0.0073566865
SPY,call,812.0,0.15342465753424658,2026-11-30,3.3449999999999998,3.33,3.36,2.85,34.0,0.12293357543945313,774.4213256835938,0.040199999809265134,0.0073566865
SPY,call,820.0,0.15342465753424658,2026-11-30,2.09,2.08,2.1,2.1,103.0,0.12012598632812499,774.4213256835938,0.040199999809265134,0.0073566865
SPY,call,825.0,0.15342465753424658,2026-11-30,1.57,1.56,1.58,1.5,10.0,0.11954615814208984,774.4213256835938,0.040199999809265134,0.0073566865
SPY,call,830.0,0.15342465753424658,2026-11-30,1.15,1.14,1.16,1.15,2845.0,0.11872219177246093,774.4213256835938,0.040199999809265134,0.0073566865
SPY,call,835.0,0.15342465753424658,2026-11-30,0.86,0.85,0.87,0.85,693.0,0.1188442608642578,774.4213256835938,0.040199999809265134,0.0073566865
SPY,call,840.0,0.15342465753424658,2026-11-30,0.63,0.62,0.64,0.62,15.0,0.11878322631835936,774.4213256835938,0.040199999809265134,0.0073566865
SPY,call,860.0,0.15342465753424658,2026-11-30,0.235,0.23,0.24,0.23,30.0,0.12464254272460937,774.4213256835938,0.040199999809265134,0.0073566865
SPY,call,880.0,0.15342465753424658,2026-11-30,0.10500000000000001,0.1,0.11,0.13,17.0,0.1333094482421875,774.4213256835938,0.040199999809265134,0.0073566865
SPY,call,895.0,0.15342465753424658,2026-11-30,0.065,0.06,0.07,0.06,13.0,0.14112187011718752,774.4213256835938,0.040199999809265134,0.0073566865
SPY,call,900.0,0.15342465753424658,2026-11-30,0.055,0.05,0.06,0.05,72.0,0.143563251953125,774.4213256835938,0.040199999809265134,0.0073566865
SPY,call,905.0,0.15342465753424658,2026-11-30,0.045,0.04,0.05,0.04,48.0,0.145516357421875,774.4213256835938,0.040199999809265134,0.0073566865
SPY,call,910.0,0.15342465753424658,2026-11-30,0.045,0.04,0.05,0.05,32.0,0.15039912109375003,774.4213256835938,0.040199999809265134,0.0073566865
SPY,call,915.0,0.15342465753424658,2026-11-30,0.035,0.03,0.04,0.03,48.0,0.15137567382812503,774.4213256835938,0.040199999809265134,0.0073566865
SPY,put,475.0,0.15342465753424658,2026-11-30,0.165,0.16,0.17,0.17,11.0,0.476567734375,774.4213256835938,0.040199999809265134,0.0073566865
SPY,put,490.0,0.15342465753424658,2026-11-30,0.195,0.19,0.2,0.23,42.0,0.45703667968750006,774.4213256835938,0.040199999809265134,0.0073566865
SPY,put,515.0,0.15342465753424658,2026-11-30,0.265,0.26,0.27,0.29,32.0,0.42627526855468756,774.4213256835938,0.040199999809265134,0.0073566865
SPY,put,560.0,0.15342465753424658,2026-11-30,0.425,0.42,0.43,0.42,12.0,0.3679262426757813,774.4213256835938,0.040199999809265134,0.0073566865
SPY,put,565.0,0.15342465753424658,2026-11-30,0.455,0.45,0.46,0.45,10.0,0.362311064453125,774.4213256835938,0.040199999809265134,0.0073566865
SPY,put,570.0,0.15342465753424658,2026-11-30,0.475,0.47,0.48,0.79,60.0,0.35547519531249994,774.4213256835938,0.040199999809265134,0.0073566865
SPY,put,580.0,0.15342465753424658,2026-11-30,0.535,0.53,0.54,0.54,61.0,0.34339035522460937,774.4213256835938,0.040199999809265134,0.0073566865
SPY,put,581.0,0.15342465753424658,2026-11-30,0.535,0.53,0.54,0.68,18.0,0.3415593188476562,774.4213256835938,0.040199999809265134,0.0073566865
SPY,put,590.0,0.15342465753424658,2026-11-30,0.595,0.59,0.6,0.6,71.0,0.3305731005859375,774.4213256835938,0.040199999809265134,0.0073566865
SPY,put,596.0,0.15342465753424658,2026-11-30,0.645,0.64,0.65,0.64,280.0,0.3237372314453124,774.4213256835938,0.040199999809265134,0.0073566865
SPY,put,598.0,0.15342465753424658,2026-11-30,0.655,0.65,0.66,0.66,212.0,0.32092964233398436,774.4213256835938,0.040199999809265134,0.0073566865
SPY,put,600.0,0.15342465753424658,2026-11-30,0.665,0.66,0.67,0.69,16.0,0.3181220532226562,774.4213256835938,0.040199999809265134,0.0073566865
SPY,put,602.0,0.15342465753424658,2026-11-30,0.685,0.68,0.69,0.69,84.0,0.31592480957031244,774.4213256835938,0.040199999809265134,0.0073566865
SPY,put,605.0,0.15342465753424658,2026-11-30,0.705,0.7,0.71,0.77,60.0,0.31189652954101554,774.4213256835938,0.040199999809265134,0.0073566865
SPY,put,608.0,0.15342465753424658,2026-11-30,0.735,0.73,0.74,1.13,360.0,0.3086006640625,774.4213256835938,0.040199999809265134,0.0073566865
SPY,put,611.0,0.15342465753424658,2026-11-30,0.755,0.75,0.76,1.25,20.0,0.30445031494140623,774.4213256835938,0.040199999809265134,0.0073566865
SPY,put,612.0,0.15342465753424658,2026-11-30,0.77,0.76,0.78,1.12,87.0,0.3039620385742187,774.4213256835938,0.040199999809265134,0.0073566865
SPY,put,618.0,0.15342465753424658,2026-11-30,0.825,0.82,0.83,1.02,28.0,0.2960275476074219,774.4213256835938,0.040199999809265134,0.0073566865
SPY,put,619.0,0.15342465753424658,2026-11-30,0.835,0.83,0.84,1.01,148.0,0.29480685668945306,774.4213256835938,0.040199999809265134,0.0073566865
SPY,put,626.0,0.15342465753424658,2026-11-30,0.905,0.9,0.91,1.09,40.0,0.28601788208007806,774.4213256835938,0.040199999809265134,0.0073566865
SPY,put,627.0,0.15342465753424658,2026-11-30,0.92,0.91,0.93,1.12,39.0,0.28528546752929684,774.4213256835938,0.040199999809265134,0.0073566865
SPY,put,637.0,0.15342465753424658,2026-11-30,1.045,1.04,1.05,1.48,103.0,0.272895454711914,774.4213256835938,0.040199999809265134,0.0073566865
SPY,put,640.0,0.15342465753424658,2026-11-30,1.08,1.07,1.09,1.12,11.0,0.2691723474121094,774.4213256835938,0.040199999809265134,0.0073566865
SPY,put,642.0,0.15342465753424658,2026-11-30,1.11,1.1,1.12,1.75,100.0,0.2668530346679688,774.4213256835938,0.040199999809265134,0.0073566865
SPY,put,643.0,0.15342465753424658,2026-11-30,1.12,1.11,1.13,2.35,18.0,0.26544924011230464,774.4213256835938,0.040199999809265134,0.0073566865
SPY,put,651.0,0.15342465753424658,2026-11-30,1.255,1.25,1.26,1.85,42.0,0.25592785095214843,774.4213256835938,0.040199999809265134,0.0073566865
SPY,put,660.0,0.15342465753424658,2026-11-30,1.415,1.41,1.42,1.42,43.0,0.24488059814453128,774.4213256835938,0.040199999809265134,0.0073566865
SPY,put,665.0,0.15342465753424658,2026-11-30,1.5150000000000001,1.51,1.52,1.52,172.0,0.2387771435546875,774.4213256835938,0.040199999809265134,0.0073566865
SPY,put,667.0,0.15342465753424658,2026-11-30,1.565,1.56,1.57,2.32,30.0,0.23651886535644528,774.4213256835938,0.040199999809265134,0.0073566865
SPY,put,671.0,0.15342465753424658,2026-11-30,1.66,1.65,1.67,2.46,85.0,0.23194127441406248,774.4213256835938,0.040199999809265134,0.0073566865
SPY,put,677.0,0.15342465753424658,2026-11-30,1.82,1.81,1.83,2.74,69.0,0.22486126708984372,774.4213256835938,0.040199999809265134,0.0073566865
SPY,put,680.0,0.15342465753424658,2026-11-30,1.895,1.89,1.9,2.03,724.0,0.22089402160644528,774.4213256835938,0.040199999809265134,0.0073566865
SPY,put,682.0,0.15342465753424658,2026-11-30,1.96,1.95,1.97,2.3,14.0,0.21875781249999998,774.4213256835938,0.040199999809265134,0.0073566865
SPY,put,695.0,0.15342465753424658,2026-11-30,2.4450000000000003,2.44,2.45,2.46,81.0,0.2038043487548828,774.4213256835938,0.040199999809265134,0.0073566865
SPY,put,696.0,0.15342465753424658,2026-11-30,2.4850000000000003,2.48,2.49,2.52,19.0,0.202583657836914,774.4213256835938,0.040199999809265134,0.0073566865
SPY,put,700.0,0.15342465753424658,2026-11-30,2.6550000000000002,2.65,2.66,2.66,53.0,0.1977619287109375,774.4213256835938,0.040199999809265134,0.0073566865
SPY,put,710.0,0.15342465753424658,2026-11-30,3.215,3.21,3.22,3.25,13.0,0.18677571044921876,774.4213256835938,0.040199999809265134,0.0073566865
SPY,put,713.0,0.15342465753424658,2026-11-30,3.4050000000000002,3.39,3.42,4.25,21.0,0.18354087951660153,774.4213256835938,0.040199999809265134,0.0073566865
SPY,put,714.0,0.15342465753424658,2026-11-30,3.465,3.46,3.47,5.11,36.0,0.1821370849609375,774.4213256835938,0.040199999809265134,0.0073566865
SPY,put,718.0,0.15342465753424658,2026-11-30,3.745,3.74,3.75,3.93,15.0,0.17759001129150392,774.4213256835938,0.040199999809265134,0.0073566865
SPY,put,719.0,0.15342465753424658,2026-11-30,3.835,3.82,3.85,4.0,23.0,0.17682707946777343,774.4213256835938,0.040199999809265134,0.0073566865
SPY,put,720.0,0.15342465753424658,2026-11-30,3.915,3.9,3.93,3.92,119.0,0.17572845764160155,774.4213256835938,0.040199999809265134,0.0073566865
SPY,put,721.0,0.15342465753424658,2026-11-30,3.995,3.98,4.01,4.07,31.0,0.1745993185424805,774.4213256835938,0.040199999809265134,0.0073566865
SPY,put,722.0,0.15342465753424658,2026-11-30,4.08,4.07,4.09,4.1,14.0,0.17347017944335938,774.4213256835938,0.040199999809265134,0.0073566865
SPY,put,723.0,0.15342465753424658,2026-11-30,4.16,4.15,4.17,4.18,12.0,0.17228000579833985,774.4213256835938,0.040199999809265134,0.0073566865
SPY,put,725.0,0.15342465753424658,2026-11-30,4.345000000000001,4.33,4.36,4.34,36.0,0.17023534851074223,774.4213256835938,0.040199999809265134,0.0073566865
SPY,put,727.0,0.15342465753424658,2026-11-30,4.529999999999999,4.52,4.54,4.58,25.0,0.16791603576660158,774.4213256835938,0.040199999809265134,0.0073566865
SPY,put,728.0,0.15342465753424658,2026-11-30,4.625,4.61,4.64,4.72,21.0,0.16684793121337893,774.4213256835938,0.040199999809265134,0.0073566865
SPY,put,730.0,0.15342465753424658,2026-11-30,4.83,4.82,4.84,4.83,125.0,0.16462017028808595,774.4213256835938,0.040199999809265134,0.0073566865
SPY,put,733.0,0.15342465753424658,2026-11-30,5.154999999999999,5.14,5.17,6.0,12.0,0.1613548220825195,774.4213256835938,0.040199999809265134,0.0073566865
SPY,put,734.0,0.15342465753424658,2026-11-30,5.275,5.26,5.29,5.3,29.0,0.16031723480224608,774.4213256835938,0.040199999809265134,0.0073566865
SPY,put,735.0,0.15342465753424658,2026-11-30,5.390000000000001,5.38,5.4,5.46,25.0,0.15912706115722658,774.4213256835938,0.040199999809265134,0.0073566865
SPY,put,736.0,0.15342465753424658,2026-11-30,5.515000000000001,5.5,5.53,5.57,147.0,0.15813524978637694,774.4213256835938,0.040199999809265134,0.0073566865
SPY,put,737.0,0.15342465753424658,2026-11-30,5.640000000000001,5.63,5.65,6.8,15.0,0.15699085205078128,774.4213256835938,0.040199999809265134,0.0073566865
SPY,put,739.0,0.15342465753424658,2026-11-30,5.9,5.89,5.91,5.96,22.0,0.15479360839843753,774.4213256835938,0.040199999809265134,0.0073566865
SPY,put,740.0,0.15342465753424658,2026-11-30,6.035,6.02,6.05,6.1,55.0,0.15374076248168944,774.4213256835938,0.040199999809265134,0.0073566865
SPY,put,742.0,0.15342465753424658,2026-11-30,6.324999999999999,6.31,6.34,6.4,55.0,0.15161981201171876,774.4213256835938,0.040199999809265134,0.0073566865
SPY,put,744.0,0.15342465753424658,2026-11-30,6.635,6.62,6.65,6.81,53.0,0.14954463745117189,774.4213256835938,0.040199999809265134,0.0073566865
SPY,put,745.0,0.15342465753424658,2026-11-30,6.779999999999999,6.77,6.79,6.85,105.0,0.1482781706237793,774.4213256835938,0.040199999809265134,0.0073566865
SPY,put,746.0,0.15342465753424658,2026-11-30,6.945,6.93,6.96,7.07,58.0,0.1472711006164551,774.4213256835938,0.040199999809265134,0.0073566865
SPY,put,747.0,0.15342465753424658,2026-11-30,7.115,7.1,7.13,7.33,12.0,0.146218254699707,774.4213256835938,0.040199999809265134,0.0073566865
SPY,put,749.0,0.15342465753424658,2026-11-30,7.465,7.45,7.48,7.64,99.0,0.1440820455932617,774.4213256835938,0.040199999809265134,0.0073566865
SPY,put,750.0,0.15342465753424658,2026-11-30,7.645,7.63,7.66,7.73,106.0,0.14298342376708983,774.4213256835938,0.040199999809265134,0.0073566865
SPY,put,751.0,0.15342465753424658,2026-11-30,7.845000000000001,7.83,7.86,7.93,21.0,0.14202212966918942,774.4213256835938,0.040199999809265134,0.0073566865
SPY,put,753.0,0.15342465753424658,2026-11-30,8.235,8.22,8.25,8.31,28.0,0.13984014465332031,774.4213256835938,0.040199999809265134,0.0073566865
SPY,put,755.0,0.15342465753424658,2026-11-30,8.655000000000001,8.64,8.67,8.73,27.0,0.13773445281982422,774.4213256835938,0.040199999809265134,0.0073566865
SPY,put,756.0,0.15342465753424658,2026-11-30,8.885,8.87,8.9,10.27,23.0,0.13677315872192386,774.4213256835938,0.040199999809265134,0.0073566865
SPY,put,760.0,0.15342465753424658,2026-11-30,9.83,9.81,9.85,9.85,138.0,0.1326075509643555,774.4213256835938,0.040199999809265134,0.0073566865
SPY,put,761.0,0.15342465753424658,2026-11-30,10.094999999999999,10.08,10.11,10.27,60.0,0.13160048095703125,774.4213256835938,0.040199999809265134,0.0073566865
SPY,put,765.0,0.15342465753424658,2026-11-30,11.2,11.18,11.22,11.2,75.0,0.12752642501831057,774.4213256835938,0.040199999809265134,0.0073566865
SPY,put,766.0,0.15342465753424658,2026-11-30,11.495000000000001,11.47,11.52,11.68,17.0,0.12651935501098632,774.4213256835938,0.040199999809265134,0.0073566865
SPY,put,767.0,0.15342465753424658,2026-11-30,11.805,11.78,11.83,12.24,24.0,0.12552754364013674,774.4213256835938,0.040199999809265134,0.0073566865
SPY,put,769.0,0.15342465753424658,2026-11-30,12.434999999999999,12.42,12.45,12.49,37.0,0.12331504135131838,774.4213256835938,0.040199999809265134,0.0073566865
SPY,put,770.0,0.15342465753424658,2026-11-30,12.795,12.78,12.81,12.78,241.0,0.12250633361816407,774.4213256835938,0.040199999809265134,0.0073566865
SPY,put,771.0,0.15342465753424658,2026-11-30,13.125,13.11,13.14,13.15,65.0,0.12137719451904297,774.4213256835938,0.040199999809265134,0.0073566865
SPY,put,772.0,0.15342465753424658,2026-11-30,13.51,13.49,13.53,13.49,886.0,0.12064477996826173,774.4213256835938,0.040199999809265134,0.0073566865
SPY,put,773.0,0.15342465753424658,2026-11-30,13.865,13.84,13.89,14.0,17.0,0.11959193405151367,774.4213256835938,0.040199999809265134,0.0073566865
SPY,put,775.0,0.15342465753424658,2026-11-30,14.64,14.62,14.66,14.65,45.0,0.11762356994628906,774.4213256835938,0.040199999809265134,0.0073566865
SPY,put,780.0,0.15342465753424658,2026-11-30,16.805,16.78,16.83,16.98,10.0,0.1131070135498047,774.4213256835938,0.040199999809265134,0.0073566865
SPY,put,782.0,0.15342465753424658,2026-11-30,17.745,17.73,17.76,19.96,22.0,0.11112339080810546,774.4213256835938,0.040199999809265134,0.0073566865
SPY,put,783.0,0.15342465753424658,2026-11-30,18.255,18.22,18.29,19.0,10.0,0.1105130453491211,774.4213256835938,0.040199999809265134,0.0073566865
SPY,put,784.0,0.15342465753424658,2026-11-30,18.725,18.61,18.84,20.42,10.0,0.10997899307250975,774.4213256835938,0.040199999809265134,0.0073566865
SPY,put,785.0,0.15342465753424658,2026-11-30,19.275,19.13,19.42,19.56,156.0,0.10958226852416991,774.4213256835938,0.040199999809265134,0.0073566865
SPY,put,786.0,0.15342465753424658,2026-11-30,19.85,19.69,20.01,19.97,10.0,0.10918554397583008,774.4213256835938,0.040199999809265134,0.0073566865
SPY,put,788.0,0.15342465753424658,2026-11-30,20.92,20.78,21.06,22.11,18.0,0.10691200714111329,774.4213256835938,0.040199999809265134,0.0073566865
SPY,put,789.0,0.15342465753424658,2026-11-30,21.560000000000002,21.39,21.73,28.59,31.0,0.10688148986816406,774.4213256835938,0.040199999809265134,0.0073566865
SPY,put,800.0,0.15342465753424658,2026-11-30,28.869999999999997,28.68,29.06,31.75,27.0,0.098641826171875,774.4213256835938,0.040199999809265134,0.0073566865
SPY,put,830.0,0.15342465753424658,2026-11-30,56.435,55.97,56.9,61.0,15.0,0.12223167816162112,774.4213256835938,0.040199999809265134,0.0073566865
SPY,call,220.0,0.20273972602739726,2026-12-18,520.975,519.23,522.72,515.9,71.0,1.0000000000000003e-05,774.4213256835938,0.040199999809265134,0.0073566865
SPY,call,300.0,0.20273972602739726,2026-12-18,475.895,474.33,477.46,471.1,21.0,1.007573321533203,774.4213256835938,0.040199999809265134,0.0073566865
SPY,call,320.0,0.20273972602739726,2026-12-18,455.99,454.33,457.65,445.4,18.0,0.9528813305664061,774.4213256835938,0.040199999809265134,0.0073566865
SPY,call,360.0,0.20273972602739726,2026-12-18,407.19,405.64,408.74,396.38,10.0,1.0000000000000003e-05,774.4213256835938,0.040199999809265134,0.0073566865
SPY,call,400.0,0.20273972602739726,2026-12-18,376.83500000000004,375.25,378.42,368.16,12.0,0.7854025366210937,774.4213256835938,0.040199999809265134,0.0073566865
SPY,call,490.0,0.20273972602739726,2026-12-18,287.83500000000004,286.22,289.45,287.06,10.0,0.6092568371582032,774.4213256835938,0.040199999809265134,0.0073566865
SPY,call,505.0,0.20273972602739726,2026-12-18,272.945,271.24,274.65,272.26,173.0,0.5788616333007812,774.4213256835938,0.040199999809265134,0.0073566865
SPY,call,520.0,0.20273972602739726,2026-12-18,258.23,256.61,259.85,249.67,13.0,0.5543867803955078,774.4213256835938,0.040199999809265134,0.0073566865
SPY,call,570.0,0.20273972602739726,2026-12-18,209.01,207.35,210.67,205.66,18.0,0.5032398309326171,774.4213256835938,0.040199999809265134,0.0073566865
SPY,call,585.0,0.20273972602739726,2026-12-18,194.17000000000002,192.44,195.9,185.56,11.0,0.47412635253906255,774.4213256835938,0.040199999809265134,0.0073566865
SPY,call,590.0,0.20273972602739726,2026-12-18,189.29500000000002,187.53,191.06,187.0,15.0,0.4659782406616212,774.4213256835938,0.040199999809265134,0.0073566865
SPY,call,640.0,0.20273972602739726,2026-12-18,140.575,138.87,142.28,141.65,16.0,0.37525038818359374,774.4213256835938,0.040199999809265134,0.0073566865
SPY,call,650.0,0.20273972602739726,2026-12-18,130.9,129.19,132.61,127.71,12.0,0.35776399078369137,774.4213256835938,0.040199999809265134,0.0073566865
SPY,call,700.0,0.20273972602739726,2026-12-18,83.315,81.62,85.01,83.2,23.0,0.2726665751647949,774.4213256835938,0.040199999809265134,0.0073566865
SPY,call,720.0,0.20273972602739726,2026-12-18,65.225,63.7,66.75,62.55,54.0,0.241218525390625,774.4213256835938,0.040199999809265134,0.0073566865
SPY,call,721.0,0.20273972602739726,2026-12-18,64.30000000000001,62.81,65.79,61.06,10.0,0.23908231628417967,774.4213256835938,0.040199999809265134,0.0073566865
SPY,call,725.0,0.20273972602739726,2026-12-18,60.81,59.38,62.24,57.96,14.0,0.23305515487670897,774.4213256835938,0.040199999809265134,0.0073566865
SPY,call,744.0,0.20273972602739726,2026-12-18,44.585,44.38,44.79,42.5,12.0,0.19594615097045898,774.4213256835938,0.040199999809265134,0.0073566865
SPY,call,745.0,0.20273972602739726,2026-12-18,43.78,43.6,43.96,41.18,22.0,0.1945423564147949,774.4213256835938,0.040199999809265134,0.0073566865
SPY,call,755.0,0.20273972602739726,2026-12-18,35.785,35.63,35.94,35.11,12.0,0.18116053222656248,774.4213256835938,0.040199999809265134,0.0073566865
SPY,call,758.0,0.20273972602739726,2026-12-18,33.504999999999995,33.3,33.71,28.44,43.0,0.17786466674804688,774.4213256835938,0.040199999809265134,0.0073566865
SPY,call,761.0,0.20273972602739726,2026-12-18,31.325000000000003,31.17,31.48,28.85,42.0,0.17423311126708985,774.4213256835938,0.040199999809265134,0.0073566865
SPY,call,763.0,0.20273972602739726,2026-12-18,29.869999999999997,29.74,30.0,28.7,24.0,0.1716849189758301,774.4213256835938,0.040199999809265134,0.0073566865
SPY,call,765.0,0.20273972602739726,2026-12-18,28.42,28.31,28.53,28.0,46.0,0.16904517486572268,774.4213256835938,0.040199999809265134,0.0073566865
SPY,call,769.0,0.20273972602739726,2026-12-18,25.705,25.56,25.85,23.5,10.0,0.1651389639282227,774.4213256835938,0.040199999809265134,0.0073566865
SPY,call,770.0,0.20273972602739726,2026-12-18,24.99,24.9,25.08,25.01,193.0,0.16333844482421878,774.4213256835938,0.040199999809265134,0.0073566865
SPY,call,771.0,0.20273972602739726,2026-12-18,24.34,24.19,24.49,24.03,270.0,0.1627891339111328,774.4213256835938,0.040199999809265134,0.0073566865
SPY,call,772.0,0.20273972602739726,2026-12-18,23.665,23.47,23.86,23.43,316.0,0.16188887435913085,774.4213256835938,0.040199999809265134,0.0073566865
SPY,call,773.0,0.20273972602739726,2026-12-18,23.060000000000002,22.91,23.21,22.69,281.0,0.1608055111694336,774.4213256835938,0.040199999809265134,0.0073566865
SPY,call,774.0,0.20273972602739726,2026-12-18,22.424999999999997,22.4,22.45,22.16,371.0,0.15889818161010744,774.4213256835938,0.040199999809265134,0.0073566865
SPY,call,775.0,0.20273972602739726,2026-12-18,21.785,21.76,21.81,21.39,329.0,0.15778430114746095,774.4213256835938,0.040199999809265134,0.0073566865
SPY,call,776.0,0.20273972602739726,2026-12-18,21.16,21.14,21.18,20.79,114.0,0.1567009379577637,774.4213256835938,0.040199999809265134,0.0073566865
SPY,call,777.0,0.20273972602739726,2026-12-18,20.56,20.54,20.58,20.24,86.0,0.15578541976928711,774.4213256835938,0.040199999809265134,0.0073566865
SPY,call,778.0,0.20273972602739726,2026-12-18,19.96,19.94,19.98,19.85,91.0,0.15480886703491215,774.4213256835938,0.040199999809265134,0.0073566865
SPY,call,779.0,0.20273972602739726,2026-12-18,19.38,19.36,19.4,19.3,107.0,0.1539238661193848,774.4213256835938,0.040199999809265134,0.0073566865
SPY,call,780.0,0.20273972602739726,2026-12-18,18.795,18.77,18.82,18.72,672.0,0.152977830657959,774.4213256835938,0.040199999809265134,0.0073566865
SPY,call,781.0,0.20273972602739726,2026-12-18,18.21,18.2,18.22,17.86,192.0,0.1518486915588379,774.4213256835938,0.040199999809265134,0.0073566865
SPY,call,782.0,0.20273972602739726,2026-12-18,17.665,17.64,17.69,17.28,264.0,0.15114679428100591,774.4213256835938,0.040199999809265134,0.0073566865
SPY,call,783.0,0.20273972602739726,2026-12-18,17.11,17.09,17.13,16.9,12.0,0.1501855001831055,774.4213256835938,0.040199999809265134,0.0073566865
SPY,call,784.0,0.20273972602739726,2026-12-18,16.55,16.53,16.57,16.43,78.0,0.14916317153930664,774.4213256835938,0.040199999809265134,0.0073566865
SPY,call,785.0,0.20273972602739726,2026-12-18,16.025,16.0,16.05,15.95,73.0,0.14838498107910159,774.4213256835938,0.040199999809265134,0.0073566865
SPY,call,786.0,0.20273972602739726,2026-12-18,15.5,15.48,15.52,15.03,103.0,0.1474542042541504,774.4213256835938,0.040199999809265134,0.0073566865
SPY,call,787.0,0.20273972602739726,2026-12-18,15.02,15.0,15.04,14.82,15.0,0.14684385879516604,774.4213256835938,0.040199999809265134,0.0073566865
SPY,call,788.0,0.20273972602739726,2026-12-18,14.54,14.52,14.56,14.23,168.0,0.14617247879028317,774.4213256835938,0.040199999809265134,0.0073566865
SPY,call,789.0,0.20273972602739726,2026-12-18,14.024999999999999,14.01,14.04,13.84,17.0,0.1451348915100098,774.4213256835938,0.040199999809265134,0.0073566865
SPY,call,790.0,0.20273972602739726,2026-12-18,13.54,13.52,13.56,13.55,134.0,0.14434144241333008,774.4213256835938,0.040199999809265134,0.0073566865
SPY,call,791.0,0.20273972602739726,2026-12-18,13.08,13.06,13.1,13.05,27.0,0.14362428649902342,774.4213256835938,0.040199999809265134,0.0073566865
SPY,call,792.0,0.20273972602739726,2026-12-18,12.635,12.61,12.66,12.58,158.0,0.14299868240356445,774.4213256835938,0.040199999809265134,0.0073566865
SPY,call,793.0,0.20273972602739726,2026-12-18,12.18,12.17,12.19,12.17,23.0,0.14208316421508788,774.4213256835938,0.040199999809265134,0.0073566865
SPY,call,794.0,0.20273972602739726,2026-12-18,11.775,11.75,11.8,11.53,14.0,0.14170169830322266,774.4213256835938,0.040199999809265134,0.0073566865
SPY,call,795.0,0.20273972602739726,2026-12-18,11.344999999999999,11.33,11.36,11.14,75.0,0.14089299057006838,774.4213256835938,0.040199999809265134,0.0073566865
SPY,call,796.0,0.20273972602739726,2026-12-18,10.915,10.9,10.93,10.9,11.0,0.14008428283691404,774.4213256835938,0.040199999809265134,0.0073566865
SPY,call,797.0,0.20273972602739726,2026-12-18,10.515,10.5,10.53,10.18,16.0,0.1394434201049805,774.4213256835938,0.040199999809265134,0.0073566865
SPY,call,798.0,0.20273972602739726,2026-12-18,10.14,10.12,10.16,9.93,614.0,0.1389704023742676,774.4213256835938,0.040199999809265134,0.0073566865
SPY,call,799.0,0.20273972602739726,2026-12-18,9.75,9.74,9.76,9.76,64.0,0.1381922119140625,774.4213256835938,0.040199999809265134,0.0073566865
SPY,call,800.0,0.20273972602739726,2026-12-18,9.405000000000001,9.39,9.42,9.39,2614.0,0.1378260046386719,774.4213256835938,0.040199999809265134,0.0073566865
SPY,call,802.0,0.20273972602739726,2026-12-18,8.68,8.66,8.7,8.46,12.0,0.13657479644775394,774.4213256835938,0.040199999809265134,0.0073566865
SPY,call,803.0,0.20273972602739726,2026-12-18,8.34,8.33,8.35,8.18,35.0,0.13591867507934574,774.4213256835938,0.040199999809265134,0.0073566865
SPY,call,804.0,0.20273972602739726,2026-12-18,8.04,8.02,8.06,7.83,79.0,0.1357050541687012,774.4213256835938,0.040199999809265134,0.0073566865
SPY,call,805.0,0.20273972602739726,2026-12-18,7.710000000000001,7.69,7.73,7.51,247.0,0.13507945007324224,774.4213256835938,0.040199999809265134,0.0073566865
SPY,call,806.0,0.20273972602739726,2026-12-18,7.42,7.4,7.44,7.24,18.0,0.1347437600708008,774.4213256835938,0.040199999809265134,0.0073566865
SPY,call,807.0,0.20273972602739726,2026-12-18,7.109999999999999,7.1,7.12,7.06,15.0,0.13407238006591798,774.4213256835938,0.040199999809265134,0.0073566865
SPY,call,808.0,0.20273972602739726,2026-12-18,6.8100000000000005,6.8,6.82,6.57,29.0,0.1334925518798828,774.4213256835938,0.040199999809265134,0.0073566865
SPY,call,809.0,0.20273972602739726,2026-12-18,6.535,6.52,6.55,6.5,122.0,0.13312634460449219,774.4213256835938,0.040199999809265134,0.0073566865
SPY,call,810.0,0.20273972602739726,2026-12-18,6.265000000000001,6.25,6.28,6.28,129.0,0.1326838441467285,774.4213256835938,0.040199999809265134,0.0073566865
SPY,call,812.0,0.20273972602739726,2026-12-18,5.775,5.76,5.79,5.72,109.0,0.13207349868774415,774.4213256835938,0.040199999809265134,0.0073566865
SPY,call,815.0,0.20273972602739726,2026-12-18,5.074999999999999,5.06,5.09,5.02,32.0,0.13097487686157228,774.4213256835938,0.040199999809265134,0.0073566865
SPY,call,816.0,0.20273972602739726,2026-12-18,4.845000000000001,4.83,4.86,4.8,12.0,0.13050185913085935,774.4213256835938,0.040199999809265134,0.0073566865
SPY,call,817.0,0.20273972602739726,2026-12-18,4.62,4.61,4.63,4.59,194.0,0.1299525482177734,774.4213256835938,0.040199999809265134,0.0073566865
SPY,call,818.0,0.20273972602739726,2026-12-18,4.425000000000001,4.41,4.44,4.39,62.0,0.1297541859436035,774.4213256835938,0.040199999809265134,0.0073566865
SPY,call,819.0,0.20273972602739726,2026-12-18,4.225,4.21,4.24,4.18,151.0,0.12937272003173828,774.4213256835938,0.040199999809265134,0.0073566865
SPY,call,820.0,0.20273972602739726,2026-12-18,4.04,4.03,4.05,4.01,238.0,0.12903703002929687,774.4213256835938,0.040199999809265134,0.0073566865
SPY,call,821.0,0.20273972602739726,2026-12-18,3.855,3.84,3.87,3.82,98.0,0.1287623745727539,774.4213256835938,0.040199999809265134,0.0073566865
SPY,call,824.0,0.20273972602739726,2026-12-18,3.3600000000000003,3.35,3.37,3.31,326.0,0.127938408203125,774.4213256835938,0.040199999809265134,0.0073566865
SPY,call,825.0,0.20273972602739726,2026-12-18,3.21,3.2,3.22,3.21,76.0,0.1277247872924805,774.4213256835938,0.040199999809265134,0.0073566865
SPY,call,830.0,0.20273972602739726,2026-12-18,2.525,2.52,2.53,2.45,51.0,0.12647357910156248,774.4213256835938,0.040199999809265134,0.0073566865
SPY,call,835.0,0.20273972602739726,2026-12-18,1.975,1.97,1.98,1.94,104.0,0.12552754364013674,774.4213256835938,0.040199999809265134,0.0073566865
SPY,call,845.0,0.20273972602739726,2026-12-18,1.19,1.18,1.2,1.17,20.0,0.12439840454101564,774.4213256835938,0.040199999809265134,0.0073566865
SPY,call,850.0,0.20273972602739726,2026-12-18,0.935,0.93,0.94,0.93,315.0,0.12439840454101564,774.4213256835938,0.040199999809265134,0.0073566865
SPY,call,855.0,0.20273972602739726,2026-12-18,0.735,0.73,0.74,0.64,441.0,0.12464254272460937,774.4213256835938,0.040199999809265134,0.0073566865
SPY,call,860.0,0.20273972602739726,2026-12-18,0.585,0.58,0.59,0.5,23.0,0.1253139227294922,774.4213256835938,0.040199999809265134,0.0073566865
SPY,call,900.0,0.20273972602739726,2026-12-18,0.135,0.13,0.14,0.14,18.0,0.13794807373046875,774.4213256835938,0.040199999809265134,0.0073566865
SPY,call,920.0,0.20273972602739726,2026-12-18,0.08499999999999999,0.08,0.09,0.08,12.0,0.14771360107421877,774.4213256835938,0.040199999809265134,0.0073566865
SPY,call,925.0,0.20273972602739726,2026-12-18,0.07500000000000001,0.07,0.08,0.07,11.0,0.14991084472656252,774.4213256835938,0.040199999809265134,0.0073566865
SPY,call,960.0,0.20273972602739726,2026-12-18,0.035,0.03,0.04,0.04,24.0,0.16553568847656253,774.4213256835938,0.040199999809265134,0.0073566865
SPY,call,970.0,0.20273972602739726,2026-12-18,0.035,0.03,0.04,0.03,1540.0,0.17285983398437502,774.4213256835938,0.040199999809265134,0.0073566865
SPY,call,975.0,0.20273972602739726,2026-12-18,0.025,0.02,0.03,0.03,348.0,0.17188328125000002,774.4213256835938,0.040199999809265134,0.0073566865
SPY,call,980.0,0.20273972602739726,2026-12-18,0.025,0.02,0.03,0.04,24.0,0.174812939453125,774.4213256835938,0.040199999809265134,0.0073566865
SPY,call,985.0,0.20273972602739726,2026-12-18,0.025,0.02,0.03,0.03,100.0,0.178719150390625,774.4213256835938,0.040199999809265134,0.0073566865
SPY,call,990.0,0.20273972602739726,2026-12-18,0.025,0.02,0.03,0.03,86.0,0.18164880859375,774.4213256835938,0.040199999809265134,0.0073566865
SPY,put,200.0,0.20273972602739726,2026-12-18,0.015,0.01,0.02,0.01,35.0,0.8828136718749999,774.4213256835938,0.040199999809265134,0.0073566865
SPY,put,230.0,0.20273972602739726,2026-12-18,0.015,0.01,0.02,0.03,242.0,0.79687703125,774.4213256835938,0.040199999809265134,0.0073566865
SPY,put,240.0,0.20273972602739726,2026-12-18,0.025,0.02,0.03,0.03,24.0,0.79687703125,774.4213256835938,0.040199999809265134,0.0073566865
SPY,put,250.0,0.20273972602739726,2026-12-18,0.025,0.02,0.03,0.03,229.0,0.773439765625,774.4213256835938,0.040199999809265134,0.0073566865
SPY,put,255.0,0.20273972602739726,2026-12-18,0.025,0.02,0.03,0.04,144.0,0.7578149218750001,774.4213256835938,0.040199999809265134,0.0073566865
SPY,put,270.0,0.20273972602739726,2026-12-18,0.035,0.03,0.04,0.04,50.0,0.7402369726562499,774.4213256835938,0.040199999809265134,0.0073566865
SPY,put,275.0,0.20273972602739726,2026-12-18,0.035,0.03,0.04,0.04,66.0,0.726565234375,774.4213256835938,0.040199999809265134,0.0073566865
SPY,put,280.0,0.20273972602739726,2026-12-18,0.035,0.03,0.04,0.04,301.0,0.7148466015625,774.4213256835938,0.040199999809265134,0.0073566865
SPY,put,285.0,0.20273972602739726,2026-12-18,0.045,0.04,0.05,0.04,51.0,0.7187528125,774.4213256835938,0.040199999809265134,0.0073566865
SPY,put,290.0,0.20273972602739726,2026-12-18,0.045,0.04,0.05,0.04,116.0,0.7070341796875,774.4213256835938,0.040199999809265134,0.0073566865
SPY,put,295.0,0.20273972602739726,2026-12-18,0.045,0.04,0.05,0.05,96.0,0.6953155468750001,774.4213256835938,0.040199999809265134,0.0073566865
SPY,put,310.0,0.20273972602739726,2026-12-18,0.055,0.05,0.06,0.05,45.0,0.6718782812500002,774.4213256835938,0.040199999809265134,0.0073566865
SPY,put,315.0,0.20273972602739726,2026-12-18,0.060000000000000005,0.05,0.07,0.07,300.0,0.6660189648437502,774.4213256835938,0.040199999809265134,0.0073566865
SPY,put,325.0,0.20273972602739726,2026-12-18,0.065,0.06,0.07,0.1,14.0,0.648441015625,774.4213256835938,0.040199999809265134,0.0073566865
SPY,put,330.0,0.20273972602739726,2026-12-18,0.07500000000000001,0.07,0.08,0.1,11.0,0.6445348046875,774.4213256835938,0.040199999809265134,0.0073566865
SPY,put,345.0,0.20273972602739726,2026-12-18,0.08499999999999999,0.08,0.09,0.11,10.0,0.6201209863281252,774.4213256835938,0.040199999809265134,0.0073566865
SPY,put,350.0,0.20273972602739726,2026-12-18,0.08499999999999999,0.08,0.09,0.08,13.0,0.6093789062500001,774.4213256835938,0.040199999809265134,0.0073566865
SPY,put,355.0,0.20273972602739726,2026-12-18,0.095,0.09,0.1,0.1,10.0,0.6054726953125001,774.4213256835938,0.040199999809265134,0.0073566865
SPY,put,360.0,0.20273972602739726,2026-12-18,0.095,0.09,0.1,0.1,10.0,0.59570716796875,774.4213256835938,0.040199999809265134,0.0073566865
SPY,put,365.0,0.20273972602739726,2026-12-18,0.10500000000000001,0.1,0.11,0.12,11.0,0.5908244042968751,774.4213256835938,0.040199999809265134,0.0073566865
SPY,put,370.0,0.20273972602739726,2026-12-18,0.11499999999999999,0.11,0.12,0.11,12.0,0.585941640625,774.4213256835938,0.040199999809265134,0.0073566865
SPY,put,375.0,0.20273972602739726,2026-12-18,0.11499999999999999,0.11,0.12,0.13,10.0,0.57617611328125,774.4213256835938,0.040199999809265134,0.0073566865
SPY,put,380.0,0.20273972602739726,2026-12-18,0.125,0.12,0.13,0.12,71.0,0.5712933496093751,774.4213256835938,0.040199999809265134,0.0073566865
SPY,put,385.0,0.20273972602739726,2026-12-18,0.135,0.13,0.14,0.13,8997.0,0.5654340332031251,774.4213256835938,0.040199999809265134,0.0073566865
SPY,put,390.0,0.20273972602739726,2026-12-18,0.135,0.13,0.14,0.15,17.0,0.5556685058593751,774.4213256835938,0.040199999809265134,0.0073566865
SPY,put,395.0,0.20273972602739726,2026-12-18,0.14500000000000002,0.14,0.15,0.15,11.0,0.5498091894531252,774.4213256835938,0.040199999809265134,0.0073566865
SPY,put,400.0,0.20273972602739726,2026-12-18,0.155,0.15,0.16,0.15,58.0,0.543949873046875,774.4213256835938,0.040199999809265134,0.0073566865
SPY,put,405.0,0.20273972602739726,2026-12-18,0.165,0.16,0.17,0.16,30.0,0.5380905566406251,774.4213256835938,0.040199999809265134,0.0073566865
SPY,put,410.0,0.20273972602739726,2026-12-18,0.175,0.17,0.18,0.17,12.0,0.5317429638671876,774.4213256835938,0.040199999809265134,0.0073566865
SPY,put,415.0,0.20273972602739726,2026-12-18,0.185,0.18,0.19,0.18,11.0,0.52539537109375,774.4213256835938,0.040199999809265134,0.0073566865
SPY,put,420.0,0.20273972602739726,2026-12-18,0.195,0.19,0.2,0.2,12.0,0.5190477783203125,774.4213256835938,0.040199999809265134,0.0073566865
SPY,put,425.0,0.20273972602739726,2026-12-18,0.20500000000000002,0.2,0.21,0.21,39.0,0.5127001855468749,774.4213256835938,0.040199999809265134,0.0073566865
SPY,put,435.0,0.20273972602739726,2026-12-18,0.225,0.22,0.23,0.23,15.0,0.5004932763671875,774.4213256835938,0.040199999809265134,0.0073566865
SPY,put,440.0,0.20273972602739726,2026-12-18,0.235,0.23,0.24,0.52,46.0,0.4936574072265626,774.4213256835938,0.040199999809265134,0.0073566865
SPY,put,450.0,0.20273972602739726,2026-12-18,0.265,0.26,0.27,0.28,10.0,0.4819387744140625,774.4213256835938,0.040199999809265134,0.0073566865
SPY,put,500.0,0.20273972602739726,2026-12-18,0.435,0.43,0.44,0.45,49.0,0.4206600903320313,774.4213256835938,0.040199999809265134,0.0073566865
SPY,put,520.0,0.20273972602739726,2026-12-18,0.535,0.53,0.54,0.58,40.0,0.397466962890625,774.4213256835938,0.040199999809265134,0.0073566865
SPY,put,530.0,0.20273972602739726,2026-12-18,0.595,0.59,0.6,0.69,104.0,0.38611453735351553,774.4213256835938,0.040199999809265134,0.0073566865
SPY,put,540.0,0.20273972602739726,2026-12-18,0.655,0.65,0.66,0.66,177.0,0.3742738354492187,774.4213256835938,0.040199999809265134,0.0073566865
SPY,put,545.0,0.20273972602739726,2026-12-18,0.695,0.69,0.7,0.7,482.0,0.36902486450195315,774.4213256835938,0.040199999809265134,0.0073566865
SPY,put,550.0,0.20273972602739726,2026-12-18,0.725,0.72,0.73,0.73,47.0,0.3627993408203125,774.4213256835938,0.040199999809265134,0.0073566865
SPY,put,555.0,0.20273972602739726,2026-12-18,0.765,0.76,0.77,0.79,24.0,0.35718416259765623,774.4213256835938,0.040199999809265134,0.0073566865
SPY,put,560.0,0.20273972602739726,2026-12-18,0.805,0.8,0.81,0.8,178.0,0.35156898437499995,774.4213256835938,0.040199999809265134,0.0073566865
SPY,put,565.0,0.20273972602739726,2026-12-18,0.845,0.84,0.85,0.86,175.0,0.34570966796874997,774.4213256835938,0.040199999809265134,0.0073566865
SPY,put,570.0,0.20273972602739726,2026-12-18,0.895,0.89,0.9,0.9,2135.0,0.3403386279296875,774.4213256835938,0.040199999809265134,0.0073566865
SPY,put,585.0,0.20273972602739726,2026-12-18,1.0350000000000001,1.03,1.04,1.06,102.0,0.32282171325683584,774.4213256835938,0.040199999809265134,0.0073566865
SPY,put,600.0,0.20273972602739726,2026-12-18,1.205,1.2,1.21,1.23,186.0,0.30560997131347656,774.4213256835938,0.040199999809265134,0.0073566865
SPY,put,610.0,0.20273972602739726,2026-12-18,1.35,1.34,1.36,1.37,22.0,0.29492892578124996,774.4213256835938,0.040199999809265134,0.0073566865
SPY,put,615.0,0.20273972602739726,2026-12-18,1.435,1.43,1.44,1.44,153.0,0.289496851196289,774.4213256835938,0.040199999809265134,0.0073566865
SPY,put,620.0,0.20273972602739726,2026-12-18,1.5150000000000001,1.51,1.52,1.53,158.0,0.28388167297363276,774.4213256835938,0.040199999809265134,0.0073566865
SPY,put,630.0,0.20273972602739726,2026-12-18,1.69,1.68,1.7,1.71,18.0,0.2727733856201171,774.4213256835938,0.040199999809265134,0.0073566865
SPY,put,640.0,0.20273972602739726,2026-12-18,1.895,1.89,1.9,1.92,14.0,0.2615125119018554,774.4213256835938,0.040199999809265134,0.0073566865
SPY,put,650.0,0.20273972602739726,2026-12-18,2.1550000000000002,2.15,2.16,2.17,41.0,0.2510450872802734,774.4213256835938,0.040199999809265134,0.0073566865
SPY,put,655.0,0.20273972602739726,2026-12-18,2.29,2.28,2.3,2.31,169.0,0.24564352996826172,774.4213256835938,0.040199999809265134,0.0073566865
SPY,put,660.0,0.20273972602739726,2026-12-18,2.4450000000000003,2.44,2.45,2.47,41.0,0.24024197265624997,774.4213256835938,0.040199999809265134,0.0073566865
SPY,put,665.0,0.20273972602739726,2026-12-18,2.605,2.6,2.61,2.62,44.0,0.23474886352539062,774.4213256835938,0.040199999809265134,0.0073566865
SPY,put,670.0,0.20273972602739726,2026-12-18,2.795,2.79,2.8,2.78,48.0,0.2296524789428711,774.4213256835938,0.040199999809265134,0.0073566865
SPY,put,675.0,0.20273972602739726,2026-12-18,2.975,2.97,2.98,3.0,177.0,0.22400678344726557,774.4213256835938,0.040199999809265134,0.0073566865
SPY,put,680.0,0.20273972602739726,2026-12-18,3.21,3.2,3.22,3.23,68.0,0.21918505432128904,774.4213256835938,0.040199999809265134,0.0073566865
SPY,put,685.0,0.20273972602739726,2026-12-18,3.4450000000000003,3.44,3.45,3.49,16.0,0.21378349700927735,774.4213256835938,0.040199999809265134,0.0073566865
SPY,put,690.0,0.20273972602739726,2026-12-18,3.7,3.69,3.71,3.73,178.0,0.20853452606201167,774.4213256835938,0.040199999809265134,0.0073566865
SPY,put,695.0,0.20273972602739726,2026-12-18,3.995,3.99,4.0,4.07,100.0,0.2033465896606445,774.4213256835938,0.040199999809265134,0.0073566865
SPY,put,700.0,0.20273972602739726,2026-12-18,4.3149999999999995,4.31,4.32,4.35,3415.0,0.19818917053222657,774.4213256835938,0.040199999809265134,0.0073566865
SPY,put,701.0,0.20273972602739726,2026-12-18,4.385,4.38,4.39,4.44,70.0,0.19718210052490232,774.4213256835938,0.040199999809265134,0.0073566865
SPY,put,702.0,0.20273972602739726,2026-12-18,4.4399999999999995,4.43,4.45,4.45,64.0,0.19602244415283204,774.4213256835938,0.040199999809265134,0.0073566865
SPY,put,703.0,0.20273972602739726,2026-12-18,4.52,4.51,4.53,4.58,10.0,0.1951374432373047,774.4213256835938,0.040199999809265134,0.0073566865
SPY,put,704.0,0.20273972602739726,2026-12-18,4.59,4.58,4.6,4.59,286.0,0.19406933868408205,774.4213256835938,0.040199999809265134,0.0073566865
SPY,put,705.0,0.20273972602739726,2026-12-18,4.66,4.65,4.67,4.71,14.0,0.19300123413085937,774.4213256835938,0.040199999809265134,0.0073566865
SPY,put,706.0,0.20273972602739726,2026-12-18,4.74,4.73,4.75,4.78,135.0,0.1920246813964844,774.4213256835938,0.040199999809265134,0.0073566865
SPY,put,707.0,0.20273972602739726,2026-12-18,4.8149999999999995,4.81,4.82,4.87,69.0,0.1909108009338379,774.4213256835938,0.040199999809265134,0.0073566865
SPY,put,708.0,0.20273972602739726,2026-12-18,4.890000000000001,4.88,4.9,4.99,11.0,0.1899037309265137,774.4213256835938,0.040199999809265134,0.0073566865
SPY,put,709.0,0.20273972602739726,2026-12-18,4.975,4.97,4.98,5.05,14.0,0.18888140228271483,774.4213256835938,0.040199999809265134,0.0073566865
SPY,put,710.0,0.20273972602739726,2026-12-18,5.05,5.04,5.06,5.12,59.0,0.1878285563659668,774.4213256835938,0.040199999809265134,0.0073566865
SPY,put,711.0,0.20273972602739726,2026-12-18,5.145,5.14,5.15,5.21,13.0,0.18689777954101564,774.4213256835938,0.040199999809265134,0.0073566865
SPY,put,712.0,0.20273972602739726,2026-12-18,5.225,5.22,5.23,5.28,16.0,0.18579915771484373,774.4213256835938,0.040199999809265134,0.0073566865
SPY,put,713.0,0.20273972602739726,2026-12-18,5.3100000000000005,5.3,5.32,5.39,15.0,0.1848226049804687,774.4213256835938,0.040199999809265134,0.0073566865
SPY,put,714.0,0.20273972602739726,2026-12-18,5.405,5.4,5.41,5.46,11.0,0.1838002763366699,774.4213256835938,0.040199999809265134,0.0073566865
SPY,put,715.0,0.20273972602739726,2026-12-18,5.495,5.49,5.5,5.55,232.0,0.1827779476928711,774.4213256835938,0.040199999809265134,0.0073566865
SPY,put,716.0,0.20273972602739726,2026-12-18,5.59,5.58,5.6,5.59,28.0,0.1818319122314453,774.4213256835938,0.040199999809265134,0.0073566865
SPY,put,718.0,0.20273972602739726,2026-12-18,5.779999999999999,5.77,5.79,5.85,19.0,0.17975673767089845,774.4213256835938,0.040199999809265134,0.0073566865
SPY,put,719.0,0.20273972602739726,2026-12-18,5.875,5.87,5.88,5.97,15.0,0.17864285720825196,774.4213256835938,0.040199999809265134,0.0073566865
SPY,put,720.0,0.20273972602739726,2026-12-18,5.984999999999999,5.97,6.0,5.99,1656.0,0.17783414947509768,774.4213256835938,0.040199999809265134,0.0073566865
SPY,put,721.0,0.20273972602739726,2026-12-18,6.09,6.08,6.1,6.18,140.0,0.176766044921875,774.4213256835938,0.040199999809265134,0.0073566865
SPY,put,722.0,0.20273972602739726,2026-12-18,6.195,6.19,6.2,6.29,20.0,0.17569794036865233,774.4213256835938,0.040199999809265134,0.0073566865
SPY,put,723.0,0.20273972602739726,2026-12-18,6.295,6.28,6.31,6.28,12.0,0.17469087036132813,774.4213256835938,0.040199999809265134,0.0073566865
SPY,put,724.0,0.20273972602739726,2026-12-18,6.404999999999999,6.39,6.42,6.49,18.0,0.17366854171752932,774.4213256835938,0.040199999809265134,0.0073566865
SPY,put,725.0,0.20273972602739726,2026-12-18,6.525,6.51,6.54,6.54,93.0,0.17272250625610353,774.4213256835938,0.040199999809265134,0.0073566865
SPY,put,726.0,0.20273972602739726,2026-12-18,6.645,6.63,6.66,6.75,13.0,0.17176121215820314,774.4213256835938,0.040199999809265134,0.0073566865
SPY,put,727.0,0.20273972602739726,2026-12-18,6.77,6.76,6.78,6.87,15.0,0.17075414215087892,774.4213256835938,0.040199999809265134,0.0073566865
SPY,put,729.0,0.20273972602739726,2026-12-18,7.01,7.0,7.02,7.06,117.0,0.16867896759033207,774.4213256835938,0.040199999809265134,0.0073566865
SPY,put,730.0,0.20273972602739726,2026-12-18,7.135,7.12,7.15,7.12,1111.0,0.16770241485595705,774.4213256835938,0.040199999809265134,0.0073566865
SPY,put,731.0,0.20273972602739726,2026-12-18,7.27,7.26,7.28,7.34,33.0,0.16668008621215824,774.4213256835938,0.040199999809265134,0.0073566865
SPY,put,732.0,0.20273972602739726,2026-12-18,7.4,7.39,7.41,7.39,216.0,0.16564249893188482,774.4213256835938,0.040199999809265134,0.0073566865
SPY,put,734.0,0.20273972602739726,2026-12-18,7.665,7.65,7.68,7.85,14.0,0.16358258300781253,774.4213256835938,0.040199999809265134,0.0073566865
SPY,put,735.0,0.20273972602739726,2026-12-18,7.82,7.81,7.83,7.88,165.0,0.16265180618286135,774.4213256835938,0.040199999809265134,0.0073566865
SPY,put,736.0,0.20273972602739726,2026-12-18,7.970000000000001,7.96,7.98,7.98,65.0,0.16167525344848632,774.4213256835938,0.040199999809265134,0.0073566865
SPY,put,737.0,0.20273972602739726,2026-12-18,8.120000000000001,8.11,8.13,8.11,36.0,0.16068344207763674,774.4213256835938,0.040199999809265134,0.0073566865
SPY,put,738.0,0.20273972602739726,2026-12-18,8.265,8.25,8.28,8.38,16.0,0.15964585479736326,774.4213256835938,0.040199999809265134,0.0073566865
SPY,put,739.0,0.20273972602739726,2026-12-18,8.42,8.41,8.43,8.56,14.0,0.15859300888061523,774.4213256835938,0.040199999809265134,0.0073566865
SPY,put,740.0,0.20273972602739726,2026-12-18,8.594999999999999,8.58,8.61,8.59,378.0,0.15775378387451172,774.4213256835938,0.040199999809265134,0.0073566865
SPY,put,741.0,0.20273972602739726,2026-12-18,8.774999999999999,8.76,8.79,8.77,39.0,0.1568993002319336,774.4213256835938,0.040199999809265134,0.0073566865
SPY,put,742.0,0.20273972602739726,2026-12-18,8.934999999999999,8.92,8.95,8.97,74.0,0.15583119567871095,774.4213256835938,0.040199999809265134,0.0073566865
SPY,put,743.0,0.20273972602739726,2026-12-18,9.115,9.1,9.13,9.11,21.0,0.15490041885375982,774.4213256835938,0.040199999809265134,0.0073566865
SPY,put,744.0,0.20273972602739726,2026-12-18,9.285,9.27,9.3,9.37,12.0,0.15384757293701173,774.4213256835938,0.040199999809265134,0.0073566865
SPY,put,745.0,0.20273972602739726,2026-12-18,9.45,9.44,9.46,9.48,157.0,0.15265739929199224,774.4213256835938,0.040199999809265134,0.0073566865
SPY,put,746.0,0.20273972602739726,2026-12-18,9.65,9.64,9.66,9.71,483.0,0.15180291564941406,774.4213256835938,0.040199999809265134,0.0073566865
SPY,put,747.0,0.20273972602739726,2026-12-18,9.83,9.82,9.84,9.92,17.0,0.15071955245971685,774.4213256835938,0.040199999809265134,0.0073566865
SPY,put,748.0,0.20273972602739726,2026-12-18,10.04,10.03,10.05,10.12,516.0,0.14984981018066407,774.4213256835938,0.040199999809265134,0.0073566865
SPY,put,749.0,0.20273972602739726,2026-12-18,10.225000000000001,10.21,10.24,10.25,155.0,0.14878170562744142,774.4213256835938,0.040199999809265134,0.0073566865
SPY,put,750.0,0.20273972602739726,2026-12-18,10.43,10.42,10.44,10.44,621.0,0.1477593769836426,774.4213256835938,0.040199999809265134,0.0073566865
SPY,put,751.0,0.20273972602739726,2026-12-18,10.655000000000001,10.64,10.67,10.67,346.0,0.14693541061401366,774.4213256835938,0.040199999809265134,0.0073566865
SPY,put,752.0,0.20273972602739726,2026-12-18,10.86,10.85,10.87,10.84,316.0,0.1458367887878418,774.4213256835938,0.040199999809265134,0.0073566865
SPY,put,753.0,0.20273972602739726,2026-12-18,11.09,11.08,11.1,11.25,166.0,0.14493652923583983,774.4213256835938,0.040199999809265134,0.0073566865
SPY,put,754.0,0.20273972602739726,2026-12-18,11.31,11.3,11.32,11.39,24.0,0.1438989419555664,774.4213256835938,0.040199999809265134,0.0073566865
SPY,put,755.0,0.20273972602739726,2026-12-18,11.55,11.54,11.56,11.55,110.0,0.14299868240356445,774.4213256835938,0.040199999809265134,0.0073566865
SPY,put,756.0,0.20273972602739726,2026-12-18,11.77,11.75,11.79,11.76,10.0,0.14196109512329103,774.4213256835938,0.040199999809265134,0.0073566865
SPY,put,757.0,0.20273972602739726,2026-12-18,12.035,12.02,12.05,12.19,78.0,0.1411066114807129,774.4213256835938,0.040199999809265134,0.0073566865
SPY,put,758.0,0.20273972602739726,2026-12-18,12.265,12.25,12.28,12.24,14.0,0.13999273101806642,774.4213256835938,0.040199999809265134,0.0073566865
SPY,put,759.0,0.20273972602739726,2026-12-18,12.54,12.52,12.56,12.68,96.0,0.13919928192138675,774.4213256835938,0.040199999809265134,0.0073566865
SPY,put,760.0,0.20273972602739726,2026-12-18,12.79,12.78,12.8,12.8,681.0,0.13805488418579104,774.4213256835938,0.040199999809265134,0.0073566865
SPY,put,761.0,0.20273972602739726,2026-12-18,13.07,13.05,13.09,13.2,11.0,0.13724617645263676,774.4213256835938,0.040199999809265134,0.0073566865
SPY,put,762.0,0.20273972602739726,2026-12-18,13.335,13.32,13.35,13.38,18.0,0.13616281326293944,774.4213256835938,0.040199999809265134,0.0073566865
SPY,put,763.0,0.20273972602739726,2026-12-18,13.635,13.62,13.65,13.66,20.0,0.1353388468933106,774.4213256835938,0.040199999809265134,0.0073566865
SPY,put,764.0,0.20273972602739726,2026-12-18,13.92,13.9,13.94,13.96,27.0,0.1343775527954102,774.4213256835938,0.040199999809265134,0.0073566865
SPY,put,765.0,0.20273972602739726,2026-12-18,14.225000000000001,14.21,14.24,14.26,1165.0,0.13343151733398437,774.4213256835938,0.040199999809265134,0.0073566865
SPY,put,766.0,0.20273972602739726,2026-12-18,14.515,14.5,14.53,14.57,99.0,0.13236341278076175,774.4213256835938,0.040199999809265134,0.0073566865
SPY,put,767.0,0.20273972602739726,2026-12-18,14.85,14.83,14.87,14.97,18.0,0.13161573959350586,774.4213256835938,0.040199999809265134,0.0073566865
SPY,put,768.0,0.20273972602739726,2026-12-18,15.17,15.15,15.19,15.21,22.0,0.13065444549560545,774.4213256835938,0.040199999809265134,0.0073566865
SPY,put,769.0,0.20273972602739726,2026-12-18,15.51,15.49,15.53,15.6,36.0,0.12978470321655272,774.4213256835938,0.040199999809265134,0.0073566865
SPY,put,770.0,0.20273972602739726,2026-12-18,15.84,15.82,15.86,15.82,467.0,0.1287928918457031,774.4213256835938,0.040199999809265134,0.0073566865
SPY,put,771.0,0.20273972602739726,2026-12-18,16.21,16.19,16.23,16.19,322.0,0.12801470138549803,774.4213256835938,0.040199999809265134,0.0073566865
SPY,put,772.0,0.20273972602739726,2026-12-18,16.57,16.55,16.59,16.55,104.0,0.12711444183349607,774.4213256835938,0.040199999809265134,0.0073566865
SPY,put,773.0,0.20273972602739726,2026-12-18,16.92,16.9,16.94,16.9,93.0,0.12609211318969726,774.4213256835938,0.040199999809265134,0.0073566865
SPY,put,774.0,0.20273972602739726,2026-12-18,17.32,17.3,17.34,17.27,60.0,0.12534444000244144,774.4213256835938,0.040199999809265134,0.0073566865
SPY,put,775.0,0.20273972602739726,2026-12-18,17.69,17.67,17.71,17.66,97.0,0.1243373699951172,774.4213256835938,0.040199999809265134,0.0073566865
SPY,put,776.0,0.20273972602739726,2026-12-18,18.08,18.06,18.1,18.07,14.0,0.12339133453369142,774.4213256835938,0.040199999809265134,0.0073566865
SPY,put,777.0,0.20273972602739726,2026-12-18,18.490000000000002,18.47,18.51,18.51,142.0,0.1225368508911133,774.4213256835938,0.040199999809265134,0.0073566865
SPY,put,779.0,0.20273972602739726,2026-12-18,19.354999999999997,19.33,19.38,19.35,51.0,0.12098046997070314,774.4213256835938,0.040199999809265134,0.0073566865
SPY,put,780.0,0.20273972602739726,2026-12-18,19.795,19.77,19.82,19.88,65.0,0.12012598632812499,774.4213256835938,0.040199999809265134,0.0073566865
SPY,put,781.0,0.20273972602739726,2026-12-18,20.244999999999997,20.22,20.27,20.36,44.0,0.11927150268554687,774.4213256835938,0.040199999809265134,0.0073566865
SPY,put,783.0,0.20273972602739726,2026-12-18,21.125,21.11,21.14,21.27,127.0,0.11715055221557616,774.4213256835938,0.040199999809265134,0.0073566865
SPY,put,784.0,0.20273972602739726,2026-12-18,21.65,21.63,21.67,24.24,12.0,0.11664701721191406,774.4213256835938,0.040199999809265134,0.0073566865
SPY,put,795.0,0.20273972602739726,2026-12-18,27.65,27.48,27.82,30.48,11.0,0.10845312942504884,774.4213256835938,0.040199999809265134,0.0073566865
SPY,put,810.0,0.20273972602739726,2026-12-18,38.3,38.07,38.53,41.82,100.0,0.09891648162841798,774.4213256835938,0.040199999809265134,0.0073566865
SPY,put,812.0,0.20273972602739726,2026-12-18,39.224999999999994,38.33,40.12,42.24,75.0,0.09746691116333009,774.4213256835938,0.040199999809265134,0.0073566865
SPY,put,814.0,0.20273972602739726,2026-12-18,40.915000000000006,40.02,41.81,43.64,35.0,0.09684130706787111,774.4213256835938,0.040199999809265134,0.0073566865
SPY,put,816.0,0.20273972602739726,2026-12-18,42.655,41.79,43.52,47.07,21.0,0.09604785797119142,774.4213256835938,0.040199999809265134,0.0073566865
SPY,put,820.0,0.20273972602739726,2026-12-18,47.055,45.29,48.82,48.5,10.0,0.11960719268798828,774.4213256835938,0.040199999809265134,0.0073566865
SPY,put,835.0,0.20273972602739726,2026-12-18,61.47,60.97,61.97,63.94,325.0,0.11493804992675781,774.4213256835938,0.040199999809265134,0.0073566865
SPY,put,860.0,0.20273972602739726,2026-12-18,86.84,85.14,88.54,88.71,112.0,0.17731535583496094,774.4213256835938,0.040199999809265134,0.0073566865
SPY,put,870.0,0.20273972602739726,2026-12-18,96.845,95.13,98.56,98.06,88.0,0.19162795684814454,774.4213256835938,0.040199999809265134,0.0073566865
SPY,call,480.0,0.23835616438356164,2026-12-31,297.64,295.85,299.43,294.0,20.0,0.5770916314697265,774.4213256835938,0.040199999809265134,0.0073566865
SPY,call,560.0,0.23835616438356164,2026-12-31,218.83999999999997,217.04,220.64,218.54,11.0,0.4849905017089844,774.4213256835938,0.040199999809265134,0.0073566865
SPY,call,642.0,0.23835616438356164,2026-12-31,138.945,137.1,140.79,139.9,19.0,0.3491276025390625,774.4213256835938,0.040199999809265134,0.0073566865
SPY,call,648.0,0.23835616438356164,2026-12-31,133.13,131.29,134.97,135.04,10.0,0.3390263851928711,774.4213256835938,0.040199999809265134,0.0073566865
SPY,call,651.0,0.23835616438356164,2026-12-31,125.19,123.59,126.79,118.6,100.0,0.2553785400390626,774.4213256835938,0.040199999809265134,0.0073566865
SPY,call,655.0,0.23835616438356164,2026-12-31,126.435,124.6,128.27,109.02,50.0,0.3282537878417968,774.4213256835938,0.040199999809265134,0.0073566865
SPY,call,671.0,0.23835616438356164,2026-12-31,111.18,109.37,112.99,93.14,24.0,0.3031838481140136,774.4213256835938,0.040199999809265134,0.0073566865
SPY,call,707.0,0.23835616438356164,2026-12-31,77.77,76.07,79.47,63.15,28.0,0.24988543090820312,774.4213256835938,0.040199999809265134,0.0073566865
SPY,call,720.0,0.23835616438356164,2026-12-31,66.07499999999999,64.58,67.57,64.19,30.0,0.2296372203063965,774.4213256835938,0.040199999809265134,0.0073566865
SPY,call,764.0,0.23835616438356164,2026-12-31,30.534999999999997,30.33,30.74,28.5,17.0,0.16722176780700684,774.4213256835938,0.040199999809265134,0.0073566865
SPY,call,765.0,0.23835616438356164,2026-12-31,29.855,29.73,29.98,29.44,61.0,0.1657874559783936,774.4213256835938,0.040199999809265134,0.0073566865
SPY,call,767.0,0.23835616438356164,2026-12-31,28.475,28.32,28.63,26.53,37.0,0.16394879028320314,774.4213256835938,0.040199999809265134,0.0073566865
SPY,call,769.0,0.23835616438356164,2026-12-31,27.16,27.01,27.31,26.23,12.0,0.16215590049743653,774.4213256835938,0.040199999809265134,0.0073566865
SPY,call,770.0,0.23835616438356164,2026-12-31,26.475,26.36,26.59,26.29,50.0,0.1608055111694336,774.4213256835938,0.040199999809265134,0.0073566865
SPY,call,772.0,0.23835616438356164,2026-12-31,25.174999999999997,25.02,25.33,24.88,11.0,0.15917283706665042,774.4213256835938,0.040199999809265134,0.0073566865
SPY,call,775.0,0.23835616438356164,2026-12-31,23.259999999999998,23.23,23.29,23.2,46.0,0.1554192124938965,774.4213256835938,0.040199999809265134,0.0073566865
SPY,call,777.0,0.23835616438356164,2026-12-31,22.05,22.03,22.07,20.37,100.0,0.1536339520263672,774.4213256835938,0.040199999809265134,0.0073566865
SPY,call,778.0,0.23835616438356164,2026-12-31,21.425,21.41,21.44,19.5,412.0,0.15253533020019533,774.4213256835938,0.040199999809265134,0.0073566865
SPY,call,780.0,0.23835616438356164,2026-12-31,20.295,20.27,20.32,20.22,218.0,0.1511315356445313,774.4213256835938,0.040199999809265134,0.0073566865
SPY,call,781.0,0.23835616438356164,2026-12-31,19.685000000000002,19.66,19.71,17.89,33.0,0.1500329138183594,774.4213256835938,0.040199999809265134,0.0073566865
SPY,call,782.0,0.23835616438356164,2026-12-31,19.18,19.15,19.21,17.39,23.0,0.1496056719970703,774.4213256835938,0.040199999809265134,0.0073566865
SPY,call,783.0,0.23835616438356164,2026-12-31,18.59,18.56,18.62,16.85,18.0,0.14853756744384766,774.4213256835938,0.040199999809265134,0.0073566865
SPY,call,785.0,0.23835616438356164,2026-12-31,17.525,17.5,17.55,17.35,21.0,0.14699644515991211,774.4213256835938,0.040199999809265134,0.0073566865
SPY,call,786.0,0.23835616438356164,2026-12-31,17.0,16.97,17.03,15.55,40.0,0.14624114265441893,774.4213256835938,0.040199999809265134,0.0073566865
SPY,call,787.0,0.23835616438356164,2026-12-31,16.509999999999998,16.49,16.53,14.91,36.0,0.14557739196777342,774.4213256835938,0.040199999809265134,0.0073566865
SPY,call,788.0,0.23835616438356164,2026-12-31,15.965,15.95,15.98,14.96,41.0,0.14452454605102538,774.4213256835938,0.040199999809265134,0.0073566865
SPY,call,789.0,0.23835616438356164,2026-12-31,15.48,15.45,15.51,13.93,40.0,0.1439523471832275,774.4213256835938,0.040199999809265134,0.0073566865
SPY,call,792.0,0.23835616438356164,2026-12-31,14.08,14.05,14.11,12.78,41.0,0.1420068710327148,774.4213256835938,0.040199999809265134,0.0073566865
SPY,call,793.0,0.23835616438356164,2026-12-31,13.6,13.58,13.62,12.22,77.0,0.1410913528442383,774.4213256835938,0.040199999809265134,0.0073566865
SPY,call,794.0,0.23835616438356164,2026-12-31,13.165,13.14,13.19,11.81,30.0,0.14052678329467772,774.4213256835938,0.040199999809265134,0.0073566865
SPY,call,796.0,0.23835616438356164,2026-12-31,12.315000000000001,12.3,12.33,12.16,41.0,0.1392450578308106,774.4213256835938,0.040199999809265134,0.0073566865
SPY,call,797.0,0.23835616438356164,2026-12-31,11.915,11.89,11.94,11.82,41.0,0.13881781600952148,774.4213256835938,0.040199999809265134,0.0073566865
SPY,call,798.0,0.23835616438356164,2026-12-31,11.51,11.49,11.53,10.18,17.0,0.1381769532775879,774.4213256835938,0.040199999809265134,0.0073566865
SPY,call,799.0,0.23835616438356164,2026-12-31,11.125,11.1,11.15,9.77,14.0,0.13768867691040043,774.4213256835938,0.040199999809265134,0.0073566865
SPY,call,800.0,0.23835616438356164,2026-12-31,10.715,10.69,10.74,10.61,107.0,0.13694100372314455,774.4213256835938,0.040199999809265134,0.0073566865
SPY,call,801.0,0.23835616438356164,2026-12-31,10.34,10.32,10.36,9.08,17.0,0.1363459169006348,774.4213256835938,0.040199999809265134,0.0073566865
SPY,call,804.0,0.23835616438356164,2026-12-31,9.29,9.28,9.3,8.3,29.0,0.13482005325317387,774.4213256835938,0.040199999809265134,0.0073566865
SPY,call,805.0,0.23835616438356164,2026-12-31,8.940000000000001,8.92,8.96,8.74,94.0,0.13428600097656251,774.4213256835938,0.040199999809265134,0.0073566865
SPY,call,806.0,0.23835616438356164,2026-12-31,8.625,8.6,8.65,7.57,176.0,0.13393505233764647,774.4213256835938,0.040199999809265134,0.0073566865
SPY,call,807.0,0.23835616438356164,2026-12-31,8.309999999999999,8.29,8.33,7.23,20.0,0.13344677597045895,774.4213256835938,0.040199999809265134,0.0073566865
SPY,call,808.0,0.23835616438356164,2026-12-31,8.015,8.0,8.03,6.9,18.0,0.13305005142211912,774.4213256835938,0.040199999809265134,0.0073566865
SPY,call,810.0,0.23835616438356164,2026-12-31,7.41,7.39,7.43,7.25,23.0,0.13208875732421876,774.4213256835938,0.040199999809265134,0.0073566865
SPY,call,811.0,0.23835616438356164,2026-12-31,7.145,7.13,7.16,6.17,12.0,0.13176832595825194,774.4213256835938,0.040199999809265134,0.0073566865
SPY,call,812.0,0.23835616438356164,2026-12-31,6.859999999999999,6.84,6.88,6.11,15.0,0.13131056686401366,774.4213256835938,0.040199999809265134,0.0073566865
SPY,call,813.0,0.23835616438356164,2026-12-31,6.6,6.58,6.62,6.49,41.0,0.13095961822509766,774.4213256835938,0.040199999809265134,0.0073566865
SPY,call,814.0,0.23835616438356164,2026-12-31,6.355,6.33,6.38,5.45,13.0,0.1307154800415039,774.4213256835938,0.040199999809265134,0.0073566865
SPY,call,818.0,0.23835616438356164,2026-12-31,5.42,5.4,5.44,5.21,83.0,0.12937272003173828,774.4213256835938,0.040199999809265134,0.0073566865
SPY,call,819.0,0.23835616438356164,2026-12-31,5.210000000000001,5.19,5.23,4.5,119.0,0.1291133232116699,774.4213256835938,0.040199999809265134,0.0073566865
SPY,call,820.0,0.23835616438356164,2026-12-31,4.984999999999999,4.97,5.0,4.26,408.0,0.12860978820800778,774.4213256835938,0.040199999809265134,0.0073566865
SPY,call,821.0,0.23835616438356164,2026-12-31,4.789999999999999,4.77,4.81,4.17,94.0,0.12842668457031248,774.4213256835938,0.040199999809265134,0.0073566865
SPY,call,822.0,0.23835616438356164,2026-12-31,4.585,4.57,4.6,4.0,19.0,0.12799944274902342,774.4213256835938,0.040199999809265134,0.0073566865
SPY,call,823.0,0.23835616438356164,2026-12-31,4.4,4.39,4.41,3.81,163.0,0.12769427001953126,774.4213256835938,0.040199999809265134,0.0073566865
SPY,call,824.0,0.23835616438356164,2026-12-31,4.215,4.2,4.23,3.66,123.0,0.1274501318359375,774.4213256835938,0.040199999809265134,0.0073566865
SPY,call,825.0,0.23835616438356164,2026-12-31,4.04,4.03,4.05,4.02,39.0,0.1271449591064453,774.4213256835938,0.040199999809265134,0.0073566865
SPY,call,826.0,0.23835616438356164,2026-12-31,3.875,3.86,3.89,3.27,193.0,0.12699237274169922,774.4213256835938,0.040199999809265134,0.0073566865
SPY,call,828.0,0.23835616438356164,2026-12-31,3.5549999999999997,3.54,3.57,3.09,47.0,0.1265040963745117,774.4213256835938,0.040199999809265134,0.0073566865
SPY,call,829.0,0.23835616438356164,2026-12-31,3.395,3.38,3.41,3.18,328.0,0.1261684063720703,774.4213256835938,0.040199999809265134,0.0073566865
SPY,call,830.0,0.23835616438356164,2026-12-31,3.245,3.23,3.26,3.18,11.0,0.12590900955200196,774.4213256835938,0.040199999809265134,0.0073566865
SPY,call,833.0,0.23835616438356164,2026-12-31,2.8499999999999996,2.84,2.86,2.52,70.0,0.12534444000244144,774.4213256835938,0.040199999809265134,0.0073566865
SPY,call,845.0,0.23835616438356164,2026-12-31,1.64,1.63,1.65,1.6,14.0,0.12348288635253907,774.4213256835938,0.040199999809265134,0.0073566865
SPY,call,850.0,0.23835616438356164,2026-12-31,1.295,1.29,1.3,1.24,31.0,0.12293357543945313,774.4213256835938,0.040199999809265134,0.0073566865
SPY,call,855.0,0.23835616438356164,2026-12-31,1.0150000000000001,1.01,1.02,1.03,23.0,0.12250633361816407,774.4213256835938,0.040199999809265134,0.0073566865
SPY,call,863.0,0.23835616438356164,2026-12-31,0.715,0.71,0.72,0.69,10.0,0.12311667907714845,774.4213256835938,0.040199999809265134,0.0073566865
SPY,call,865.0,0.23835616438356164,2026-12-31,0.655,0.65,0.66,0.57,111.0,0.12329978271484376,774.4213256835938,0.040199999809265134,0.0073566865
SPY,call,880.0,0.23835616438356164,2026-12-31,0.37,0.36,0.38,0.39,80.0,0.12683978637695312,774.4213256835938,0.040199999809265134,0.0073566865
SPY,call,885.0,0.23835616438356164,2026-12-31,0.31,0.3,0.32,0.2,54.0,0.1283046154785156,774.4213256835938,0.040199999809265134,0.0073566865
SPY,call,895.0,0.23835616438356164,2026-12-31,0.225,0.22,0.23,0.15,11.0,0.13123427368164062,774.4213256835938,0.040199999809265134,0.0073566865
SPY,call,905.0,0.23835616438356164,2026-12-31,0.165,0.16,0.17,0.14,50.0,0.13453013916015627,774.4213256835938,0.040199999809265134,0.0073566865
SPY,call,910.0,0.23835616438356164,2026-12-31,0.14500000000000002,0.14,0.15,0.13,15.0,0.13648324462890626,774.4213256835938,0.040199999809265134,0.0073566865
SPY,call,940.0,0.23835616438356164,2026-12-31,0.07500000000000001,0.07,0.08,0.08,15.0,0.149422568359375,774.4213256835938,0.040199999809265134,0.0073566865
SPY,put,460.0,0.23835616438356164,2026-12-31,0.405,0.4,0.41,0.41,23.0,0.4506890869140625,774.4213256835938,0.040199999809265134,0.0073566865
SPY,put,470.0,0.23835616438356164,2026-12-31,0.435,0.43,0.44,0.6,11.0,0.437505625,774.4213256835938,0.040199999809265134,0.0073566865
SPY,put,475.0,0.23835616438356164,2026-12-31,0.46499999999999997,0.46,0.47,0.47,24.0,0.43286699951171875,774.4213256835938,0.040199999809265134,0.0073566865
SPY,put,490.0,0.23835616438356164,2026-12-31,0.525,0.52,0.53,0.53,12.0,0.4145566357421875,774.4213256835938,0.040199999809265134,0.0073566865
SPY,put,500.0,0.23835616438356164,2026-12-31,0.585,0.58,0.59,0.62,33.0,0.40381455566406255,774.4213256835938,0.040199999809265134,0.0073566865
SPY,put,540.0,0.23835616438356164,2026-12-31,0.845,0.84,0.85,0.87,77.0,0.3587710607910156,774.4213256835938,0.040199999809265134,0.0073566865
SPY,put,580.0,0.23835616438356164,2026-12-31,1.24,1.23,1.25,1.26,11.0,0.3154975677490234,774.4213256835938,0.040199999809265134,0.0073566865
SPY,put,585.0,0.23835616438356164,2026-12-31,1.3,1.29,1.31,1.31,26.0,0.3100654931640625,774.4213256835938,0.040199999809265134,0.0073566865
SPY,put,590.0,0.23835616438356164,2026-12-31,1.3650000000000002,1.36,1.37,1.4,15.0,0.30445031494140623,774.4213256835938,0.040199999809265134,0.0073566865
SPY,put,595.0,0.23835616438356164,2026-12-31,1.435,1.43,1.44,1.61,20.0,0.2990792749023437,774.4213256835938,0.040199999809265134,0.0073566865
SPY,put,600.0,0.23835616438356164,2026-12-31,1.5150000000000001,1.51,1.52,1.53,54.0,0.2940134075927734,774.4213256835938,0.040199999809265134,0.0073566865
SPY,put,605.0,0.23835616438356164,2026-12-31,1.5950000000000002,1.59,1.6,1.79,12.0,0.2887034020996093,774.4213256835938,0.040199999809265134,0.0073566865
SPY,put,609.0,0.23835616438356164,2026-12-31,1.66,1.65,1.67,2.17,10.0,0.284614087524414,774.4213256835938,0.040199999809265134,0.0073566865
SPY,put,610.0,0.23835616438356164,2026-12-31,1.6749999999999998,1.67,1.68,1.68,26.0,0.2833323620605468,774.4213256835938,0.040199999809265134,0.0073566865
SPY,put,612.0,0.23835616438356164,2026-12-31,1.71,1.7,1.72,2.19,315.0,0.28137925659179686,774.4213256835938,0.040199999809265134,0.0073566865
SPY,put,613.0,0.23835616438356164,2026-12-31,1.72,1.71,1.73,2.25,65.0,0.28003649658203117,774.4213256835938,0.040199999809265134,0.0073566865
SPY,put,614.0,0.23835616438356164,2026-12-31,1.74,1.73,1.75,2.49,64.0,0.2790599438476562,774.4213256835938,0.040199999809265134,0.0073566865
SPY,put,615.0,0.23835616438356164,2026-12-31,1.7650000000000001,1.76,1.77,2.03,50.0,0.27802235656738283,774.4213256835938,0.040199999809265134,0.0073566865
SPY,put,616.0,0.23835616438356164,2026-12-31,1.7850000000000001,1.78,1.79,2.19,324.0,0.2770458038330078,774.4213256835938,0.040199999809265134,0.0073566865
SPY,put,617.0,0.23835616438356164,2026-12-31,1.8,1.79,1.81,1.82,63.0,0.27600821655273433,774.4213256835938,0.040199999809265134,0.0073566865
SPY,put,621.0,0.23835616438356164,2026-12-31,1.8849999999999998,1.88,1.89,1.98,105.0,0.2718578674316406,774.4213256835938,0.040199999809265134,0.0073566865
SPY,put,622.0,0.23835616438356164,2026-12-31,1.9049999999999998,1.9,1.91,2.34,63.0,0.27082028015136717,774.4213256835938,0.040199999809265134,0.0073566865
SPY,put,623.0,0.23835616438356164,2026-12-31,1.9249999999999998,1.92,1.93,2.34,65.0,0.26978269287109374,774.4213256835938,0.040199999809265134,0.0073566865
SPY,put,624.0,0.23835616438356164,2026-12-31,1.95,1.94,1.96,2.28,69.0,0.268989243774414,774.4213256835938,0.040199999809265134,0.0073566865
SPY,put,625.0,0.23835616438356164,2026-12-31,1.9649999999999999,1.96,1.97,2.28,66.0,0.2676464837646484,774.4213256835938,0.040199999809265134,0.0073566865
SPY,put,626.0,0.23835616438356164,2026-12-31,1.99,1.98,2.0,2.31,166.0,0.2668225173950196,774.4213256835938,0.040199999809265134,0.0073566865
SPY,put,627.0,0.23835616438356164,2026-12-31,2.005,2.0,2.01,2.27,416.0,0.26544924011230464,774.4213256835938,0.040199999809265134,0.0073566865
SPY,put,629.0,0.23835616438356164,2026-12-31,2.0549999999999997,2.05,2.06,2.59,15.0,0.26355716918945316,774.4213256835938,0.040199999809265134,0.0073566865
SPY,put,631.0,0.23835616438356164,2026-12-31,2.105,2.1,2.11,2.2,63.0,0.2615735464477539,774.4213256835938,0.040199999809265134,0.0073566865
SPY,put,632.0,0.23835616438356164,2026-12-31,2.13,2.12,2.14,2.16,122.0,0.26068854553222653,774.4213256835938,0.040199999809265134,0.0073566865
SPY,put,633.0,0.23835616438356164,2026-12-31,2.145,2.14,2.15,2.49,271.0,0.2593152682495118,774.4213256835938,0.040199999809265134,0.0073566865
SPY,put,634.0,0.23835616438356164,2026-12-31,2.175,2.17,2.18,2.22,63.0,0.25843026733398444,774.4213256835938,0.040199999809265134,0.0073566865
SPY,put,641.0,0.23835616438356164,2026-12-31,2.3600000000000003,2.35,2.37,2.73,76.0,0.2514723291015625,774.4213256835938,0.040199999809265134,0.0073566865
SPY,put,650.0,0.23835616438356164,2026-12-31,2.63,2.62,2.64,2.65,59.0,0.24246973358154295,774.4213256835938,0.040199999809265134,0.0073566865
SPY,put,653.0,0.23835616438356164,2026-12-31,2.725,2.71,2.74,3.63,14.0,0.2395095581054687,774.4213256835938,0.040199999809265134,0.0073566865
SPY,put,655.0,0.23835616438356164,2026-12-31,2.795,2.78,2.81,2.84,13.0,0.2375564526367187,774.4213256835938,0.040199999809265134,0.0073566865
SPY,put,659.0,0.23835616438356164,2026-12-31,2.9400000000000004,2.93,2.95,3.28,15.0,0.23349765533447264,774.4213256835938,0.040199999809265134,0.0073566865
SPY,put,660.0,0.23835616438356164,2026-12-31,2.9699999999999998,2.96,2.98,3.0,31.0,0.23236851623535154,774.4213256835938,0.040199999809265134,0.0073566865
SPY,put,675.0,0.23835616438356164,2026-12-31,3.62,3.61,3.63,4.11,65.0,0.21778125976562498,774.4213256835938,0.040199999809265134,0.0073566865
SPY,put,676.0,0.23835616438356164,2026-12-31,3.665,3.65,3.68,4.21,10.0,0.21680470703125,774.4213256835938,0.040199999809265134,0.0073566865
SPY,put,690.0,0.23835616438356164,2026-12-31,4.4399999999999995,4.43,4.45,4.45,13.0,0.2030108996582031,774.4213256835938,0.040199999809265134,0.0073566865
SPY,put,695.0,0.23835616438356164,2026-12-31,4.779999999999999,4.77,4.79,4.85,79.0,0.19831123962402342,774.4213256835938,0.040199999809265134,0.0073566865
SPY,put,700.0,0.23835616438356164,2026-12-31,5.140000000000001,5.12,5.16,5.13,158.0,0.19358106231689454,774.4213256835938,0.040199999809265134,0.0073566865
SPY,put,702.0,0.23835616438356164,2026-12-31,5.289999999999999,5.27,5.31,5.37,10.0,0.1915821809387207,774.4213256835938,0.040199999809265134,0.0073566865
SPY,put,710.0,0.23835616438356164,2026-12-31,5.98,5.97,5.99,6.09,26.0,0.18387656951904296,774.4213256835938,0.040199999809265134,0.0073566865
SPY,put,713.0,0.23835616438356164,2026-12-31,6.265000000000001,6.25,6.28,6.34,10.0,0.1810689804077148,774.4213256835938,0.040199999809265134,0.0073566865
SPY,put,715.0,0.23835616438356164,2026-12-31,6.460000000000001,6.44,6.48,7.12,20.0,0.17914639221191403,774.4213256835938,0.040199999809265134,0.0073566865
SPY,put,719.0,0.23835616438356164,2026-12-31,6.880000000000001,6.86,6.9,7.0,70.0,0.1753012158203125,774.4213256835938,0.040199999809265134,0.0073566865
SPY,put,720.0,0.23835616438356164,2026-12-31,6.995,6.98,7.01,7.03,344.0,0.17432466308593753,774.4213256835938,0.040199999809265134,0.0073566865
SPY,put,721.0,0.23835616438356164,2026-12-31,7.1,7.08,7.12,8.11,101.0,0.1733481103515625,774.4213256835938,0.040199999809265134,0.0073566865
SPY,put,722.0,0.23835616438356164,2026-12-31,7.220000000000001,7.2,7.24,8.01,56.0,0.17243259216308598,774.4213256835938,0.040199999809265134,0.0073566865
SPY,put,725.0,0.23835616438356164,2026-12-31,7.59,7.57,7.61,7.55,327.0,0.16964026168823243,774.4213256835938,0.040199999809265134,0.0073566865
SPY,put,730.0,0.23835616438356164,2026-12-31,8.245000000000001,8.22,8.27,8.26,223.0,0.16492534301757814,774.4213256835938,0.040199999809265134,0.0073566865
SPY,put,735.0,0.23835616438356164,2026-12-31,8.99,8.97,9.01,9.1,17.0,0.1602714588928223,774.4213256835938,0.040199999809265134,0.0073566865
SPY,put,736.0,0.23835616438356164,2026-12-31,9.135,9.12,9.15,10.44,47.0,0.159188095703125,774.4213256835938,0.040199999809265134,0.0073566865
SPY,put,738.0,0.23835616438356164,2026-12-31,9.46,9.44,9.48,10.95,48.0,0.1573723179626465,774.4213256835938,0.040199999809265134,0.0073566865
SPY,put,739.0,0.23835616438356164,2026-12-31,9.625,9.6,9.65,11.05,10.0,0.15645679977416993,774.4213256835938,0.040199999809265134,0.0073566865
SPY,put,740.0,0.23835616438356164,2026-12-31,9.81,9.8,9.82,9.79,57.0,0.15551076431274413,774.4213256835938,0.040199999809265134,0.0073566865
SPY,put,741.0,0.23835616438356164,2026-12-31,9.985,9.97,10.0,11.12,10.0,0.15462576339721684,774.4213256835938,0.040199999809265134,0.0073566865
SPY,put,742.0,0.23835616438356164,2026-12-31,10.145,10.12,10.17,10.55,40.0,0.1536186933898926,774.4213256835938,0.040199999809265134,0.0073566865
SPY,put,744.0,0.23835616438356164,2026-12-31,10.525,10.5,10.55,12.08,10.0,0.1518486915588379,774.4213256835938,0.040199999809265134,0.0073566865
SPY,put,746.0,0.23835616438356164,2026-12-31,10.91,10.89,10.93,12.4,10.0,0.14994136199951175,774.4213256835938,0.040199999809265134,0.0073566865
SPY,put,750.0,0.23835616438356164,2026-12-31,11.74,11.72,11.76,11.75,83.0,0.14626403060913085,774.4213256835938,0.040199999809265134,0.0073566865
SPY,put,751.0,0.23835616438356164,2026-12-31,11.96,11.94,11.98,12.4,41.0,0.14534851242065427,774.4213256835938,0.040199999809265134,0.0073566865
SPY,put,752.0,0.23835616438356164,2026-12-31,12.17,12.14,12.2,13.68,14.0,0.14440247695922853,774.4213256835938,0.040199999809265134,0.0073566865
SPY,put,755.0,0.23835616438356164,2026-12-31,12.89,12.87,12.91,13.0,116.0,0.14170169830322266,774.4213256835938,0.040199999809265134,0.0073566865
SPY,put,759.0,0.23835616438356164,2026-12-31,13.89,13.87,13.91,13.98,82.0,0.13794807373046875,774.4213256835938,0.040199999809265134,0.0073566865
SPY,put,760.0,0.23835616438356164,2026-12-31,14.18,14.15,14.21,14.22,150.0,0.13724617645263676,774.4213256835938,0.040199999809265134,0.0073566865
SPY,put,765.0,0.23835616438356164,2026-12-31,15.620000000000001,15.59,15.65,15.81,13.0,0.13272962005615235,774.4213256835938,0.040199999809265134,0.0073566865
SPY,put,767.0,0.23835616438356164,2026-12-31,16.225,16.2,16.25,16.45,27.0,0.1307612559509277,774.4213256835938,0.040199999809265134,0.0073566865
SPY,put,768.0,0.23835616438356164,2026-12-31,16.57,16.54,16.6,16.52,18.0,0.1300441000366211,774.4213256835938,0.040199999809265134,0.0073566865
SPY,put,770.0,0.23835616438356164,2026-12-31,17.240000000000002,17.21,17.27,17.25,467.0,0.1282740982055664,774.4213256835938,0.040199999809265134,0.0073566865
SPY,put,772.0,0.23835616438356164,2026-12-31,17.950000000000003,17.92,17.98,18.13,107.0,0.12655750160217286,774.4213256835938,0.040199999809265134,0.0073566865
SPY,put,773.0,0.23835616438356164,2026-12-31,18.29,18.26,18.32,18.27,195.0,0.12552754364013674,774.4213256835938,0.040199999809265134,0.0073566865
SPY,put,774.0,0.23835616438356164,2026-12-31,18.675,18.64,18.71,18.9,15.0,0.12476461181640625,774.4213256835938,0.040199999809265134,0.0073566865
SPY,put,775.0,0.23835616438356164,2026-12-31,19.07,19.04,19.1,19.29,49.0,0.12395590408325197,774.4213256835938,0.040199999809265134,0.0073566865
SPY,put,779.0,0.23835616438356164,2026-12-31,20.67,20.64,20.7,21.13,42.0,0.12041590042114259,774.4213256835938,0.040199999809265134,0.0073566865
SPY,put,780.0,0.23835616438356164,2026-12-31,21.135,21.1,21.17,21.53,207.0,0.119851330871582,774.4213256835938,0.040199999809265134,0.0073566865
SPY,put,781.0,0.23835616438356164,2026-12-31,21.555,21.52,21.59,21.77,13.0,0.11889003677368162,774.4213256835938,0.040199999809265134,0.0073566865
SPY,put,782.0,0.23835616438356164,2026-12-31,22.005,21.97,22.04,23.66,46.0,0.11806607040405273,774.4213256835938,0.040199999809265134,0.0073566865
SPY,put,785.0,0.23835616438356164,2026-12-31,23.415,23.38,23.45,23.56,211.0,0.11562468856811525,774.4213256835938,0.040199999809265134,0.0073566865
SPY,put,800.0,0.23835616438356164,2026-12-31,31.87,31.65,32.09,31.9,44.0,0.10497416030883788,774.4213256835938,0.040199999809265134,0.0073566865
SPY,call,50.0,0.27945205479452057,2027-01-15,723.515,721.77,725.26,725.19,20.0,2.2871136572265627,774.4213256835938,0.040199999809265134,0.0073566865
SPY,call,75.0,0.27945205479452057,2027-01-15,688.97,687.33,690.61,655.17,10.0,1.0000000000000003e-05,774.4213256835938,0.040199999809265134,0.0073566865
SPY,call,110.0,0.27945205479452057,2027-01-15,601.125,599.37,602.88,547.7,50.0,1.0000000000000003e-05,774.4213256835938,0.040199999809265134,0.0073566865
SPY,call,145.0,0.27945205479452057,2027-01-15,619.165,617.53,620.8,586.16,10.0,1.0000000000000003e-05,774.4213256835938,0.040199999809265134,0.0073566865
SPY,call,165.0,0.27945205479452057,2027-01-15,609.645,608.0,611.29,592.15,10.0,1.09375453125,774.4213256835938,0.040199999809265134,0.0073566865
SPY,call,180.0,0.27945205479452057,2027-01-15,574.04,572.37,575.71,552.99,121.0,1.0000000000000003e-05,774.4213256835938,0.040199999809265134,0.0073566865
SPY,call,205.0,0.27945205479452057,2027-01-15,462.86,461.0,464.72,436.75,75.0,1.0000000000000003e-05,774.4213256835938,0.040199999809265134,0.0073566865
SPY,call,210.0,0.27945205479452057,2027-01-15,560.29,558.58,562.0,538.22,10.0,1.0000000000000003e-05,774.4213256835938,0.040199999809265134,0.0073566865
SPY,call,215.0,0.27945205479452057,2027-01-15,453.4,451.5,455.3,408.8,75.0,1.0000000000000003e-05,774.4213256835938,0.040199999809265134,0.0073566865
SPY,call,300.0,0.27945205479452057,2027-01-15,475.865,474.21,477.52,468.0,21.0,0.8569350244140624,774.4213256835938,0.040199999809265134,0.0073566865
SPY,call,330.0,0.27945205479452057,2027-01-15,446.15999999999997,444.5,447.82,434.26,131.0,0.7995625512695312,774.4213256835938,0.040199999809265134,0.0073566865
SPY,call,350.0,0.27945205479452057,2027-01-15,426.11,424.7,427.52,414.35,258.0,0.7456080126953125,774.4213256835938,0.040199999809265134,0.0073566865
SPY,call,370.0,0.27945205479452057,2027-01-15,406.5,404.75,408.25,394.59,22.0,0.7219266088867188,774.4213256835938,0.040199999809265134,0.0073566865
SPY,call,385.0,0.27945205479452057,2027-01-15,391.67,389.92,393.42,380.3,20.0,0.6960479614257813,774.4213256835938,0.040199999809265134,0.0073566865
SPY,call,465.0,0.27945205479452057,2027-01-15,312.71500000000003,310.99,314.44,298.56,12.0,0.5660443786621094,774.4213256835938,0.040199999809265134,0.0073566865
SPY,call,485.0,0.27945205479452057,2027-01-15,293.055,291.37,294.74,295.01,16.0,0.5363205548095704,774.4213256835938,0.040199999809265134,0.0073566865
SPY,call,495.0,0.27945205479452057,2027-01-15,283.255,281.56,284.95,284.0,28.0,0.5222215747070311,774.4213256835938,0.040199999809265134,0.0073566865
SPY,call,595.0,0.27945205479452057,2027-01-15,185.78,184.16,187.4,184.8,10.0,0.4084226638793945,774.4213256835938,0.040199999809265134,0.0073566865
SPY,call,600.0,0.27945205479452057,2027-01-15,180.875,179.15,182.6,179.95,15.0,0.4014952429199219,774.4213256835938,0.040199999809265134,0.0073566865
SPY,call,700.0,0.27945205479452057,2027-01-15,86.53,84.93,88.13,86.58,22.0,0.2596662168884278,774.4213256835938,0.040199999809265134,0.0073566865
SPY,call,745.0,0.27945205479452057,2027-01-15,48.06,47.89,48.23,45.12,18.0,0.19481701187133788,774.4213256835938,0.040199999809265134,0.0073566865
SPY,call,750.0,0.27945205479452057,2027-01-15,44.14,44.02,44.26,44.0,17.0,0.1889576954650879,774.4213256835938,0.040199999809265134,0.0073566865
SPY,call,760.0,0.27945205479452057,2027-01-15,36.599999999999994,36.55,36.65,36.41,65.0,0.17762052856445312,774.4213256835938,0.040199999809265134,0.0073566865
SPY,call,765.0,0.27945205479452057,2027-01-15,33.03,32.94,33.12,33.0,20.0,0.1726919889831543,774.4213256835938,0.040199999809265134,0.0073566865
SPY,call,770.0,0.27945205479452057,2027-01-15,29.655,29.59,29.72,29.5,147.0,0.16780922531127934,774.4213256835938,0.040199999809265134,0.0073566865
SPY,call,775.0,0.27945205479452057,2027-01-15,26.405,26.32,26.49,26.36,181.0,0.16315534118652347,774.4213256835938,0.040199999809265134,0.0073566865
SPY,call,780.0,0.27945205479452057,2027-01-15,23.335,23.31,23.36,23.25,159.0,0.15822680160522462,774.4213256835938,0.040199999809265134,0.0073566865
SPY,call,785.0,0.27945205479452057,2027-01-15,20.485,20.47,20.5,20.5,106.0,0.1540001593017578,774.4213256835938,0.040199999809265134,0.0073566865
SPY,call,790.0,0.27945205479452057,2027-01-15,17.87,17.85,17.89,17.84,146.0,0.15030756927490235,774.4213256835938,0.040199999809265134,0.0073566865
SPY,call,795.0,0.27945205479452057,2027-01-15,15.425,15.41,15.44,15.39,97.0,0.14652342742919922,774.4213256835938,0.040199999809265134,0.0073566865
SPY,call,800.0,0.27945205479452057,2027-01-15,13.265,13.25,13.28,13.25,458.0,0.14345644149780273,774.4213256835938,0.040199999809265134,0.0073566865
SPY,call,805.0,0.27945205479452057,2027-01-15,11.325,11.31,11.34,11.26,97.0,0.14068699897766115,774.4213256835938,0.040199999809265134,0.0073566865
SPY,call,810.0,0.27945205479452057,2027-01-15,9.6,9.58,9.62,9.54,104.0,0.13822272918701173,774.4213256835938,0.040199999809265134,0.0073566865
SPY,call,815.0,0.27945205479452057,2027-01-15,8.08,8.06,8.1,8.04,49.0,0.13597970962524414,774.4213256835938,0.040199999809265134,0.0073566865
SPY,call,820.0,0.27945205479452057,2027-01-15,6.755,6.74,6.77,6.61,91.0,0.13395031097412108,774.4213256835938,0.040199999809265134,0.0073566865
SPY,call,825.0,0.27945205479452057,2027-01-15,5.625,5.61,5.64,5.47,15.0,0.1323176368713379,774.4213256835938,0.040199999809265134,0.0073566865
SPY,call,830.0,0.27945205479452057,2027-01-15,4.65,4.64,4.66,4.65,31.0,0.1307765145874023,774.4213256835938,0.040199999809265134,0.0073566865
SPY,call,850.0,0.27945205479452057,2027-01-15,2.0700000000000003,2.06,2.08,2.0,41.0,0.1267787518310547,774.4213256835938,0.040199999809265134,0.0073566865
SPY,call,855.0,0.27945205479452057,2027-01-15,1.68,1.67,1.69,1.62,12.0,0.12629047546386718,774.4213256835938,0.040199999809265134,0.0073566865
SPY,call,860.0,0.27945205479452057,2027-01-15,1.35,1.34,1.36,1.33,111.0,0.12571064727783204,774.4213256835938,0.040199999809265134,0.0073566865
SPY,call,865.0,0.27945205479452057,2027-01-15,1.0950000000000002,1.09,1.1,1.01,58.0,0.12549702636718751,774.4213256835938,0.040199999809265134,0.0073566865
SPY,call,870.0,0.27945205479452057,2027-01-15,0.895,0.88,0.91,0.83,12.0,0.12592426818847657,774.4213256835938,0.040199999809265134,0.0073566865
SPY,call,875.0,0.27945205479452057,2027-01-15,0.72,0.71,0.73,0.64,10.0,0.12574116455078127,774.4213256835938,0.040199999809265134,0.0073566865
SPY,call,880.0,0.27945205479452057,2027-01-15,0.6,0.59,0.61,0.61,10.0,0.12647357910156248,774.4213256835938,0.040199999809265134,0.0073566865
SPY,call,895.0,0.27945205479452057,2027-01-15,0.355,0.35,0.36,0.26,10.0,0.12915909912109375,774.4213256835938,0.040199999809265134,0.0073566865
SPY,call,900.0,0.27945205479452057,2027-01-15,0.295,0.29,0.3,0.3,413.0,0.129891513671875,774.4213256835938,0.040199999809265134,0.0073566865
SPY,call,920.0,0.27945205479452057,2027-01-15,0.16999999999999998,0.16,0.18,0.12,500.0,0.13660531372070314,774.4213256835938,0.040199999809265134,0.0073566865
SPY,call,925.0,0.27945205479452057,2027-01-15,0.14500000000000002,0.14,0.15,0.14,10.0,0.13721565917968753,774.4213256835938,0.040199999809265134,0.0073566865
SPY,call,935.0,0.27945205479452057,2027-01-15,0.11499999999999999,0.11,0.12,0.11,85.0,0.14087773193359376,774.4213256835938,0.040199999809265134,0.0073566865
SPY,call,945.0,0.27945205479452057,2027-01-15,0.095,0.09,0.1,0.1,116.0,0.14478394287109375,774.4213256835938,0.040199999809265134,0.0073566865
SPY,call,955.0,0.27945205479452057,2027-01-15,0.07500000000000001,0.07,0.08,0.07,20.0,0.14795773925781253,774.4213256835938,0.040199999809265134,0.0073566865
SPY,call,960.0,0.27945205479452057,2027-01-15,0.07,0.06,0.08,0.08,60.0,0.15137567382812503,774.4213256835938,0.040199999809265134,0.0073566865
SPY,call,970.0,0.27945205479452057,2027-01-15,0.060000000000000005,0.05,0.07,0.07,24.0,0.1557701611328125,774.4213256835938,0.040199999809265134,0.0073566865
SPY,call,975.0,0.27945205479452057,2027-01-15,0.055,0.05,0.06,0.07,35.0,0.1562584375,774.4213256835938,0.040199999809265134,0.0073566865
SPY,call,980.0,0.27945205479452057,2027-01-15,0.055,0.05,0.06,0.05,310.0,0.159188095703125,774.4213256835938,0.040199999809265134,0.0073566865
SPY,call,985.0,0.27945205479452057,2027-01-15,0.045,0.04,0.05,0.06,31.0,0.1596763720703125,774.4213256835938,0.040199999809265134,0.0073566865
SPY,call,1020.0,0.27945205479452057,2027-01-15,0.035,0.03,0.04,0.04,250.0,0.176766044921875,774.4213256835938,0.040199999809265134,0.0073566865
SPY,put,140.0,0.27945205479452057,2027-01-15,0.015,0.01,0.02,0.02,20.0,0.9531254687499999,774.4213256835938,0.040199999809265134,0.0073566865
SPY,put,150.0,0.27945205479452057,2027-01-15,0.015,0.01,0.02,0.03,11.0,0.914063359375,774.4213256835938,0.040199999809265134,0.0073566865
SPY,put,155.0,0.27945205479452057,2027-01-15,0.015,0.01,0.02,0.02,21.0,0.8984385156249999,774.4213256835938,0.040199999809265134,0.0073566865
SPY,put,165.0,0.27945205479452057,2027-01-15,0.015,0.01,0.02,0.05,11.0,0.85937640625,774.4213256835938,0.040199999809265134,0.0073566865
SPY,put,170.0,0.27945205479452057,2027-01-15,0.025,0.02,0.03,0.02,71.0,0.87500125,774.4213256835938,0.040199999809265134,0.0073566865
SPY,put,180.0,0.27945205479452057,2027-01-15,0.025,0.02,0.03,0.04,144.0,0.8437515624999999,774.4213256835938,0.040199999809265134,0.0073566865
SPY,put,190.0,0.27945205479452057,2027-01-15,0.025,0.02,0.03,0.04,129.0,0.8125018749999999,774.4213256835938,0.040199999809265134,0.0073566865
SPY,put,210.0,0.27945205479452057,2027-01-15,0.035,0.03,0.04,0.04,148.0,0.7773459765625,774.4213256835938,0.040199999809265134,0.0073566865
SPY,put,220.0,0.27945205479452057,2027-01-15,0.055,0.05,0.06,0.05,192.0,0.77929908203125,774.4213256835938,0.040199999809265134,0.0073566865
SPY,put,225.0,0.27945205479452057,2027-01-15,0.055,0.05,0.06,0.06,55.0,0.7656273437500001,774.4213256835938,0.040199999809265134,0.0073566865
SPY,put,235.0,0.27945205479452057,2027-01-15,0.055,0.05,0.06,0.08,45.0,0.7382838671874999,774.4213256835938,0.040199999809265134,0.0073566865
SPY,put,240.0,0.27945205479452057,2027-01-15,0.065,0.06,0.07,0.07,10.0,0.73633076171875,774.4213256835938,0.040199999809265134,0.0073566865
SPY,put,245.0,0.27945205479452057,2027-01-15,0.065,0.06,0.07,0.08,20.0,0.7246121289062499,774.4213256835938,0.040199999809265134,0.0073566865
SPY,put,250.0,0.27945205479452057,2027-01-15,0.065,0.06,0.07,0.07,30.0,0.7128934960937501,774.4213256835938,0.040199999809265134,0.0073566865
SPY,put,255.0,0.27945205479452057,2027-01-15,0.07500000000000001,0.07,0.08,0.1,159.0,0.70898728515625,774.4213256835938,0.040199999809265134,0.0073566865
SPY,put,265.0,0.27945205479452057,2027-01-15,0.08499999999999999,0.08,0.09,0.1,10.0,0.69336244140625,774.4213256835938,0.040199999809265134,0.0073566865
SPY,put,270.0,0.27945205479452057,2027-01-15,0.08499999999999999,0.08,0.09,0.11,25.0,0.6816438085937502,774.4213256835938,0.040199999809265134,0.0073566865
SPY,put,280.0,0.27945205479452057,2027-01-15,0.095,0.09,0.1,0.12,10.0,0.6660189648437502,774.4213256835938,0.040199999809265134,0.0073566865
SPY,put,285.0,0.27945205479452057,2027-01-15,0.10500000000000001,0.1,0.11,0.12,10.0,0.6601596484375001,774.4213256835938,0.040199999809265134,0.0073566865
SPY,put,290.0,0.27945205479452057,2027-01-15,0.11499999999999999,0.11,0.12,0.11,40.0,0.6552768847656252,774.4213256835938,0.040199999809265134,0.0073566865
SPY,put,295.0,0.27945205479452057,2027-01-15,0.11499999999999999,0.11,0.12,0.12,1386.0,0.6445348046875,774.4213256835938,0.040199999809265134,0.0073566865
SPY,put,300.0,0.27945205479452057,2027-01-15,0.125,0.12,0.13,0.13,2560.0,0.63867548828125,774.4213256835938,0.040199999809265134,0.0073566865
SPY,put,305.0,0.27945205479452057,2027-01-15,0.135,0.13,0.14,0.13,10.0,0.632816171875,774.4213256835938,0.040199999809265134,0.0073566865
SPY,put,310.0,0.27945205479452057,2027-01-15,0.135,0.13,0.14,0.17,10.0,0.622074091796875,774.4213256835938,0.040199999809265134,0.0073566865
SPY,put,315.0,0.27945205479452057,2027-01-15,0.14500000000000002,0.14,0.15,0.14,492.0,0.6162147753906251,774.4213256835938,0.040199999809265134,0.0073566865
SPY,put,320.0,0.27945205479452057,2027-01-15,0.155,0.15,0.16,0.15,50.0,0.6103554589843752,774.4213256835938,0.040199999809265134,0.0073566865
SPY,put,325.0,0.27945205479452057,2027-01-15,0.165,0.16,0.17,0.16,36.0,0.6035195898437502,774.4213256835938,0.040199999809265134,0.0073566865
SPY,put,330.0,0.27945205479452057,2027-01-15,0.175,0.17,0.18,0.17,30.0,0.5976602734375001,774.4213256835938,0.040199999809265134,0.0073566865
SPY,put,335.0,0.27945205479452057,2027-01-15,0.175,0.17,0.18,0.19,30.0,0.5874064697265625,774.4213256835938,0.040199999809265134,0.0073566865
SPY,put,340.0,0.27945205479452057,2027-01-15,0.185,0.18,0.19,0.19,30.0,0.5810588769531251,774.4213256835938,0.040199999809265134,0.0073566865
SPY,put,345.0,0.27945205479452057,2027-01-15,0.195,0.19,0.2,0.2,30.0,0.5742230078125,774.4213256835938,0.040199999809265134,0.0073566865
SPY,put,350.0,0.27945205479452057,2027-01-15,0.20500000000000002,0.2,0.21,0.22,30.0,0.5678754150390625,774.4213256835938,0.040199999809265134,0.0073566865
SPY,put,360.0,0.27945205479452057,2027-01-15,0.235,0.23,0.24,0.29,11.0,0.5571333349609376,774.4213256835938,0.040199999809265134,0.0073566865
SPY,put,375.0,0.27945205479452057,2027-01-15,0.265,0.26,0.27,0.28,20.0,0.5363815893554689,774.4213256835938,0.040199999809265134,0.0073566865
SPY,put,400.0,0.27945205479452057,2027-01-15,0.335,0.33,0.34,0.35,2010.0,0.5053760400390624,774.4213256835938,0.040199999809265134,0.0073566865
SPY,put,405.0,0.27945205479452057,2027-01-15,0.355,0.35,0.36,0.4,14.0,0.500005,774.4213256835938,0.040199999809265134,0.0073566865
SPY,put,450.0,0.27945205479452057,2027-01-15,0.535,0.53,0.54,0.55,3592.0,0.4480035668945312,774.4213256835938,0.040199999809265134,0.0073566865
SPY,put,475.0,0.27945205479452057,2027-01-15,0.665,0.66,0.67,0.81,282.0,0.4195614685058594,774.4213256835938,0.040199999809265134,0.0073566865
SPY,put,480.0,0.27945205479452057,2027-01-15,0.685,0.68,0.69,0.69,51.0,0.41309180664062495,774.4213256835938,0.040199999809265134,0.0073566865
SPY,put,490.0,0.27945205479452057,2027-01-15,0.745,0.74,0.75,0.77,60.0,0.4018614501953125,774.4213256835938,0.040199999809265134,0.0073566865
SPY,put,500.0,0.27945205479452057,2027-01-15,0.815,0.81,0.82,0.83,11.0,0.39111937011718745,774.4213256835938,0.040199999809265134,0.0073566865
SPY,put,510.0,0.27945205479452057,2027-01-15,0.895,0.89,0.9,0.9,11.0,0.3806214282226562,774.4213256835938,0.040199999809265134,0.0073566865
SPY,put,520.0,0.27945205479452057,2027-01-15,0.97,0.96,0.98,1.09,16.0,0.3698793481445312,774.4213256835938,0.040199999809265134,0.0073566865
SPY,put,535.0,0.27945205479452057,2027-01-15,1.105,1.1,1.11,1.24,20.0,0.35352208984374994,774.4213256835938,0.040199999809265134,0.0073566865
SPY,put,540.0,0.27945205479452057,2027-01-15,1.1549999999999998,1.15,1.16,1.16,22.0,0.3482731188964844,774.4213256835938,0.040199999809265134,0.0073566865
SPY,put,545.0,0.27945205479452057,2027-01-15,1.205,1.2,1.21,1.23,276.0,0.34290207885742185,774.4213256835938,0.040199999809265134,0.0073566865
SPY,put,565.0,0.27945205479452057,2027-01-15,1.435,1.43,1.44,1.44,38.0,0.3218451605224609,774.4213256835938,0.040199999809265134,0.0073566865
SPY,put,570.0,0.27945205479452057,2027-01-15,1.5,1.49,1.51,1.5,10.0,0.316840327758789,774.4213256835938,0.040199999809265134,0.0073566865
SPY,put,575.0,0.27945205479452057,2027-01-15,1.565,1.56,1.57,1.57,22.0,0.3113472186279296,774.4213256835938,0.040199999809265134,0.0073566865
SPY,put,585.0,0.27945205479452057,2027-01-15,1.7149999999999999,1.71,1.72,1.73,23.0,0.30103238037109376,774.4213256835938,0.040199999809265134,0.0073566865
SPY,put,600.0,0.27945205479452057,2027-01-15,1.98,1.97,1.99,2.0,133.0,0.28613995117187496,774.4213256835938,0.040199999809265134,0.0073566865
SPY,put,605.0,0.27945205479452057,2027-01-15,2.075,2.07,2.08,2.37,14.0,0.28089098022460934,774.4213256835938,0.040199999809265134,0.0073566865
SPY,put,615.0,0.27945205479452057,2027-01-15,2.295,2.29,2.3,2.57,66.0,0.27103390106201175,774.4213256835938,0.040199999809265134,0.0073566865
SPY,put,620.0,0.27945205479452057,2027-01-15,2.415,2.4,2.43,2.43,32.0,0.26636475830078127,774.4213256835938,0.040199999809265134,0.0073566865
SPY,put,630.0,0.27945205479452057,2027-01-15,2.675,2.67,2.68,2.69,57.0,0.25623302368164064,774.4213256835938,0.040199999809265134,0.0073566865
SPY,put,640.0,0.27945205479452057,2027-01-15,2.99,2.98,3.0,3.0,29.0,0.2468947381591797,774.4213256835938,0.040199999809265134,0.0073566865
SPY,put,650.0,0.27945205479452057,2027-01-15,3.3449999999999998,3.33,3.36,3.39,18.0,0.23743438354492186,774.4213256835938,0.040199999809265134,0.0073566865
SPY,put,655.0,0.27945205479452057,2027-01-15,3.54,3.53,3.55,3.55,20.0,0.23255161987304687,774.4213256835938,0.040199999809265134,0.0073566865
SPY,put,660.0,0.27945205479452057,2027-01-15,3.75,3.74,3.76,3.77,780.0,0.22779092529296874,774.4213256835938,0.040199999809265134,0.0073566865
SPY,put,665.0,0.27945205479452057,2027-01-15,3.975,3.97,3.98,4.58,11.0,0.22296919616699218,774.4213256835938,0.040199999809265134,0.0073566865
SPY,put,670.0,0.27945205479452057,2027-01-15,4.225,4.21,4.24,4.28,70.0,0.21845263977050777,774.4213256835938,0.040199999809265134,0.0073566865
SPY,put,680.0,0.27945205479452057,2027-01-15,4.8,4.79,4.81,4.84,21.0,0.20926694061279294,774.4213256835938,0.040199999809265134,0.0073566865
SPY,put,685.0,0.27945205479452057,2027-01-15,5.115,5.1,5.13,5.14,15.0,0.20468934967041014,774.4213256835938,0.040199999809265134,0.0073566865
SPY,put,690.0,0.27945205479452057,2027-01-15,5.455,5.44,5.47,5.46,133.0,0.20002020690917968,774.4213256835938,0.040199999809265134,0.0073566865
SPY,put,695.0,0.27945205479452057,2027-01-15,5.835,5.82,5.85,5.88,27.0,0.19547313323974608,774.4213256835938,0.040199999809265134,0.0073566865
SPY,put,700.0,0.27945205479452057,2027-01-15,6.245,6.23,6.26,6.28,269.0,0.1909108009338379,774.4213256835938,0.040199999809265134,0.0073566865
SPY,put,705.0,0.27945205479452057,2027-01-15,6.6899999999999995,6.68,6.7,6.76,65.0,0.18628743408203124,774.4213256835938,0.040199999809265134,0.0073566865
SPY,put,710.0,0.27945205479452057,2027-01-15,7.17,7.15,7.19,7.22,23.0,0.18174036041259767,774.4213256835938,0.040199999809265134,0.0073566865
SPY,put,720.0,0.27945205479452057,2027-01-15,8.295,8.28,8.31,8.33,899.0,0.1726767303466797,774.4213256835938,0.040199999809265134,0.0073566865
SPY,put,725.0,0.27945205479452057,2027-01-15,8.945,8.94,8.95,9.05,35.0,0.1681296566772461,774.4213256835938,0.040199999809265134,0.0073566865
SPY,put,730.0,0.27945205479452057,2027-01-15,9.645,9.63,9.66,9.68,242.0,0.16362835891723637,774.4213256835938,0.040199999809265134,0.0073566865
SPY,put,735.0,0.27945205479452057,2027-01-15,10.435,10.41,10.46,10.45,432.0,0.15927964752197266,774.4213256835938,0.040199999809265134,0.0073566865
SPY,put,740.0,0.27945205479452057,2027-01-15,11.305,11.29,11.32,11.33,133.0,0.15477834976196292,774.4213256835938,0.040199999809265134,0.0073566865
SPY,put,745.0,0.27945205479452057,2027-01-15,12.26,12.23,12.29,12.34,39.0,0.15042963836669926,774.4213256835938,0.040199999809265134,0.0073566865
SPY,put,750.0,0.27945205479452057,2027-01-15,13.315,13.29,13.34,13.47,1625.0,0.14593596992492672,774.4213256835938,0.040199999809265134,0.0073566865
SPY,put,755.0,0.27945205479452057,2027-01-15,14.5,14.48,14.52,14.45,24.0,0.1415643705749512,774.4213256835938,0.040199999809265134,0.0073566865
SPY,put,760.0,0.27945205479452057,2027-01-15,15.805,15.78,15.83,15.91,1407.0,0.13720802986145023,774.4213256835938,0.040199999809265134,0.0073566865
SPY,put,765.0,0.27945205479452057,2027-01-15,17.28,17.26,17.3,17.47,139.0,0.1329737582397461,774.4213256835938,0.040199999809265134,0.0073566865
SPY,put,770.0,0.27945205479452057,2027-01-15,18.905,18.88,18.93,18.89,190.0,0.1287623745727539,774.4213256835938,0.040199999809265134,0.0073566865
SPY,put,775.0,0.27945205479452057,2027-01-15,20.71,20.68,20.74,20.69,219.0,0.12458150817871094,774.4213256835938,0.040199999809265134,0.0073566865
SPY,put,780.0,0.27945205479452057,2027-01-15,22.689999999999998,22.65,22.73,22.67,133.0,0.12033960723876952,774.4213256835938,0.040199999809265134,0.0073566865
SPY,put,785.0,0.27945205479452057,2027-01-15,24.97,24.93,25.01,25.18,90.0,0.11658598266601564,774.4213256835938,0.040199999809265134,0.0073566865
SPY,put,790.0,0.27945205479452057,2027-01-15,27.415,27.3,27.53,27.83,12.0,0.11293916854858399,774.4213256835938,0.040199999809265134,0.0073566865
SPY,put,795.0,0.27945205479452057,2027-01-15,30.1,29.98,30.22,30.3,20.0,0.10886511260986328,774.4213256835938,0.040199999809265134,0.0073566865
SPY,put,800.0,0.27945205479452057,2027-01-15,33.065,32.91,33.22,33.17,90.0,0.10518778121948241,774.4213256835938,0.040199999809265134,0.0073566865
SPY,put,820.0,0.27945205479452057,2027-01-15,47.739999999999995,46.19,49.29,51.4,255.0,0.10685097259521485,774.4213256835938,0.040199999809265134,0.0073566865
SPY,put,825.0,0.27945205479452057,2027-01-15,52.175,50.43,53.92,55.68,129.0,0.11029942443847655,774.4213256835938,0.040199999809265134,0.0073566865
SPY,put,840.0,0.27945205479452057,2027-01-15,66.65,64.94,68.36,72.52,10.0,0.12407797317504884,774.4213256835938,0.040199999809265134,0.0073566865
SPY,call,490.0,0.3178082191780822,2027-01-29,289.155,287.49,290.82,286.5,15.0,0.5224046783447265,774.4213256835938,0.040199999809265134,0.0073566865
SPY,call,495.0,0.3178082191780822,2027-01-29,284.245,282.56,285.93,281.69,70.0,0.5148363946533203,774.4213256835938,0.040199999809265134,0.0073566865
SPY,call,655.0,0.3178082191780822,2027-01-29,130.005,128.31,131.7,119.96,15.0,0.3193427441406249,774.4213256835938,0.040199999809265134,0.0073566865
SPY,call,701.0,0.3178082191780822,2027-01-29,87.82,86.17,89.47,78.12,11.0,0.2597119927978516,774.4213256835938,0.040199999809265134,0.0073566865
SPY,call,716.0,0.3178082191780822,2027-01-29,74.055,73.16,74.95,76.94,43.0,0.23186498123168942,774.4213256835938,0.040199999809265134,0.0073566865
SPY,call,740.0,0.3178082191780822,2027-01-29,54.595,54.4,54.79,54.43,28.0,0.20432314239501947,774.4213256835938,0.040199999809265134,0.0073566865
SPY,call,750.0,0.3178082191780822,2027-01-29,46.64,46.48,46.8,46.56,153.0,0.19280287185668943,774.4213256835938,0.040199999809265134,0.0073566865
SPY,call,758.0,0.3178082191780822,2027-01-29,40.675,40.48,40.87,37.53,30.0,0.18497519134521478,774.4213256835938,0.040199999809265134,0.0073566865
SPY,call,765.0,0.3178082191780822,2027-01-29,35.65,35.51,35.79,33.49,118.0,0.1775594940185547,774.4213256835938,0.040199999809265134,0.0073566865
SPY,call,774.0,0.3178082191780822,2027-01-29,29.675,29.53,29.82,27.42,156.0,0.1694113821411133,774.4213256835938,0.040199999809265134,0.0073566865
SPY,call,776.0,0.3178082191780822,2027-01-29,28.36,28.2,28.52,26.41,21.0,0.16744301803588868,774.4213256835938,0.040199999809265134,0.0073566865
SPY,call,778.0,0.3178082191780822,2027-01-29,27.130000000000003,27.1,27.16,24.9,14.0,0.16500163619995117,774.4213256835938,0.040199999809265134,0.0073566865
SPY,call,779.0,0.3178082191780822,2027-01-29,26.53,26.51,26.55,24.7,12.0,0.16413952323913575,774.4213256835938,0.040199999809265134,0.0073566865
SPY,call,790.0,0.3178082191780822,2027-01-29,20.34,20.31,20.37,20.0,149.0,0.15549550567626952,774.4213256835938,0.040199999809265134,0.0073566865
SPY,call,795.0,0.3178082191780822,2027-01-29,17.814999999999998,17.79,17.84,17.61,40.0,0.15175713973999022,774.4213256835938,0.040199999809265134,0.0073566865
SPY,call,800.0,0.3178082191780822,2027-01-29,15.55,15.52,15.58,15.47,834.0,0.14867489517211913,774.4213256835938,0.040199999809265134,0.0073566865
SPY,call,805.0,0.3178082191780822,2027-01-29,13.42,13.4,13.44,13.34,310.0,0.1453332537841797,774.4213256835938,0.040199999809265134,0.0073566865
SPY,call,825.0,0.3178082191780822,2027-01-29,7.13,7.12,7.14,7.1,53.0,0.13619333053588867,774.4213256835938,0.040199999809265134,0.0073566865
SPY,call,840.0,0.3178082191780822,2027-01-29,4.220000000000001,4.21,4.23,4.09,195.0,0.1319514295959473,774.4213256835938,0.040199999809265134,0.0073566865
SPY,call,845.0,0.3178082191780822,2027-01-29,3.495,3.48,3.51,3.38,138.0,0.1307459973144531,774.4213256835938,0.040199999809265134,0.0073566865
SPY,call,885.0,0.3178082191780822,2027-01-29,0.75,0.74,0.76,0.8,30.0,0.12769427001953126,774.4213256835938,0.040199999809265134,0.0073566865
SPY,call,890.0,0.3178082191780822,2027-01-29,0.625,0.62,0.63,0.58,16.0,0.127938408203125,774.4213256835938,0.040199999809265134,0.0073566865
SPY,call,900.0,0.3178082191780822,2027-01-29,0.45,0.44,0.46,0.41,100.0,0.1297694445800781,774.4213256835938,0.040199999809265134,0.0073566865
SPY,put,485.0,0.3178082191780822,2027-01-29,0.885,0.88,0.89,0.9,300.0,0.3942931665039063,774.4213256835938,0.040199999809265134,0.0073566865
SPY,put,490.0,0.3178082191780822,2027-01-29,0.925,0.92,0.93,0.93,304.0,0.3891662646484375,774.4213256835938,0.040199999809265134,0.0073566865
SPY,put,495.0,0.3178082191780822,2027-01-29,0.96,0.95,0.97,0.97,300.0,0.3839172937011719,774.4213256835938,0.040199999809265134,0.0073566865
SPY,put,500.0,0.3178082191780822,2027-01-29,1.005,1.0,1.01,1.02,302.0,0.3786683227539062,774.4213256835938,0.040199999809265134,0.0073566865
SPY,put,505.0,0.3178082191780822,2027-01-29,1.045,1.04,1.05,1.07,52.0,0.37329728271484375,774.4213256835938,0.040199999809265134,0.0073566865
SPY,put,510.0,0.3178082191780822,2027-01-29,1.09,1.08,1.1,1.37,300.0,0.3684145190429688,774.4213256835938,0.040199999809265134,0.0073566865
SPY,put,515.0,0.3178082191780822,2027-01-29,1.1349999999999998,1.13,1.14,1.42,300.0,0.36286037536621096,774.4213256835938,0.040199999809265134,0.0073566865
SPY,put,520.0,0.3178082191780822,2027-01-29,1.185,1.18,1.19,1.47,300.0,0.3577945080566406,774.4213256835938,0.040199999809265134,0.0073566865
SPY,put,525.0,0.3178082191780822,2027-01-29,1.23,1.22,1.24,1.54,301.0,0.3526676062011719,774.4213256835938,0.040199999809265134,0.0073566865
SPY,put,530.0,0.3178082191780822,2027-01-29,1.29,1.28,1.3,1.35,34.0,0.3478458770751953,774.4213256835938,0.040199999809265134,0.0073566865
SPY,put,580.0,0.3178082191780822,2027-01-29,1.98,1.97,1.99,2.07,10.0,0.2978280667114257,774.4213256835938,0.040199999809265134,0.0073566865
SPY,put,590.0,0.3178082191780822,2027-01-29,2.16,2.15,2.17,2.26,20.0,0.28790995300292954,774.4213256835938,0.040199999809265134,0.0073566865
SPY,put,610.0,0.3178082191780822,2027-01-29,2.615,2.6,2.63,2.86,22.0,0.26914183013916015,774.4213256835938,0.040199999809265134,0.0073566865
SPY,put,640.0,0.3178082191780822,2027-01-29,3.5599999999999996,3.55,3.57,4.09,487.0,0.2415236981201172,774.4213256835938,0.040199999809265134,0.0073566865
SPY,put,668.0,0.3178082191780822,2027-01-29,4.865,4.85,4.88,5.55,37.0,0.21649953430175778,774.4213256835938,0.040199999809265134,0.0073566865
SPY,put,677.0,0.3178082191780822,2027-01-29,5.41,5.39,5.43,5.66,15.0,0.20859556060791012,774.4213256835938,0.040199999809265134,0.0073566865
SPY,put,678.0,0.3178082191780822,2027-01-29,5.470000000000001,5.45,5.49,5.98,15.0,0.20764952514648435,774.4213256835938,0.040199999809265134,0.0073566865
SPY,put,681.0,0.3178082191780822,2027-01-29,5.675000000000001,5.66,5.69,6.07,15.0,0.20497926376342768,774.4213256835938,0.040199999809265134,0.0073566865
SPY,put,689.0,0.3178082191780822,2027-01-29,6.265000000000001,6.24,6.29,6.76,28.0,0.1980976187133789,774.4213256835938,0.040199999809265134,0.0073566865
SPY,put,690.0,0.3178082191780822,2027-01-29,6.34,6.32,6.36,7.07,50.0,0.19712106597900392,774.4213256835938,0.040199999809265134,0.0073566865
SPY,put,694.0,0.3178082191780822,2027-01-29,6.67,6.65,6.69,8.96,12.0,0.193642096862793,774.4213256835938,0.040199999809265134,0.0073566865
SPY,put,700.0,0.3178082191780822,2027-01-29,7.199999999999999,7.18,7.22,7.31,16.0,0.1883778672790527,774.4213256835938,0.040199999809265134,0.0073566865
SPY,put,701.0,0.3178082191780822,2027-01-29,7.300000000000001,7.28,7.32,9.78,11.0,0.18756915954589842,774.4213256835938,0.040199999809265134,0.0073566865
SPY,put,702.0,0.3178082191780822,2027-01-29,7.395,7.37,7.42,8.0,10.0,0.18672993453979492,774.4213256835938,0.040199999809265134,0.0073566865
SPY,put,718.0,0.3178082191780822,2027-01-29,9.165,9.14,9.19,10.0,41.0,0.17282931671142582,774.4213256835938,0.040199999809265134,0.0073566865
SPY,put,725.0,0.3178082191780822,2027-01-29,10.11,10.08,10.14,10.13,13.0,0.16684793121337893,774.4213256835938,0.040199999809265134,0.0073566865
SPY,put,730.0,0.3178082191780822,2027-01-29,10.855,10.83,10.88,10.88,12.0,0.16246870254516604,774.4213256835938,0.040199999809265134,0.0073566865
SPY,put,743.0,0.3178082191780822,2027-01-29,13.17,13.14,13.2,15.03,231.0,0.15142144973754884,774.4213256835938,0.040199999809265134,0.0073566865
SPY,put,745.0,0.3178082191780822,2027-01-29,13.57,13.55,13.59,13.61,108.0,0.1496056719970703,774.4213256835938,0.040199999809265134,0.0073566865
SPY,put,750.0,0.3178082191780822,2027-01-29,14.66,14.63,14.69,14.88,101.0,0.14542480560302734,774.4213256835938,0.040199999809265134,0.0073566865
SPY,put,752.0,0.3178082191780822,2027-01-29,15.14,15.12,15.16,15.3,31.0,0.1437463555908203,774.4213256835938,0.040199999809265134,0.0073566865
SPY,put,770.0,0.3178082191780822,2027-01-29,20.335,20.29,20.38,20.52,89.0,0.12914384048461913,774.4213256835938,0.040199999809265134,0.0073566865
SPY,put,771.0,0.3178082191780822,2027-01-29,20.67,20.62,20.72,21.0,24.0,0.1282969861602783,774.4213256835938,0.040199999809265134,0.0073566865
SPY,put,772.0,0.3178082191780822,2027-01-29,21.04,20.99,21.09,21.42,14.0,0.12758745956420897,774.4213256835938,0.040199999809265134,0.0073566865
SPY,put,777.0,0.3178082191780822,2027-01-29,22.91,22.86,22.96,29.55,81.0,0.1235591795349121,774.4213256835938,0.040199999809265134,0.0073566865
SPY,put,779.0,0.3178082191780822,2027-01-29,23.7,23.65,23.75,30.22,81.0,0.1218959881591797,774.4213256835938,0.040199999809265134,0.0073566865
SPY,put,780.0,0.3178082191780822,2027-01-29,24.115000000000002,24.07,24.16,24.23,32.0,0.1210872804260254,774.4213256835938,0.040199999809265134,0.0073566865
SPY,put,785.0,0.3178082191780822,2027-01-29,26.284999999999997,26.24,26.33,33.83,22.0,0.11703611244201659,774.4213256835938,0.040199999809265134,0.0073566865
SPY,put,800.0,0.3178082191780822,2027-01-29,34.235,34.05,34.42,34.4,36.0,0.10656105850219727,774.4213256835938,0.040199999809265134,0.0073566865
SPY,call,560.0,0.39452054794520547,2027-02-26,223.53,222.0,225.06,211.81,22.0,0.4375971768188477,774.4213256835938,0.040199999809265134,0.0073566865
SPY,call,570.0,0.39452054794520547,2027-02-26,213.89999999999998,212.39,215.41,215.87,40.0,0.42360500717163085,774.4213256835938,0.040199999809265134,0.0073566865
SPY,call,580.0,0.39452054794520547,2027-02-26,204.285,202.78,205.79,192.83,16.0,0.40987223434448244,774.4213256835938,0.040199999809265134,0.0073566865
SPY,call,590.0,0.39452054794520547,2027-02-26,195.19,193.14,197.24,183.36,28.0,0.4073393006896973,774.4213256835938,0.040199999809265134,0.0073566865
SPY,call,620.0,0.39452054794520547,2027-02-26,166.155,164.68,167.63,155.28,14.0,0.35689424850463863,774.4213256835938,0.040199999809265134,0.0073566865
SPY,call,640.0,0.39452054794520547,2027-02-26,147.425,145.99,148.86,136.73,67.0,0.33197689514160156,774.4213256835938,0.040199999809265134,0.0073566865
SPY,call,670.0,0.39452054794520547,2027-02-26,119.95,118.2,121.7,119.37,100.0,0.29964384445190423,774.4213256835938,0.040199999809265134,0.0073566865
SPY,call,680.0,0.39452054794520547,2027-02-26,110.86,109.11,112.61,109.89,92.0,0.28749796981811515,774.4213256835938,0.040199999809265134,0.0073566865
SPY,call,693.0,0.39452054794520547,2027-02-26,99.26499999999999,97.57,100.96,98.34,52.0,0.2720257124328613,774.4213256835938,0.040199999809265134,0.0073566865
SPY,call,703.0,0.39452054794520547,2027-02-26,90.41499999999999,88.87,91.96,87.56,30.0,0.2591397939300537,774.4213256835938,0.040199999809265134,0.0073566865
SPY,call,752.0,0.39452054794520547,2027-02-26,50.33,50.16,50.5,44.66,129.0,0.19946326667785644,774.4213256835938,0.040199999809265134,0.0073566865
SPY,call,758.0,0.39452054794520547,2027-02-26,45.89,45.69,46.09,39.67,73.0,0.19377179527282715,774.4213256835938,0.040199999809265134,0.0073566865
SPY,call,769.0,0.39452054794520547,2027-02-26,38.155,37.98,38.33,37.01,32.0,0.1833348879241943,774.4213256835938,0.040199999809265134,0.0073566865
SPY,call,771.0,0.39452054794520547,2027-02-26,36.82,36.64,37.0,34.23,786.0,0.18160303268432615,774.4213256835938,0.040199999809265134,0.0073566865
SPY,call,774.0,0.39452054794520547,2027-02-26,34.879999999999995,34.73,35.03,32.7,248.0,0.17896328857421873,774.4213256835938,0.040199999809265134,0.0073566865
SPY,call,776.0,0.39452054794520547,2027-02-26,33.565,33.39,33.74,31.29,48.0,0.17720854537963865,774.4213256835938,0.040199999809265134,0.0073566865
SPY,call,777.0,0.39452054794520547,2027-02-26,32.955,32.81,33.1,30.56,112.0,0.17633117378234867,774.4213256835938,0.040199999809265134,0.0073566865
SPY,call,780.0,0.39452054794520547,2027-02-26,31.08,30.98,31.18,30.1,13.0,0.17354647262573242,774.4213256835938,0.040199999809265134,0.0073566865
SPY,call,781.0,0.39452054794520547,2027-02-26,30.475,30.44,30.51,28.72,41.0,0.17240970420837406,774.4213256835938,0.040199999809265134,0.0073566865
SPY,call,783.0,0.39452054794520547,2027-02-26,29.259999999999998,29.23,29.29,27.15,14.0,0.17069310760498052,774.4213256835938,0.040199999809265134,0.0073566865
SPY,call,784.0,0.39452054794520547,2027-02-26,28.65,28.63,28.67,26.55,12.0,0.16974707214355472,774.4213256835938,0.040199999809265134,0.0073566865
SPY,call,801.0,0.39452054794520547,2027-02-26,19.65,19.63,19.67,18.09,130.0,0.15747149909973143,774.4213256835938,0.040199999809265134,0.0073566865
SPY,call,802.0,0.39452054794520547,2027-02-26,19.215,19.19,19.24,17.52,43.0,0.1570213693237305,774.4213256835938,0.040199999809265134,0.0073566865
SPY,call,803.0,0.39452054794520547,2027-02-26,18.71,18.68,18.74,17.03,41.0,0.15616688568115233,774.4213256835938,0.040199999809265134,0.0073566865
SPY,call,806.0,0.39452054794520547,2027-02-26,17.395,17.36,17.43,16.0,14.0,0.1544274011230469,774.4213256835938,0.040199999809265134,0.0073566865
SPY,call,840.0,0.39452054794520547,2027-02-26,6.77,6.75,6.79,6.66,75.0,0.13939764419555667,774.4213256835938,0.040199999809265134,0.0073566865
SPY,call,850.0,0.39452054794520547,2027-02-26,4.965,4.95,4.98,4.84,103.0,0.1367121241760254,774.4213256835938,0.040199999809265134,0.0073566865
SPY,call,860.0,0.39452054794520547,2027-02-26,3.585,3.57,3.6,2.75,33.0,0.13453013916015627,774.4213256835938,0.040199999809265134,0.0073566865
SPY,call,880.0,0.39452054794520547,2027-02-26,1.815,1.8,1.83,1.75,15.0,0.1316615155029297,774.4213256835938,0.040199999809265134,0.0073566865
SPY,call,890.0,0.39452054794520547,2027-02-26,1.28,1.27,1.29,1.27,13.0,0.13080703186035153,774.4213256835938,0.040199999809265134,0.0073566865
SPY,call,900.0,0.39452054794520547,2027-02-26,0.915,0.9,0.93,0.88,20.0,0.13086806640624998,774.4213256835938,0.040199999809265134,0.0073566865
SPY,call,920.0,0.39452054794520547,2027-02-26,0.475,0.47,0.48,0.34,10.0,0.13147841186523437,774.4213256835938,0.040199999809265134,0.0073566865
SPY,put,540.0,0.39452054794520547,2027-02-26,1.94,1.93,1.95,1.97,11.0,0.3211127459716796,774.4213256835938,0.040199999809265134,0.0073566865
SPY,put,580.0,0.39452054794520547,2027-02-26,2.705,2.69,2.72,2.94,21.0,0.28479719116210933,774.4213256835938,0.040199999809265134,0.0073566865
SPY,put,600.0,0.39452054794520547,2027-02-26,3.225,3.21,3.24,3.24,12.0,0.2671887246704102,774.4213256835938,0.040199999809265134,0.0073566865
SPY,put,610.0,0.39452054794520547,2027-02-26,3.535,3.52,3.55,3.76,25.0,0.25858285369873046,774.4213256835938,0.040199999809265134,0.0073566865
SPY,put,620.0,0.39452054794520547,2027-02-26,3.885,3.87,3.9,4.06,13.0,0.2500685345458984,774.4213256835938,0.040199999809265134,0.0073566865
SPY,put,630.0,0.39452054794520547,2027-02-26,4.29,4.28,4.3,4.72,12.0,0.24173731903076173,774.4213256835938,0.040199999809265134,0.0073566865
SPY,put,650.0,0.39452054794520547,2027-02-26,5.255,5.24,5.27,5.3,47.0,0.22533428482055662,774.4213256835938,0.040199999809265134,0.0073566865
SPY,put,670.0,0.39452054794520547,2027-02-26,6.49,6.47,6.51,7.08,259.0,0.20902280242919918,774.4213256835938,0.040199999809265134,0.0073566865
SPY,put,693.0,0.39452054794520547,2027-02-26,8.415,8.39,8.44,9.21,31.0,0.1906361454772949,774.4213256835938,0.040199999809265134,0.0073566865
SPY,put,695.0,0.39452054794520547,2027-02-26,8.620000000000001,8.6,8.64,10.24,368.0,0.18904924728393557,774.4213256835938,0.040199999809265134,0.0073566865
SPY,put,700.0,0.39452054794520547,2027-02-26,9.135,9.11,9.16,9.27,13.0,0.18503622589111324,774.4213256835938,0.040199999809265134,0.0073566865
SPY,put,718.0,0.39452054794520547,2027-02-26,11.350000000000001,11.32,11.38,15.05,31.0,0.17061681442260745,774.4213256835938,0.040199999809265134,0.0073566865
SPY,put,722.0,0.39452054794520547,2027-02-26,11.945,11.92,11.97,14.25,44.0,0.1674659059906006,774.4213256835938,0.040199999809265134,0.0073566865
SPY,put,744.0,0.39452054794520547,2027-02-26,15.920000000000002,15.88,15.96,16.04,42.0,0.15008631904602052,774.4213256835938,0.040199999809265134,0.0073566865
SPY,put,746.0,0.39452054794520547,2027-02-26,16.36,16.32,16.4,16.49,42.0,0.14851467948913574,774.4213256835938,0.040199999809265134,0.0073566865
SPY,put,750.0,0.39452054794520547,2027-02-26,17.284999999999997,17.24,17.33,17.56,43.0,0.14539428833007811,774.4213256835938,0.040199999809265134,0.0073566865
SPY,put,778.0,0.39452054794520547,2027-02-26,25.945,25.9,25.99,30.1,10.0,0.12381094703674317,774.4213256835938,0.040199999809265134,0.0073566865
SPY,put,779.0,0.39452054794520547,2027-02-26,26.345,26.31,26.38,30.84,120.0,0.12303275657653809,774.4213256835938,0.040199999809265134,0.0073566865
SPY,put,780.0,0.39452054794520547,2027-02-26,26.744999999999997,26.7,26.79,27.22,46.0,0.12231560066223146,774.4213256835938,0.040199999809265134,0.0073566865
SPY,put,781.0,0.39452054794520547,2027-02-26,27.15,27.11,27.19,28.02,40.0,0.12151452224731446,774.4213256835938,0.040199999809265134,0.0073566865
SPY,put,782.0,0.39452054794520547,2027-02-26,27.560000000000002,27.5,27.62,28.41,40.0,0.12082788360595703,774.4213256835938,0.040199999809265134,0.0073566865
SPY,put,783.0,0.39452054794520547,2027-02-26,28.005,27.97,28.04,31.01,17.0,0.12006495178222655,774.4213256835938,0.040199999809265134,0.0073566865
SPY,put,787.0,0.39452054794520547,2027-02-26,29.755,29.7,29.81,33.8,15.0,0.11706662971496581,774.4213256835938,0.040199999809265134,0.0073566865
SPY,put,792.0,0.39452054794520547,2027-02-26,32.155,32.11,32.2,36.46,15.0,0.11335878105163574,774.4213256835938,0.040199999809265134,0.0073566865
SPY,call,360.0,0.4520547945205479,2027-03-19,410.25,408.47,412.03,380.83,21.0,1.0000000000000003e-05,774.4213256835938,0.040199999809265134,0.0073566865
SPY,call,460.0,0.4520547945205479,2027-03-19,322.085,320.53,323.64,319.34,10.0,0.5452315985107423,774.4213256835938,0.040199999809265134,0.0073566865
SPY,call,500.0,0.4520547945205479,2027-03-19,283.29499999999996,281.58,285.01,279.52,10.0,0.5148058773803711,774.4213256835938,0.040199999809265134,0.0073566865
SPY,call,510.0,0.4520547945205479,2027-03-19,273.635,271.91,275.36,257.01,22.0,0.5009205181884766,774.4213256835938,0.040199999809265134,0.0073566865
SPY,call,515.0,0.4520547945205479,2027-03-19,268.79999999999995,267.08,270.52,259.25,34.0,0.49377947631835944,774.4213256835938,0.040199999809265134,0.0073566865
SPY,call,520.0,0.4520547945205479,2027-03-19,264.07,262.44,265.7,253.11,10.0,0.486882572631836,774.4213256835938,0.040199999809265134,0.0073566865
SPY,call,525.0,0.4520547945205479,2027-03-19,259.15999999999997,257.43,260.89,261.9,10.0,0.4801077380371094,774.4213256835938,0.040199999809265134,0.0073566865
SPY,call,530.0,0.4520547945205479,2027-03-19,254.43,252.79,256.07,254.03,371.0,0.4732260929870606,774.4213256835938,0.040199999809265134,0.0073566865
SPY,call,550.0,0.4520547945205479,2027-03-19,235.175,233.55,236.8,232.8,13.0,0.4457147714233398,774.4213256835938,0.040199999809265134,0.0073566865
SPY,call,600.0,0.4520547945205479,2027-03-19,187.77,185.83,189.71,183.29,10.0,0.386175571899414,774.4213256835938,0.040199999809265134,0.0073566865
SPY,call,610.0,0.4520547945205479,2027-03-19,178.32,176.38,180.26,166.38,14.0,0.373404093170166,774.4213256835938,0.040199999809265134,0.0073566865
SPY,call,700.0,0.4520547945205479,2027-03-19,95.42500000000001,94.4,96.45,93.01,184.0,0.256645006866455,774.4213256835938,0.040199999809265134,0.0073566865
SPY,call,720.0,0.4520547945205479,2027-03-19,78.63,77.88,79.38,75.94,47.0,0.23545076080322264,774.4213256835938,0.040199999809265134,0.0073566865
SPY,call,725.0,0.4520547945205479,2027-03-19,74.53,73.78,75.28,71.42,40.0,0.23055273849487307,774.4213256835938,0.040199999809265134,0.0073566865
SPY,call,770.0,0.4520547945205479,2027-03-19,41.06,40.95,41.17,40.65,26.0,0.18743183181762696,774.4213256835938,0.040199999809265134,0.0073566865
SPY,call,775.0,0.4520547945205479,2027-03-19,37.785,37.68,37.89,37.53,10.0,0.18326622406005855,774.4213256835938,0.040199999809265134,0.0073566865
SPY,call,780.0,0.4520547945205479,2027-03-19,34.629999999999995,34.5,34.76,33.9,10.0,0.17934475448608395,774.4213256835938,0.040199999809265134,0.0073566865
SPY,call,785.0,0.4520547945205479,2027-03-19,31.605,31.57,31.64,30.64,21.0,0.17496552581787111,774.4213256835938,0.040199999809265134,0.0073566865
SPY,call,790.0,0.4520547945205479,2027-03-19,28.73,28.7,28.76,28.71,416.0,0.1712119012451172,774.4213256835938,0.040199999809265134,0.0073566865
SPY,call,795.0,0.4520547945205479,2027-03-19,26.009999999999998,26.0,26.02,25.92,62.0,0.16756508712768559,774.4213256835938,0.040199999809265134,0.0073566865
SPY,call,800.0,0.4520547945205479,2027-03-19,23.415,23.39,23.44,23.36,57.0,0.16410900596618652,774.4213256835938,0.040199999809265134,0.0073566865
SPY,call,805.0,0.4520547945205479,2027-03-19,21.05,21.03,21.07,20.95,55.0,0.16108016662597657,774.4213256835938,0.040199999809265134,0.0073566865
SPY,call,810.0,0.4520547945205479,2027-03-19,18.785,18.76,18.81,18.74,59.0,0.15795214614868164,774.4213256835938,0.040199999809265134,0.0073566865
SPY,call,815.0,0.4520547945205479,2027-03-19,16.725,16.71,16.74,16.7,13.0,0.15514455703735353,774.4213256835938,0.040199999809265134,0.0073566865
SPY,call,825.0,0.4520547945205479,2027-03-19,13.115,13.1,13.13,12.07,70.0,0.15029993995666505,774.4213256835938,0.040199999809265134,0.0073566865
SPY,call,830.0,0.4520547945205479,2027-03-19,11.555,11.54,11.57,11.45,95.0,0.14820187744140628,774.4213256835938,0.040199999809265134,0.0073566865
SPY,call,835.0,0.4520547945205479,2027-03-19,10.155000000000001,10.13,10.18,9.75,64.0,0.1464013583374023,774.4213256835938,0.040199999809265134,0.0073566865
SPY,call,840.0,0.4520547945205479,2027-03-19,8.895,8.87,8.92,7.97,97.0,0.14470764968872069,774.4213256835938,0.040199999809265134,0.0073566865
SPY,call,845.0,0.4520547945205479,2027-03-19,7.76,7.75,7.77,6.9,22.0,0.14301394104003906,774.4213256835938,0.040199999809265134,0.0073566865
SPY,call,850.0,0.4520547945205479,2027-03-19,6.75,6.74,6.76,6.67,101.0,0.1415796292114258,774.4213256835938,0.040199999809265134,0.0073566865
SPY,call,855.0,0.4520547945205479,2027-03-19,5.85,5.83,5.87,5.35,14.0,0.14031316238403319,774.4213256835938,0.040199999809265134,0.0073566865
SPY,call,875.0,0.4520547945205479,2027-03-19,3.215,3.2,3.23,2.85,14.0,0.13617807189941405,774.4213256835938,0.040199999809265134,0.0073566865
SPY,call,880.0,0.4520547945205479,2027-03-19,2.755,2.74,2.77,2.44,14.0,0.13546091598510746,774.4213256835938,0.040199999809265134,0.0073566865
SPY,call,895.0,0.4520547945205479,2027-03-19,1.7149999999999999,1.71,1.72,1.69,215.0,0.13364513824462892,774.4213256835938,0.040199999809265134,0.0073566865
SPY,call,905.0,0.4520547945205479,2027-03-19,1.25,1.24,1.26,0.94,68.0,0.13312634460449219,774.4213256835938,0.040199999809265134,0.0073566865
SPY,call,910.0,0.4520547945205479,2027-03-19,1.0750000000000002,1.07,1.08,1.0,100.0,0.1330347927856445,774.4213256835938,0.040199999809265134,0.0073566865
SPY,call,915.0,0.4520547945205479,2027-03-19,0.925,0.92,0.93,0.81,20.0,0.13312634460449219,774.4213256835938,0.040199999809265134,0.0073566865
SPY,call,930.0,0.4520547945205479,2027-03-19,0.595,0.59,0.6,0.55,12.0,0.13373669006347655,774.4213256835938,0.040199999809265134,0.0073566865
SPY,call,935.0,0.4520547945205479,2027-03-19,0.525,0.52,0.53,0.51,12.0,0.13446910461425782,774.4213256835938,0.040199999809265134,0.0073566865
SPY,call,965.0,0.4520547945205479,2027-03-19,0.255,0.25,0.26,0.21,20.0,0.13916876464843753,774.4213256835938,0.040199999809265134,0.0073566865
SPY,call,980.0,0.4520547945205479,2027-03-19,0.195,0.19,0.2,0.16,20.0,0.14283083740234376,774.4213256835938,0.040199999809265134,0.0073566865
SPY,call,985.0,0.4520547945205479,2027-03-19,0.175,0.17,0.18,0.15,70.0,0.14380739013671873,774.4213256835938,0.040199999809265134,0.0073566865
SPY,call,995.0,0.4520547945205479,2027-03-19,0.14500000000000002,0.14,0.15,0.17,30.0,0.14600463378906248,774.4213256835938,0.040199999809265134,0.0073566865
SPY,call,1020.0,0.4520547945205479,2027-03-19,0.10500000000000001,0.1,0.11,0.1,23.0,0.15332877929687502,774.4213256835938,0.040199999809265134,0.0073566865
SPY,call,1050.0,0.4520547945205479,2027-03-19,0.07,0.06,0.08,0.08,34.0,0.16236189208984375,774.4213256835938,0.040199999809265134,0.0073566865
SPY,call,1100.0,0.4520547945205479,2027-03-19,0.045,0.04,0.05,0.03,50.0,0.17627776855468752,774.4213256835938,0.040199999809265134,0.0073566865
SPY,call,1140.0,0.4520547945205479,2027-03-19,0.035,0.03,0.04,0.04,750.0,0.188484677734375,774.4213256835938,0.040199999809265134,0.0073566865
SPY,call,1160.0,0.4520547945205479,2027-03-19,0.025,0.02,0.03,0.04,10.0,0.1914143359375,774.4213256835938,0.040199999809265134,0.0073566865
SPY,call,1190.0,0.4520547945205479,2027-03-19,0.025,0.02,0.03,0.03,25.0,0.20313296874999998,774.4213256835938,0.040199999809265134,0.0073566865
SPY,put,260.0,0.4520547945205479,2027-03-19,0.225,0.22,0.23,0.26,312.0,0.6103554589843752,774.4213256835938,0.040199999809265134,0.0073566865
SPY,put,275.0,0.4520547945205479,2027-03-19,0.265,0.26,0.27,0.29,10.0,0.5908244042968751,774.4213256835938,0.040199999809265134,0.0073566865
SPY,put,300.0,0.4520547945205479,2027-03-19,0.345,0.34,0.35,0.34,26.0,0.559574716796875,774.4213256835938,0.040199999809265134,0.0073566865
SPY,put,330.0,0.4520547945205479,2027-03-19,0.455,0.45,0.46,0.47,13.0,0.523442265625,774.4213256835938,0.040199999809265134,0.0073566865
SPY,put,385.0,0.4520547945205479,2027-03-19,0.735,0.73,0.74,0.78,26.0,0.4631401342773438,774.4213256835938,0.040199999809265134,0.0073566865
SPY,put,395.0,0.4520547945205479,2027-03-19,0.795,0.79,0.8,0.88,10.0,0.45227598510742195,774.4213256835938,0.040199999809265134,0.0073566865
SPY,put,415.0,0.4520547945205479,2027-03-19,0.935,0.93,0.94,1.02,120.0,0.4317683776855469,774.4213256835938,0.040199999809265134,0.0073566865
SPY,put,420.0,0.4520547945205479,2027-03-19,0.965,0.96,0.97,1.01,10.0,0.42615319946289065,774.4213256835938,0.040199999809265134,0.0073566865
SPY,put,425.0,0.4520547945205479,2027-03-19,1.005,1.0,1.01,1.16,300.0,0.4211483666992188,774.4213256835938,0.040199999809265134,0.0073566865
SPY,put,440.0,0.4520547945205479,2027-03-19,1.125,1.12,1.13,1.3,300.0,0.40601179931640624,774.4213256835938,0.040199999809265134,0.0073566865
SPY,put,445.0,0.4520547945205479,2027-03-19,1.1749999999999998,1.17,1.18,1.35,300.0,0.401373173828125,774.4213256835938,0.040199999809265134,0.0073566865
SPY,put,455.0,0.4520547945205479,2027-03-19,1.2650000000000001,1.26,1.27,1.37,10.0,0.3914245428466796,774.4213256835938,0.040199999809265134,0.0073566865
SPY,put,460.0,0.4520547945205479,2027-03-19,1.315,1.31,1.32,1.38,12.0,0.38660281372070304,774.4213256835938,0.040199999809265134,0.0073566865
SPY,put,465.0,0.4520547945205479,2027-03-19,1.3650000000000002,1.36,1.37,1.47,300.0,0.38172005004882803,774.4213256835938,0.040199999809265134,0.0073566865
SPY,put,495.0,0.4520547945205479,2027-03-19,1.705,1.7,1.71,1.72,27.0,0.35315588256835934,774.4213256835938,0.040199999809265134,0.0073566865
SPY,put,500.0,0.4520547945205479,2027-03-19,1.77,1.76,1.78,1.79,22.0,0.348639326171875,774.4213256835938,0.040199999809265134,0.0073566865
SPY,put,520.0,0.4520547945205479,2027-03-19,2.0549999999999997,2.05,2.06,2.2,12.0,0.3300237896728515,774.4213256835938,0.040199999809265134,0.0073566865
SPY,put,525.0,0.4520547945205479,2027-03-19,2.13,2.12,2.14,2.27,81.0,0.3255072332763671,774.4213256835938,0.040199999809265134,0.0073566865
SPY,put,545.0,0.4520547945205479,2027-03-19,2.49,2.48,2.5,2.52,23.0,0.3078072149658203,774.4213256835938,0.040199999809265134,0.0073566865
SPY,put,555.0,0.4520547945205479,2027-03-19,2.6900000000000004,2.68,2.7,2.89,10.0,0.29892668853759763,774.4213256835938,0.040199999809265134,0.0073566865
SPY,put,565.0,0.4520547945205479,2027-03-19,2.915,2.91,2.92,3.17,101.0,0.2901987484741211,774.4213256835938,0.040199999809265134,0.0073566865
SPY,put,580.0,0.4520547945205479,2027-03-19,3.3,3.29,3.31,3.34,20.0,0.2775951147460937,774.4213256835938,0.040199999809265134,0.0073566865
SPY,put,600.0,0.4520547945205479,2027-03-19,3.9299999999999997,3.92,3.94,3.93,41.0,0.2612073391723633,774.4213256835938,0.040199999809265134,0.0073566865
SPY,put,650.0,0.4520547945205479,2027-03-19,6.285,6.27,6.3,6.31,27.0,0.2217485052490234,774.4213256835938,0.040199999809265134,0.0073566865
SPY,put,660.0,0.4520547945205479,2027-03-19,6.96,6.95,6.97,7.04,10.0,0.21411918701171873,774.4213256835938,0.040199999809265134,0.0073566865
SPY,put,670.0,0.4520547945205479,2027-03-19,7.705,7.69,7.72,7.71,41.0,0.20645935150146477,774.4213256835938,0.040199999809265134,0.0073566865
SPY,put,675.0,0.4520547945205479,2027-03-19,8.129999999999999,8.12,8.14,8.11,27.0,0.20270572692871092,774.4213256835938,0.040199999809265134,0.0073566865
SPY,put,680.0,0.4520547945205479,2027-03-19,8.565000000000001,8.55,8.58,8.63,156.0,0.19890632644653317,774.4213256835938,0.040199999809265134,0.0073566865
SPY,put,685.0,0.4520547945205479,2027-03-19,9.035,9.02,9.05,9.1,150.0,0.19510692596435547,774.4213256835938,0.040199999809265134,0.0073566865
SPY,put,695.0,0.4520547945205479,2027-03-19,10.08,10.07,10.09,10.12,1102.0,0.1875539009094238,774.4213256835938,0.040199999809265134,0.0073566865
SPY,put,700.0,0.4520547945205479,2027-03-19,10.64,10.62,10.66,10.7,378.0,0.18375450042724606,774.4213256835938,0.040199999809265134,0.0073566865
SPY,put,725.0,0.4520547945205479,2027-03-19,14.165,14.15,14.18,14.27,51.0,0.16478801528930664,774.4213256835938,0.040199999809265134,0.0073566865
SPY,put,730.0,0.4520547945205479,2027-03-19,15.045,15.03,15.06,15.16,14.0,0.16106490798950196,774.4213256835938,0.040199999809265134,0.0073566865
SPY,put,735.0,0.4520547945205479,2027-03-19,15.969999999999999,15.94,16.0,16.09,28.0,0.15729602478027344,774.4213256835938,0.040199999809265134,0.0073566865
SPY,put,740.0,0.4520547945205479,2027-03-19,16.994999999999997,16.97,17.02,17.09,377.0,0.15358054679870606,774.4213256835938,0.040199999809265134,0.0073566865
SPY,put,745.0,0.4520547945205479,2027-03-19,18.075000000000003,18.05,18.1,18.27,141.0,0.14975062904357914,774.4213256835938,0.040199999809265134,0.0073566865
SPY,put,750.0,0.4520547945205479,2027-03-19,19.25,19.22,19.28,19.42,214.0,0.14599700447082517,774.4213256835938,0.040199999809265134,0.0073566865
SPY,put,755.0,0.4520547945205479,2027-03-19,20.525,20.49,20.56,20.52,221.0,0.14226626785278318,774.4213256835938,0.040199999809265134,0.0073566865
SPY,put,760.0,0.4520547945205479,2027-03-19,21.91,21.9,21.92,21.9,213.0,0.13842109146118164,774.4213256835938,0.040199999809265134,0.0073566865
SPY,put,765.0,0.4520547945205479,2027-03-19,23.4,23.38,23.42,23.38,37.0,0.13470561347961427,774.4213256835938,0.040199999809265134,0.0073566865
SPY,put,770.0,0.4520547945205479,2027-03-19,25.045,25.01,25.08,25.05,151.0,0.13116560981750489,774.4213256835938,0.040199999809265134,0.0073566865
SPY,put,775.0,0.4520547945205479,2027-03-19,26.775,26.76,26.79,26.81,35.0,0.12722125228881837,774.4213256835938,0.040199999809265134,0.0073566865
SPY,put,780.0,0.4520547945205479,2027-03-19,28.72,28.69,28.75,28.92,15.0,0.12377280044555664,774.4213256835938,0.040199999809265134,0.0073566865
SPY,put,785.0,0.4520547945205479,2027-03-19,30.77,30.75,30.79,30.81,87.0,0.11995814132690427,774.4213256835938,0.040199999809265134,0.0073566865
SPY,put,815.0,0.4520547945205479,2027-03-19,47.175,47.02,47.33,47.32,409.0,0.09891648162841798,774.4213256835938,0.040199999809265134,0.0073566865
SPY,put,830.0,0.4520547945205479,2027-03-19,58.370000000000005,56.95,59.79,66.34,168.0,0.09964889617919923,774.4213256835938,0.040199999809265134,0.0073566865
SPY,call,580.0,0.4849315068493151,2027-03-31,206.41,204.94,207.88,202.48,100.0,0.3903259210205078,774.4213256835938,0.040199999809265134,0.0073566865
SPY,call,672.0,0.4849315068493151,2027-03-31,121.305,119.49,123.12,107.78,145.0,0.2893747821044921,774.4213256835938,0.040199999809265134,0.0073566865
SPY,call,750.0,0.4849315068493151,2027-03-31,55.91,55.22,56.6,55.95,30.0,0.20408663352966308,774.4213256835938,0.040199999809265134,0.0073566865
SPY,call,755.0,0.4849315068493151,2027-03-31,52.15,51.41,52.89,49.86,12.0,0.1995319305419922,774.4213256835938,0.040199999809265134,0.0073566865
SPY,call,760.0,0.4849315068493151,2027-03-31,49.114999999999995,48.94,49.29,46.26,14.0,0.19516796051025392,774.4213256835938,0.040199999809265134,0.0073566865
SPY,call,765.0,0.4849315068493151,2027-03-31,45.620000000000005,45.46,45.78,44.01,75.0,0.19084976638793943,774.4213256835938,0.040199999809265134,0.0073566865
SPY,call,775.0,0.4849315068493151,2027-03-31,38.96,38.82,39.1,38.88,14.0,0.1826101026916504,774.4213256835938,0.040199999809265134,0.0073566865
SPY,call,785.0,0.4849315068493151,2027-03-31,32.76,32.72,32.8,30.58,3501.0,0.17437043899536137,774.4213256835938,0.040199999809265134,0.0073566865
SPY,call,790.0,0.4849315068493151,2027-03-31,29.91,29.87,29.95,27.69,309.0,0.17090672851562502,774.4213256835938,0.040199999809265134,0.0073566865
SPY,call,795.0,0.4849315068493151,2027-03-31,27.155,27.12,27.19,25.23,22.0,0.16733620758056644,774.4213256835938,0.040199999809265134,0.0073566865
SPY,call,810.0,0.4849315068493151,2027-03-31,19.915,19.89,19.94,19.68,24.0,0.15814287910461425,774.4213256835938,0.040199999809265134,0.0073566865
SPY,call,820.0,0.4849315068493151,2027-03-31,15.9,15.88,15.92,15.46,15.0,0.1529854599761963,774.4213256835938,0.040199999809265134,0.0073566865
SPY,call,835.0,0.4849315068493151,2027-03-31,11.065,11.04,11.09,10.02,60.0,0.14676756561279297,774.4213256835938,0.040199999809265134,0.0073566865
SPY,call,875.0,0.4849315068493151,2027-03-31,3.715,3.7,3.73,3.65,52.0,0.13663583099365234,774.4213256835938,0.040199999809265134,0.0073566865
SPY,call,880.0,0.4849315068493151,2027-03-31,3.21,3.19,3.23,2.7,21.0,0.1359491923522949,774.4213256835938,0.040199999809265134,0.0073566865
SPY,call,885.0,0.4849315068493151,2027-03-31,2.755,2.74,2.77,2.48,10.0,0.13509470870971685,774.4213256835938,0.040199999809265134,0.0073566865
SPY,call,890.0,0.4849315068493151,2027-03-31,2.355,2.34,2.37,2.3,24.0,0.13431651824951174,774.4213256835938,0.040199999809265134,0.0073566865
SPY,call,895.0,0.4849315068493151,2027-03-31,2.035,2.02,2.05,1.8,42.0,0.1339808282470703,774.4213256835938,0.040199999809265134,0.0073566865
SPY,call,905.0,0.4849315068493151,2027-03-31,1.495,1.48,1.51,1.49,11.0,0.1331873791503906,774.4213256835938,0.040199999809265134,0.0073566865
SPY,call,915.0,0.4849315068493151,2027-03-31,1.11,1.1,1.12,1.04,30.0,0.1328516891479492,774.4213256835938,0.040199999809265134,0.0073566865
SPY,call,930.0,0.4849315068493151,2027-03-31,0.715,0.71,0.72,0.71,44.0,0.13294324096679688,774.4213256835938,0.040199999809265134,0.0073566865
SPY,call,940.0,0.4849315068493151,2027-03-31,0.545,0.54,0.55,0.49,10.0,0.13367565551757812,774.4213256835938,0.040199999809265134,0.0073566865
SPY,put,300.0,0.4849315068493151,2027-03-31,0.38,0.37,0.39,0.4,25.0,0.5463912548828126,774.4213256835938,0.040199999809265134,0.0073566865
SPY,put,400.0,0.4849315068493151,2027-03-31,0.905,0.9,0.91,0.92,300.0,0.4371394177246094,774.4213256835938,0.040199999809265134,0.0073566865
SPY,put,450.0,0.4849315068493151,2027-03-31,1.335,1.33,1.34,1.34,300.0,0.3881897119140625,774.4213256835938,0.040199999809265134,0.0073566865
SPY,put,455.0,0.4849315068493151,2027-03-31,1.38,1.37,1.39,1.4,300.0,0.3834290173339844,774.4213256835938,0.040199999809265134,0.0073566865
SPY,put,460.0,0.4849315068493151,2027-03-31,1.435,1.43,1.44,1.45,652.0,0.37854625366210937,774.4213256835938,0.040199999809265134,0.0073566865
SPY,put,465.0,0.4849315068493151,2027-03-31,1.4849999999999999,1.48,1.49,1.51,300.0,0.37366348999023435,774.4213256835938,0.040199999809265134,0.0073566865
SPY,put,470.0,0.4849315068493151,2027-03-31,1.54,1.53,1.55,1.56,304.0,0.36914693359375,774.4213256835938,0.040199999809265134,0.0073566865
SPY,put,475.0,0.4849315068493151,2027-03-31,1.605,1.6,1.61,1.62,302.0,0.3645693426513672,774.4213256835938,0.040199999809265134,0.0073566865
SPY,put,495.0,0.4849315068493151,2027-03-31,1.855,1.85,1.86,2.16,278.0,0.3460148406982422,774.4213256835938,0.040199999809265134,0.0073566865
SPY,put,525.0,0.4849315068493151,2027-03-31,2.3099999999999996,2.3,2.32,2.49,10.0,0.3191291232299803,774.4213256835938,0.040199999809265134,0.0073566865
SPY,put,550.0,0.4849315068493151,2027-03-31,2.8049999999999997,2.79,2.82,2.99,41.0,0.29779754943847647,774.4213256835938,0.040199999809265134,0.0073566865
SPY,put,575.0,0.4849315068493151,2027-03-31,3.4400000000000004,3.43,3.45,3.71,41.0,0.27707632110595704,774.4213256835938,0.040199999809265134,0.0073566865
SPY,put,576.0,0.4849315068493151,2027-03-31,4.33,4.31,4.35,5.86,39.0,0.2906565075683593,774.4213256835938,0.040199999809265134,0.0073566865
SPY,put,582.0,0.4849315068493151,2027-03-31,3.645,3.63,3.66,3.94,10.0,0.2714611428833008,774.4213256835938,0.040199999809265134,0.0073566865
SPY,put,590.0,0.4849315068493151,2027-03-31,3.9050000000000002,3.89,3.92,4.26,32.0,0.26511355010986326,774.4213256835938,0.040199999809265134,0.0073566865
SPY,put,593.0,0.4849315068493151,2027-03-31,4.01,3.99,4.03,4.36,244.0,0.26282475463867194,774.4213256835938,0.040199999809265134,0.0073566865
SPY,put,594.0,0.4849315068493151,2027-03-31,4.04,4.03,4.05,4.41,243.0,0.2618176846313477,774.4213256835938,0.040199999809265134,0.0073566865
SPY,put,595.0,0.4849315068493151,2027-03-31,4.074999999999999,4.06,4.09,4.46,20.0,0.26108527008056637,774.4213256835938,0.040199999809265134,0.0073566865
SPY,put,597.0,0.4849315068493151,2027-03-31,4.15,4.14,4.16,4.46,50.0,0.25949837188720704,774.4213256835938,0.040199999809265134,0.0073566865
SPY,put,602.0,0.4849315068493151,2027-03-31,9.100000000000001,9.05,9.15,12.59,250.0,0.31259842681884764,774.4213256835938,0.040199999809265134,0.0073566865
SPY,put,609.0,0.4849315068493151,2027-03-31,4.62,4.61,4.63,4.96,17.0,0.2501906036376953,774.4213256835938,0.040199999809265134,0.0073566865
SPY,put,611.0,0.4849315068493151,2027-03-31,4.699999999999999,4.68,4.72,4.94,50.0,0.2487105158996582,774.4213256835938,0.040199999809265134,0.0073566865
SPY,put,615.0,0.4849315068493151,2027-03-31,4.88,4.87,4.89,5.37,13.0,0.24558249542236327,774.4213256835938,0.040199999809265134,0.0073566865
SPY,put,616.0,0.4849315068493151,2027-03-31,4.92,4.91,4.93,5.48,15.0,0.2447585290527344,774.4213256835938,0.040199999809265134,0.0073566865
SPY,put,618.0,0.4849315068493151,2027-03-31,5.005,4.99,5.02,5.31,10.0,0.24320214813232421,774.4213256835938,0.040199999809265134,0.0073566865
SPY,put,619.0,0.4849315068493151,2027-03-31,5.0600000000000005,5.04,5.08,5.44,17.0,0.24262231994628902,774.4213256835938,0.040199999809265134,0.0073566865
SPY,put,625.0,0.4849315068493151,2027-03-31,5.35,5.33,5.37,5.76,11.0,0.23804472900390622,774.4213256835938,0.040199999809265134,0.0073566865
SPY,put,639.0,0.4849315068493151,2027-03-31,6.115,6.1,6.13,9.45,101.0,0.22750101119995114,774.4213256835938,0.040199999809265134,0.0073566865
SPY,put,643.0,0.4849315068493151,2027-03-31,6.355,6.34,6.37,7.05,60.0,0.22449505981445309,774.4213256835938,0.040199999809265134,0.0073566865
SPY,put,645.0,0.4849315068493151,2027-03-31,6.48,6.46,6.5,6.55,20.0,0.2230607479858398,774.4213256835938,0.040199999809265134,0.0073566865
SPY,put,650.0,0.4849315068493151,2027-03-31,6.805,6.78,6.83,6.84,13.0,0.21939867523193357,774.4213256835938,0.040199999809265134,0.0073566865
SPY,put,663.0,0.4849315068493151,2027-03-31,7.74,7.72,7.76,10.98,16.0,0.20967892379760739,774.4213256835938,0.040199999809265134,0.0073566865
SPY,put,664.0,0.4849315068493151,2027-03-31,7.82,7.8,7.84,9.17,15.0,0.20896176788330073,774.4213256835938,0.040199999809265134,0.0073566865
SPY,put,672.0,0.4849315068493151,2027-03-31,12.84,12.81,12.87,18.23,166.0,0.2365341239929199,774.4213256835938,0.040199999809265134,0.0073566865
SPY,put,675.0,0.4849315068493151,2027-03-31,8.75,8.73,8.77,8.85,78.0,0.20087469055175777,774.4213256835938,0.040199999809265134,0.0073566865
SPY,put,695.0,0.4849315068493151,2027-03-31,10.805,10.78,10.83,11.72,15.0,0.18630269271850586,774.4213256835938,0.040199999809265134,0.0073566865
SPY,put,725.0,0.4849315068493151,2027-03-31,15.045,15.01,15.08,15.13,10.0,0.16423870437622073,774.4213256835938,0.040199999809265134,0.0073566865
SPY,put,730.0,0.4849315068493151,2027-03-31,15.955,15.92,15.99,16.06,16.0,0.1606529248046875,774.4213256835938,0.040199999809265134,0.0073566865
SPY,put,750.0,0.4849315068493151,2027-03-31,20.240000000000002,20.2,20.28,20.47,15.0,0.14594359924316402,774.4213256835938,0.040199999809265134,0.0073566865
SPY,put,755.0,0.4849315068493151,2027-03-31,21.515,21.47,21.56,21.8,20.0,0.14223575057983395,774.4213256835938,0.040199999809265134,0.0073566865
SPY,put,770.0,0.4849315068493151,2027-03-31,26.03,25.98,26.08,26.0,33.0,0.13131056686401366,774.4213256835938,0.040199999809265134,0.0073566865
SPY,put,780.0,0.4849315068493151,2027-03-31,29.7,29.66,29.74,31.71,314.0,0.12410086112976074,774.4213256835938,0.040199999809265134,0.0073566865
SPY,call,195.0,0.6986301369863014,2027-06-17,571.02,568.54,573.5,561.26,100.0,1.0000000000000003e-05,774.4213256835938,0.040199999809265134,0.0073566865
SPY,call,200.0,0.6986301369863014,2027-06-17,576.585,575.11,578.06,561.57,34.0,0.8093280786132812,774.4213256835938,0.040199999809265134,0.0073566865
SPY,call,470.0,0.6986301369863014,2027-06-17,317.655,316.0,319.31,304.31,25.0,0.5072681109619142,774.4213256835938,0.040199999809265134,0.0073566865
SPY,call,475.0,0.6986301369863014,2027-06-17,312.91499999999996,311.26,314.57,299.58,25.0,0.5014087945556642,774.4213256835938,0.040199999809265134,0.0073566865
SPY,call,575.0,0.6986301369863014,2027-06-17,219.07,217.33,220.81,213.74,10.0,0.390905749206543,774.4213256835938,0.040199999809265134,0.0073566865
SPY,call,595.0,0.6986301369863014,2027-06-17,200.695,198.97,202.42,195.66,48.0,0.37032184860229495,774.4213256835938,0.040199999809265134,0.0073566865
SPY,call,635.0,0.6986301369863014,2027-06-17,164.475,162.72,166.23,167.25,42.0,0.33055784194946286,774.4213256835938,0.040199999809265134,0.0073566865
SPY,call,655.0,0.6986301369863014,2027-06-17,146.82,145.08,148.56,144.03,71.0,0.3115760981750488,774.4213256835938,0.040199999809265134,0.0073566865
SPY,call,665.0,0.6986301369863014,2027-06-17,138.03,136.38,139.68,133.8,21.0,0.3013985876464844,774.4213256835938,0.040199999809265134,0.0073566865
SPY,call,695.0,0.6986301369863014,2027-06-17,112.03,110.93,113.13,106.96,115.0,0.2694622615051269,774.4213256835938,0.040199999809265134,0.0073566865
SPY,call,700.0,0.6986301369863014,2027-06-17,107.905,106.8,109.01,108.6,20.0,0.26523561920166017,774.4213256835938,0.040199999809265134,0.0073566865
SPY,call,760.0,0.6986301369863014,2027-06-17,62.68000000000001,62.52,62.84,62.41,10.0,0.21612569770812987,774.4213256835938,0.040199999809265134,0.0073566865
SPY,call,765.0,0.6986301369863014,2027-06-17,59.224999999999994,59.05,59.4,58.28,33.0,0.2124102197265625,774.4213256835938,0.040199999809265134,0.0073566865
SPY,call,775.0,0.6986301369863014,2027-06-17,52.495000000000005,52.34,52.65,52.38,30.0,0.20474275489807123,774.4213256835938,0.040199999809265134,0.0073566865
SPY,call,795.0,0.6986301369863014,2027-06-17,40.18,40.14,40.22,40.15,50.0,0.19026230888366702,774.4213256835938,0.040199999809265134,0.0073566865
SPY,call,800.0,0.6986301369863014,2027-06-17,37.33,37.3,37.36,36.98,24.0,0.1868367449951172,774.4213256835938,0.040199999809265134,0.0073566865
SPY,call,805.0,0.6986301369863014,2027-06-17,34.65,34.61,34.69,34.3,27.0,0.1838079056549072,774.4213256835938,0.040199999809265134,0.0073566865
SPY,call,810.0,0.6986301369863014,2027-06-17,32.03,31.99,32.07,30.03,31.0,0.1806417385864258,774.4213256835938,0.040199999809265134,0.0073566865
SPY,call,820.0,0.6986301369863014,2027-06-17,27.22,27.18,27.26,26.68,31.0,0.17491212059020997,774.4213256835938,0.040199999809265134,0.0073566865
SPY,call,825.0,0.6986301369863014,2027-06-17,25.005,24.97,25.04,24.48,28.0,0.17223422988891607,774.4213256835938,0.040199999809265134,0.0073566865
SPY,call,830.0,0.6986301369863014,2027-06-17,22.9,22.87,22.93,22.54,90.0,0.1696173737335205,774.4213256835938,0.040199999809265134,0.0073566865
SPY,call,835.0,0.6986301369863014,2027-06-17,20.945,20.91,20.98,20.83,41.0,0.16726754371643068,774.4213256835938,0.040199999809265134,0.0073566865
SPY,call,840.0,0.6986301369863014,2027-06-17,19.119999999999997,19.09,19.15,19.05,42.0,0.1650321534729004,774.4213256835938,0.040199999809265134,0.0073566865
SPY,call,845.0,0.6986301369863014,2027-06-17,17.4,17.37,17.43,15.93,18.0,0.16287305641174318,774.4213256835938,0.040199999809265134,0.0073566865
SPY,call,850.0,0.6986301369863014,2027-06-17,15.84,15.82,15.86,15.78,58.0,0.1609809854888916,774.4213256835938,0.040199999809265134,0.0073566865
SPY,call,860.0,0.6986301369863014,2027-06-17,13.015,12.99,13.04,12.66,23.0,0.1574486111450195,774.4213256835938,0.040199999809265134,0.0073566865
SPY,call,865.0,0.6986301369863014,2027-06-17,11.79,11.77,11.81,10.7,77.0,0.1559532647705078,774.4213256835938,0.040199999809265134,0.0073566865
SPY,call,870.0,0.6986301369863014,2027-06-17,10.635,10.61,10.66,10.49,18.0,0.1544579183959961,774.4213256835938,0.040199999809265134,0.0073566865
SPY,call,880.0,0.6986301369863014,2027-06-17,8.65,8.63,8.67,8.35,37.0,0.15193261405944827,774.4213256835938,0.040199999809265134,0.0073566865
SPY,call,895.0,0.6986301369863014,2027-06-17,6.265000000000001,6.25,6.28,6.22,40.0,0.14870541244506835,774.4213256835938,0.040199999809265134,0.0073566865
SPY,call,900.0,0.6986301369863014,2027-06-17,5.609999999999999,5.6,5.62,5.56,16.0,0.147744118347168,774.4213256835938,0.040199999809265134,0.0073566865
SPY,call,910.0,0.6986301369863014,2027-06-17,4.475,4.46,4.49,4.06,31.0,0.14608092697143554,774.4213256835938,0.040199999809265134,0.0073566865
SPY,call,915.0,0.6986301369863014,2027-06-17,3.99,3.98,4.0,3.99,36.0,0.14528747787475588,774.4213256835938,0.040199999809265134,0.0073566865
SPY,call,920.0,0.6986301369863014,2027-06-17,3.5549999999999997,3.54,3.57,3.49,14.0,0.14466187377929687,774.4213256835938,0.040199999809265134,0.0073566865
SPY,call,930.0,0.6986301369863014,2027-06-17,2.8049999999999997,2.79,2.82,2.79,21.0,0.1433801483154297,774.4213256835938,0.040199999809265134,0.0073566865
SPY,call,940.0,0.6986301369863014,2027-06-17,2.225,2.21,2.24,1.56,18.0,0.14255618194580078,774.4213256835938,0.040199999809265134,0.0073566865
SPY,call,970.0,0.6986301369863014,2027-06-17,1.105,1.1,1.11,0.98,12.0,0.14099980102539064,774.4213256835938,0.040199999809265134,0.0073566865
SPY,call,990.0,0.6986301369863014,2027-06-17,0.715,0.71,0.72,0.7,93.0,0.1413965255737305,774.4213256835938,0.040199999809265134,0.0073566865
SPY,call,1000.0,0.6986301369863014,2027-06-17,0.585,0.58,0.59,0.55,39.0,0.14203738830566404,774.4213256835938,0.040199999809265134,0.0073566865
SPY,call,1010.0,0.6986301369863014,2027-06-17,0.475,0.47,0.48,0.43,23.0,0.14252566467285155,774.4213256835938,0.040199999809265134,0.0073566865
SPY,call,1015.0,0.6986301369863014,2027-06-17,0.435,0.43,0.44,0.44,92.0,0.1430749755859375,774.4213256835938,0.040199999809265134,0.0073566865
SPY,call,1100.0,0.6986301369863014,2027-06-17,0.13,0.12,0.14,0.12,100.0,0.15674671386718753,774.4213256835938,0.040199999809265134,0.0073566865
SPY,call,1110.0,0.6986301369863014,2027-06-17,0.11499999999999999,0.11,0.12,0.13,29.0,0.1577232666015625,774.4213256835938,0.040199999809265134,0.0073566865
SPY,call,1130.0,0.6986301369863014,2027-06-17,0.095,0.09,0.1,0.08,92.0,0.16162947753906248,774.4213256835938,0.040199999809265134,0.0073566865
SPY,call,1140.0,0.6986301369863014,2027-06-17,0.08499999999999999,0.08,0.09,0.08,22.0,0.16358258300781253,774.4213256835938,0.040199999809265134,0.0073566865
SPY,call,1150.0,0.6986301369863014,2027-06-17,0.08,0.07,0.09,0.1,337.0,0.1667563793945313,774.4213256835938,0.040199999809265134,0.0073566865
SPY,call,1170.0,0.6986301369863014,2027-06-17,0.065,0.06,0.07,0.07,200.0,0.16919776123046876,774.4213256835938,0.040199999809265134,0.0073566865
SPY,call,1180.0,0.6986301369863014,2027-06-17,0.060000000000000005,0.05,0.07,0.05,250.0,0.17237155761718753,774.4213256835938,0.040199999809265134,0.0073566865
SPY,call,1190.0,0.6986301369863014,2027-06-17,0.055,0.05,0.06,0.05,28.0,0.17285983398437502,774.4213256835938,0.040199999809265134,0.0073566865
SPY,call,1200.0,0.6986301369863014,2027-06-17,0.055,0.05,0.06,0.05,54.0,0.1757894921875,774.4213256835938,0.040199999809265134,0.0073566865
SPY,call,1220.0,0.6986301369863014,2027-06-17,0.060000000000000005,0.05,0.07,0.08,95.0,0.18457846679687498,774.4213256835938,0.040199999809265134,0.0073566865
SPY,call,1290.0,0.6986301369863014,2027-06-17,0.035,0.03,0.04,0.04,10.0,0.195320546875,774.4213256835938,0.040199999809265134,0.0073566865
SPY,call,1400.0,0.6986301369863014,2027-06-17,0.02,0.01,0.03,0.02,300.0,0.21778125976562498,774.4213256835938,0.040199999809265134,0.0073566865
SPY,call,1420.0,0.6986301369863014,2027-06-17,0.02,0.01,0.03,0.02,20.0,0.22266402343749997,774.4213256835938,0.040199999809265134,0.0073566865
SPY,put,60.0,0.6986301369863014,2027-06-17,0.015,0.01,0.02,0.02,100.0,0.9062509375,774.4213256835938,0.040199999809265134,0.0073566865
SPY,put,65.0,0.6986301369863014,2027-06-17,0.015,0.01,0.02,0.02,80.0,0.87500125,774.4213256835938,0.040199999809265134,0.0073566865
SPY,put,75.0,0.6986301369863014,2027-06-17,0.025,0.02,0.03,0.03,40.0,0.85937640625,774.4213256835938,0.040199999809265134,0.0073566865
SPY,put,95.0,0.6986301369863014,2027-06-17,0.09,0.08,0.1,0.11,10.0,0.8554701953125,774.4213256835938,0.040199999809265134,0.0073566865
SPY,put,110.0,0.6986301369863014,2027-06-17,0.055,0.05,0.06,0.06,3377.0,0.7617211328125001,774.4213256835938,0.040199999809265134,0.0073566865
SPY,put,120.0,0.6986301369863014,2027-06-17,0.065,0.06,0.07,0.1,56.0,0.7382838671874999,774.4213256835938,0.040199999809265134,0.0073566865
SPY,put,130.0,0.6986301369863014,2027-06-17,0.08499999999999999,0.08,0.09,0.09,2600.0,0.7226590234375,774.4213256835938,0.040199999809265134,0.0073566865
SPY,put,140.0,0.6986301369863014,2027-06-17,0.095,0.09,0.1,0.11,8718.0,0.700198310546875,774.4213256835938,0.040199999809265134,0.0073566865
SPY,put,155.0,0.6986301369863014,2027-06-17,0.125,0.12,0.13,0.13,10.0,0.6757844921875001,774.4213256835938,0.040199999809265134,0.0073566865
SPY,put,205.0,0.6986301369863014,2027-06-17,0.255,0.25,0.26,0.34,50.0,0.6020547607421877,774.4213256835938,0.040199999809265134,0.0073566865
SPY,put,210.0,0.6986301369863014,2027-06-17,0.275,0.27,0.28,0.31,15.0,0.5961954443359375,774.4213256835938,0.040199999809265134,0.0073566865
SPY,put,225.0,0.6986301369863014,2027-06-17,0.33,0.32,0.34,0.35,33.0,0.577152666015625,774.4213256835938,0.040199999809265134,0.0073566865
SPY,put,230.0,0.6986301369863014,2027-06-17,0.355,0.35,0.36,0.37,80.0,0.5717816259765626,774.4213256835938,0.040199999809265134,0.0073566865
SPY,put,235.0,0.6986301369863014,2027-06-17,0.375,0.37,0.38,0.48,10.0,0.5656781713867188,774.4213256835938,0.040199999809265134,0.0073566865
SPY,put,240.0,0.6986301369863014,2027-06-17,0.395,0.39,0.4,0.43,10.0,0.559574716796875,774.4213256835938,0.040199999809265134,0.0073566865
SPY,put,300.0,0.6986301369863014,2027-06-17,0.715,0.71,0.72,0.73,40.0,0.4928029235839845,774.4213256835938,0.040199999809265134,0.0073566865
SPY,put,325.0,0.6986301369863014,2027-06-17,0.895,0.89,0.9,0.95,25.0,0.4676566906738281,774.4213256835938,0.040199999809265134,0.0073566865
SPY,put,330.0,0.6986301369863014,2027-06-17,0.9299999999999999,0.92,0.94,1.02,730.0,0.4627739270019532,774.4213256835938,0.040199999809265134,0.0073566865
SPY,put,340.0,0.6986301369863014,2027-06-17,1.005,1.0,1.01,1.18,10.0,0.45227598510742195,774.4213256835938,0.040199999809265134,0.0073566865
SPY,put,345.0,0.6986301369863014,2027-06-17,1.0550000000000002,1.05,1.06,1.12,19.0,0.4480035668945312,774.4213256835938,0.040199999809265134,0.0073566865
SPY,put,350.0,0.6986301369863014,2027-06-17,1.0950000000000002,1.09,1.1,1.1,2956.0,0.4429987341308594,774.4213256835938,0.040199999809265134,0.0073566865
SPY,put,375.0,0.6986301369863014,2027-06-17,1.33,1.32,1.34,1.46,25.0,0.4198056066894531,774.4213256835938,0.040199999809265134,0.0073566865
SPY,put,400.0,0.6986301369863014,2027-06-17,1.6,1.59,1.61,1.62,30.0,0.39703972106933594,774.4213256835938,0.040199999809265134,0.0073566865
SPY,put,415.0,0.6986301369863014,2027-06-17,1.7850000000000001,1.78,1.79,1.96,73.0,0.38373419006347653,774.4213256835938,0.040199999809265134,0.0073566865
SPY,put,425.0,0.6986301369863014,2027-06-17,1.915,1.91,1.92,1.92,18.0,0.37506728454589844,774.4213256835938,0.040199999809265134,0.0073566865
SPY,put,430.0,0.6986301369863014,2027-06-17,1.9849999999999999,1.98,1.99,2.0,13.0,0.37079486633300784,774.4213256835938,0.040199999809265134,0.0073566865
SPY,put,445.0,0.6986301369863014,2027-06-17,2.2,2.19,2.21,2.33,30.0,0.35816071533203125,774.4213256835938,0.040199999809265134,0.0073566865
SPY,put,450.0,0.6986301369863014,2027-06-17,2.2800000000000002,2.27,2.29,2.29,18.0,0.3540103662109374,774.4213256835938,0.040199999809265134,0.0073566865
SPY,put,475.0,0.6986301369863014,2027-06-17,2.71,2.7,2.72,2.74,35.0,0.333563793334961,774.4213256835938,0.040199999809265134,0.0073566865
SPY,put,480.0,0.6986301369863014,2027-06-17,2.8,2.79,2.81,2.82,35.0,0.3294134442138671,774.4213256835938,0.040199999809265134,0.0073566865
SPY,put,485.0,0.6986301369863014,2027-06-17,2.9000000000000004,2.89,2.91,3.56,25.0,0.3254461987304687,774.4213256835938,0.040199999809265134,0.0073566865
SPY,put,490.0,0.6986301369863014,2027-06-17,3.0,2.99,3.01,3.25,10.0,0.3214484359741211,774.4213256835938,0.040199999809265134,0.0073566865
SPY,put,500.0,0.6986301369863014,2027-06-17,3.2199999999999998,3.21,3.23,3.24,29.0,0.31369704864501957,774.4213256835938,0.040199999809265134,0.0073566865
SPY,put,510.0,0.6986301369863014,2027-06-17,3.46,3.45,3.47,3.79,23.0,0.30609824768066407,774.4213256835938,0.040199999809265134,0.0073566865
SPY,put,550.0,0.6986301369863014,2027-06-17,4.625,4.61,4.64,4.67,36.0,0.2765880447387695,774.4213256835938,0.040199999809265134,0.0073566865
SPY,put,600.0,0.6986301369863014,2027-06-17,6.875,6.86,6.89,6.89,10.0,0.2425918026733398,774.4213256835938,0.040199999809265134,0.0073566865
SPY,put,605.0,0.6986301369863014,2027-06-17,7.15,7.13,7.17,7.52,23.0,0.23921964401245116,774.4213256835938,0.040199999809265134,0.0073566865
SPY,put,615.0,0.6986301369863014,2027-06-17,7.785,7.77,7.8,7.77,169.0,0.23279575805664063,774.4213256835938,0.040199999809265134,0.0073566865
SPY,put,625.0,0.6986301369863014,2027-06-17,8.469999999999999,8.45,8.49,8.51,300.0,0.22640238937377927,774.4213256835938,0.040199999809265134,0.0073566865
SPY,put,650.0,0.6986301369863014,2027-06-17,10.515,10.5,10.53,10.5,43.0,0.2105639247131348,774.4213256835938,0.040199999809265134,0.0073566865
SPY,put,655.0,0.6986301369863014,2027-06-17,10.99,10.97,11.01,11.14,31.0,0.20748168014526364,774.4213256835938,0.040199999809265134,0.0073566865
SPY,put,660.0,0.6986301369863014,2027-06-17,11.5,11.48,11.52,11.61,10.0,0.20444521148681638,774.4213256835938,0.040199999809265134,0.0073566865
SPY,put,700.0,0.6986301369863014,2027-06-17,16.58,16.56,16.6,16.6,29.0,0.17979488426208498,774.4213256835938,0.040199999809265134,0.0073566865
SPY,put,705.0,0.6986301369863014,2027-06-17,17.365,17.33,17.4,18.06,16.0,0.1767355276489258,774.4213256835938,0.040199999809265134,0.0073566865
SPY,put,720.0,0.6986301369863014,2027-06-17,20.02,19.99,20.05,21.31,15.0,0.16743538871765137,774.4213256835938,0.040199999809265134,0.0073566865
SPY,put,725.0,0.6986301369863014,2027-06-17,21.005,20.97,21.04,21.15,318.0,0.16435314414978028,774.4213256835938,0.040199999809265134,0.0073566865
SPY,put,730.0,0.6986301369863014,2027-06-17,22.04,22.01,22.07,22.13,33.0,0.16120223571777342,774.4213256835938,0.040199999809265134,0.0073566865
SPY,put,735.0,0.6986301369863014,2027-06-17,23.119999999999997,23.09,23.15,23.27,41.0,0.15799792205810548,774.4213256835938,0.040199999809265134,0.0073566865
SPY,put,740.0,0.6986301369863014,2027-06-17,24.28,24.24,24.32,24.36,66.0,0.1549156774902344,774.4213256835938,0.040199999809265134,0.0073566865
SPY,put,745.0,0.6986301369863014,2027-06-17,25.485,25.45,25.52,25.67,352.0,0.1516579586029053,774.4213256835938,0.040199999809265134,0.0073566865
SPY,put,755.0,0.6986301369863014,2027-06-17,28.095,28.05,28.14,29.21,47.0,0.1451272621917725,774.4213256835938,0.040199999809265134,0.0073566865
SPY,put,760.0,0.6986301369863014,2027-06-17,29.54,29.49,29.59,29.58,33.0,0.1419305778503418,774.4213256835938,0.040199999809265134,0.0073566865
SPY,put,765.0,0.6986301369863014,2027-06-17,31.065,31.01,31.12,31.14,34.0,0.13868811759948732,774.4213256835938,0.040199999809265134,0.0073566865
SPY,put,770.0,0.6986301369863014,2027-06-17,32.685,32.63,32.74,32.86,177.0,0.13541514007568362,774.4213256835938,0.040199999809265134,0.0073566865
SPY,put,775.0,0.6986301369863014,2027-06-17,34.400000000000006,34.34,34.46,34.57,20.0,0.1321345332336426,774.4213256835938,0.040199999809265134,0.0073566865
SPY,put,780.0,0.6986301369863014,2027-06-17,36.230000000000004,36.17,36.29,36.35,109.0,0.12884629707336423,774.4213256835938,0.040199999809265134,0.0073566865
SPY,put,785.0,0.6986301369863014,2027-06-17,38.145,38.09,38.2,38.25,25.0,0.12540547454833983,774.4213256835938,0.040199999809265134,0.0073566865
SPY,put,800.0,0.6986301369863014,2027-06-17,44.76,44.69,44.83,44.8,16.0,0.11547973152160645,774.4213256835938,0.040199999809265134,0.0073566865
SPY,put,805.0,0.6986301369863014,2027-06-17,47.25,47.17,47.33,49.77,65.0,0.11216097808837888,774.4213256835938,0.040199999809265134,0.0073566865
SPY,put,810.0,0.6986301369863014,2027-06-17,49.879999999999995,49.82,49.94,51.41,17.0,0.10861334510803222,774.4213256835938,0.040199999809265134,0.0073566865
SPY,put,815.0,0.6986301369863014,2027-06-17,52.655,52.52,52.79,62.0,33.0,0.10536325553894044,774.4213256835938,0.040199999809265134,0.0073566865
SPY,put,835.0,0.6986301369863014,2027-06-17,65.675,65.5,65.85,77.44,58.0,0.09146263771057128,774.4213256835938,0.040199999809265134,0.0073566865
SPY,put,845.0,0.6986301369863014,2027-06-17,73.52000000000001,72.01,75.03,74.3,10.0,0.0951933743286133,774.4213256835938,0.040199999809265134,0.0073566865
SPY,put,855.0,0.6986301369863014,2027-06-17,82.18,80.44,83.92,86.35,55.0,0.09543751251220703,774.4213256835938,0.040199999809265134,0.0073566865
SPY,put,865.0,0.6986301369863014,2027-06-17,91.66999999999999,89.96,93.38,93.03,40.0,0.09862656753540039,774.4213256835938,0.040199999809265134,0.0073566865
SPY,call,600.0,0.7342465753424657,2027-06-30,196.48,194.67,198.29,184.2,10.0,0.35899994033813476,774.4213256835938,0.040199999809265134,0.0073566865
SPY,call,650.0,0.7342465753424657,2027-06-30,151.21,150.09,152.33,145.51,12.0,0.30533531585693363,774.4213256835938,0.040199999809265134,0.0073566865
SPY,call,669.0,0.7342465753424657,2027-06-30,135.315,133.5,137.13,137.0,25.0,0.29482211532592767,774.4213256835938,0.040199999809265134,0.0073566865
SPY,call,670.0,0.7342465753424657,2027-06-30,134.345,132.65,136.04,119.52,23.0,0.2928156046295165,774.4213256835938,0.040199999809265134,0.0073566865
SPY,call,736.0,0.7342465753424657,2027-06-30,80.625,79.79,81.46,80.56,85.0,0.233581577835083,774.4213256835938,0.040199999809265134,0.0073566865
SPY,call,744.0,0.7342465753424657,2027-06-30,73.64500000000001,71.29,76.0,66.93,11.0,0.22940834075927735,774.4213256835938,0.040199999809265134,0.0073566865
SPY,call,758.0,0.7342465753424657,2027-06-30,65.235,65.07,65.4,64.5,85.0,0.21678181907653807,774.4213256835938,0.040199999809265134,0.0073566865
SPY,call,762.0,0.7342465753424657,2027-06-30,62.455,62.28,62.63,61.76,85.0,0.213875048828125,774.4213256835938,0.040199999809265134,0.0073566865
SPY,call,764.0,0.7342465753424657,2027-06-30,61.045,60.85,61.24,60.41,85.0,0.21235681449890134,774.4213256835938,0.040199999809265134,0.0073566865
SPY,call,770.0,0.7342465753424657,2027-06-30,57.04,56.87,57.21,56.7,50.0,0.208092025604248,774.4213256835938,0.040199999809265134,0.0073566865
SPY,call,785.0,0.7342465753424657,2027-06-30,47.36,47.21,47.51,45.63,10.0,0.1972889109802246,774.4213256835938,0.040199999809265134,0.0073566865
SPY,call,800.0,0.7342465753424657,2027-06-30,38.57,38.53,38.61,36.59,36.0,0.1870122193145752,774.4213256835938,0.040199999809265134,0.0073566865
SPY,call,810.0,0.7342465753424657,2027-06-30,33.265,33.22,33.31,28.91,163.0,0.1810003165435791,774.4213256835938,0.040199999809265134,0.0073566865
SPY,call,825.0,0.7342465753424657,2027-06-30,26.155,26.11,26.2,25.76,42.0,0.17268435966491702,774.4213256835938,0.040199999809265134,0.0073566865
SPY,call,835.0,0.7342465753424657,2027-06-30,22.03,21.99,22.07,20.41,24.0,0.16774056144714358,774.4213256835938,0.040199999809265134,0.0073566865
SPY,call,885.0,0.7342465753424657,2027-06-30,8.465,8.44,8.49,7.5,22.0,0.151299380645752,774.4213256835938,0.040199999809265134,0.0073566865
SPY,call,935.0,0.7342465753424657,2027-06-30,2.84,2.82,2.86,2.36,21.0,0.1434106655883789,774.4213256835938,0.040199999809265134,0.0073566865
SPY,call,940.0,0.7342465753424657,2027-06-30,2.53,2.51,2.55,2.4,12.0,0.1428918719482422,774.4213256835938,0.040199999809265134,0.0073566865
SPY,call,955.0,0.7342465753424657,2027-06-30,1.795,1.78,1.81,1.64,797.0,0.14173221557617188,774.4213256835938,0.040199999809265134,0.0073566865
SPY,call,965.0,0.7342465753424657,2027-06-30,1.4249999999999998,1.41,1.44,1.03,10.0,0.1412134219360352,774.4213256835938,0.040199999809265134,0.0073566865
SPY,call,980.0,0.7342465753424657,2027-06-30,1.025,1.01,1.04,0.77,20.0,0.14112187011718752,774.4213256835938,0.040199999809265134,0.0073566865
SPY,put,525.0,0.7342465753424657,2027-06-30,4.095000000000001,4.08,4.11,4.28,105.0,0.29148047393798815,774.4213256835938,0.040199999809265134,0.0073566865
SPY,put,555.0,0.7342465753424657,2027-06-30,5.130000000000001,5.11,5.15,5.57,45.0,0.27057614196777346,774.4213256835938,0.040199999809265134,0.0073566865
SPY,put,570.0,0.7342465753424657,2027-06-30,5.755000000000001,5.73,5.78,6.03,25.0,0.26044440734863283,774.4213256835938,0.040199999809265134,0.0073566865
SPY,put,615.0,0.7342465753424657,2027-06-30,8.26,8.23,8.29,8.89,86.0,0.2312393771362305,774.4213256835938,0.040199999809265134,0.0073566865
SPY,put,625.0,0.7342465753424657,2027-06-30,8.98,8.95,9.01,10.17,96.0,0.2249833361816406,774.4213256835938,0.040199999809265134,0.0073566865
SPY,put,630.0,0.7342465753424657,2027-06-30,9.365,9.34,9.39,9.41,11.0,0.22180953979492185,774.4213256835938,0.040199999809265134,0.0073566865
SPY,put,650.0,0.7342465753424657,2027-06-30,11.115,11.09,11.14,12.2,10.0,0.2095110787963867,774.4213256835938,0.040199999809265134,0.0073566865
SPY,put,665.0,0.7342465753424657,2027-06-30,12.675,12.64,12.71,14.09,31.0,0.20046270736694333,774.4213256835938,0.040199999809265134,0.0073566865
SPY,put,672.0,0.7342465753424657,2027-06-30,13.495000000000001,13.46,13.53,14.86,17.0,0.1962818409729004,774.4213256835938,0.040199999809265134,0.0073566865
SPY,put,676.0,0.7342465753424657,2027-06-30,13.975,13.94,14.01,15.54,182.0,0.19380994186401368,774.4213256835938,0.040199999809265134,0.0073566865
SPY,put,690.0,0.7342465753424657,2027-06-30,15.855,15.82,15.89,15.98,42.0,0.1854024331665039,774.4213256835938,0.040199999809265134,0.0073566865
SPY,put,696.0,0.7342465753424657,2027-06-30,16.73,16.69,16.77,18.41,121.0,0.18174036041259767,774.4213256835938,0.040199999809265134,0.0073566865
SPY,put,699.0,0.7342465753424657,2027-06-30,17.200000000000003,17.17,17.23,21.26,67.0,0.17990932403564452,774.4213256835938,0.040199999809265134,0.0073566865
SPY,put,702.0,0.7342465753424657,2027-06-30,17.685,17.65,17.72,19.68,31.0,0.17815458084106445,774.4213256835938,0.040199999809265134,0.0073566865
SPY,put,704.0,0.7342465753424657,2027-06-30,18.009999999999998,17.97,18.05,21.23,19.0,0.17695677787780761,774.4213256835938,0.040199999809265134,0.0073566865
SPY,put,705.0,0.7342465753424657,2027-06-30,18.17,18.13,18.21,19.26,40.0,0.17632354446411136,774.4213256835938,0.040199999809265134,0.0073566865
SPY,put,706.0,0.7342465753424657,2027-06-30,18.345,18.31,18.38,21.59,13.0,0.17572845764160155,774.4213256835938,0.040199999809265134,0.0073566865
SPY,put,708.0,0.7342465753424657,2027-06-30,18.685,18.65,18.72,22.09,19.0,0.17451539604187014,774.4213256835938,0.040199999809265134,0.0073566865
SPY,put,712.0,0.7342465753424657,2027-06-30,19.369999999999997,19.34,19.4,19.8,136.0,0.171982462387085,774.4213256835938,0.040199999809265134,0.0073566865
SPY,put,720.0,0.7342465753424657,2027-06-30,20.875,20.84,20.91,21.96,12.0,0.16719125053405764,774.4213256835938,0.040199999809265134,0.0073566865
SPY,put,721.0,0.7342465753424657,2027-06-30,21.07,21.03,21.11,24.6,10.0,0.16659616371154792,774.4213256835938,0.040199999809265134,0.0073566865
SPY,put,730.0,0.7342465753424657,2027-06-30,22.905,22.86,22.95,22.9,13.0,0.16101913208007812,774.4213256835938,0.040199999809265134,0.0073566865
SPY,put,734.0,0.7342465753424657,2027-06-30,26.17,26.13,26.21,31.31,170.0,0.16849586395263677,774.4213256835938,0.040199999809265134,0.0073566865
SPY,put,740.0,0.7342465753424657,2027-06-30,25.155,25.11,25.2,29.0,24.0,0.15474020317077639,774.4213256835938,0.040199999809265134,0.0073566865
SPY,put,748.0,0.7342465753424657,2027-06-30,27.15,27.11,27.19,31.27,20.0,0.149697223815918,774.4213256835938,0.040199999809265134,0.0073566865
SPY,put,757.0,0.7342465753424657,2027-06-30,29.615000000000002,29.57,29.66,32.21,50.0,0.14402864036560056,774.4213256835938,0.040199999809265134,0.0073566865
SPY,put,758.0,0.7342465753424657,2027-06-30,29.9,29.86,29.94,31.99,10.0,0.1433572603607178,774.4213256835938,0.040199999809265134,0.0073566865
SPY,put,761.0,0.7342465753424657,2027-06-30,30.785,30.73,30.84,32.52,41.0,0.14149570671081543,774.4213256835938,0.040199999809265134,0.0073566865
SPY,put,763.0,0.7342465753424657,2027-06-30,31.369999999999997,31.33,31.41,32.68,46.0,0.14006902420043943,774.4213256835938,0.040199999809265134,0.0073566865
SPY,put,766.0,0.7342465753424657,2027-06-30,32.32,32.26,32.38,35.54,20.0,0.13826087577819826,774.4213256835938,0.040199999809265134,0.0073566865
SPY,put,769.0,0.7342465753424657,2027-06-30,33.28,33.23,33.33,36.68,35.0,0.13624673576354981,774.4213256835938,0.040199999809265134,0.0073566865
SPY,put,810.0,0.7342465753424657,2027-06-30,50.620000000000005,50.53,50.71,51.06,43.0,0.10916265602111816,774.4213256835938,0.040199999809265134,0.0073566865
SPY,put,820.0,0.7342465753424657,2027-06-30,56.34,56.16,56.52,56.79,97.0,0.10283032188415528,774.4213256835938,0.040199999809265134,0.0073566865
SPY,put,825.0,0.7342465753424657,2027-06-30,59.43,59.24,59.62,60.93,30.0,0.09935135276794432,774.4213256835938,0.040199999809265134,0.0073566865
SPY,put,830.0,0.7342465753424657,2027-06-30,63.269999999999996,62.54,64.0,63.43,10.0,0.1014265273284912,774.4213256835938,0.040199999809265134,0.0073566865
SPY,put,835.0,0.7342465753424657,2027-06-30,66.145,65.96,66.33,76.66,25.0,0.09201957794189453,774.4213256835938,0.040199999809265134,0.0073566865
SPY,call,300.0,0.9506849315068493,2027-09-17,483.08500000000004,481.17,485.0,484.0,20.0,0.6484104983520508,774.4213256835938,0.040199999809265134,0.0073566865
SPY,call,515.0,0.9506849315068493,2027-09-17,282.025,280.05,284.0,274.1,40.0,0.44038950729370113,774.4213256835938,0.040199999809265134,0.0073566865
SPY,call,595.0,0.9506849315068493,2027-09-17,209.82,207.73,211.91,200.77,31.0,0.36729300926208497,774.4213256835938,0.040199999809265134,0.0073566865
SPY,call,780.0,0.9506849315068493,2027-09-17,62.735,62.04,63.43,62.39,23.0,0.2189638040924072,774.4213256835938,0.040199999809265134,0.0073566865
SPY,call,810.0,0.9506849315068493,2027-09-17,45.45,45.41,45.49,45.06,25.0,0.20008505611419675,774.4213256835938,0.040199999809265134,0.0073566865
SPY,call,830.0,0.9506849315068493,2027-09-17,35.29,35.25,35.33,34.98,89.0,0.18910646717071533,774.4213256835938,0.040199999809265134,0.0073566865
SPY,call,835.0,0.9506849315068493,2027-09-17,32.974999999999994,32.94,33.01,32.34,54.0,0.18649342567443847,774.4213256835938,0.040199999809265134,0.0073566865
SPY,call,840.0,0.9506849315068493,2027-09-17,30.78,30.74,30.82,30.62,109.0,0.18407874645233152,774.4213256835938,0.040199999809265134,0.0073566865
SPY,call,855.0,0.9506849315068493,2027-09-17,24.795,24.76,24.83,24.71,119.0,0.17729246788024902,774.4213256835938,0.040199999809265134,0.0073566865
SPY,call,860.0,0.9506849315068493,2027-09-17,23.005,22.97,23.04,21.87,42.0,0.17523255195617674,774.4213256835938,0.040199999809265134,0.0073566865
SPY,call,865.0,0.9506849315068493,2027-09-17,21.34,21.31,21.37,21.15,96.0,0.1733557396697998,774.4213256835938,0.040199999809265134,0.0073566865
SPY,call,870.0,0.9506849315068493,2027-09-17,19.735,19.71,19.76,19.23,177.0,0.17142552215576173,774.4213256835938,0.040199999809265134,0.0073566865
SPY,call,875.0,0.9506849315068493,2027-09-17,18.25,18.22,18.28,18.07,152.0,0.1697318135070801,774.4213256835938,0.040199999809265134,0.0073566865
SPY,call,880.0,0.9506849315068493,2027-09-17,16.86,16.83,16.89,16.67,361.0,0.1681143980407715,774.4213256835938,0.040199999809265134,0.0073566865
SPY,call,890.0,0.9506849315068493,2027-09-17,14.375,14.35,14.4,13.23,10.0,0.16527629165649416,774.4213256835938,0.040199999809265134,0.0073566865
SPY,call,900.0,0.9506849315068493,2027-09-17,12.190000000000001,12.17,12.21,12.11,29.0,0.16265943550109865,774.4213256835938,0.040199999809265134,0.0073566865
SPY,call,905.0,0.9506849315068493,2027-09-17,11.215,11.19,11.24,10.27,34.0,0.1615226670837402,774.4213256835938,0.040199999809265134,0.0073566865
SPY,call,915.0,0.9506849315068493,2027-09-17,9.485,9.46,9.51,9.36,57.0,0.1595008977508545,774.4213256835938,0.040199999809265134,0.0073566865
SPY,call,920.0,0.9506849315068493,2027-09-17,8.690000000000001,8.67,8.71,8.65,136.0,0.15842516387939454,774.4213256835938,0.040199999809265134,0.0073566865
SPY,call,925.0,0.9506849315068493,2027-09-17,7.975,7.96,7.99,7.87,81.0,0.15752490432739258,774.4213256835938,0.040199999809265134,0.0073566865
SPY,call,930.0,0.9506849315068493,2027-09-17,7.305,7.29,7.32,7.27,44.0,0.15664753273010254,774.4213256835938,0.040199999809265134,0.0073566865
SPY,call,940.0,0.9506849315068493,2027-09-17,6.115,6.1,6.13,5.95,21.0,0.1550530052185059,774.4213256835938,0.040199999809265134,0.0073566865
SPY,call,945.0,0.9506849315068493,2027-09-17,5.585,5.57,5.6,5.1,10.0,0.1542900733947754,774.4213256835938,0.040199999809265134,0.0073566865
SPY,call,960.0,0.9506849315068493,2027-09-17,4.24,4.22,4.26,3.69,28.0,0.15235222656250003,774.4213256835938,0.040199999809265134,0.0073566865
SPY,call,970.0,0.9506849315068493,2027-09-17,3.5300000000000002,3.52,3.54,3.16,12.0,0.15123834609985354,774.4213256835938,0.040199999809265134,0.0073566865
SPY,call,1060.0,0.9506849315068493,2027-09-17,0.755,0.75,0.76,0.74,20.0,0.14997187927246097,774.4213256835938,0.040199999809265134,0.0073566865
SPY,call,1065.0,0.9506849315068493,2027-09-17,0.7,0.69,0.71,0.73,29.0,0.15039912109375003,774.4213256835938,0.040199999809265134,0.0073566865
SPY,call,1090.0,0.9506849315068493,2027-09-17,0.51,0.5,0.52,0.5,20.0,0.15302360656738284,774.4213256835938,0.040199999809265134,0.0073566865
SPY,call,1130.0,0.9506849315068493,2027-09-17,0.325,0.32,0.33,0.29,10.0,0.15760119750976562,774.4213256835938,0.040199999809265134,0.0073566865
SPY,call,1210.0,0.9506849315068493,2027-09-17,0.16,0.15,0.17,0.16,10.0,0.1694418994140625,774.4213256835938,0.040199999809265134,0.0073566865
SPY,call,1240.0,0.9506849315068493,2027-09-17,0.125,0.12,0.13,0.1,20.0,0.17285983398437502,774.4213256835938,0.040199999809265134,0.0073566865
SPY,call,1320.0,0.9506849315068493,2027-09-17,0.07,0.06,0.08,0.06,20.0,0.18457846679687498,774.4213256835938,0.040199999809265134,0.0073566865
SPY,call,1470.0,0.9506849315068493,2027-09-17,0.035,0.03,0.04,0.04,100.0,0.20508607421874997,774.4213256835938,0.040199999809265134,0.0073566865
SPY,put,90.0,0.9506849315068493,2027-09-17,0.055,0.05,0.06,0.07,16.0,0.72070591796875,774.4213256835938,0.040199999809265134,0.0073566865
SPY,put,110.0,0.9506849315068493,2027-09-17,0.08499999999999999,0.08,0.09,0.1,10.0,0.6777375976562501,774.4213256835938,0.040199999809265134,0.0073566865
SPY,put,120.0,0.9506849315068493,2027-09-17,0.11,0.1,0.12,0.15,10.0,0.6630893066406252,774.4213256835938,0.040199999809265134,0.0073566865
SPY,put,140.0,0.9506849315068493,2027-09-17,0.16,0.15,0.17,0.17,18.0,0.63086306640625,774.4213256835938,0.040199999809265134,0.0073566865
SPY,put,145.0,0.9506849315068493,2027-09-17,0.175,0.17,0.18,0.25,10.0,0.6235389208984375,774.4213256835938,0.040199999809265134,0.0073566865
SPY,put,190.0,0.9506849315068493,2027-09-17,0.345,0.34,0.35,0.36,278.0,0.5632367895507813,774.4213256835938,0.040199999809265134,0.0073566865
SPY,put,200.0,0.9506849315068493,2027-09-17,0.395,0.39,0.4,0.4,18.0,0.5515181567382813,774.4213256835938,0.040199999809265134,0.0073566865
SPY,put,220.0,0.9506849315068493,2027-09-17,0.51,0.5,0.52,0.55,200.0,0.5295457202148439,774.4213256835938,0.040199999809265134,0.0073566865
SPY,put,225.0,0.9506849315068493,2027-09-17,0.625,0.62,0.63,1.04,21.0,0.5336960693359375,774.4213256835938,0.040199999809265134,0.0073566865
SPY,put,235.0,0.9506849315068493,2027-09-17,0.605,0.6,0.61,0.62,100.0,0.5134326000976561,774.4213256835938,0.040199999809265134,0.0073566865
SPY,put,240.0,0.9506849315068493,2027-09-17,0.885,0.88,0.89,1.21,133.0,0.5301560656738282,774.4213256835938,0.040199999809265134,0.0073566865
SPY,put,250.0,0.9506849315068493,2027-09-17,0.705,0.7,0.71,0.74,360.0,0.49805189453125004,774.4213256835938,0.040199999809265134,0.0073566865
SPY,put,255.0,0.9506849315068493,2027-09-17,0.745,0.74,0.75,0.76,420.0,0.4931691308593751,774.4213256835938,0.040199999809265134,0.0073566865
SPY,put,270.0,0.9506849315068493,2027-09-17,0.86,0.85,0.87,0.88,130.0,0.47839877075195314,774.4213256835938,0.040199999809265134,0.0073566865
SPY,put,275.0,0.9506849315068493,2027-09-17,0.9,0.89,0.91,0.92,570.0,0.4733939379882813,774.4213256835938,0.040199999809265134,0.0073566865
SPY,put,280.0,0.9506849315068493,2027-09-17,0.945,0.94,0.95,0.96,50.0,0.4683891052246094,774.4213256835938,0.040199999809265134,0.0073566865
SPY,put,310.0,0.9506849315068493,2027-09-17,1.225,1.22,1.23,1.28,27.0,0.4401911450195312,774.4213256835938,0.040199999809265134,0.0073566865
SPY,put,325.0,0.9506849315068493,2027-09-17,1.38,1.37,1.39,1.46,500.0,0.42676354492187507,774.4213256835938,0.040199999809265134,0.0073566865
SPY,put,335.0,0.9506849315068493,2027-09-17,1.495,1.49,1.5,1.57,444.0,0.41785250122070305,774.4213256835938,0.040199999809265134,0.0073566865
SPY,put,355.0,0.9506849315068493,2027-09-17,1.745,1.74,1.75,2.03,10.0,0.4008848974609375,774.4213256835938,0.040199999809265134,0.0073566865
SPY,put,370.0,0.9506849315068493,2027-09-17,1.95,1.94,1.96,2.03,10.0,0.38861695373535154,774.4213256835938,0.040199999809265134,0.0073566865
SPY,put,375.0,0.9506849315068493,2027-09-17,2.025,2.02,2.03,2.14,52.0,0.38446660461425775,774.4213256835938,0.040199999809265134,0.0073566865
SPY,put,390.0,0.9506849315068493,2027-09-17,2.25,2.24,2.26,2.41,81.0,0.37244279907226563,774.4213256835938,0.040199999809265134,0.0073566865
SPY,put,425.0,0.9506849315068493,2027-09-17,2.8600000000000003,2.85,2.87,2.92,15.0,0.3452213916015625,774.4213256835938,0.040199999809265134,0.0073566865
SPY,put,430.0,0.9506849315068493,2027-09-17,2.965,2.96,2.97,3.07,10.0,0.34149828430175777,774.4213256835938,0.040199999809265134,0.0073566865
SPY,put,445.0,0.9506849315068493,2027-09-17,3.2699999999999996,3.26,3.28,3.37,17.0,0.33029844512939455,774.4213256835938,0.040199999809265134,0.0073566865
SPY,put,470.0,0.9506849315068493,2027-09-17,3.875,3.86,3.89,4.03,25.0,0.3125373922729492,774.4213256835938,0.040199999809265134,0.0073566865
SPY,put,480.0,0.9506849315068493,2027-09-17,4.154999999999999,4.14,4.17,4.27,35.0,0.30573204040527346,774.4213256835938,0.040199999809265134,0.0073566865
SPY,put,485.0,0.9506849315068493,2027-09-17,4.3,4.29,4.31,4.44,36.0,0.3022225540161133,774.4213256835938,0.040199999809265134,0.0073566865
SPY,put,495.0,0.9506849315068493,2027-09-17,4.605,4.59,4.62,4.77,13.0,0.2955392712402344,774.4213256835938,0.040199999809265134,0.0073566865
SPY,put,525.0,0.9506849315068493,2027-09-17,5.675000000000001,5.66,5.69,5.87,71.0,0.2759471820068359,774.4213256835938,0.040199999809265134,0.0073566865
SPY,put,530.0,0.9506849315068493,2027-09-17,5.890000000000001,5.87,5.91,5.98,10.0,0.27294123062133785,774.4213256835938,0.040199999809265134,0.0073566865
SPY,put,535.0,0.9506849315068493,2027-09-17,6.095000000000001,6.08,6.11,6.27,468.0,0.2696606237792969,774.4213256835938,0.040199999809265134,0.0073566865
SPY,put,545.0,0.9506849315068493,2027-09-17,6.5600000000000005,6.55,6.57,6.82,10.0,0.26352665191650393,774.4213256835938,0.040199999809265134,0.0073566865
SPY,put,560.0,0.9506849315068493,2027-09-17,7.324999999999999,7.31,7.34,7.96,10.0,0.25453931503295907,774.4213256835938,0.040199999809265134,0.0073566865
SPY,put,570.0,0.9506849315068493,2027-09-17,7.895,7.88,7.91,8.06,12.0,0.2486647399902344,774.4213256835938,0.040199999809265134,0.0073566865
SPY,put,580.0,0.9506849315068493,2027-09-17,8.51,8.49,8.53,8.53,20.0,0.2428817167663574,774.4213256835938,0.040199999809265134,0.0073566865
SPY,put,585.0,0.9506849315068493,2027-09-17,8.84,8.82,8.86,9.08,14.0,0.24001309310913083,774.4213256835938,0.040199999809265134,0.0073566865
SPY,put,595.0,0.9506849315068493,2027-09-17,9.545,9.52,9.57,9.78,13.0,0.23438265625,774.4213256835938,0.040199999809265134,0.0073566865
SPY,put,600.0,0.9506849315068493,2027-09-17,9.92,9.9,9.94,9.94,11.0,0.23152929122924804,774.4213256835938,0.040199999809265134,0.0073566865
SPY,put,605.0,0.9506849315068493,2027-09-17,10.3,10.28,10.32,10.35,81.0,0.22866066757202147,774.4213256835938,0.040199999809265134,0.0073566865
SPY,put,615.0,0.9506849315068493,2027-09-17,11.135,11.11,11.16,11.5,17.0,0.22315229980468748,774.4213256835938,0.040199999809265134,0.0073566865
SPY,put,620.0,0.9506849315068493,2027-09-17,11.585,11.56,11.61,11.63,86.0,0.220436262512207,774.4213256835938,0.040199999809265134,0.0073566865
SPY,put,660.0,0.9506849315068493,2027-09-17,15.895,15.87,15.92,16.68,20.0,0.19867744689941402,774.4213256835938,0.040199999809265134,0.0073566865
SPY,put,675.0,0.9506849315068493,2027-09-17,17.92,17.88,17.96,18.55,12.0,0.19062851615905763,774.4213256835938,0.040199999809265134,0.0073566865
SPY,put,690.0,0.9506849315068493,2027-09-17,20.225,20.19,20.26,21.17,17.0,0.1825032922363281,774.4213256835938,0.040199999809265134,0.0073566865
SPY,put,695.0,0.9506849315068493,2027-09-17,21.065,21.03,21.1,21.96,19.0,0.17981014289855957,774.4213256835938,0.040199999809265134,0.0073566865
SPY,put,755.0,0.9506849315068493,2027-09-17,34.485,34.45,34.52,35.8,29.0,0.14637847038269042,774.4213256835938,0.040199999809265134,0.0073566865
SPY,put,765.0,0.9506849315068493,2027-09-17,37.515,37.48,37.55,37.67,17.0,0.14057255920410155,774.4213256835938,0.040199999809265134,0.0073566865
SPY,put,770.0,0.9506849315068493,2027-09-17,39.15,39.11,39.19,39.23,14.0,0.13768867691040043,774.4213256835938,0.040199999809265134,0.0073566865
SPY,put,790.0,0.9506849315068493,2027-09-17,46.474999999999994,46.41,46.54,46.41,22.0,0.12569538864135743,774.4213256835938,0.040199999809265134,0.0073566865
SPY,put,805.0,0.9506849315068493,2027-09-17,53.06,52.98,53.14,55.51,554.0,0.11653257743835449,774.4213256835938,0.040199999809265134,0.0073566865
SPY,put,820.0,0.9506849315068493,2027-09-17,60.709999999999994,60.62,60.8,61.67,24.0,0.10693489509582521,774.4213256835938,0.040199999809265134,0.0073566865
SPY,put,845.0,0.9506849315068493,2027-09-17,75.865,75.16,76.57,86.05,14.0,0.0901580242919922,774.4213256835938,0.040199999809265134,0.0073566865
SPY,put,860.0,0.9506849315068493,2027-09-17,88.07,85.87,90.27,96.47,20.0,0.09407949386596678,774.4213256835938,0.040199999809265134,0.0073566865
SPY,put,880.0,0.9506849315068493,2027-09-17,106.555,104.11,109.0,115.41,100.0,0.09905380935668945,774.4213256835938,0.040199999809265134,0.0073566865
SPY,put,890.0,0.9506849315068493,2027-09-17,116.4,115.9,116.9,125.43,100.0,0.08547362289428712,774.4213256835938,0.040199999809265134,0.0073566865
SPY,put,900.0,0.9506849315068493,2027-09-17,126.98,125.0,128.96,128.24,26.0,0.11115390808105467,774.4213256835938,0.040199999809265134,0.0073566865
SPY,put,910.0,0.9506849315068493,2027-09-17,136.54000000000002,134.08,139.0,142.68,10.0,0.11744046630859376,774.4213256835938,0.040199999809265134,0.0073566865
SPY,call,750.0,0.9863013698630136,2027-09-30,84.75,83.0,86.5,81.27,45.0,0.24408714904785156,774.4213256835938,0.040199999809265134,0.0073566865
SPY,call,768.0,0.9863013698630136,2027-09-30,73.215,71.93,74.5,69.26,13.0,0.23329929306030273,774.4213256835938,0.040199999809265134,0.0073566865
SPY,call,802.0,0.9863013698630136,2027-09-30,50.945,50.9,50.99,48.56,14.0,0.20444139682769774,774.4213256835938,0.040199999809265134,0.0073566865
SPY,call,830.0,0.9863013698630136,2027-09-30,36.34,36.29,36.39,35.25,20.0,0.1892552388763428,774.4213256835938,0.040199999809265134,0.0073566865
SPY,call,840.0,0.9863013698630136,2027-09-30,31.845,31.8,31.89,29.96,10.0,0.1844411390686035,774.4213256835938,0.040199999809265134,0.0073566865
SPY,call,860.0,0.9863013698630136,2027-09-30,23.994999999999997,23.95,24.04,22.43,20.0,0.1757742335510254,774.4213256835938,0.040199999809265134,0.0073566865
SPY,call,945.0,0.9863013698630136,2027-09-30,6.07,6.05,6.09,5.96,213.0,0.1548851602172852,774.4213256835938,0.040199999809265134,0.0073566865
SPY,put,560.0,0.9863013698630136,2027-09-30,7.640000000000001,7.62,7.66,7.89,52.0,0.2527845718383789,774.4213256835938,0.040199999809265134,0.0073566865
SPY,put,580.0,0.9863013698630136,2027-09-30,8.875,8.85,8.9,9.22,28.0,0.24138637039184568,774.4213256835938,0.040199999809265134,0.0073566865
SPY,put,605.0,0.9863013698630136,2027-09-30,10.725,10.7,10.75,11.12,166.0,0.2274247180175781,774.4213256835938,0.040199999809265134,0.0073566865
SPY,put,700.0,0.9863013698630136,2027-09-30,22.615000000000002,22.56,22.67,23.31,11.0,0.1767202690124512,774.4213256835938,0.040199999809265134,0.0073566865
SPY,put,707.0,0.9863013698630136,2027-09-30,23.93,23.87,23.99,25.17,182.0,0.17302004966735843,774.4213256835938,0.040199999809265134,0.0073566865
SPY,put,709.0,0.9863013698630136,2027-09-30,24.32,24.27,24.37,24.3,207.0,0.17192142784118655,774.4213256835938,0.040199999809265134,0.0073566865
SPY,put,750.0,0.9863013698630136,2027-09-30,33.870000000000005,33.81,33.93,34.59,22.0,0.14933101654052733,774.4213256835938,0.040199999809265134,0.0073566865
SPY,put,791.0,0.9863013698630136,2027-09-30,47.665,47.58,47.75,49.66,11.0,0.12544362113952637,774.4213256835938,0.040199999809265134,0.0073566865
SPY,put,800.0,0.9863013698630136,2027-09-30,51.480000000000004,51.37,51.59,53.73,45.0,0.1199886585998535,774.4213256835938,0.040199999809265134,0.0073566865
SPY,call,280.0,1.2,2027-12-17,503.595,501.69,505.5,492.87,14.0,0.6233252999877931,774.4213256835938,0.040199999809265134,0.0073566865
SPY,call,310.0,1.2,2027-12-17,366.18,363.86,368.5,397.45,15.0,1.0000000000000003e-05,774.4213256835938,0.040199999809265134,0.0073566865
SPY,call,395.0,1.2,2027-12-17,387.16499999999996,384.83,389.5,376.0,10.0,0.4443720114135742,774.4213256835938,0.040199999809265134,0.0073566865
SPY,call,440.0,1.2,2027-12-17,355.95500000000004,353.91,358.0,347.24,10.0,0.49335223449707044,774.4213256835938,0.040199999809265134,0.0073566865
SPY,call,460.0,1.2,2027-12-17,337.825,335.65,340.0,328.95,10.0,0.4764380359649658,774.4213256835938,0.040199999809265134,0.0073566865
SPY,call,560.0,1.2,2027-12-17,248.28,246.07,250.49,247.86,12.0,0.3904632487487793,774.4213256835938,0.040199999809265134,0.0073566865
SPY,call,575.0,1.2,2027-12-17,234.92000000000002,232.84,237.0,234.0,10.0,0.3767152172851562,774.4213256835938,0.040199999809265134,0.0073566865
SPY,call,615.0,1.2,2027-12-17,200.26999999999998,198.04,202.5,196.07,18.0,0.34538923660278315,774.4213256835938,0.040199999809265134,0.0073566865
SPY,call,645.0,1.2,2027-12-17,175.84,173.68,178.0,170.21,12.0,0.32553012123107905,774.4213256835938,0.040199999809265134,0.0073566865
SPY,call,670.0,1.2,2027-12-17,156.175,154.85,157.5,155.28,10.0,0.30709768836975093,774.4213256835938,0.040199999809265134,0.0073566865
SPY,call,720.0,1.2,2027-12-17,116.97999999999999,114.96,119.0,114.18,32.0,0.27381860221862786,774.4213256835938,0.040199999809265134,0.0073566865
SPY,call,750.0,1.2,2027-12-17,95.425,93.35,97.5,94.3,13.0,0.25487500503540045,774.4213256835938,0.040199999809265134,0.0073566865
SPY,call,765.0,1.2,2027-12-17,85.405,83.31,87.5,83.5,10.0,0.2462843927001953,774.4213256835938,0.040199999809265134,0.0073566865
SPY,call,770.0,1.2,2027-12-17,82.82499999999999,81.77,83.88,81.71,21.0,0.24233622051239012,774.4213256835938,0.040199999809265134,0.0073566865
SPY,call,775.0,1.2,2027-12-17,77.945,76.81,79.08,78.42,38.0,0.23476030750274657,774.4213256835938,0.040199999809265134,0.0073566865
SPY,call,780.0,1.2,2027-12-17,75.595,73.89,77.3,75.03,86.0,0.23604584762573239,774.4213256835938,0.040199999809265134,0.0073566865
SPY,call,790.0,1.2,2027-12-17,69.67,67.84,71.5,68.5,21.0,0.23155217918395996,774.4213256835938,0.040199999809265134,0.0073566865
SPY,call,795.0,1.2,2027-12-17,66.69,64.88,68.5,60.41,11.0,0.2288056246185303,774.4213256835938,0.040199999809265134,0.0073566865
SPY,call,800.0,1.2,2027-12-17,63.364999999999995,63.15,63.58,63.13,26.0,0.22024552955627438,774.4213256835938,0.040199999809265134,0.0073566865
SPY,call,805.0,1.2,2027-12-17,60.480000000000004,60.25,60.71,60.2,10.0,0.21759434146881101,774.4213256835938,0.040199999809265134,0.0073566865
SPY,call,825.0,1.2,2027-12-17,49.485,49.43,49.54,48.9,11.0,0.2063067651367187,774.4213256835938,0.040199999809265134,0.0073566865
SPY,call,840.0,1.2,2027-12-17,42.11,42.05,42.17,40.04,21.0,0.199051283493042,774.4213256835938,0.040199999809265134,0.0073566865
SPY,call,850.0,1.2,2027-12-17,37.585,37.53,37.64,37.4,192.0,0.19446606323242188,774.4213256835938,0.040199999809265134,0.0073566865
SPY,call,860.0,1.2,2027-12-17,33.425,33.37,33.48,33.28,275.0,0.1902699382019043,774.4213256835938,0.040199999809265134,0.0073566865
SPY,call,865.0,1.2,2027-12-17,31.47,31.42,31.52,30.24,50.0,0.18825579818725585,774.4213256835938,0.040199999809265134,0.0073566865
SPY,call,885.0,1.2,2027-12-17,24.415,24.38,24.45,22.91,808.0,0.18068751449584958,774.4213256835938,0.040199999809265134,0.0073566865
SPY,call,930.0,1.2,2027-12-17,13.24,13.21,13.27,12.34,47.0,0.16849586395263677,774.4213256835938,0.040199999809265134,0.0073566865
SPY,call,935.0,1.2,2027-12-17,12.335,12.3,12.37,11.44,125.0,0.16750405258178713,774.4213256835938,0.040199999809265134,0.0073566865
SPY,call,950.0,1.2,2027-12-17,9.92,9.89,9.95,9.42,103.0,0.16460491165161134,774.4213256835938,0.040199999809265134,0.0073566865
SPY,call,965.0,1.2,2027-12-17,7.955,7.93,7.98,8.75,32.0,0.16220930572509767,774.4213256835938,0.040199999809265134,0.0073566865
SPY,call,985.0,1.2,2027-12-17,5.885,5.86,5.91,4.68,11.0,0.15953904434204103,774.4213256835938,0.040199999809265134,0.0073566865
SPY,call,995.0,1.2,2027-12-17,5.055,5.03,5.08,4.04,13.0,0.15843279319763184,774.4213256835938,0.040199999809265134,0.0073566865
SPY,call,1000.0,1.2,2027-12-17,4.6850000000000005,4.66,4.71,4.62,95.0,0.15795214614868164,774.4213256835938,0.040199999809265134,0.0073566865
SPY,call,1015.0,1.2,2027-12-17,3.715,3.69,3.74,3.73,56.0,0.15656361022949222,774.4213256835938,0.040199999809265134,0.0073566865
SPY,call,1035.0,1.2,2027-12-17,2.76,2.74,2.78,2.32,12.0,0.1554802470397949,774.4213256835938,0.040199999809265134,0.0073566865
SPY,call,1050.0,1.2,2027-12-17,2.22,2.2,2.24,2.2,2464.0,0.15506826385498051,774.4213256835938,0.040199999809265134,0.0073566865
SPY,call,1105.0,1.2,2027-12-17,1.0750000000000002,1.06,1.09,1.28,12.0,0.1560753338623047,774.4213256835938,0.040199999809265134,0.0073566865
SPY,call,1110.0,1.2,2027-12-17,1.01,1.0,1.02,0.91,10.0,0.15619740295410156,774.4213256835938,0.040199999809265134,0.0073566865
SPY,call,1115.0,1.2,2027-12-17,0.96,0.95,0.97,0.96,10.0,0.15662464477539065,774.4213256835938,0.040199999809265134,0.0073566865
SPY,call,1125.0,1.2,2027-12-17,0.86,0.85,0.87,1.44,160.0,0.1573570593261719,774.4213256835938,0.040199999809265134,0.0073566865
SPY,call,1190.0,1.2,2027-12-17,0.47,0.46,0.48,0.52,10.0,0.1638267211914063,774.4213256835938,0.040199999809265134,0.0073566865
SPY,call,1270.0,1.2,2027-12-17,0.615,0.6,0.63,0.71,194.0,0.1909260595703125,774.4213256835938,0.040199999809265134,0.0073566865
SPY,call,1290.0,1.2,2027-12-17,0.24,0.23,0.25,0.19,46.0,0.1763998376464844,774.4213256835938,0.040199999809265134,0.0073566865
SPY,call,1300.0,1.2,2027-12-17,0.2,0.19,0.21,0.25,25.0,0.17554535400390625,774.4213256835938,0.040199999809265134,0.0073566865
SPY,call,1360.0,1.2,2027-12-17,0.15000000000000002,0.14,0.16,0.14,10.0,0.18384605224609374,774.4213256835938,0.040199999809265134,0.0073566865
SPY,put,50.0,1.2,2027-12-17,0.02,0.01,0.03,0.02,102.0,0.7578149218750001,774.4213256835938,0.040199999809265134,0.0073566865
SPY,put,70.0,1.2,2027-12-17,0.045,0.04,0.05,0.06,100.0,0.7070341796875,774.4213256835938,0.040199999809265134,0.0073566865
SPY,put,75.0,1.2,2027-12-17,0.055,0.05,0.06,0.07,100.0,0.6972686523437501,774.4213256835938,0.040199999809265134,0.0073566865
SPY,put,80.0,1.2,2027-12-17,0.060000000000000005,0.05,0.07,0.08,200.0,0.6835969140625001,774.4213256835938,0.040199999809265134,0.0073566865
SPY,put,85.0,1.2,2027-12-17,0.07,0.06,0.08,0.07,10.0,0.6738313867187502,774.4213256835938,0.040199999809265134,0.0073566865
SPY,put,95.0,1.2,2027-12-17,0.09,0.08,0.1,0.11,103.0,0.6533237792968751,774.4213256835938,0.040199999809265134,0.0073566865
SPY,put,100.0,1.2,2027-12-17,0.10500000000000001,0.1,0.11,0.11,26.0,0.64648791015625,774.4213256835938,0.040199999809265134,0.0073566865
SPY,put,105.0,1.2,2027-12-17,0.20500000000000002,0.19,0.22,0.22,20.0,0.6728548339843752,774.4213256835938,0.040199999809265134,0.0073566865
SPY,put,125.0,1.2,2027-12-17,0.175,0.17,0.18,0.21,600.0,0.6040078662109377,774.4213256835938,0.040199999809265134,0.0073566865
SPY,put,180.0,1.2,2027-12-17,0.435,0.43,0.44,0.45,30.0,0.534184345703125,774.4213256835938,0.040199999809265134,0.0073566865
SPY,put,215.0,1.2,2027-12-17,0.675,0.67,0.68,0.68,17.0,0.49707534179687507,774.4213256835938,0.040199999809265134,0.0073566865
SPY,put,245.0,1.2,2027-12-17,0.925,0.92,0.93,1.04,41.0,0.46716841430664063,774.4213256835938,0.040199999809265134,0.0073566865
SPY,put,270.0,1.2,2027-12-17,1.17,1.16,1.18,1.19,85.0,0.44421942504882805,774.4213256835938,0.040199999809265134,0.0073566865
SPY,put,275.0,1.2,2027-12-17,1.225,1.22,1.23,1.27,94.0,0.43958079956054685,774.4213256835938,0.040199999809265134,0.0073566865
SPY,put,295.0,1.2,2027-12-17,1.455,1.45,1.46,1.51,10.0,0.42212491943359376,774.4213256835938,0.040199999809265134,0.0073566865
SPY,put,305.0,1.2,2027-12-17,1.5750000000000002,1.57,1.58,1.7,50.0,0.41345801391601555,774.4213256835938,0.040199999809265134,0.0073566865
SPY,put,310.0,1.2,2027-12-17,1.64,1.63,1.65,1.75,123.0,0.40955180297851557,774.4213256835938,0.040199999809265134,0.0073566865
SPY,put,315.0,1.2,2027-12-17,1.7,1.69,1.71,1.73,10.0,0.40515731567382807,774.4213256835938,0.040199999809265134,0.0073566865
SPY,put,320.0,1.2,2027-12-17,1.775,1.77,1.78,1.97,16.0,0.40112903564453123,774.4213256835938,0.040199999809265134,0.0073566865
SPY,put,325.0,1.2,2027-12-17,1.8450000000000002,1.84,1.85,1.97,249.0,0.3971007556152344,774.4213256835938,0.040199999809265134,0.0073566865
SPY,put,330.0,1.2,2027-12-17,1.915,1.91,1.92,2.12,44.0,0.39301144104003904,774.4213256835938,0.040199999809265134,0.0073566865
SPY,put,335.0,1.2,2027-12-17,1.9849999999999999,1.98,1.99,2.01,10.0,0.38892212646484375,774.4213256835938,0.040199999809265134,0.0073566865
SPY,put,345.0,1.2,2027-12-17,2.1399999999999997,2.13,2.15,2.29,30.0,0.38129280822753897,774.4213256835938,0.040199999809265134,0.0073566865
SPY,put,350.0,1.2,2027-12-17,2.2350000000000003,2.23,2.24,2.24,10.0,0.3776917700195312,774.4213256835938,0.040199999809265134,0.0073566865
SPY,put,365.0,1.2,2027-12-17,2.475,2.47,2.48,2.81,85.0,0.36591210266113283,774.4213256835938,0.040199999809265134,0.0073566865
SPY,put,370.0,1.2,2027-12-17,2.565,2.56,2.57,2.62,57.0,0.3622195126342773,774.4213256835938,0.040199999809265134,0.0073566865
SPY,put,390.0,1.2,2027-12-17,2.9450000000000003,2.93,2.96,3.0,35.0,0.34778484252929687,774.4213256835938,0.040199999809265134,0.0073566865
SPY,put,500.0,1.2,2027-12-17,6.199999999999999,6.18,6.22,6.4,18.0,0.2763133892822265,774.4213256835938,0.040199999809265134,0.0073566865
SPY,put,515.0,1.2,2027-12-17,6.885,6.86,6.91,6.87,25.0,0.2677990701293945,774.4213256835938,0.040199999809265134,0.0073566865
SPY,put,520.0,1.2,2027-12-17,7.130000000000001,7.11,7.15,7.29,18.0,0.2649304464721679,774.4213256835938,0.040199999809265134,0.0073566865
SPY,put,545.0,1.2,2027-12-17,8.504999999999999,8.48,8.53,8.71,18.0,0.25124344955444333,774.4213256835938,0.040199999809265134,0.0073566865
SPY,put,550.0,1.2,2027-12-17,8.82,8.8,8.84,8.82,58.0,0.24857318817138674,774.4213256835938,0.040199999809265134,0.0073566865
SPY,put,555.0,1.2,2027-12-17,9.135,9.11,9.16,9.16,664.0,0.2459029267883301,774.4213256835938,0.040199999809265134,0.0073566865
SPY,put,565.0,1.2,2027-12-17,9.82,9.8,9.84,9.85,121.0,0.24065395584106442,774.4213256835938,0.040199999809265134,0.0073566865
SPY,put,570.0,1.2,2027-12-17,10.18,10.16,10.2,10.21,184.0,0.23805998764038083,774.4213256835938,0.040199999809265134,0.0073566865
SPY,put,575.0,1.2,2027-12-17,10.555,10.53,10.58,11.17,11.0,0.2355117953491211,774.4213256835938,0.040199999809265134,0.0073566865
SPY,put,600.0,1.2,2027-12-17,12.649999999999999,12.62,12.68,12.67,12.0,0.22283186843872066,774.4213256835938,0.040199999809265134,0.0073566865
SPY,put,605.0,1.2,2027-12-17,13.125,13.09,13.16,13.4,166.0,0.22039048660278315,774.4213256835938,0.040199999809265134,0.0073566865
SPY,put,620.0,1.2,2027-12-17,14.635,14.6,14.67,14.68,12.0,0.2128832374572754,774.4213256835938,0.040199999809265134,0.0073566865
SPY,put,650.0,1.2,2027-12-17,18.235,18.2,18.27,18.3,36.0,0.19817391189575195,774.4213256835938,0.040199999809265134,0.0073566865
SPY,put,700.0,1.2,2027-12-17,26.345,26.29,26.4,26.54,12.0,0.17379824012756348,774.4213256835938,0.040199999809265134,0.0073566865
SPY,put,715.0,1.2,2027-12-17,29.41,29.35,29.47,30.41,92.0,0.16631387893676763,774.4213256835938,0.040199999809265134,0.0073566865
SPY,put,725.0,1.2,2027-12-17,31.68,31.61,31.75,32.58,31.0,0.1613700807189941,774.4213256835938,0.040199999809265134,0.0073566865
SPY,put,730.0,1.2,2027-12-17,32.855000000000004,32.79,32.92,33.76,837.0,0.15876085388183597,774.4213256835938,0.040199999809265134,0.0073566865
SPY,put,745.0,1.2,2027-12-17,36.735,36.66,36.81,37.8,24.0,0.15114679428100591,774.4213256835938,0.040199999809265134,0.0073566865
SPY,put,750.0,1.2,2027-12-17,38.115,38.06,38.17,39.45,123.0,0.14845364494323732,774.4213256835938,0.040199999809265134,0.0073566865
SPY,put,800.0,1.2,2027-12-17,55.695,55.58,55.81,55.78,16.0,0.12150689292907715,774.4213256835938,0.040199999809265134,0.0073566865
SPY,put,805.0,1.2,2027-12-17,57.91,57.8,58.02,58.02,10.0,0.1186535279083252,774.4213256835938,0.040199999809265134,0.0073566865
SPY,put,835.0,1.2,2027-12-17,73.515,73.38,73.65,73.77,24.0,0.10086195777893067,774.4213256835938,0.040199999809265134,0.0073566865
SPY,put,915.0,1.2,2027-12-17,238.125,235.75,240.5,217.85,14.0,0.4396952393341065,774.4213256835938,0.040199999809265134,0.0073566865
SPY,call,50.0,1.295890410958904,2028-01-21,723.605,721.21,726.0,711.96,10.0,1.1709025830078126,774.4213256835938,0.040199999809265134,0.0073566865
SPY,call,140.0,1.295890410958904,2028-01-21,553.5899999999999,551.18,556.0,526.84,30.0,1.0000000000000003e-05,774.4213256835938,0.040199999809265134,0.0073566865
SPY,call,180.0,1.295890410958904,2028-01-21,561.065,559.13,563.0,497.75,10.0,1.0000000000000003e-05,774.4213256835938,0.040199999809265134,0.0073566865
SPY,call,320.0,1.295890410958904,2028-01-21,387.21500000000003,384.93,389.5,381.47,11.0,1.0000000000000003e-05,774.4213256835938,0.040199999809265134,0.0073566865
SPY,call,330.0,1.295890410958904,2028-01-21,457.255,455.01,459.5,446.43,18.0,0.5570417831420901,774.4213256835938,0.040199999809265134,0.0073566865
SPY,call,430.0,1.295890410958904,2028-01-21,356.135,353.77,358.5,344.35,16.0,0.4180356048583984,774.4213256835938,0.040199999809265134,0.0073566865
SPY,call,440.0,1.295890410958904,2028-01-21,347.135,344.77,349.5,335.37,16.0,0.4128629270935058,774.4213256835938,0.040199999809265134,0.0073566865
SPY,call,535.0,1.295890410958904,2028-01-21,271.645,269.29,274.0,265.03,10.0,0.4025633474731446,774.4213256835938,0.040199999809265134,0.0073566865
SPY,call,600.0,1.295890410958904,2028-01-21,215.67000000000002,213.34,218.0,212.0,44.0,0.3543079096221923,774.4213256835938,0.040199999809265134,0.0073566865
SPY,call,620.0,1.295890410958904,2028-01-21,198.99,196.5,201.48,188.39,11.0,0.34107104248046877,774.4213256835938,0.040199999809265134,0.0073566865
SPY,call,690.0,1.295890410958904,2028-01-21,143.025,140.55,145.5,138.88,10.0,0.2946351970291138,774.4213256835938,0.040199999809265134,0.0073566865
SPY,call,705.0,1.295890410958904,2028-01-21,131.58499999999998,129.17,134.0,129.8,10.0,0.2847590445709228,774.4213256835938,0.040199999809265134,0.0073566865
SPY,call,720.0,1.295890410958904,2028-01-21,120.515,118.04,122.99,117.55,10.0,0.2757411904144287,774.4213256835938,0.040199999809265134,0.0073566865
SPY,call,745.0,1.295890410958904,2028-01-21,102.63,100.26,105.0,100.35,11.0,0.26011634666442873,774.4213256835938,0.040199999809265134,0.0073566865
SPY,call,780.0,1.295890410958904,2028-01-21,79.39,77.28,81.5,73.01,374.0,0.2391509801483154,774.4213256835938,0.040199999809265134,0.0073566865
SPY,call,805.0,1.295890410958904,2028-01-21,64.39,64.13,64.65,58.25,33.0,0.2205964781951904,774.4213256835938,0.040199999809265134,0.0073566865
SPY,call,820.0,1.295890410958904,2028-01-21,56.07,56.0,56.14,53.72,21.0,0.21239114643096924,774.4213256835938,0.040199999809265134,0.0073566865
SPY,call,835.0,1.295890410958904,2028-01-21,48.37,48.3,48.44,46.16,10.0,0.20514710876464842,774.4213256835938,0.040199999809265134,0.0073566865
SPY,call,850.0,1.295890410958904,2028-01-21,41.32,41.26,41.38,41.08,106.0,0.1983036103057861,774.4213256835938,0.040199999809265134,0.0073566865
SPY,call,860.0,1.295890410958904,2028-01-21,37.010000000000005,36.95,37.07,35.1,12.0,0.19406170936584474,774.4213256835938,0.040199999809265134,0.0073566865
SPY,call,865.0,1.295890410958904,2028-01-21,34.985,34.93,35.04,33.4,80.0,0.1920551986694336,774.4213256835938,0.040199999809265134,0.0073566865
SPY,call,875.0,1.295890410958904,2028-01-21,31.145000000000003,31.1,31.19,30.7,10.0,0.18814135841369625,774.4213256835938,0.040199999809265134,0.0073566865
SPY,call,885.0,1.295890410958904,2028-01-21,27.63,27.58,27.68,26.63,86.0,0.1845632081604004,774.4213256835938,0.040199999809265134,0.0073566865
SPY,call,905.0,1.295890410958904,2028-01-21,21.54,21.49,21.59,18.39,14.0,0.1782156153869629,774.4213256835938,0.040199999809265134,0.0073566865
SPY,call,925.0,1.295890410958904,2028-01-21,16.634999999999998,16.59,16.68,15.74,56.0,0.17300479103088381,774.4213256835938,0.040199999809265134,0.0073566865
SPY,call,935.0,1.295890410958904,2028-01-21,14.57,14.53,14.61,12.42,16.0,0.1707465128326416,774.4213256835938,0.040199999809265134,0.0073566865
SPY,call,950.0,1.295890410958904,2028-01-21,11.89,11.85,11.93,10.9,16.0,0.1677481907653809,774.4213256835938,0.040199999809265134,0.0073566865
SPY,call,980.0,1.295890410958904,2028-01-21,7.85,7.81,7.89,7.76,312.0,0.16309430664062502,774.4213256835938,0.040199999809265134,0.0073566865
SPY,call,985.0,1.295890410958904,2028-01-21,7.32,7.28,7.36,6.78,22.0,0.16246870254516604,774.4213256835938,0.040199999809265134,0.0073566865
SPY,call,990.0,1.295890410958904,2028-01-21,6.82,6.78,6.86,6.29,11.0,0.16185835708618163,774.4213256835938,0.040199999809265134,0.0073566865
SPY,call,1000.0,1.295890410958904,2028-01-21,5.895,5.87,5.92,5.85,16.0,0.16050033843994144,774.4213256835938,0.040199999809265134,0.0073566865
SPY,call,1015.0,1.295890410958904,2028-01-21,4.785,4.75,4.82,3.94,27.0,0.15935594070434572,774.4213256835938,0.040199999809265134,0.0073566865
SPY,call,1020.0,1.295890410958904,2028-01-21,4.465,4.44,4.49,3.4,100.0,0.15894395751953128,774.4213256835938,0.040199999809265134,0.0073566865
SPY,call,1025.0,1.295890410958904,2028-01-21,4.155,4.12,4.19,3.22,100.0,0.15862352615356445,774.4213256835938,0.040199999809265134,0.0073566865
SPY,call,1030.0,1.295890410958904,2028-01-21,3.875,3.85,3.9,3.61,22.0,0.15824206024169923,774.4213256835938,0.040199999809265134,0.0073566865
SPY,call,1035.0,1.295890410958904,2028-01-21,3.6100000000000003,3.58,3.64,2.8,100.0,0.15796740478515625,774.4213256835938,0.040199999809265134,0.0073566865
SPY,call,1100.0,1.295890410958904,2028-01-21,1.5150000000000001,1.49,1.54,1.41,31.0,0.1568382656860352,774.4213256835938,0.040199999809265134,0.0073566865
SPY,call,1105.0,1.295890410958904,2028-01-21,1.4249999999999998,1.41,1.44,1.33,19.0,0.15680774841308598,774.4213256835938,0.040199999809265134,0.0073566865
SPY,call,1110.0,1.295890410958904,2028-01-21,1.3450000000000002,1.33,1.36,1.13,10.0,0.15699085205078128,774.4213256835938,0.040199999809265134,0.0073566865
SPY,call,1135.0,1.295890410958904,2028-01-21,1.02,1.01,1.03,0.9,80.0,0.15818102569580078,774.4213256835938,0.040199999809265134,0.0073566865
SPY,call,1160.0,1.295890410958904,2028-01-21,0.79,0.78,0.8,0.81,373.0,0.1598594757080078,774.4213256835938,0.040199999809265134,0.0073566865
SPY,call,1270.0,1.295890410958904,2028-01-21,0.35,0.34,0.36,0.3,30.0,0.1720053503417969,774.4213256835938,0.040199999809265134,0.0073566865
SPY,call,1300.0,1.295890410958904,2028-01-21,0.29000000000000004,0.28,0.3,0.27,10.0,0.1753012158203125,774.4213256835938,0.040199999809265134,0.0073566865
SPY,call,1390.0,1.295890410958904,2028-01-21,0.175,0.16,0.19,0.18,10.0,0.1859212268066406,774.4213256835938,0.040199999809265134,0.0073566865
SPY,call,1410.0,1.295890410958904,2028-01-21,0.16,0.15,0.17,0.17,10.0,0.18775226318359373,774.4213256835938,0.040199999809265134,0.0073566865
SPY,call,1430.0,1.295890410958904,2028-01-21,0.14500000000000002,0.13,0.16,0.12,50.0,0.19068192138671874,774.4213256835938,0.040199999809265134,0.0073566865
SPY,call,1450.0,1.295890410958904,2028-01-21,0.125,0.11,0.14,0.09,100.0,0.19190261230468753,774.4213256835938,0.040199999809265134,0.0073566865
SPY,call,1480.0,1.295890410958904,2028-01-21,0.11,0.1,0.12,0.11,50.0,0.1948322705078125,774.4213256835938,0.040199999809265134,0.0073566865
SPY,put,50.0,1.295890410958904,2028-01-21,0.02,0.01,0.03,0.03,10.0,0.7304714453125,774.4213256835938,0.040199999809265134,0.0073566865
SPY,put,95.0,1.295890410958904,2028-01-21,0.105,0.09,0.12,0.12,15.0,0.637698935546875,774.4213256835938,0.040199999809265134,0.0073566865
SPY,put,100.0,1.295890410958904,2028-01-21,0.11499999999999999,0.11,0.12,0.12,82.0,0.6269568554687501,774.4213256835938,0.040199999809265134,0.0073566865
SPY,put,140.0,1.295890410958904,2028-01-21,0.26,0.25,0.27,0.3,50.0,0.5678754150390625,774.4213256835938,0.040199999809265134,0.0073566865
SPY,put,145.0,1.295890410958904,2028-01-21,0.28500000000000003,0.27,0.3,0.32,51.0,0.5620160986328125,774.4213256835938,0.040199999809265134,0.0073566865
SPY,put,155.0,1.295890410958904,2028-01-21,0.335,0.33,0.34,0.38,50.0,0.5493209130859377,774.4213256835938,0.040199999809265134,0.0073566865
SPY,put,160.0,1.295890410958904,2028-01-21,0.365,0.35,0.38,0.42,50.0,0.5437057348632813,774.4213256835938,0.040199999809265134,0.0073566865
SPY,put,165.0,1.295890410958904,2028-01-21,0.395,0.38,0.41,0.45,50.0,0.5380905566406251,774.4213256835938,0.040199999809265134,0.0073566865
SPY,put,170.0,1.295890410958904,2028-01-21,0.425,0.41,0.44,0.43,50.0,0.532231240234375,774.4213256835938,0.040199999809265134,0.0073566865
SPY,put,175.0,1.295890410958904,2028-01-21,0.45999999999999996,0.45,0.47,0.48,10.0,0.5271043383789062,774.4213256835938,0.040199999809265134,0.0073566865
SPY,put,180.0,1.295890410958904,2028-01-21,0.49,0.48,0.5,0.56,50.0,0.5212450219726561,774.4213256835938,0.040199999809265134,0.0073566865
SPY,put,265.0,1.295890410958904,2028-01-21,1.24,1.23,1.25,1.29,103.0,0.4382380395507813,774.4213256835938,0.040199999809265134,0.0073566865
SPY,put,275.0,1.295890410958904,2028-01-21,1.36,1.35,1.37,1.39,20.0,0.42969320312500003,774.4213256835938,0.040199999809265134,0.0073566865
SPY,put,300.0,1.295890410958904,2028-01-21,1.665,1.65,1.68,1.76,40.0,0.4082700775146484,774.4213256835938,0.040199999809265134,0.0073566865
SPY,put,335.0,1.295890410958904,2028-01-21,2.185,2.17,2.2,2.2,10.0,0.38049935913085936,774.4213256835938,0.040199999809265134,0.0073566865
SPY,put,370.0,1.295890410958904,2028-01-21,2.8099999999999996,2.8,2.82,2.8,1841.0,0.35431553894042955,774.4213256835938,0.040199999809265134,0.0073566865
SPY,put,380.0,1.295890410958904,2028-01-21,3.01,3.0,3.02,3.07,10.0,0.34717449707031245,774.4213256835938,0.040199999809265134,0.0073566865
SPY,put,385.0,1.295890410958904,2028-01-21,3.115,3.1,3.13,3.23,496.0,0.3437565625,774.4213256835938,0.040199999809265134,0.0073566865
SPY,put,430.0,1.295890410958904,2028-01-21,4.215,4.19,4.24,4.4,300.0,0.31357497955322267,774.4213256835938,0.040199999809265134,0.0073566865
SPY,put,435.0,1.295890410958904,2028-01-21,4.359999999999999,4.34,4.38,4.54,229.0,0.31034014862060544,774.4213256835938,0.040199999809265134,0.0073566865
SPY,put,445.0,1.295890410958904,2028-01-21,4.66,4.64,4.68,4.75,10.0,0.3039925558471679,774.4213256835938,0.040199999809265134,0.0073566865
SPY,put,460.0,1.295890410958904,2028-01-21,5.154999999999999,5.13,5.18,5.32,14.0,0.2948678912353515,774.4213256835938,0.040199999809265134,0.0073566865
SPY,put,495.0,1.295890410958904,2028-01-21,6.52,6.5,6.54,7.4,695.0,0.27417718017578124,774.4213256835938,0.040199999809265134,0.0073566865
SPY,put,505.0,1.295890410958904,2028-01-21,6.975,6.94,7.01,7.05,10.0,0.26863829513549803,774.4213256835938,0.040199999809265134,0.0073566865
SPY,put,520.0,1.295890410958904,2028-01-21,7.745,7.71,7.78,7.94,23.0,0.26050544189453123,774.4213256835938,0.040199999809265134,0.0073566865
SPY,put,535.0,1.295890410958904,2028-01-21,8.59,8.55,8.63,8.72,10.0,0.25249465774536134,774.4213256835938,0.040199999809265134,0.0073566865
SPY,put,555.0,1.295890410958904,2028-01-21,9.89,9.86,9.92,10.19,10.0,0.24208826766967773,774.4213256835938,0.040199999809265134,0.0073566865
SPY,put,560.0,1.295890410958904,2028-01-21,10.239999999999998,10.2,10.28,11.18,20.0,0.23958585128784177,774.4213256835938,0.040199999809265134,0.0073566865
SPY,put,585.0,1.295890410958904,2028-01-21,12.225,12.19,12.26,12.6,24.0,0.22707376937866208,774.4213256835938,0.040199999809265134,0.0073566865
SPY,put,615.0,1.295890410958904,2028-01-21,15.129999999999999,15.08,15.18,15.55,13.0,0.21255517677307126,774.4213256835938,0.040199999809265134,0.0073566865
SPY,put,640.0,1.295890410958904,2028-01-21,18.1,18.04,18.16,18.12,35.0,0.200729733505249,774.4213256835938,0.040199999809265134,0.0073566865
SPY,put,650.0,1.295890410958904,2028-01-21,19.45,19.4,19.5,21.15,26.0,0.1959842975616455,774.4213256835938,0.040199999809265134,0.0073566865
SPY,put,660.0,1.295890410958904,2028-01-21,20.895,20.84,20.95,20.94,10.0,0.19129226684570313,774.4213256835938,0.040199999809265134,0.0073566865
SPY,put,695.0,1.295890410958904,2028-01-21,26.845,26.78,26.91,27.68,1226.0,0.1747747928619385,774.4213256835938,0.040199999809265134,0.0073566865
SPY,put,705.0,1.295890410958904,2028-01-21,28.835,28.76,28.91,31.46,41.0,0.1700217276000977,774.4213256835938,0.040199999809265134,0.0073566865
SPY,put,710.0,1.295890410958904,2028-01-21,29.87,29.8,29.94,30.81,20.0,0.16754982849121097,774.4213256835938,0.040199999809265134,0.0073566865
SPY,put,780.0,1.295890410958904,2028-01-21,49.445,49.33,49.56,49.6,46.0,0.1324397059631348,774.4213256835938,0.040199999809265134,0.0073566865
SPY,put,795.0,1.295890410958904,2028-01-21,55.260000000000005,55.14,55.38,56.99,38.0,0.12448232704162598,774.4213256835938,0.040199999809265134,0.0073566865
SPY,put,800.0,1.295890410958904,2028-01-21,57.345,57.24,57.45,63.74,40.0,0.12167473793029784,774.4213256835938,0.040199999809265134,0.0073566865
SPY,put,805.0,1.295890410958904,2028-01-21,59.565,59.46,59.67,66.3,10.0,0.1190121058654785,774.4213256835938,0.040199999809265134,0.0073566865
SPY,put,815.0,1.295890410958904,2028-01-21,64.225,64.11,64.34,70.71,42.0,0.11339692764282225,774.4213256835938,0.040199999809265134,0.0073566865
SPY,put,825.0,1.295890410958904,2028-01-21,69.295,69.18,69.41,69.74,41.0,0.10756049919128419,774.4213256835938,0.040199999809265134,0.0073566865
SPY,put,830.0,1.295890410958904,2028-01-21,72.065,71.95,72.18,72.98,41.0,0.10477579803466797,774.4213256835938,0.040199999809265134,0.0073566865
SPY,put,840.0,1.295890410958904,2028-01-21,77.88499999999999,77.74,78.03,78.53,71.0,0.09884781776428223,774.4213256835938,0.040199999809265134,0.0073566865
SPY,put,910.0,1.295890410958904,2028-01-21,136.53,134.06,139.0,142.43,20.0,0.1007398886871338,774.4213256835938,0.040199999809265134,0.0073566865
SPY,put,915.0,1.295890410958904,2028-01-21,163.0,160.5,165.5,173.5,50.0,0.19695322097778317,774.4213256835938,0.040199999809265134,0.0073566865
SPY,put,990.0,1.295890410958904,2028-01-21,226.38,224.0,228.76,244.11,200.0,0.19544261596679688,774.4213256835938,0.040199999809265134,0.0073566865
