ticker,kind,strike,expiry,expiry_date,mid,bid,ask,last_price,volume,implied_volatility_yf,S,r,q
TSLA,call,260.0,0.0027397260273972603,2026-10-07,121.65,120.7,122.6,121.52,25.0,2.949221376953125,380.5,0.040349998474121095,0.0
TSLA,call,295.0,0.0027397260273972603,2026-10-07,86.7,85.7,87.7,86.72,13.0,2.1250046874999997,380.5,0.040349998474121095,0.0
TSLA,call,300.0,0.0027397260273972603,2026-10-07,81.675,80.6,82.75,81.6,14.0,2.0004932800292967,380.5,0.040349998474121095,0.0
TSLA,call,305.0,0.0027397260273972603,2026-10-07,76.575,73.65,79.5,74.79,58.0,1.8505866845703123,380.5,0.040349998474121095,0.0
TSLA,call,312.5,0.0027397260273972603,2026-10-07,69.225,68.2,70.25,67.91,29.0,1.7333997705078126,380.5,0.040349998474121095,0.0
TSLA,call,315.0,0.0027397260273972603,2026-10-07,66.7,65.7,67.7,65.6,39.0,1.6689469677734377,380.5,0.040349998474121095,0.0
TSLA,call,317.5,0.0027397260273972603,2026-10-07,64.05000000000001,63.2,64.9,63.78,27.0,1.5654318603515622,380.5,0.040349998474121095,0.0
TSLA,call,320.0,0.0027397260273972603,2026-10-07,61.65,60.8,62.5,61.35,25.0,1.5419944775390624,380.5,0.040349998474121095,0.0
TSLA,call,322.5,0.0027397260273972603,2026-10-07,58.775,57.9,59.65,59.31,13.0,1.3623078759765623,380.5,0.040349998474121095,0.0
TSLA,call,327.5,0.0027397260273972603,2026-10-07,54.599999999999994,53.4,55.8,52.31,141.0,1.4936548754882812,380.5,0.040349998474121095,0.0
TSLA,call,330.0,0.0027397260273972603,2026-10-07,51.974999999999994,50.8,53.15,49.4,117.0,1.4057646899414062,380.5,0.040349998474121095,0.0
TSLA,call,335.0,0.0027397260273972603,2026-10-07,46.325,45.6,47.05,44.8,84.0,1.1196333081054686,380.5,0.040349998474121095,0.0
TSLA,call,337.5,0.0027397260273972603,2026-10-07,44.45,43.25,45.65,42.77,14.0,1.2280312036132814,380.5,0.040349998474121095,0.0
TSLA,call,340.0,0.0027397260273972603,2026-10-07,41.75,40.8,42.7,40.16,253.0,1.1254926538085939,380.5,0.040349998474121095,0.0
TSLA,call,350.0,0.0027397260273972603,2026-10-07,31.700000000000003,30.95,32.45,31.82,28.0,0.8906260937499999,380.5,0.040349998474121095,0.0
TSLA,call,352.5,0.0027397260273972603,2026-10-07,29.1,28.4,29.8,28.0,75.0,0.8139667041015625,380.5,0.040349998474121095,0.0
TSLA,call,357.5,0.0027397260273972603,2026-10-07,24.45,23.25,25.65,23.92,14.0,0.7639183764648438,380.5,0.040349998474121095,0.0
TSLA,call,360.0,0.0027397260273972603,2026-10-07,21.575000000000003,21.3,21.85,21.31,54.0,0.6401403173828125,380.5,0.040349998474121095,0.0
TSLA,call,362.5,0.0027397260273972603,2026-10-07,18.9,18.4,19.4,19.3,80.0,0.5515181567382813,380.5,0.040349998474121095,0.0
TSLA,call,365.0,0.0027397260273972603,2026-10-07,17.0,16.55,17.45,17.0,202.0,0.5888712988281251,380.5,0.040349998474121095,0.0
TSLA,call,367.5,0.0027397260273972603,2026-10-07,14.325,14.05,14.6,14.72,549.0,0.5009815527343751,380.5,0.040349998474121095,0.0
TSLA,call,370.0,0.0027397260273972603,2026-10-07,12.05,11.9,12.2,12.24,1351.0,0.4846242944335938,380.5,0.040349998474121095,0.0
TSLA,call,372.5,0.0027397260273972603,2026-10-07,9.9,9.8,10.0,10.0,808.0,0.4489801196289062,380.5,0.040349998474121095,0.0
TSLA,call,375.0,0.0027397260273972603,2026-10-07,7.8,7.75,7.85,7.8,2581.0,0.4089414575195312,380.5,0.040349998474121095,0.0
TSLA,call,377.5,0.0027397260273972603,2026-10-07,5.9,5.85,5.95,5.99,4839.0,0.3811097045898437,380.5,0.040349998474121095,0.0
TSLA,call,380.0,0.0027397260273972603,2026-10-07,4.375,4.3,4.45,4.37,29350.0,0.37219866088867193,380.5,0.040349998474121095,0.0
TSLA,call,382.5,0.0027397260273972603,2026-10-07,3.1500000000000004,3.1,3.2,3.1,38449.0,0.36475244628906256,380.5,0.040349998474121095,0.0
TSLA,call,385.0,0.0027397260273972603,2026-10-07,2.16,2.15,2.17,2.15,57790.0,0.3552310571289062,380.5,0.040349998474121095,0.0
TSLA,call,387.5,0.0027397260273972603,2026-10-07,1.435,1.43,1.44,1.44,22300.0,0.3523013989257812,380.5,0.040349998474121095,0.0
TSLA,call,390.0,0.0027397260273972603,2026-10-07,0.96,0.95,0.97,0.95,31334.0,0.35742830078125,380.5,0.040349998474121095,0.0
TSLA,call,392.5,0.0027397260273972603,2026-10-07,0.62,0.61,0.63,0.62,10981.0,0.3610903735351562,380.5,0.040349998474121095,0.0
TSLA,call,395.0,0.0027397260273972603,2026-10-07,0.385,0.38,0.39,0.39,7892.0,0.3627993408203125,380.5,0.040349998474121095,0.0
TSLA,call,397.5,0.0027397260273972603,2026-10-07,0.255,0.25,0.26,0.26,4710.0,0.37256486816406253,380.5,0.040349998474121095,0.0
TSLA,call,400.0,0.0027397260273972603,2026-10-07,0.175,0.17,0.18,0.17,9069.0,0.3852600537109374,380.5,0.040349998474121095,0.0
TSLA,call,402.5,0.0027397260273972603,2026-10-07,0.11499999999999999,0.11,0.12,0.11,1688.0,0.39453730468750003,380.5,0.040349998474121095,0.0
TSLA,call,405.0,0.0027397260273972603,2026-10-07,0.08499999999999999,0.08,0.09,0.09,2131.0,0.41211525390625,380.5,0.040349998474121095,0.0
TSLA,call,407.5,0.0027397260273972603,2026-10-07,0.055,0.05,0.06,0.05,691.0,0.41992767578125,380.5,0.040349998474121095,0.0
TSLA,call,410.0,0.0027397260273972603,2026-10-07,0.045,0.04,0.05,0.03,1260.0,0.4414118359375,380.5,0.040349998474121095,0.0
TSLA,call,412.5,0.0027397260273972603,2026-10-07,0.035,0.03,0.04,0.04,263.0,0.46094289062500005,380.5,0.040349998474121095,0.0
TSLA,call,415.0,0.0027397260273972603,2026-10-07,0.025,0.02,0.03,0.02,430.0,0.4726615234375,380.5,0.040349998474121095,0.0
TSLA,call,417.5,0.0027397260273972603,2026-10-07,0.025,0.02,0.03,0.02,80.0,0.500005,380.5,0.040349998474121095,0.0
TSLA,call,420.0,0.0027397260273972603,2026-10-07,0.015,0.01,0.02,0.03,134.0,0.507817421875,380.5,0.040349998474121095,0.0
TSLA,call,422.5,0.0027397260273972603,2026-10-07,0.015,0.01,0.02,0.02,52.0,0.51562984375,380.5,0.040349998474121095,0.0
TSLA,call,427.5,0.0027397260273972603,2026-10-07,0.015,0.01,0.02,0.02,125.0,0.570316796875,380.5,0.040349998474121095,0.0
TSLA,call,430.0,0.0027397260273972603,2026-10-07,0.015,0.01,0.02,0.01,505.0,0.5937540625000001,380.5,0.040349998474121095,0.0
TSLA,put,290.0,0.0027397260273972603,2026-10-07,0.015,0.01,0.02,0.01,44.0,1.2500037499999999,380.5,0.040349998474121095,0.0
TSLA,put,295.0,0.0027397260273972603,2026-10-07,0.015,0.01,0.02,0.01,54.0,1.1796916015624999,380.5,0.040349998474121095,0.0
TSLA,put,300.0,0.0027397260273972603,2026-10-07,0.015,0.01,0.02,0.01,50.0,1.109379453125,380.5,0.040349998474121095,0.0
TSLA,put,312.5,0.0027397260273972603,2026-10-07,0.015,0.01,0.02,0.04,94.0,0.937500625,380.5,0.040349998474121095,0.0
TSLA,put,315.0,0.0027397260273972603,2026-10-07,0.015,0.01,0.02,0.01,487.0,0.8984385156249999,380.5,0.040349998474121095,0.0
TSLA,put,317.5,0.0027397260273972603,2026-10-07,0.02,0.01,0.03,0.04,47.0,0.8906260937499999,380.5,0.040349998474121095,0.0
TSLA,put,320.0,0.0027397260273972603,2026-10-07,0.025,0.02,0.03,0.02,140.0,0.87500125,380.5,0.040349998474121095,0.0
TSLA,put,325.0,0.0027397260273972603,2026-10-07,0.025,0.02,0.03,0.02,416.0,0.8007832421875,380.5,0.040349998474121095,0.0
TSLA,put,327.5,0.0027397260273972603,2026-10-07,0.025,0.02,0.03,0.05,237.0,0.7656273437500001,380.5,0.040349998474121095,0.0
TSLA,put,330.0,0.0027397260273972603,2026-10-07,0.025,0.02,0.03,0.02,81.0,0.7304714453125,380.5,0.040349998474121095,0.0
TSLA,put,332.5,0.0027397260273972603,2026-10-07,0.03,0.02,0.04,0.03,39.0,0.710940390625,380.5,0.040349998474121095,0.0
TSLA,put,335.0,0.0027397260273972603,2026-10-07,0.035,0.03,0.04,0.04,120.0,0.6875031250000001,380.5,0.040349998474121095,0.0
TSLA,put,337.5,0.0027397260273972603,2026-10-07,0.035,0.03,0.04,0.03,115.0,0.648441015625,380.5,0.040349998474121095,0.0
TSLA,put,340.0,0.0027397260273972603,2026-10-07,0.035,0.03,0.04,0.04,84.0,0.6132851171875001,380.5,0.040349998474121095,0.0
TSLA,put,342.5,0.0027397260273972603,2026-10-07,0.035,0.03,0.04,0.04,17.0,0.57812921875,380.5,0.040349998474121095,0.0
TSLA,put,345.0,0.0027397260273972603,2026-10-07,0.04,0.03,0.05,0.05,89.0,0.5507857421875001,380.5,0.040349998474121095,0.0
TSLA,put,347.5,0.0027397260273972603,2026-10-07,0.045,0.04,0.05,0.07,21.0,0.523442265625,380.5,0.040349998474121095,0.0
TSLA,put,350.0,0.0027397260273972603,2026-10-07,0.055,0.05,0.06,0.05,838.0,0.500005,380.5,0.040349998474121095,0.0
TSLA,put,352.5,0.0027397260273972603,2026-10-07,0.055,0.05,0.06,0.05,446.0,0.46680220703125,380.5,0.040349998474121095,0.0
TSLA,put,355.0,0.0027397260273972603,2026-10-07,0.065,0.06,0.07,0.06,180.0,0.43945873046875,380.5,0.040349998474121095,0.0
TSLA,put,357.5,0.0027397260273972603,2026-10-07,0.07500000000000001,0.07,0.08,0.08,631.0,0.40820904296875,380.5,0.040349998474121095,0.0
TSLA,put,360.0,0.0027397260273972603,2026-10-07,0.095,0.09,0.1,0.1,1576.0,0.38281867187499996,380.5,0.040349998474121095,0.0
TSLA,put,362.5,0.0027397260273972603,2026-10-07,0.13,0.12,0.14,0.14,1449.0,0.3632876171875,380.5,0.040349998474121095,0.0
TSLA,put,365.0,0.0027397260273972603,2026-10-07,0.195,0.19,0.2,0.2,3504.0,0.34326828613281246,380.5,0.040349998474121095,0.0
TSLA,put,367.5,0.0027397260273972603,2026-10-07,0.305,0.3,0.31,0.3,4229.0,0.3286199951171874,380.5,0.040349998474121095,0.0
TSLA,put,370.0,0.0027397260273972603,2026-10-07,0.49,0.48,0.5,0.47,10837.0,0.317389638671875,380.5,0.040349998474121095,0.0
TSLA,put,372.5,0.0027397260273972603,2026-10-07,0.785,0.78,0.79,0.79,6660.0,0.305671005859375,380.5,0.040349998474121095,0.0
TSLA,put,375.0,0.0027397260273972603,2026-10-07,1.27,1.26,1.28,1.27,12070.0,0.2995675512695312,380.5,0.040349998474121095,0.0
TSLA,put,377.5,0.0027397260273972603,2026-10-07,1.98,1.97,1.99,1.97,15134.0,0.2934640966796874,380.5,0.040349998474121095,0.0
TSLA,put,380.0,0.0027397260273972603,2026-10-07,2.9450000000000003,2.93,2.96,2.93,22383.0,0.2866282275390625,380.5,0.040349998474121095,0.0
TSLA,put,382.5,0.0027397260273972603,2026-10-07,4.1,4.05,4.15,4.13,6339.0,0.27197993652343744,380.5,0.040349998474121095,0.0
TSLA,put,385.0,0.0027397260273972603,2026-10-07,5.675,5.6,5.75,5.58,3555.0,0.26538820556640624,380.5,0.040349998474121095,0.0
TSLA,put,387.5,0.0027397260273972603,2026-10-07,7.425,7.35,7.5,7.2,399.0,0.23780059082031246,380.5,0.040349998474121095,0.0
TSLA,put,390.0,0.0027397260273972603,2026-10-07,9.5,9.45,9.55,9.53,739.0,0.186531572265625,380.5,0.040349998474121095,0.0
TSLA,put,395.0,0.0027397260273972603,2026-10-07,13.775,13.25,14.3,13.95,29.0,1.0000000000000003e-05,380.5,0.040349998474121095,0.0
TSLA,put,397.5,0.0027397260273972603,2026-10-07,16.2,15.65,16.75,17.8,25.0,1.0000000000000003e-05,380.5,0.040349998474121095,0.0
TSLA,put,400.0,0.0027397260273972603,2026-10-07,18.674999999999997,18.45,18.9,18.48,450.0,1.0000000000000003e-05,380.5,0.040349998474121095,0.0
TSLA,put,402.5,0.0027397260273972603,2026-10-07,21.1,20.65,21.55,22.58,362.0,1.0000000000000003e-05,380.5,0.040349998474121095,0.0
TSLA,put,445.0,0.0027397260273972603,2026-10-07,63.800000000000004,63.2,64.4,65.84,93.0,1.0000000000000003e-05,380.5,0.040349998474121095,0.0
TSLA,call,180.0,0.00821917808219178,2026-10-09,201.55,200.5,202.6,192.24,25.0,3.7031257421875,380.5,0.040349998474121095,0.0
TSLA,call,220.0,0.00821917808219178,2026-10-09,161.55,160.45,162.65,152.08,49.0,2.8066436083984376,380.5,0.040349998474121095,0.0
TSLA,call,230.0,0.00821917808219178,2026-10-09,151.89999999999998,150.35,153.45,142.83,10.0,2.750003125,380.5,0.040349998474121095,0.0
TSLA,call,265.0,0.00821917808219178,2026-10-09,115.80000000000001,113.2,118.4,86.03,16.0,1.5839864550781246,380.5,0.040349998474121095,0.0
TSLA,call,280.0,0.00821917808219178,2026-10-09,101.625,100.25,103.0,98.51,12.0,1.7304700976562502,380.5,0.040349998474121095,0.0
TSLA,call,285.0,0.00821917808219178,2026-10-09,95.975,93.55,98.4,93.22,10.0,1.40234673828125,380.5,0.040349998474121095,0.0
TSLA,call,295.0,0.00821917808219178,2026-10-09,86.075,83.75,88.4,78.16,60.0,1.3007847460937496,380.5,0.040349998474121095,0.0
TSLA,call,310.0,0.00821917808219178,2026-10-09,71.575,71.15,72.0,71.03,26.0,1.2294960400390624,380.5,0.040349998474121095,0.0
TSLA,call,312.5,0.00821917808219178,2026-10-09,69.0,67.95,70.05,65.15,22.0,1.171879140625,380.5,0.040349998474121095,0.0
TSLA,call,315.0,0.00821917808219178,2026-10-09,65.875,63.5,68.25,64.09,20.0,0.9345709667968749,380.5,0.040349998474121095,0.0
TSLA,call,322.5,0.00821917808219178,2026-10-09,58.575,56.2,60.95,55.49,36.0,0.9062509375,380.5,0.040349998474121095,0.0
TSLA,call,325.0,0.00821917808219178,2026-10-09,56.0,53.85,58.15,47.85,30.0,0.8471694970703124,380.5,0.040349998474121095,0.0
TSLA,call,330.0,0.00821917808219178,2026-10-09,51.575,50.65,52.5,50.59,85.0,0.9194343994140625,380.5,0.040349998474121095,0.0
TSLA,call,332.5,0.00821917808219178,2026-10-09,49.55,47.5,51.6,48.17,11.0,0.965820654296875,380.5,0.040349998474121095,0.0
TSLA,call,335.0,0.00821917808219178,2026-10-09,46.525000000000006,45.6,47.45,46.65,100.0,0.8330094824218748,380.5,0.040349998474121095,0.0
TSLA,call,337.5,0.00821917808219178,2026-10-09,44.05,41.6,46.5,43.16,31.0,0.7993184130859375,380.5,0.040349998474121095,0.0
TSLA,call,340.0,0.00821917808219178,2026-10-09,42.0,41.5,42.5,43.4,100.0,0.8354508642578123,380.5,0.040349998474121095,0.0
TSLA,call,347.5,0.00821917808219178,2026-10-09,34.349999999999994,33.8,34.9,33.46,111.0,0.6916534741210938,380.5,0.040349998474121095,0.0
TSLA,call,350.0,0.00821917808219178,2026-10-09,31.75,31.3,32.2,31.85,27.0,0.6369665209960937,380.5,0.040349998474121095,0.0
TSLA,call,352.5,0.00821917808219178,2026-10-09,29.625,29.2,30.05,28.84,27.0,0.6457554956054687,380.5,0.040349998474121095,0.0
TSLA,call,355.0,0.00821917808219178,2026-10-09,26.825,26.45,27.2,27.16,41.0,0.5661664477539063,380.5,0.040349998474121095,0.0
TSLA,call,357.5,0.00821917808219178,2026-10-09,24.625,24.15,25.1,23.3,18.0,0.56055126953125,380.5,0.040349998474121095,0.0
TSLA,call,360.0,0.00821917808219178,2026-10-09,22.25,22.05,22.45,22.05,170.0,0.5307664111328125,380.5,0.040349998474121095,0.0
TSLA,call,362.5,0.00821917808219178,2026-10-09,19.85,19.65,20.05,19.5,11.0,0.5159960510253907,380.5,0.040349998474121095,0.0
TSLA,call,365.0,0.00821917808219178,2026-10-09,17.549999999999997,17.4,17.7,17.45,128.0,0.48291532714843755,380.5,0.040349998474121095,0.0
TSLA,call,367.5,0.00821917808219178,2026-10-09,15.45,15.35,15.55,15.39,333.0,0.4639946179199219,380.5,0.040349998474121095,0.0
TSLA,call,370.0,0.00821917808219178,2026-10-09,13.274999999999999,13.2,13.35,13.35,4303.0,0.43604079589843747,380.5,0.040349998474121095,0.0
TSLA,call,372.5,0.00821917808219178,2026-10-09,11.425,11.35,11.5,11.4,925.0,0.42847251220703125,380.5,0.040349998474121095,0.0
TSLA,call,375.0,0.00821917808219178,2026-10-09,9.575,9.5,9.65,9.61,1914.0,0.41296973754882804,380.5,0.040349998474121095,0.0
TSLA,call,377.5,0.00821917808219178,2026-10-09,7.9750000000000005,7.9,8.05,7.94,1161.0,0.4057676611328125,380.5,0.040349998474121095,0.0
TSLA,call,380.0,0.00821917808219178,2026-10-09,6.55,6.5,6.6,6.54,8106.0,0.3986876538085938,380.5,0.040349998474121095,0.0
TSLA,call,382.5,0.00821917808219178,2026-10-09,5.3,5.25,5.35,5.28,6135.0,0.39453730468750003,380.5,0.040349998474121095,0.0
TSLA,call,385.0,0.00821917808219178,2026-10-09,4.25,4.2,4.3,4.25,5913.0,0.3930724755859375,380.5,0.040349998474121095,0.0
TSLA,call,387.5,0.00821917808219178,2026-10-09,3.4000000000000004,3.35,3.45,3.37,1791.0,0.39502558105468755,380.5,0.040349998474121095,0.0
TSLA,call,390.0,0.00821917808219178,2026-10-09,2.6,2.58,2.62,2.62,4679.0,0.3881897119140625,380.5,0.040349998474121095,0.0
TSLA,call,392.5,0.00821917808219178,2026-10-09,2.01,1.99,2.03,2.03,1729.0,0.3892883337402344,380.5,0.040349998474121095,0.0
TSLA,call,395.0,0.00821917808219178,2026-10-09,1.5550000000000002,1.54,1.57,1.53,2058.0,0.39197385375976557,380.5,0.040349998474121095,0.0
TSLA,call,397.5,0.00821917808219178,2026-10-09,1.18,1.17,1.19,1.27,823.0,0.39331661376953125,380.5,0.040349998474121095,0.0
TSLA,call,400.0,0.00821917808219178,2026-10-09,0.88,0.87,0.89,0.88,7313.0,0.3947814428710938,380.5,0.040349998474121095,0.0
TSLA,call,402.5,0.00821917808219178,2026-10-09,0.66,0.65,0.67,0.74,579.0,0.3979552392578125,380.5,0.040349998474121095,0.0
TSLA,call,405.0,0.00821917808219178,2026-10-09,0.505,0.5,0.51,0.54,1316.0,0.4028380029296875,380.5,0.040349998474121095,0.0
TSLA,call,407.5,0.00821917808219178,2026-10-09,0.385,0.38,0.39,0.43,112.0,0.40845318115234375,380.5,0.040349998474121095,0.0
TSLA,call,410.0,0.00821917808219178,2026-10-09,0.305,0.3,0.31,0.29,441.0,0.41748629394531245,380.5,0.040349998474121095,0.0
TSLA,call,412.5,0.00821917808219178,2026-10-09,0.235,0.23,0.24,0.24,125.0,0.42383388671875,380.5,0.040349998474121095,0.0
TSLA,call,415.0,0.00821917808219178,2026-10-09,0.175,0.17,0.18,0.18,143.0,0.4282283740234375,380.5,0.040349998474121095,0.0
TSLA,call,417.5,0.00821917808219178,2026-10-09,0.14500000000000002,0.14,0.15,0.15,38.0,0.43945873046875,380.5,0.040349998474121095,0.0
TSLA,call,420.0,0.00821917808219178,2026-10-09,0.13,0.12,0.14,0.13,599.0,0.45898978515625005,380.5,0.040349998474121095,0.0
TSLA,call,422.5,0.00821917808219178,2026-10-09,0.10500000000000001,0.1,0.11,0.1,22.0,0.46484910156250003,380.5,0.040349998474121095,0.0
TSLA,call,425.0,0.00821917808219178,2026-10-09,0.09,0.08,0.1,0.1,94.0,0.4804739453125,380.5,0.040349998474121095,0.0
TSLA,call,427.5,0.00821917808219178,2026-10-09,0.07500000000000001,0.07,0.08,0.08,41.0,0.48828636718750007,380.5,0.040349998474121095,0.0
TSLA,call,430.0,0.00821917808219178,2026-10-09,0.065,0.06,0.07,0.07,261.0,0.500005,380.5,0.040349998474121095,0.0
TSLA,call,435.0,0.00821917808219178,2026-10-09,0.055,0.05,0.06,0.05,17.0,0.52539537109375,380.5,0.040349998474121095,0.0
TSLA,call,440.0,0.00821917808219178,2026-10-09,0.045,0.04,0.05,0.05,54.0,0.5507857421875001,380.5,0.040349998474121095,0.0
TSLA,call,445.0,0.00821917808219178,2026-10-09,0.035,0.03,0.04,0.04,12.0,0.5742230078125,380.5,0.040349998474121095,0.0
TSLA,call,450.0,0.00821917808219178,2026-10-09,0.035,0.03,0.04,0.03,91.0,0.6093789062500001,380.5,0.040349998474121095,0.0
TSLA,call,465.0,0.00821917808219178,2026-10-09,0.02,0.01,0.03,0.03,10.0,0.6757844921875001,380.5,0.040349998474121095,0.0
TSLA,call,480.0,0.00821917808219178,2026-10-09,0.015,0.01,0.02,0.02,13.0,0.7500025,380.5,0.040349998474121095,0.0
TSLA,call,500.0,0.00821917808219178,2026-10-09,0.015,0.01,0.02,0.01,115.0,0.867188828125,380.5,0.040349998474121095,0.0
TSLA,put,210.0,0.00821917808219178,2026-10-09,0.015,0.01,0.02,0.01,20.0,1.8437507812499998,380.5,0.040349998474121095,0.0
TSLA,put,220.0,0.00821917808219178,2026-10-09,0.015,0.01,0.02,0.01,20.0,1.703126484375,380.5,0.040349998474121095,0.0
TSLA,put,230.0,0.00821917808219178,2026-10-09,0.015,0.01,0.02,0.02,15.0,1.5781271093749998,380.5,0.040349998474121095,0.0
TSLA,put,235.0,0.00821917808219178,2026-10-09,0.015,0.01,0.02,0.02,21.0,1.5156274218749999,380.5,0.040349998474121095,0.0
TSLA,put,245.0,0.00821917808219178,2026-10-09,0.02,0.01,0.03,0.02,54.0,1.421877890625,380.5,0.040349998474121095,0.0
TSLA,put,250.0,0.00821917808219178,2026-10-09,0.02,0.01,0.03,0.1,15.0,1.359378203125,380.5,0.040349998474121095,0.0
TSLA,put,260.0,0.00821917808219178,2026-10-09,0.02,0.01,0.03,0.03,32.0,1.2421912890624998,380.5,0.040349998474121095,0.0
TSLA,put,265.0,0.00821917808219178,2026-10-09,0.025,0.02,0.03,0.02,30.0,1.2109414453124998,380.5,0.040349998474121095,0.0
TSLA,put,270.0,0.00821917808219178,2026-10-09,0.025,0.02,0.03,0.02,40.0,1.1484417578125,380.5,0.040349998474121095,0.0
TSLA,put,275.0,0.00821917808219178,2026-10-09,0.03,0.02,0.04,0.04,236.0,1.11328568359375,380.5,0.040349998474121095,0.0
TSLA,put,295.0,0.00821917808219178,2026-10-09,0.045,0.04,0.05,0.05,30.0,0.929688203125,380.5,0.040349998474121095,0.0
TSLA,put,300.0,0.00821917808219178,2026-10-09,0.05,0.04,0.06,0.05,41.0,0.8828136718749999,380.5,0.040349998474121095,0.0
TSLA,put,310.0,0.00821917808219178,2026-10-09,0.060000000000000005,0.05,0.07,0.06,31.0,0.789064609375,380.5,0.040349998474121095,0.0
TSLA,put,312.5,0.00821917808219178,2026-10-09,0.065,0.06,0.07,0.07,140.0,0.7695335546875001,380.5,0.040349998474121095,0.0
TSLA,put,315.0,0.00821917808219178,2026-10-09,0.065,0.06,0.07,0.07,106.0,0.7402369726562499,380.5,0.040349998474121095,0.0
TSLA,put,317.5,0.00821917808219178,2026-10-09,0.07500000000000001,0.07,0.08,0.07,16.0,0.7246121289062499,380.5,0.040349998474121095,0.0
TSLA,put,320.0,0.00821917808219178,2026-10-09,0.07500000000000001,0.07,0.08,0.07,369.0,0.6972686523437501,380.5,0.040349998474121095,0.0
TSLA,put,322.5,0.00821917808219178,2026-10-09,0.08,0.07,0.09,0.08,11.0,0.6757844921875001,380.5,0.040349998474121095,0.0
TSLA,put,325.0,0.00821917808219178,2026-10-09,0.08499999999999999,0.08,0.09,0.09,79.0,0.6523472265625001,380.5,0.040349998474121095,0.0
TSLA,put,330.0,0.00821917808219178,2026-10-09,0.095,0.09,0.1,0.1,67.0,0.6054726953125001,380.5,0.040349998474121095,0.0
TSLA,put,332.5,0.00821917808219178,2026-10-09,0.095,0.09,0.1,0.11,105.0,0.57617611328125,380.5,0.040349998474121095,0.0
TSLA,put,335.0,0.00821917808219178,2026-10-09,0.10500000000000001,0.1,0.11,0.1,20.0,0.5566450585937501,380.5,0.040349998474121095,0.0
TSLA,put,337.5,0.00821917808219178,2026-10-09,0.11499999999999999,0.11,0.12,0.11,18.0,0.5351608984375,380.5,0.040349998474121095,0.0
TSLA,put,340.0,0.00821917808219178,2026-10-09,0.11499999999999999,0.11,0.12,0.11,56.0,0.50586431640625,380.5,0.040349998474121095,0.0
TSLA,put,342.5,0.00821917808219178,2026-10-09,0.125,0.12,0.13,0.13,15.0,0.48633326171875,380.5,0.040349998474121095,0.0
TSLA,put,345.0,0.00821917808219178,2026-10-09,0.14500000000000002,0.14,0.15,0.14,382.0,0.467778759765625,380.5,0.040349998474121095,0.0
TSLA,put,347.5,0.00821917808219178,2026-10-09,0.175,0.17,0.18,0.17,75.0,0.45117736328125,380.5,0.040349998474121095,0.0
TSLA,put,350.0,0.00821917808219178,2026-10-09,0.19,0.18,0.2,0.2,1144.0,0.4292049267578125,380.5,0.040349998474121095,0.0
TSLA,put,352.5,0.00821917808219178,2026-10-09,0.225,0.22,0.23,0.23,256.0,0.40869731933593745,380.5,0.040349998474121095,0.0
TSLA,put,355.0,0.00821917808219178,2026-10-09,0.295,0.29,0.3,0.29,405.0,0.3969786865234375,380.5,0.040349998474121095,0.0
TSLA,put,357.5,0.00821917808219178,2026-10-09,0.38,0.37,0.39,0.37,165.0,0.3852600537109374,380.5,0.040349998474121095,0.0
TSLA,put,360.0,0.00821917808219178,2026-10-09,0.495,0.49,0.5,0.5,1789.0,0.37183245361328127,380.5,0.040349998474121095,0.0
TSLA,put,362.5,0.00821917808219178,2026-10-09,0.66,0.65,0.67,0.64,805.0,0.362311064453125,380.5,0.040349998474121095,0.0
TSLA,put,365.0,0.00821917808219178,2026-10-09,0.89,0.88,0.9,0.88,1875.0,0.3537662280273437,380.5,0.040349998474121095,0.0
TSLA,put,367.5,0.00821917808219178,2026-10-09,1.19,1.18,1.2,1.2,958.0,0.344733115234375,380.5,0.040349998474121095,0.0
TSLA,put,370.0,0.00821917808219178,2026-10-09,1.615,1.6,1.63,1.6,2687.0,0.3393620751953125,380.5,0.040349998474121095,0.0
TSLA,put,372.5,0.00821917808219178,2026-10-09,2.19,2.17,2.21,2.2,1274.0,0.335944140625,380.5,0.040349998474121095,0.0
TSLA,put,375.0,0.00821917808219178,2026-10-09,2.87,2.85,2.89,2.92,3632.0,0.32923034057617184,380.5,0.040349998474121095,0.0
TSLA,put,377.5,0.00821917808219178,2026-10-09,3.8499999999999996,3.8,3.9,3.8,1531.0,0.33338068969726564,380.5,0.040349998474121095,0.0
TSLA,put,380.0,0.00821917808219178,2026-10-09,4.85,4.8,4.9,4.85,3775.0,0.3249579223632812,380.5,0.040349998474121095,0.0
TSLA,put,382.5,0.00821917808219178,2026-10-09,6.15,6.1,6.2,5.85,1182.0,0.3236151623535155,380.5,0.040349998474121095,0.0
TSLA,put,385.0,0.00821917808219178,2026-10-09,7.55,7.5,7.6,7.65,681.0,0.3161689477539062,380.5,0.040349998474121095,0.0
TSLA,put,387.5,0.00821917808219178,2026-10-09,9.225000000000001,9.15,9.3,9.15,141.0,0.31629101684570304,380.5,0.040349998474121095,0.0
TSLA,put,390.0,0.00821917808219178,2026-10-09,10.925,10.85,11.0,10.79,2883.0,0.30261927856445314,380.5,0.040349998474121095,0.0
TSLA,put,392.5,0.00821917808219178,2026-10-09,12.725,12.5,12.95,12.55,63.0,0.2941965112304687,380.5,0.040349998474121095,0.0
TSLA,put,397.5,0.00821917808219178,2026-10-09,17.25,16.8,17.7,17.15,160.0,0.3391179370117187,380.5,0.040349998474121095,0.0
TSLA,put,400.0,0.00821917808219178,2026-10-09,19.174999999999997,18.7,19.65,19.45,28.0,0.27246821289062495,380.5,0.040349998474121095,0.0
TSLA,put,402.5,0.00821917808219178,2026-10-09,21.625,20.55,22.7,22.39,31.0,0.4067442138671875,380.5,0.040349998474121095,0.0
TSLA,put,410.0,0.00821917808219178,2026-10-09,28.450000000000003,27.55,29.35,30.25,11.0,1.0000000000000003e-05,380.5,0.040349998474121095,0.0
TSLA,call,330.0,0.01643835616438356,2026-10-12,51.975,50.95,53.0,44.5,13.0,0.7512231909179687,380.5,0.040349998474121095,0.0
TSLA,call,337.5,0.01643835616438356,2026-10-12,44.375,41.25,47.5,35.9,140.0,0.6472203247070312,380.5,0.040349998474121095,0.0
TSLA,call,350.0,0.01643835616438356,2026-10-12,32.3,31.6,33.0,31.1,29.0,0.5366257275390626,380.5,0.040349998474121095,0.0
TSLA,call,352.5,0.01643835616438356,2026-10-12,29.6,29.0,30.2,28.83,18.0,0.5389450402832032,380.5,0.040349998474121095,0.0
TSLA,call,360.0,0.01643835616438356,2026-10-12,22.5,22.15,22.85,22.64,107.0,0.44714908325195313,380.5,0.040349998474121095,0.0
TSLA,call,365.0,0.01643835616438356,2026-10-12,18.1,17.85,18.35,18.3,11.0,0.4078428356933594,380.5,0.040349998474121095,0.0
TSLA,call,367.5,0.01643835616438356,2026-10-12,15.975000000000001,15.65,16.3,16.25,51.0,0.3963683410644532,380.5,0.040349998474121095,0.0
TSLA,call,370.0,0.01643835616438356,2026-10-12,14.0,13.75,14.25,14.32,36.0,0.3807434973144531,380.5,0.040349998474121095,0.0
TSLA,call,372.5,0.01643835616438356,2026-10-12,12.274999999999999,11.95,12.6,12.22,146.0,0.3820862573242187,380.5,0.040349998474121095,0.0
TSLA,call,375.0,0.01643835616438356,2026-10-12,10.4,10.3,10.5,10.4,179.0,0.3549869189453124,380.5,0.040349998474121095,0.0
TSLA,call,377.5,0.01643835616438356,2026-10-12,8.85,8.75,8.95,8.78,139.0,0.35034829345703117,380.5,0.040349998474121095,0.0
TSLA,call,380.0,0.01643835616438356,2026-10-12,7.475,7.4,7.55,7.5,1573.0,0.3466251861572265,380.5,0.040349998474121095,0.0
TSLA,call,382.5,0.01643835616438356,2026-10-12,6.325,6.25,6.4,6.22,872.0,0.34839518798828123,380.5,0.040349998474121095,0.0
TSLA,call,385.0,0.01643835616438356,2026-10-12,5.175,5.1,5.25,5.15,1681.0,0.34363449340820307,380.5,0.040349998474121095,0.0
TSLA,call,387.5,0.01643835616438356,2026-10-12,4.275,4.2,4.35,4.45,373.0,0.344733115234375,380.5,0.040349998474121095,0.0
TSLA,call,390.0,0.01643835616438356,2026-10-12,3.5,3.45,3.55,3.5,493.0,0.34448897705078124,380.5,0.040349998474121095,0.0
TSLA,call,392.5,0.01643835616438356,2026-10-12,2.775,2.73,2.82,2.82,184.0,0.34168138793945313,380.5,0.040349998474121095,0.0
TSLA,call,395.0,0.01643835616438356,2026-10-12,2.25,2.22,2.28,2.24,312.0,0.34363449340820307,380.5,0.040349998474121095,0.0
TSLA,call,397.5,0.01643835616438356,2026-10-12,1.7650000000000001,1.74,1.79,1.83,113.0,0.34278000976562495,380.5,0.040349998474121095,0.0
TSLA,call,400.0,0.01643835616438356,2026-10-12,1.395,1.37,1.42,1.48,579.0,0.34448897705078124,380.5,0.040349998474121095,0.0
TSLA,call,402.5,0.01643835616438356,2026-10-12,1.1,1.08,1.12,1.2,56.0,0.3464420825195312,380.5,0.040349998474121095,0.0
TSLA,call,405.0,0.01643835616438356,2026-10-12,0.87,0.85,0.89,0.86,209.0,0.34961587890624996,380.5,0.040349998474121095,0.0
TSLA,call,407.5,0.01643835616438356,2026-10-12,0.6950000000000001,0.68,0.71,0.7,12.0,0.3537662280273437,380.5,0.040349998474121095,0.0
TSLA,call,410.0,0.01643835616438356,2026-10-12,0.5549999999999999,0.54,0.57,0.57,38.0,0.358404853515625,380.5,0.040349998474121095,0.0
TSLA,call,412.5,0.01643835616438356,2026-10-12,0.435,0.42,0.45,0.41,40.0,0.3618227880859375,380.5,0.040349998474121095,0.0
TSLA,call,415.0,0.01643835616438356,2026-10-12,0.355,0.35,0.36,0.35,58.0,0.366217275390625,380.5,0.040349998474121095,0.0
TSLA,call,417.5,0.01643835616438356,2026-10-12,0.29000000000000004,0.28,0.3,0.3,30.0,0.37354142089843745,380.5,0.040349998474121095,0.0
TSLA,call,420.0,0.01643835616438356,2026-10-12,0.25,0.24,0.26,0.25,159.0,0.3833069482421875,380.5,0.040349998474121095,0.0
TSLA,call,425.0,0.01643835616438356,2026-10-12,0.175,0.17,0.18,0.18,24.0,0.39600213378906257,380.5,0.040349998474121095,0.0
TSLA,call,450.0,0.01643835616438356,2026-10-12,0.07500000000000001,0.07,0.08,0.07,42.0,0.5019581054687501,380.5,0.040349998474121095,0.0
TSLA,put,250.0,0.01643835616438356,2026-10-12,0.04,0.03,0.05,0.04,115.0,1.0976607617187502,380.5,0.040349998474121095,0.0
TSLA,put,290.0,0.01643835616438356,2026-10-12,0.07,0.06,0.08,0.07,24.0,0.7812521875,380.5,0.040349998474121095,0.0
TSLA,put,300.0,0.01643835616438356,2026-10-12,0.08,0.07,0.09,0.08,171.0,0.7050810742187501,380.5,0.040349998474121095,0.0
TSLA,put,310.0,0.01643835616438356,2026-10-12,0.1,0.09,0.11,0.11,10.0,0.6347692773437501,380.5,0.040349998474121095,0.0
TSLA,put,315.0,0.01643835616438356,2026-10-12,0.11,0.1,0.12,0.18,17.0,0.5976602734375001,380.5,0.040349998474121095,0.0
TSLA,put,320.0,0.01643835616438356,2026-10-12,0.12,0.11,0.13,0.13,132.0,0.56055126953125,380.5,0.040349998474121095,0.0
TSLA,put,330.0,0.01643835616438356,2026-10-12,0.15000000000000002,0.14,0.16,0.18,219.0,0.49219257812500006,380.5,0.040349998474121095,0.0
TSLA,put,340.0,0.01643835616438356,2026-10-12,0.2,0.19,0.21,0.2,12.0,0.41992767578125,380.5,0.040349998474121095,0.0
TSLA,put,342.5,0.01643835616438356,2026-10-12,0.22,0.21,0.23,0.23,14.0,0.4028380029296875,380.5,0.040349998474121095,0.0
TSLA,put,345.0,0.01643835616438356,2026-10-12,0.26,0.25,0.27,0.27,18.0,0.39014281738281253,380.5,0.040349998474121095,0.0
TSLA,put,347.5,0.01643835616438356,2026-10-12,0.3,0.29,0.31,0.33,13.0,0.375982802734375,380.5,0.040349998474121095,0.0
TSLA,put,350.0,0.01643835616438356,2026-10-12,0.33999999999999997,0.33,0.35,0.37,32.0,0.35986968261718744,380.5,0.040349998474121095,0.0
TSLA,put,352.5,0.01643835616438356,2026-10-12,0.425,0.41,0.44,0.42,46.0,0.35108070800781244,380.5,0.040349998474121095,0.0
TSLA,put,355.0,0.01643835616438356,2026-10-12,0.505,0.49,0.52,0.52,41.0,0.33740896972656254,380.5,0.040349998474121095,0.0
TSLA,put,357.5,0.01643835616438356,2026-10-12,0.65,0.63,0.67,0.65,54.0,0.3305731005859375,380.5,0.040349998474121095,0.0
TSLA,put,360.0,0.01643835616438356,2026-10-12,0.825,0.81,0.84,0.81,1008.0,0.32129584960937496,380.5,0.040349998474121095,0.0
TSLA,put,362.5,0.01643835616438356,2026-10-12,1.0550000000000002,1.03,1.08,1.05,50.0,0.3147041186523437,380.5,0.040349998474121095,0.0
TSLA,put,365.0,0.01643835616438356,2026-10-12,1.3599999999999999,1.34,1.38,1.35,177.0,0.30774618041992186,380.5,0.040349998474121095,0.0
TSLA,put,367.5,0.01643835616438356,2026-10-12,1.77,1.74,1.8,1.83,205.0,0.30383996948242187,380.5,0.040349998474121095,0.0
TSLA,put,370.0,0.01643835616438356,2026-10-12,2.3049999999999997,2.27,2.34,2.4,307.0,0.3011544494628906,380.5,0.040349998474121095,0.0
TSLA,put,372.5,0.01643835616438356,2026-10-12,2.995,2.94,3.05,3.0,147.0,0.3011544494628906,380.5,0.040349998474121095,0.0
TSLA,put,375.0,0.01643835616438356,2026-10-12,3.75,3.7,3.8,3.75,226.0,0.295905478515625,380.5,0.040349998474121095,0.0
TSLA,put,377.5,0.01643835616438356,2026-10-12,4.625,4.55,4.7,4.7,168.0,0.29114478393554677,380.5,0.040349998474121095,0.0
TSLA,put,380.0,0.01643835616438356,2026-10-12,5.800000000000001,5.7,5.9,5.64,693.0,0.2933420275878905,380.5,0.040349998474121095,0.0
TSLA,put,382.5,0.01643835616438356,2026-10-12,7.050000000000001,6.95,7.15,7.1,153.0,0.29016823120117186,380.5,0.040349998474121095,0.0
TSLA,put,385.0,0.01643835616438356,2026-10-12,8.600000000000001,8.4,8.8,8.6,28.0,0.29871306762695304,380.5,0.040349998474121095,0.0
TSLA,put,387.5,0.01643835616438356,2026-10-12,10.55,9.85,11.25,11.1,14.0,0.3411931115722656,380.5,0.040349998474121095,0.0
TSLA,put,390.0,0.01643835616438356,2026-10-12,12.125,11.65,12.6,12.17,49.0,0.3217841259765625,380.5,0.040349998474121095,0.0
TSLA,put,392.5,0.01643835616438356,2026-10-12,13.850000000000001,13.3,14.4,14.68,11.0,0.31873239868164055,380.5,0.040349998474121095,0.0
TSLA,put,397.5,0.01643835616438356,2026-10-12,18.5,17.15,19.85,20.64,13.0,0.4146787048339844,380.5,0.040349998474121095,0.0
TSLA,put,400.0,0.01643835616438356,2026-10-12,19.7,19.0,20.4,21.39,74.0,0.30225307128906254,380.5,0.040349998474121095,0.0
TSLA,put,405.0,0.01643835616438356,2026-10-12,24.35,23.6,25.1,27.15,22.0,0.32031929687499994,380.5,0.040349998474121095,0.0
TSLA,call,320.0,0.021917808219178082,2026-10-14,61.7,58.4,65.0,52.79,42.0,0.7341335180664061,380.5,0.040349998474121095,0.0
TSLA,call,322.5,0.021917808219178082,2026-10-14,59.8,57.05,62.55,50.37,42.0,0.782228740234375,380.5,0.040349998474121095,0.0
TSLA,call,325.0,0.021917808219178082,2026-10-14,57.8,55.35,60.25,48.84,87.0,0.8063984204101562,380.5,0.040349998474121095,0.0
TSLA,call,332.5,0.021917808219178082,2026-10-14,49.425,45.85,53.0,44.84,86.0,0.629886513671875,380.5,0.040349998474121095,0.0
TSLA,call,335.0,0.021917808219178082,2026-10-14,47.15,44.15,50.15,42.45,86.0,0.627078924560547,380.5,0.040349998474121095,0.0
TSLA,call,337.5,0.021917808219178082,2026-10-14,44.175,41.0,47.35,40.89,80.0,0.5481002221679689,380.5,0.040349998474121095,0.0
TSLA,call,340.0,0.021917808219178082,2026-10-14,42.5,40.55,44.45,41.42,83.0,0.6046182116699221,380.5,0.040349998474121095,0.0
TSLA,call,347.5,0.021917808219178082,2026-10-14,34.825,33.55,36.1,32.5,10.0,0.5039112109375,380.5,0.040349998474121095,0.0
TSLA,call,357.5,0.021917808219178082,2026-10-14,25.950000000000003,25.1,26.8,26.45,12.0,0.5152636364746093,380.5,0.040349998474121095,0.0
TSLA,call,362.5,0.021917808219178082,2026-10-14,20.6,18.6,22.6,20.1,35.0,0.489384989013672,380.5,0.040349998474121095,0.0
TSLA,call,365.0,0.021917808219178082,2026-10-14,18.7,17.5,19.9,17.5,54.0,0.4425104577636719,380.5,0.040349998474121095,0.0
TSLA,call,372.5,0.021917808219178082,2026-10-14,13.475,12.75,14.2,13.45,51.0,0.40955180297851557,380.5,0.040349998474121095,0.0
TSLA,call,375.0,0.021917808219178082,2026-10-14,12.425,12.35,12.5,12.35,40.0,0.40064075927734377,380.5,0.040349998474121095,0.0
TSLA,call,377.5,0.021917808219178082,2026-10-14,10.5,10.05,10.95,9.85,65.0,0.39417109741210943,380.5,0.040349998474121095,0.0
TSLA,call,380.0,0.021917808219178082,2026-10-14,9.175,8.9,9.45,9.05,318.0,0.38550419189453117,380.5,0.040349998474121095,0.0
TSLA,call,382.5,0.021917808219178082,2026-10-14,7.800000000000001,7.7,7.9,7.79,319.0,0.37036762451171873,380.5,0.040349998474121095,0.0
TSLA,call,385.0,0.021917808219178082,2026-10-14,6.65,6.6,6.7,6.65,543.0,0.36511865356445317,380.5,0.040349998474121095,0.0
TSLA,call,387.5,0.021917808219178082,2026-10-14,5.7,5.65,5.75,5.9,24.0,0.3658510681152344,380.5,0.040349998474121095,0.0
TSLA,call,390.0,0.021917808219178082,2026-10-14,4.825,4.75,4.9,4.85,160.0,0.3663393444824219,380.5,0.040349998474121095,0.0
TSLA,call,392.5,0.021917808219178082,2026-10-14,4.075,4.0,4.15,4.0,47.0,0.3668276208496094,380.5,0.040349998474121095,0.0
TSLA,call,395.0,0.021917808219178082,2026-10-14,3.4749999999999996,3.4,3.55,3.3,62.0,0.37030658996582033,380.5,0.040349998474121095,0.0
TSLA,call,400.0,0.021917808219178082,2026-10-14,2.37,2.33,2.41,2.35,759.0,0.36743796630859377,380.5,0.040349998474121095,0.0
TSLA,call,405.0,0.021917808219178082,2026-10-14,1.63,1.6,1.66,1.7,44.0,0.3706117626953125,380.5,0.040349998474121095,0.0
TSLA,call,410.0,0.021917808219178082,2026-10-14,1.115,1.09,1.14,1.1,15.0,0.3753724572753906,380.5,0.040349998474121095,0.0
TSLA,call,415.0,0.021917808219178082,2026-10-14,0.77,0.75,0.79,0.75,16.0,0.3820862573242187,380.5,0.040349998474121095,0.0
TSLA,call,420.0,0.021917808219178082,2026-10-14,0.56,0.54,0.58,0.57,25.0,0.39380489013671877,380.5,0.040349998474121095,0.0
TSLA,call,425.0,0.021917808219178082,2026-10-14,0.385,0.37,0.4,0.37,29.0,0.40039662109375,380.5,0.040349998474121095,0.0
TSLA,call,430.0,0.021917808219178082,2026-10-14,0.305,0.29,0.32,0.3,16.0,0.41699801757812494,380.5,0.040349998474121095,0.0
TSLA,call,445.0,0.021917808219178082,2026-10-14,0.15000000000000002,0.14,0.16,0.15,11.0,0.459966337890625,380.5,0.040349998474121095,0.0
TSLA,put,320.0,0.021917808219178082,2026-10-14,0.2,0.19,0.21,0.21,12.0,0.5312546875,380.5,0.040349998474121095,0.0
TSLA,put,325.0,0.021917808219178082,2026-10-14,0.21500000000000002,0.2,0.23,0.26,53.0,0.5004932763671875,380.5,0.040349998474121095,0.0
TSLA,put,327.5,0.021917808219178082,2026-10-14,0.235,0.22,0.25,0.27,12.0,0.48633326171875,380.5,0.040349998474121095,0.0
TSLA,put,335.0,0.021917808219178082,2026-10-14,0.30000000000000004,0.28,0.32,0.32,22.0,0.4414118359375,380.5,0.040349998474121095,0.0
TSLA,put,337.5,0.021917808219178082,2026-10-14,0.32,0.3,0.34,0.43,40.0,0.4243221630859375,380.5,0.040349998474121095,0.0
TSLA,put,355.0,0.021917808219178082,2026-10-14,0.965,0.94,0.99,0.99,106.0,0.3497379479980468,380.5,0.040349998474121095,0.0
TSLA,put,360.0,0.021917808219178082,2026-10-14,1.46,1.43,1.49,1.5,84.0,0.3371648315429688,380.5,0.040349998474121095,0.0
TSLA,put,362.5,0.021917808219178082,2026-10-14,1.8250000000000002,1.79,1.86,1.89,11.0,0.3336248278808594,380.5,0.040349998474121095,0.0
TSLA,put,365.0,0.021917808219178082,2026-10-14,2.255,2.21,2.3,2.21,167.0,0.32971861694335935,380.5,0.040349998474121095,0.0
TSLA,put,367.5,0.021917808219178082,2026-10-14,2.8,2.76,2.84,3.1,76.0,0.3267889587402344,380.5,0.040349998474121095,0.0
TSLA,put,370.0,0.021917808219178082,2026-10-14,3.425,3.35,3.5,3.48,130.0,0.3249579223632812,380.5,0.040349998474121095,0.0
TSLA,put,372.5,0.021917808219178082,2026-10-14,4.2,4.15,4.25,4.15,26.0,0.32227240234374993,380.5,0.040349998474121095,0.0
TSLA,put,375.0,0.021917808219178082,2026-10-14,5.025,4.95,5.1,5.2,90.0,0.3188544677734374,380.5,0.040349998474121095,0.0
TSLA,put,377.5,0.021917808219178082,2026-10-14,6.05,6.0,6.1,5.95,98.0,0.3166572241210937,380.5,0.040349998474121095,0.0
TSLA,put,380.0,0.021917808219178082,2026-10-14,7.175,7.1,7.25,7.0,209.0,0.3154365332031249,380.5,0.040349998474121095,0.0
TSLA,put,382.5,0.021917808219178082,2026-10-14,8.625,8.4,8.85,8.55,118.0,0.3275213732910156,380.5,0.040349998474121095,0.0
TSLA,call,105.0,0.0273972602739726,2026-10-16,244.97500000000002,243.15,246.8,295.15,10.0,1.0000000000000003e-05,380.5,0.040349998474121095,0.0
TSLA,call,110.0,0.0273972602739726,2026-10-16,270.825,268.15,273.5,259.78,20.0,2.9980493798828123,380.5,0.040349998474121095,0.0
TSLA,call,130.0,0.0273972602739726,2026-10-16,251.10000000000002,248.65,253.55,249.7,100.0,2.8496122509765627,380.5,0.040349998474121095,0.0
TSLA,call,135.0,0.0273972602739726,2026-10-16,245.9,243.25,248.55,242.08,27.0,2.5976597558593753,380.5,0.040349998474121095,0.0
TSLA,call,150.0,0.0273972602739726,2026-10-16,231.125,228.7,233.55,203.05,40.0,2.5087927905273437,380.5,0.040349998474121095,0.0
TSLA,call,175.0,0.0273972602739726,2026-10-16,206.175,203.75,208.6,193.49,400.0,2.14844212890625,380.5,0.040349998474121095,0.0
TSLA,call,180.0,0.0273972602739726,2026-10-16,202.05,200.45,203.65,192.25,10.0,2.393070423583984,380.5,0.040349998474121095,0.0
TSLA,call,250.0,0.0273972602739726,2026-10-16,130.875,128.55,133.2,128.5,18.0,1.12891060546875,380.5,0.040349998474121095,0.0
TSLA,call,275.0,0.0273972602739726,2026-10-16,106.775,104.7,108.85,98.38,113.0,1.1223188415527345,380.5,0.040349998474121095,0.0
TSLA,call,290.0,0.0273972602739726,2026-10-16,92.25,89.6,94.9,91.38,22.0,1.0380907470703127,380.5,0.040349998474121095,0.0
TSLA,call,295.0,0.0273972602739726,2026-10-16,86.2,83.7,88.7,76.67,48.0,0.813478427734375,380.5,0.040349998474121095,0.0
TSLA,call,300.0,0.0273972602739726,2026-10-16,82.425,80.85,84.0,83.27,10.0,0.9543461596679688,380.5,0.040349998474121095,0.0
TSLA,call,310.0,0.0273972602739726,2026-10-16,72.525,71.1,73.95,69.0,107.0,0.860352958984375,380.5,0.040349998474121095,0.0
TSLA,call,315.0,0.0273972602739726,2026-10-16,67.65,65.6,69.7,64.9,90.0,0.8208025732421874,380.5,0.040349998474121095,0.0
TSLA,call,347.5,0.0273972602739726,2026-10-16,35.8,35.15,36.45,38.0,12.0,0.5242967492675781,380.5,0.040349998474121095,0.0
TSLA,call,350.0,0.0273972602739726,2026-10-16,33.25,32.9,33.6,33.55,125.0,0.5151415673828125,380.5,0.040349998474121095,0.0
TSLA,call,352.5,0.0273972602739726,2026-10-16,30.6,29.85,31.35,30.17,33.0,0.501103621826172,380.5,0.040349998474121095,0.0
TSLA,call,355.0,0.0273972602739726,2026-10-16,28.775,28.4,29.15,28.64,34.0,0.488408436279297,380.5,0.040349998474121095,0.0
TSLA,call,357.5,0.0273972602739726,2026-10-16,26.8,26.25,27.35,25.0,13.0,0.4946339599609375,380.5,0.040349998474121095,0.0
TSLA,call,360.0,0.0273972602739726,2026-10-16,24.475,24.15,24.8,25.0,436.0,0.46045461425781253,380.5,0.040349998474121095,0.0
TSLA,call,362.5,0.0273972602739726,2026-10-16,21.9,21.55,22.25,22.24,240.0,0.42590906127929695,380.5,0.040349998474121095,0.0
TSLA,call,365.0,0.0273972602739726,2026-10-16,20.4,20.0,20.8,20.5,50.0,0.44135080139160154,380.5,0.040349998474121095,0.0
TSLA,call,367.5,0.0273972602739726,2026-10-16,18.775,18.35,19.2,17.56,18.0,0.44537908142089844,380.5,0.040349998474121095,0.0
TSLA,call,370.0,0.0273972602739726,2026-10-16,16.975,16.7,17.25,16.78,192.0,0.4312801013183594,380.5,0.040349998474121095,0.0
TSLA,call,372.5,0.0273972602739726,2026-10-16,15.175,15.05,15.3,15.07,110.0,0.41480077392578124,380.5,0.040349998474121095,0.0
TSLA,call,375.0,0.0273972602739726,2026-10-16,13.65,13.55,13.75,13.65,900.0,0.41132180480957037,380.5,0.040349998474121095,0.0
TSLA,call,377.5,0.0273972602739726,2026-10-16,12.15,12.05,12.25,12.19,136.0,0.40643904113769536,380.5,0.040349998474121095,0.0
TSLA,call,380.0,0.0273972602739726,2026-10-16,10.825,10.75,10.9,10.83,3271.0,0.40381455566406255,380.5,0.040349998474121095,0.0
TSLA,call,382.5,0.0273972602739726,2026-10-16,9.725000000000001,9.65,9.8,9.85,965.0,0.40717145568847657,380.5,0.040349998474121095,0.0
TSLA,call,385.0,0.0273972602739726,2026-10-16,8.55,8.5,8.6,8.62,1155.0,0.40320421020507813,380.5,0.040349998474121095,0.0
TSLA,call,387.5,0.0273972602739726,2026-10-16,7.5,7.4,7.6,7.68,182.0,0.4033873138427735,380.5,0.040349998474121095,0.0
TSLA,call,390.0,0.0273972602739726,2026-10-16,6.55,6.5,6.6,6.62,1607.0,0.4000914483642578,380.5,0.040349998474121095,0.0
TSLA,call,392.5,0.0273972602739726,2026-10-16,5.725,5.65,5.8,5.85,134.0,0.401373173828125,380.5,0.040349998474121095,0.0
TSLA,call,395.0,0.0273972602739726,2026-10-16,5.025,4.95,5.1,4.85,280.0,0.40344834838867194,380.5,0.040349998474121095,0.0
TSLA,call,397.5,0.0273972602739726,2026-10-16,4.375,4.3,4.45,4.55,197.0,0.4046080047607422,380.5,0.040349998474121095,0.0
TSLA,call,400.0,0.0273972602739726,2026-10-16,3.725,3.7,3.75,3.75,3484.0,0.4000304138183594,380.5,0.040349998474121095,0.0
TSLA,call,402.5,0.0273972602739726,2026-10-16,3.2750000000000004,3.2,3.35,3.43,66.0,0.4067442138671875,380.5,0.040349998474121095,0.0
TSLA,call,405.0,0.0273972602739726,2026-10-16,2.765,2.74,2.79,2.78,154.0,0.4022276574707031,380.5,0.040349998474121095,0.0
TSLA,call,410.0,0.0273972602739726,2026-10-16,2.065,2.04,2.09,2.14,547.0,0.4071104211425781,380.5,0.040349998474121095,0.0
TSLA,call,415.0,0.0273972602739726,2026-10-16,1.5,1.48,1.52,1.55,254.0,0.4094297338867187,380.5,0.040349998474121095,0.0
TSLA,call,420.0,0.0273972602739726,2026-10-16,1.105,1.09,1.12,1.13,944.0,0.41431249755859373,380.5,0.040349998474121095,0.0
TSLA,call,425.0,0.0273972602739726,2026-10-16,0.835,0.82,0.85,0.81,145.0,0.42236905761718746,380.5,0.040349998474121095,0.0
TSLA,call,430.0,0.0273972602739726,2026-10-16,0.625,0.61,0.64,0.65,139.0,0.42969320312500003,380.5,0.040349998474121095,0.0
TSLA,call,435.0,0.0273972602739726,2026-10-16,0.49,0.48,0.5,0.49,39.0,0.43994700683593746,380.5,0.040349998474121095,0.0
TSLA,call,440.0,0.0273972602739726,2026-10-16,0.39,0.38,0.4,0.4,36.0,0.4514215014648438,380.5,0.040349998474121095,0.0
TSLA,call,445.0,0.0273972602739726,2026-10-16,0.32,0.31,0.33,0.32,43.0,0.46484910156250003,380.5,0.040349998474121095,0.0
TSLA,call,450.0,0.0273972602739726,2026-10-16,0.26,0.25,0.27,0.27,115.0,0.476567734375,380.5,0.040349998474121095,0.0
TSLA,call,455.0,0.0273972602739726,2026-10-16,0.21000000000000002,0.2,0.22,0.2,13.0,0.48730981445312505,380.5,0.040349998474121095,0.0
TSLA,call,460.0,0.0273972602739726,2026-10-16,0.18,0.17,0.19,0.17,32.0,0.5019581054687501,380.5,0.040349998474121095,0.0
TSLA,call,485.0,0.0273972602739726,2026-10-16,0.095,0.09,0.1,0.1,10.0,0.567387138671875,380.5,0.040349998474121095,0.0
TSLA,call,495.0,0.0273972602739726,2026-10-16,0.08,0.07,0.09,0.07,55.0,0.5976602734375001,380.5,0.040349998474121095,0.0
TSLA,call,500.0,0.0273972602739726,2026-10-16,0.07,0.06,0.08,0.08,245.0,0.6074258007812501,380.5,0.040349998474121095,0.0
TSLA,call,510.0,0.0273972602739726,2026-10-16,0.060000000000000005,0.05,0.07,0.06,36.0,0.6367223828125,380.5,0.040349998474121095,0.0
TSLA,call,520.0,0.0273972602739726,2026-10-16,0.05,0.04,0.06,0.04,51.0,0.6601596484375001,380.5,0.040349998474121095,0.0
TSLA,call,545.0,0.0273972602739726,2026-10-16,0.03,0.02,0.04,0.04,10.0,0.710940390625,380.5,0.040349998474121095,0.0
TSLA,call,555.0,0.0273972602739726,2026-10-16,0.03,0.02,0.04,0.03,33.0,0.7460962890625,380.5,0.040349998474121095,0.0
TSLA,call,580.0,0.0273972602739726,2026-10-16,0.02,0.01,0.03,0.02,36.0,0.79687703125,380.5,0.040349998474121095,0.0
TSLA,call,600.0,0.0273972602739726,2026-10-16,0.02,0.01,0.03,0.02,1456.0,0.851563984375,380.5,0.040349998474121095,0.0
TSLA,call,620.0,0.0273972602739726,2026-10-16,0.02,0.01,0.03,0.01,59.0,0.9062509375,380.5,0.040349998474121095,0.0
TSLA,call,630.0,0.0273972602739726,2026-10-16,0.02,0.01,0.03,0.02,16.0,0.929688203125,380.5,0.040349998474121095,0.0
TSLA,put,150.0,0.0273972602739726,2026-10-16,0.02,0.01,0.03,0.01,50.0,1.734376328125,380.5,0.040349998474121095,0.0
TSLA,put,160.0,0.0273972602739726,2026-10-16,0.015,0.01,0.02,0.01,12.0,1.5781271093749998,380.5,0.040349998474121095,0.0
TSLA,put,165.0,0.0273972602739726,2026-10-16,0.02,0.01,0.03,0.05,10.0,1.5625021874999998,380.5,0.040349998474121095,0.0
TSLA,put,175.0,0.0273972602739726,2026-10-16,0.02,0.01,0.03,0.02,20.0,1.4609401953124999,380.5,0.040349998474121095,0.0
TSLA,put,180.0,0.0273972602739726,2026-10-16,0.02,0.01,0.03,0.02,84.0,1.40625296875,380.5,0.040349998474121095,0.0
TSLA,put,185.0,0.0273972602739726,2026-10-16,0.025,0.01,0.04,0.04,10.0,1.3906280468749999,380.5,0.040349998474121095,0.0
TSLA,put,190.0,0.0273972602739726,2026-10-16,0.025,0.01,0.04,0.02,10.0,1.3437532812499997,380.5,0.040349998474121095,0.0
TSLA,put,195.0,0.0273972602739726,2026-10-16,0.03,0.02,0.04,0.03,46.0,1.3125034374999998,380.5,0.040349998474121095,0.0
TSLA,put,200.0,0.0273972602739726,2026-10-16,0.035,0.03,0.04,0.04,53.0,1.2851598242187499,380.5,0.040349998474121095,0.0
TSLA,put,210.0,0.0273972602739726,2026-10-16,0.03,0.02,0.04,0.05,108.0,1.1796916015624999,380.5,0.040349998474121095,0.0
TSLA,put,240.0,0.0273972602739726,2026-10-16,0.060000000000000005,0.05,0.07,0.06,41.0,0.992187578125,380.5,0.040349998474121095,0.0
TSLA,put,245.0,0.0273972602739726,2026-10-16,0.060000000000000005,0.05,0.07,0.07,22.0,0.9531254687499999,380.5,0.040349998474121095,0.0
TSLA,put,275.0,0.0273972602739726,2026-10-16,0.125,0.12,0.13,0.13,35.0,0.7841818457031251,380.5,0.040349998474121095,0.0
TSLA,put,285.0,0.0273972602739726,2026-10-16,0.14500000000000002,0.14,0.15,0.15,14.0,0.719729365234375,380.5,0.040349998474121095,0.0
TSLA,put,290.0,0.0273972602739726,2026-10-16,0.16,0.15,0.17,0.17,123.0,0.6904327832031252,380.5,0.040349998474121095,0.0
TSLA,put,295.0,0.0273972602739726,2026-10-16,0.18,0.17,0.19,0.18,76.0,0.6621127539062501,380.5,0.040349998474121095,0.0
TSLA,put,300.0,0.0273972602739726,2026-10-16,0.195,0.19,0.2,0.19,150.0,0.63086306640625,380.5,0.040349998474121095,0.0
TSLA,put,305.0,0.0273972602739726,2026-10-16,0.225,0.22,0.23,0.22,136.0,0.6044961425781252,380.5,0.040349998474121095,0.0
TSLA,put,310.0,0.0273972602739726,2026-10-16,0.235,0.22,0.25,0.24,19.0,0.569340244140625,380.5,0.040349998474121095,0.0
TSLA,put,320.0,0.0273972602739726,2026-10-16,0.305,0.3,0.31,0.31,237.0,0.5131884619140624,380.5,0.040349998474121095,0.0
TSLA,put,325.0,0.0273972602739726,2026-10-16,0.345,0.33,0.36,0.35,68.0,0.48730981445312505,380.5,0.040349998474121095,0.0
TSLA,put,330.0,0.0273972602739726,2026-10-16,0.41000000000000003,0.4,0.42,0.41,94.0,0.459966337890625,380.5,0.040349998474121095,0.0
TSLA,put,335.0,0.0273972602739726,2026-10-16,0.51,0.5,0.52,0.51,176.0,0.4370173486328125,380.5,0.040349998474121095,0.0
TSLA,put,340.0,0.0273972602739726,2026-10-16,0.655,0.64,0.67,0.65,713.0,0.41699801757812494,380.5,0.040349998474121095,0.0
TSLA,put,345.0,0.0273972602739726,2026-10-16,0.88,0.87,0.89,0.89,172.0,0.39905386108398444,380.5,0.040349998474121095,0.0
TSLA,put,347.5,0.0273972602739726,2026-10-16,1.0350000000000001,1.02,1.05,1.03,36.0,0.39234006103515623,380.5,0.040349998474121095,0.0
TSLA,put,350.0,0.0273972602739726,2026-10-16,1.22,1.2,1.24,1.21,582.0,0.38587039916992183,380.5,0.040349998474121095,0.0
TSLA,put,352.5,0.0273972602739726,2026-10-16,1.455,1.43,1.48,1.46,85.0,0.3807434973144531,380.5,0.040349998474121095,0.0
TSLA,put,355.0,0.0273972602739726,2026-10-16,1.725,1.7,1.75,1.72,128.0,0.3748841809082031,380.5,0.040349998474121095,0.0
TSLA,put,357.5,0.0273972602739726,2026-10-16,2.0700000000000003,2.04,2.1,2.1,97.0,0.3712221081542969,380.5,0.040349998474121095,0.0
TSLA,put,360.0,0.0273972602739726,2026-10-16,2.48,2.44,2.52,2.43,880.0,0.36829244995117194,380.5,0.040349998474121095,0.0
TSLA,put,362.5,0.0273972602739726,2026-10-16,2.935,2.9,2.97,2.97,102.0,0.36340968627929693,380.5,0.040349998474121095,0.0
TSLA,put,365.0,0.0273972602739726,2026-10-16,3.5,3.45,3.55,3.5,255.0,0.36157864990234373,380.5,0.040349998474121095,0.0
TSLA,put,367.5,0.0273972602739726,2026-10-16,4.125,4.05,4.2,4.07,165.0,0.3591372680664062,380.5,0.040349998474121095,0.0
TSLA,put,370.0,0.0273972602739726,2026-10-16,4.875,4.8,4.95,4.9,1027.0,0.35718416259765623,380.5,0.040349998474121095,0.0
TSLA,put,372.5,0.0273972602739726,2026-10-16,5.725,5.65,5.8,5.85,961.0,0.35547519531249994,380.5,0.040349998474121095,0.0
TSLA,put,375.0,0.0273972602739726,2026-10-16,6.675,6.6,6.75,6.67,423.0,0.3537662280273437,380.5,0.040349998474121095,0.0
TSLA,put,377.5,0.0273972602739726,2026-10-16,7.725,7.65,7.8,7.85,237.0,0.35193519165039056,380.5,0.040349998474121095,0.0
TSLA,put,380.0,0.0273972602739726,2026-10-16,8.925,8.85,9.0,8.9,1534.0,0.3518131225585937,380.5,0.040349998474121095,0.0
TSLA,put,382.5,0.0273972602739726,2026-10-16,10.125,10.05,10.2,10.35,111.0,0.34754070434570306,380.5,0.040349998474121095,0.0
TSLA,put,385.0,0.0273972602739726,2026-10-16,11.55,11.45,11.65,11.65,48.0,0.3487613952636719,380.5,0.040349998474121095,0.0
TSLA,put,390.0,0.0273972602739726,2026-10-16,14.625,14.5,14.75,14.85,47.0,0.3469303588867187,380.5,0.040349998474121095,0.0
TSLA,put,392.5,0.0273972602739726,2026-10-16,16.325,16.15,16.5,17.95,40.0,0.3481510498046875,380.5,0.040349998474121095,0.0
TSLA,put,397.5,0.0273972602739726,2026-10-16,19.924999999999997,19.15,20.7,20.0,19.0,0.37164934997558596,380.5,0.040349998474121095,0.0
TSLA,put,400.0,0.0273972602739726,2026-10-16,21.875,21.55,22.2,21.53,105.0,0.3493717407226562,380.5,0.040349998474121095,0.0
TSLA,put,425.0,0.0273972602739726,2026-10-16,44.375,43.45,45.3,45.95,123.0,0.4204159521484375,380.5,0.040349998474121095,0.0
TSLA,put,440.0,0.0273972602739726,2026-10-16,58.6,58.0,59.2,69.25,389.0,1.0000000000000003e-05,380.5,0.040349998474121095,0.0
TSLA,put,445.0,0.0273972602739726,2026-10-16,63.7,63.2,64.2,86.65,217.0,1.0000000000000003e-05,380.5,0.040349998474121095,0.0
TSLA,put,455.0,0.0273972602739726,2026-10-16,73.825,72.9,74.75,101.0,10.0,0.50586431640625,380.5,0.040349998474121095,0.0
TSLA,put,465.0,0.0273972602739726,2026-10-16,84.7,82.65,86.75,94.1,10.0,0.5410202148437502,380.5,0.040349998474121095,0.0
TSLA,put,475.0,0.0273972602739726,2026-10-16,94.75,92.65,96.85,121.53,150.0,0.6054726953125001,380.5,0.040349998474121095,0.0
TSLA,put,490.0,0.0273972602739726,2026-10-16,108.375,107.25,109.5,136.0,15.0,0.523442265625,380.5,0.040349998474121095,0.0
TSLA,put,545.0,0.0273972602739726,2026-10-16,195.675,194.55,196.8,222.36,30.0,2.890017423400879,380.5,0.040349998474121095,0.0
TSLA,put,550.0,0.0273972602739726,2026-10-16,168.60000000000002,167.8,169.4,170.79,69.0,1.0000000000000003e-05,380.5,0.040349998474121095,0.0
TSLA,put,560.0,0.0273972602739726,2026-10-16,210.7,209.55,211.85,236.2,22.0,2.9944483146667475,380.5,0.040349998474121095,0.0
TSLA,put,570.0,0.0273972602739726,2026-10-16,220.675,219.55,221.8,252.75,22.0,3.059694733581543,380.5,0.040349998474121095,0.0
TSLA,put,650.0,0.0273972602739726,2026-10-16,300.425,299.3,301.55,245.75,17.0,3.518616926116943,380.5,0.040349998474121095,0.0
TSLA,call,265.0,0.04657534246575343,2026-10-23,117.32499999999999,114.3,120.35,86.7,16.0,1.0351610742187503,380.5,0.040349998474121095,0.0
TSLA,call,310.0,0.04657534246575343,2026-10-23,72.9,71.45,74.35,72.73,20.0,0.7030058996582031,380.5,0.040349998474121095,0.0
TSLA,call,320.0,0.04657534246575343,2026-10-23,63.050000000000004,61.7,64.4,63.0,27.0,0.6293982373046876,380.5,0.040349998474121095,0.0
TSLA,call,345.0,0.04657534246575343,2026-10-23,40.525000000000006,39.85,41.2,40.9,74.0,0.5371140039062501,380.5,0.040349998474121095,0.0
TSLA,call,355.0,0.04657534246575343,2026-10-23,32.55,31.9,33.2,31.5,32.0,0.51562984375,380.5,0.040349998474121095,0.0
TSLA,call,365.0,0.04657534246575343,2026-10-23,25.625,25.3,25.95,24.9,13.0,0.5067798345947265,380.5,0.040349998474121095,0.0
TSLA,call,370.0,0.04657534246575343,2026-10-23,22.549999999999997,22.4,22.7,22.4,51.0,0.5043994873046875,380.5,0.040349998474121095,0.0
TSLA,call,375.0,0.04657534246575343,2026-10-23,19.5,19.35,19.65,19.8,71.0,0.5004322418212892,380.5,0.040349998474121095,0.0
TSLA,call,380.0,0.04657534246575343,2026-10-23,16.950000000000003,16.85,17.05,17.14,237.0,0.49841810180664065,380.5,0.040349998474121095,0.0
TSLA,call,385.0,0.04657534246575343,2026-10-23,14.65,14.55,14.75,14.55,203.0,0.49835706726074225,380.5,0.040349998474121095,0.0
TSLA,call,390.0,0.04657534246575343,2026-10-23,12.5,12.4,12.6,12.7,274.0,0.4958546508789063,380.5,0.040349998474121095,0.0
TSLA,call,395.0,0.04657534246575343,2026-10-23,10.65,10.55,10.75,10.57,311.0,0.49561051269531253,380.5,0.040349998474121095,0.0
TSLA,call,400.0,0.04657534246575343,2026-10-23,8.975000000000001,8.9,9.05,9.0,1505.0,0.49335223449707044,380.5,0.040349998474121095,0.0
TSLA,call,405.0,0.04657534246575343,2026-10-23,7.575,7.5,7.65,7.82,283.0,0.4942677526855469,380.5,0.040349998474121095,0.0
TSLA,call,410.0,0.04657534246575343,2026-10-23,6.4,6.35,6.45,6.47,109.0,0.4958546508789063,380.5,0.040349998474121095,0.0
TSLA,call,415.0,0.04657534246575343,2026-10-23,5.35,5.25,5.45,5.35,51.0,0.49884534362792965,380.5,0.040349998474121095,0.0
TSLA,call,420.0,0.04657534246575343,2026-10-23,4.425,4.35,4.5,4.5,66.0,0.49805189453125004,380.5,0.040349998474121095,0.0
TSLA,call,425.0,0.04657534246575343,2026-10-23,3.7,3.6,3.8,3.66,83.0,0.5023243127441408,380.5,0.040349998474121095,0.0
TSLA,call,430.0,0.04657534246575343,2026-10-23,3.075,3.0,3.15,3.15,58.0,0.500005,380.5,0.040349998474121095,0.0
TSLA,call,435.0,0.04657534246575343,2026-10-23,2.5149999999999997,2.48,2.55,2.47,43.0,0.5004932763671875,380.5,0.040349998474121095,0.0
TSLA,call,440.0,0.04657534246575343,2026-10-23,2.085,2.05,2.12,2.09,28.0,0.5034229345703125,380.5,0.040349998474121095,0.0
TSLA,call,445.0,0.04657534246575343,2026-10-23,1.7349999999999999,1.7,1.77,1.66,64.0,0.5070850073242188,380.5,0.040349998474121095,0.0
TSLA,call,450.0,0.04657534246575343,2026-10-23,1.45,1.41,1.49,1.46,170.0,0.5112353564453125,380.5,0.040349998474121095,0.0
TSLA,call,455.0,0.04657534246575343,2026-10-23,1.2149999999999999,1.19,1.24,1.21,18.0,0.5158739819335938,380.5,0.040349998474121095,0.0
TSLA,call,460.0,0.04657534246575343,2026-10-23,1.0150000000000001,0.99,1.04,0.95,105.0,0.5200243310546875,380.5,0.040349998474121095,0.0
TSLA,call,465.0,0.04657534246575343,2026-10-23,0.875,0.84,0.91,0.83,118.0,0.5273484765625001,380.5,0.040349998474121095,0.0
TSLA,call,470.0,0.04657534246575343,2026-10-23,0.76,0.74,0.78,0.74,21.0,0.5351608984375,380.5,0.040349998474121095,0.0
TSLA,call,475.0,0.04657534246575343,2026-10-23,0.64,0.61,0.67,0.64,22.0,0.5397995239257813,380.5,0.040349998474121095,0.0
TSLA,call,500.0,0.04657534246575343,2026-10-23,0.32499999999999996,0.3,0.35,0.32,41.0,0.5751995605468749,380.5,0.040349998474121095,0.0
TSLA,call,520.0,0.04657534246575343,2026-10-23,0.20500000000000002,0.18,0.23,0.19,10.0,0.6054726953125001,380.5,0.040349998474121095,0.0
TSLA,call,525.0,0.04657534246575343,2026-10-23,0.185,0.16,0.21,0.17,11.0,0.6132851171875001,380.5,0.040349998474121095,0.0
TSLA,call,530.0,0.04657534246575343,2026-10-23,0.16,0.14,0.18,0.17,33.0,0.6181678808593751,380.5,0.040349998474121095,0.0
TSLA,call,600.0,0.04657534246575343,2026-10-23,0.05,0.03,0.07,0.06,23.0,0.72070591796875,380.5,0.040349998474121095,0.0
TSLA,put,100.0,0.04657534246575343,2026-10-23,0.02,0.01,0.03,0.02,84.0,1.9218753906250001,380.5,0.040349998474121095,0.0
TSLA,put,180.0,0.04657534246575343,2026-10-23,0.05,0.03,0.07,0.07,11.0,1.1953165234375,380.5,0.040349998474121095,0.0
TSLA,put,210.0,0.04657534246575343,2026-10-23,0.1,0.08,0.12,0.1,23.0,1.0371141894531253,380.5,0.040349998474121095,0.0
TSLA,put,235.0,0.04657534246575343,2026-10-23,0.14500000000000002,0.13,0.16,0.15,146.0,0.89257919921875,380.5,0.040349998474121095,0.0
TSLA,put,240.0,0.04657534246575343,2026-10-23,0.15500000000000003,0.14,0.17,0.16,60.0,0.8632826171875,380.5,0.040349998474121095,0.0
TSLA,put,250.0,0.04657534246575343,2026-10-23,0.175,0.17,0.18,0.19,79.0,0.805666005859375,380.5,0.040349998474121095,0.0
TSLA,put,260.0,0.04657534246575343,2026-10-23,0.21500000000000002,0.2,0.23,0.25,20.0,0.7578149218750001,380.5,0.040349998474121095,0.0
TSLA,put,270.0,0.04657534246575343,2026-10-23,0.26,0.25,0.27,0.26,48.0,0.70898728515625,380.5,0.040349998474121095,0.0
TSLA,put,290.0,0.04657534246575343,2026-10-23,0.405,0.38,0.43,0.41,19.0,0.6171913281250001,380.5,0.040349998474121095,0.0
TSLA,put,295.0,0.04657534246575343,2026-10-23,0.45499999999999996,0.43,0.48,0.5,47.0,0.594730615234375,380.5,0.040349998474121095,0.0
TSLA,put,300.0,0.04657534246575343,2026-10-23,0.52,0.5,0.54,0.53,25.0,0.5742230078125,380.5,0.040349998474121095,0.0
TSLA,put,310.0,0.04657534246575343,2026-10-23,0.73,0.7,0.76,0.73,28.0,0.5393112475585939,380.5,0.040349998474121095,0.0
TSLA,put,315.0,0.04657534246575343,2026-10-23,0.865,0.83,0.9,0.87,23.0,0.5217332983398437,380.5,0.040349998474121095,0.0
TSLA,put,320.0,0.04657534246575343,2026-10-23,1.05,1.02,1.08,1.11,54.0,0.506840869140625,380.5,0.040349998474121095,0.0
TSLA,put,325.0,0.04657534246575343,2026-10-23,1.315,1.28,1.35,1.31,15.0,0.4985401708984375,380.5,0.040349998474121095,0.0
TSLA,put,330.0,0.04657534246575343,2026-10-23,1.655,1.62,1.69,1.67,29.0,0.48779809082031256,380.5,0.040349998474121095,0.0
TSLA,put,335.0,0.04657534246575343,2026-10-23,2.085,2.05,2.12,2.11,59.0,0.4779104943847656,380.5,0.040349998474121095,0.0
TSLA,put,340.0,0.04657534246575343,2026-10-23,2.665,2.63,2.7,2.7,69.0,0.47095255615234377,380.5,0.040349998474121095,0.0
TSLA,put,345.0,0.04657534246575343,2026-10-23,3.375,3.3,3.45,3.36,24.0,0.4660697924804688,380.5,0.040349998474121095,0.0
TSLA,put,350.0,0.04657534246575343,2026-10-23,4.275,4.2,4.35,4.3,116.0,0.46082082153320314,380.5,0.040349998474121095,0.0
TSLA,put,355.0,0.04657534246575343,2026-10-23,5.425,5.35,5.5,5.45,129.0,0.45825737060546884,380.5,0.040349998474121095,0.0
TSLA,put,360.0,0.04657534246575343,2026-10-23,6.699999999999999,6.6,6.8,6.6,309.0,0.4534356414794922,380.5,0.040349998474121095,0.0
TSLA,put,365.0,0.04657534246575343,2026-10-23,8.175,8.05,8.3,8.29,113.0,0.4480035668945312,380.5,0.040349998474121095,0.0
TSLA,put,370.0,0.04657534246575343,2026-10-23,10.15,10.05,10.25,10.1,38.0,0.44922425781249997,380.5,0.040349998474121095,0.0
TSLA,put,375.0,0.04657534246575343,2026-10-23,12.3,12.15,12.45,12.16,108.0,0.45001770690917964,380.5,0.040349998474121095,0.0
TSLA,put,380.0,0.04657534246575343,2026-10-23,14.7,14.65,14.75,14.5,257.0,0.44586735778808595,380.5,0.040349998474121095,0.0
TSLA,put,385.0,0.04657534246575343,2026-10-23,17.299999999999997,17.15,17.45,17.4,33.0,0.4458063232421875,380.5,0.040349998474121095,0.0
TSLA,put,395.0,0.04657534246575343,2026-10-23,23.35,23.25,23.45,23.7,18.0,0.44061838684082033,380.5,0.040349998474121095,0.0
TSLA,put,410.0,0.04657534246575343,2026-10-23,34.175,33.5,34.85,36.22,14.0,0.456609437866211,380.5,0.040349998474121095,0.0
TSLA,put,415.0,0.04657534246575343,2026-10-23,38.675,37.65,39.7,39.35,11.0,0.4903615417480469,380.5,0.040349998474121095,0.0
TSLA,put,420.0,0.04657534246575343,2026-10-23,42.525,41.65,43.4,44.34,38.0,0.47363807617187503,380.5,0.040349998474121095,0.0
TSLA,put,435.0,0.04657534246575343,2026-10-23,56.724999999999994,54.9,58.55,64.3,10.0,0.5815471533203125,380.5,0.040349998474121095,0.0
TSLA,put,450.0,0.04657534246575343,2026-10-23,70.69999999999999,68.8,72.6,71.8,16.0,0.6231727136230469,380.5,0.040349998474121095,0.0
TSLA,call,180.0,0.06575342465753424,2026-10-30,201.925,198.65,205.2,192.55,10.0,1.5639670239257812,380.5,0.040349998474121095,0.0
TSLA,call,310.0,0.06575342465753424,2026-10-30,73.575,71.15,76.0,68.1,21.0,0.6389196264648438,380.5,0.040349998474121095,0.0
TSLA,call,315.0,0.06575342465753424,2026-10-30,68.625,66.55,70.7,60.27,13.0,0.6043740734863283,380.5,0.040349998474121095,0.0
TSLA,call,335.0,0.06575342465753424,2026-10-30,50.150000000000006,48.7,51.6,47.71,11.0,0.5227098510742187,380.5,0.040349998474121095,0.0
TSLA,call,360.0,0.06575342465753424,2026-10-30,30.924999999999997,30.4,31.45,30.2,10.0,0.5046741427612305,380.5,0.040349998474121095,0.0
TSLA,call,365.0,0.06575342465753424,2026-10-30,27.525,27.1,27.95,26.5,19.0,0.49359637268066414,380.5,0.040349998474121095,0.0
TSLA,call,370.0,0.06575342465753424,2026-10-30,24.35,23.8,24.9,24.64,74.0,0.48987326538085946,380.5,0.040349998474121095,0.0
TSLA,call,375.0,0.06575342465753424,2026-10-30,21.575,21.4,21.75,21.47,115.0,0.4784598052978516,380.5,0.040349998474121095,0.0
TSLA,call,380.0,0.06575342465753424,2026-10-30,18.825,18.7,18.95,19.15,197.0,0.47092203887939454,380.5,0.040349998474121095,0.0
TSLA,call,385.0,0.06575342465753424,2026-10-30,16.549999999999997,16.4,16.7,16.5,187.0,0.4720511779785156,380.5,0.040349998474121095,0.0
TSLA,call,390.0,0.06575342465753424,2026-10-30,14.375,14.3,14.45,14.6,101.0,0.4679008288574219,380.5,0.040349998474121095,0.0
TSLA,call,395.0,0.06575342465753424,2026-10-30,12.575,12.5,12.65,12.35,147.0,0.4700370379638672,380.5,0.040349998474121095,0.0
TSLA,call,400.0,0.06575342465753424,2026-10-30,10.825,10.75,10.9,10.92,596.0,0.46857220886230466,380.5,0.040349998474121095,0.0
TSLA,call,405.0,0.06575342465753424,2026-10-30,9.3,9.25,9.35,9.4,197.0,0.4674125524902344,380.5,0.040349998474121095,0.0
TSLA,call,410.0,0.06575342465753424,2026-10-30,7.9,7.85,7.95,7.95,103.0,0.4655815161132813,380.5,0.040349998474121095,0.0
TSLA,call,420.0,0.06575342465753424,2026-10-30,5.75,5.7,5.8,5.8,79.0,0.46735151794433594,380.5,0.040349998474121095,0.0
TSLA,call,425.0,0.06575342465753424,2026-10-30,4.85,4.8,4.9,4.81,94.0,0.4672904833984375,380.5,0.040349998474121095,0.0
TSLA,call,430.0,0.06575342465753424,2026-10-30,4.175000000000001,4.15,4.2,4.15,67.0,0.4703422106933594,380.5,0.040349998474121095,0.0
TSLA,call,435.0,0.06575342465753424,2026-10-30,3.525,3.5,3.55,3.45,18.0,0.4715018670654296,380.5,0.040349998474121095,0.0
TSLA,call,440.0,0.06575342465753424,2026-10-30,3.01,2.97,3.05,3.05,272.0,0.4754080780029296,380.5,0.040349998474121095,0.0
TSLA,call,445.0,0.06575342465753424,2026-10-30,2.52,2.49,2.55,2.53,26.0,0.4757132507324219,380.5,0.040349998474121095,0.0
TSLA,call,450.0,0.06575342465753424,2026-10-30,2.1550000000000002,2.13,2.18,2.18,108.0,0.4792532543945312,380.5,0.040349998474121095,0.0
TSLA,call,455.0,0.06575342465753424,2026-10-30,1.8450000000000002,1.82,1.87,1.94,12.0,0.4831594653320313,380.5,0.040349998474121095,0.0
TSLA,call,465.0,0.06575342465753424,2026-10-30,1.34,1.32,1.36,1.35,102.0,0.4896291271972657,380.5,0.040349998474121095,0.0
TSLA,call,470.0,0.06575342465753424,2026-10-30,1.16,1.14,1.18,1.12,102.0,0.4946339599609375,380.5,0.040349998474121095,0.0
TSLA,call,475.0,0.06575342465753424,2026-10-30,1.005,0.99,1.02,0.96,21.0,0.4991505163574219,380.5,0.040349998474121095,0.0
TSLA,call,480.0,0.06575342465753424,2026-10-30,0.87,0.85,0.89,0.84,26.0,0.5022022436523439,380.5,0.040349998474121095,0.0
TSLA,call,490.0,0.06575342465753424,2026-10-30,0.6799999999999999,0.67,0.69,0.66,21.0,0.514653291015625,380.5,0.040349998474121095,0.0
TSLA,call,495.0,0.06575342465753424,2026-10-30,0.6,0.59,0.61,0.54,73.0,0.5202684692382812,380.5,0.040349998474121095,0.0
TSLA,call,510.0,0.06575342465753424,2026-10-30,0.42,0.41,0.43,0.42,10.0,0.5373581420898439,380.5,0.040349998474121095,0.0
TSLA,call,560.0,0.06575342465753424,2026-10-30,0.16,0.15,0.17,0.16,14.0,0.5986368261718751,380.5,0.040349998474121095,0.0
TSLA,put,100.0,0.06575342465753424,2026-10-30,0.015,0.01,0.02,0.03,17.0,1.5937520312499998,380.5,0.040349998474121095,0.0
TSLA,put,120.0,0.06575342465753424,2026-10-30,0.02,0.01,0.03,0.02,26.0,1.421877890625,380.5,0.040349998474121095,0.0
TSLA,put,150.0,0.06575342465753424,2026-10-30,0.04,0.03,0.05,0.06,10.0,1.22266013671875,380.5,0.040349998474121095,0.0
TSLA,put,160.0,0.06575342465753424,2026-10-30,0.05,0.04,0.06,0.05,20.0,1.1679729101562502,380.5,0.040349998474121095,0.0
TSLA,put,170.0,0.06575342465753424,2026-10-30,0.060000000000000005,0.05,0.07,0.06,10.0,1.109379453125,380.5,0.040349998474121095,0.0
TSLA,put,220.0,0.06575342465753424,2026-10-30,0.14500000000000002,0.13,0.16,0.14,101.0,0.850587431640625,380.5,0.040349998474121095,0.0
TSLA,put,230.0,0.06575342465753424,2026-10-30,0.16999999999999998,0.16,0.18,0.17,477.0,0.8027363476562499,380.5,0.040349998474121095,0.0
TSLA,put,235.0,0.06575342465753424,2026-10-30,0.18,0.17,0.19,0.2,30.0,0.7773459765625,380.5,0.040349998474121095,0.0
TSLA,put,250.0,0.06575342465753424,2026-10-30,0.235,0.22,0.25,0.24,40.0,0.709963837890625,380.5,0.040349998474121095,0.0
TSLA,put,265.0,0.06575342465753424,2026-10-30,0.31,0.3,0.32,0.31,10.0,0.6459996337890624,380.5,0.040349998474121095,0.0
TSLA,put,285.0,0.06575342465753424,2026-10-30,0.48,0.47,0.49,0.52,66.0,0.5678754150390625,380.5,0.040349998474121095,0.0
TSLA,put,295.0,0.06575342465753424,2026-10-30,0.63,0.62,0.64,0.62,13.0,0.5336960693359375,380.5,0.040349998474121095,0.0
TSLA,put,300.0,0.06575342465753424,2026-10-30,0.725,0.71,0.74,0.74,54.0,0.5170946728515625,380.5,0.040349998474121095,0.0
TSLA,put,305.0,0.06575342465753424,2026-10-30,0.865,0.85,0.88,0.86,10.0,0.5037891418457032,380.5,0.040349998474121095,0.0
TSLA,put,315.0,0.06575342465753424,2026-10-30,1.24,1.22,1.26,1.24,51.0,0.47998566894531247,380.5,0.040349998474121095,0.0
TSLA,put,320.0,0.06575342465753424,2026-10-30,1.52,1.5,1.54,1.5,54.0,0.46973186523437505,380.5,0.040349998474121095,0.0
TSLA,put,325.0,0.06575342465753424,2026-10-30,1.88,1.86,1.9,1.89,24.0,0.46106495971679695,380.5,0.040349998474121095,0.0
TSLA,put,330.0,0.06575342465753424,2026-10-30,2.3449999999999998,2.34,2.35,2.34,116.0,0.45325253784179687,380.5,0.040349998474121095,0.0
TSLA,put,335.0,0.06575342465753424,2026-10-30,2.8899999999999997,2.86,2.92,2.9,32.0,0.4467828759765625,380.5,0.040349998474121095,0.0
TSLA,put,340.0,0.06575342465753424,2026-10-30,3.575,3.5,3.65,3.5,74.0,0.442388388671875,380.5,0.040349998474121095,0.0
TSLA,put,345.0,0.06575342465753424,2026-10-30,4.45,4.4,4.5,4.35,94.0,0.4371394177246094,380.5,0.040349998474121095,0.0
TSLA,put,350.0,0.06575342465753424,2026-10-30,5.475,5.4,5.55,5.4,95.0,0.4335994140625,380.5,0.040349998474121095,0.0
TSLA,put,355.0,0.06575342465753424,2026-10-30,6.725,6.65,6.8,6.6,148.0,0.43066975585937506,380.5,0.040349998474121095,0.0
TSLA,put,360.0,0.06575342465753424,2026-10-30,8.175,8.1,8.25,8.09,308.0,0.42780113220214844,380.5,0.040349998474121095,0.0
TSLA,put,365.0,0.06575342465753424,2026-10-30,9.850000000000001,9.8,9.9,9.78,124.0,0.42462733581542966,380.5,0.040349998474121095,0.0
TSLA,put,370.0,0.06575342465753424,2026-10-30,11.75,11.7,11.8,11.6,215.0,0.42221647125244144,380.5,0.040349998474121095,0.0
TSLA,put,375.0,0.06575342465753424,2026-10-30,13.95,13.85,14.05,14.05,41.0,0.42282681671142575,380.5,0.040349998474121095,0.0
TSLA,put,380.0,0.06575342465753424,2026-10-30,16.4,16.3,16.5,16.35,94.0,0.4224300921630859,380.5,0.040349998474121095,0.0
TSLA,put,385.0,0.06575342465753424,2026-10-30,19.025,18.95,19.1,19.0,68.0,0.4198056066894531,380.5,0.040349998474121095,0.0
TSLA,put,395.0,0.06575342465753424,2026-10-30,24.6,24.25,24.95,26.21,966.0,0.4133969793701171,380.5,0.040349998474121095,0.0
TSLA,put,410.0,0.06575342465753424,2026-10-30,35.775000000000006,34.85,36.7,38.65,13.0,0.44421942504882805,380.5,0.040349998474121095,0.0
TSLA,put,425.0,0.06575342465753424,2026-10-30,48.2,46.55,49.85,55.77,12.0,0.4842580871582032,380.5,0.040349998474121095,0.0
TSLA,call,210.0,0.08493150684931507,2026-11-06,172.2,168.9,175.5,162.69,22.0,1.1660197949218751,380.5,0.040349998474121095,0.0
TSLA,call,305.0,0.08493150684931507,2026-11-06,78.725,77.0,80.45,73.5,20.0,0.606144075317383,380.5,0.040349998474121095,0.0
TSLA,call,310.0,0.08493150684931507,2026-11-06,74.07499999999999,72.55,75.6,70.8,64.0,0.5900919897460939,380.5,0.040349998474121095,0.0
TSLA,call,315.0,0.08493150684931507,2026-11-06,69.4,68.05,70.75,56.92,25.0,0.5711712805175782,380.5,0.040349998474121095,0.0
TSLA,call,320.0,0.08493150684931507,2026-11-06,64.75,63.4,66.1,63.48,65.0,0.5518843640136719,380.5,0.040349998474121095,0.0
TSLA,call,330.0,0.08493150684931507,2026-11-06,55.6,54.0,57.2,46.5,10.0,0.514531221923828,380.5,0.040349998474121095,0.0
TSLA,call,340.0,0.08493150684931507,2026-11-06,46.974999999999994,45.8,48.15,47.0,10.0,0.5241136456298827,380.5,0.040349998474121095,0.0
TSLA,call,360.0,0.08493150684931507,2026-11-06,32.35,31.85,32.85,32.15,25.0,0.48090118713378904,380.5,0.040349998474121095,0.0
TSLA,call,365.0,0.08493150684931507,2026-11-06,29.2,28.75,29.65,29.0,26.0,0.47687290710449215,380.5,0.040349998474121095,0.0
TSLA,call,370.0,0.08493150684931507,2026-11-06,26.15,25.7,26.6,25.47,12.0,0.4722647988891602,380.5,0.040349998474121095,0.0
TSLA,call,380.0,0.08493150684931507,2026-11-06,20.625,20.25,21.0,20.75,195.0,0.4619804779052735,380.5,0.040349998474121095,0.0
TSLA,call,385.0,0.08493150684931507,2026-11-06,18.450000000000003,18.3,18.6,18.2,71.0,0.4594780615234375,380.5,0.040349998474121095,0.0
TSLA,call,390.0,0.08493150684931507,2026-11-06,16.125,16.0,16.25,16.15,66.0,0.4539239178466796,380.5,0.040349998474121095,0.0
TSLA,call,395.0,0.08493150684931507,2026-11-06,14.175,14.1,14.25,13.84,15.0,0.4520013296508789,380.5,0.040349998474121095,0.0
TSLA,call,400.0,0.08493150684931507,2026-11-06,12.4,12.3,12.5,12.7,316.0,0.45166563964843753,380.5,0.040349998474121095,0.0
TSLA,call,410.0,0.08493150684931507,2026-11-06,9.45,9.35,9.55,9.0,84.0,0.45227598510742195,380.5,0.040349998474121095,0.0
TSLA,call,415.0,0.08493150684931507,2026-11-06,8.175,8.05,8.3,8.25,41.0,0.45252012329101565,380.5,0.040349998474121095,0.0
TSLA,call,420.0,0.08493150684931507,2026-11-06,7.0,6.95,7.05,7.1,71.0,0.44885805053710937,380.5,0.040349998474121095,0.0
TSLA,call,425.0,0.08493150684931507,2026-11-06,6.05,6.0,6.1,6.25,12.0,0.44989563781738284,380.5,0.040349998474121095,0.0
TSLA,call,430.0,0.08493150684931507,2026-11-06,5.35,5.25,5.45,5.2,27.0,0.4567925415039063,380.5,0.040349998474121095,0.0
TSLA,call,435.0,0.08493150684931507,2026-11-06,4.575,4.5,4.65,4.45,10.0,0.4559990924072266,380.5,0.040349998474121095,0.0
TSLA,call,440.0,0.08493150684931507,2026-11-06,3.95,3.85,4.05,4.0,16.0,0.4588677160644532,380.5,0.040349998474121095,0.0
TSLA,call,450.0,0.08493150684931507,2026-11-06,2.9000000000000004,2.83,2.97,2.86,156.0,0.46045461425781253,380.5,0.040349998474121095,0.0
TSLA,call,455.0,0.08493150684931507,2026-11-06,2.5,2.44,2.56,2.4,50.0,0.4624077197265626,380.5,0.040349998474121095,0.0
TSLA,call,480.0,0.08493150684931507,2026-11-06,1.24,1.19,1.29,1.18,110.0,0.4792532543945312,380.5,0.040349998474121095,0.0
TSLA,call,500.0,0.08493150684931507,2026-11-06,0.76,0.73,0.79,0.79,25.0,0.49658706542968756,380.5,0.040349998474121095,0.0
TSLA,call,510.0,0.08493150684931507,2026-11-06,0.615,0.58,0.65,0.51,12.0,0.5039112109375,380.5,0.040349998474121095,0.0
TSLA,call,610.0,0.08493150684931507,2026-11-06,0.125,0.1,0.15,0.12,15.0,0.6113320117187502,380.5,0.040349998474121095,0.0
TSLA,put,160.0,0.08493150684931507,2026-11-06,0.06,0.03,0.09,0.04,15.0,1.05078599609375,380.5,0.040349998474121095,0.0
TSLA,put,180.0,0.08493150684931507,2026-11-06,0.08,0.06,0.1,0.09,10.0,0.9414068359375,380.5,0.040349998474121095,0.0
TSLA,put,200.0,0.08493150684931507,2026-11-06,0.12,0.09,0.15,0.14,26.0,0.8535170898437501,380.5,0.040349998474121095,0.0
TSLA,put,250.0,0.08493150684931507,2026-11-06,0.30500000000000005,0.27,0.34,0.32,20.0,0.65039412109375,380.5,0.040349998474121095,0.0
TSLA,put,260.0,0.08493150684931507,2026-11-06,0.355,0.33,0.38,0.48,12.0,0.6093789062500001,380.5,0.040349998474121095,0.0
TSLA,put,265.0,0.08493150684931507,2026-11-06,0.395,0.37,0.42,0.43,12.0,0.5918009570312501,380.5,0.040349998474121095,0.0
TSLA,put,270.0,0.08493150684931507,2026-11-06,0.44999999999999996,0.41,0.49,0.45,51.0,0.57617611328125,380.5,0.040349998474121095,0.0
TSLA,put,275.0,0.08493150684931507,2026-11-06,0.5,0.46,0.54,0.52,55.0,0.5585981640625001,380.5,0.040349998474121095,0.0
TSLA,put,320.0,0.08493150684931507,2026-11-06,1.9849999999999999,1.95,2.02,2.02,17.0,0.44470770141601557,380.5,0.040349998474121095,0.0
TSLA,put,330.0,0.08493150684931507,2026-11-06,2.94,2.88,3.0,3.0,30.0,0.43103596313476567,380.5,0.040349998474121095,0.0
TSLA,put,335.0,0.08493150684931507,2026-11-06,3.65,3.55,3.75,3.7,33.0,0.42896078857421877,380.5,0.040349998474121095,0.0
TSLA,put,340.0,0.08493150684931507,2026-11-06,4.449999999999999,4.35,4.55,4.55,53.0,0.42383388671875,380.5,0.040349998474121095,0.0
TSLA,put,345.0,0.08493150684931507,2026-11-06,5.4,5.3,5.5,5.43,15.0,0.41925629577636714,380.5,0.040349998474121095,0.0
TSLA,put,350.0,0.08493150684931507,2026-11-06,6.550000000000001,6.45,6.65,6.54,162.0,0.41608249938964836,380.5,0.040349998474121095,0.0
TSLA,put,355.0,0.08493150684931507,2026-11-06,7.875,7.8,7.95,8.3,19.0,0.41226784027099606,380.5,0.040349998474121095,0.0
TSLA,put,360.0,0.08493150684931507,2026-11-06,9.425,9.35,9.5,9.39,18.0,0.41022318298339844,380.5,0.040349998474121095,0.0
TSLA,put,365.0,0.08493150684931507,2026-11-06,11.225,11.1,11.35,11.16,36.0,0.4105283557128906,380.5,0.040349998474121095,0.0
TSLA,put,370.0,0.08493150684931507,2026-11-06,13.2,13.05,13.35,13.15,69.0,0.40927714752197264,380.5,0.040349998474121095,0.0
TSLA,put,375.0,0.08493150684931507,2026-11-06,15.45,15.3,15.6,15.6,26.0,0.40881938842773435,380.5,0.040349998474121095,0.0
TSLA,put,380.0,0.08493150684931507,2026-11-06,17.875,17.7,18.05,17.85,100.0,0.40796490478515623,380.5,0.040349998474121095,0.0
TSLA,put,390.0,0.08493150684931507,2026-11-06,23.25,23.0,23.5,23.37,13.0,0.40405869384765625,380.5,0.040349998474121095,0.0
TSLA,put,395.0,0.08493150684931507,2026-11-06,26.075,25.7,26.45,26.0,75.0,0.4000609310913086,380.5,0.040349998474121095,0.0
TSLA,put,400.0,0.08493150684931507,2026-11-06,29.725,29.1,30.35,29.65,67.0,0.4136411175537109,380.5,0.040349998474121095,0.0
TSLA,put,445.0,0.08493150684931507,2026-11-06,65.675,64.0,67.35,67.6,69.0,0.43506424316406256,380.5,0.040349998474121095,0.0
TSLA,put,455.0,0.08493150684931507,2026-11-06,75.07499999999999,71.85,78.3,84.0,10.0,0.5177660528564454,380.5,0.040349998474121095,0.0
TSLA,call,340.0,0.10410958904109589,2026-11-13,48.025,45.9,50.15,47.02,10.0,0.5289353747558594,380.5,0.040349998474121095,0.0
TSLA,call,345.0,0.10410958904109589,2026-11-13,44.25,42.1,46.4,35.0,10.0,0.5225877819824218,380.5,0.040349998474121095,0.0
TSLA,call,350.0,0.10410958904109589,2026-11-13,40.825,39.0,42.65,40.19,39.0,0.5133410482788084,380.5,0.040349998474121095,0.0
TSLA,call,365.0,0.10410958904109589,2026-11-13,31.05,29.6,32.5,28.78,11.0,0.4930470617675782,380.5,0.040349998474121095,0.0
TSLA,call,370.0,0.10410958904109589,2026-11-13,28.4,27.2,29.6,27.4,91.0,0.4903615417480469,380.5,0.040349998474121095,0.0
TSLA,call,380.0,0.10410958904109589,2026-11-13,22.55,22.3,22.8,22.5,142.0,0.45483943603515625,380.5,0.040349998474121095,0.0
TSLA,call,385.0,0.10410958904109589,2026-11-13,19.8,19.25,20.35,19.78,58.0,0.4514825360107422,380.5,0.040349998474121095,0.0
TSLA,call,405.0,0.10410958904109589,2026-11-13,12.4,11.8,13.0,12.12,56.0,0.4537713314819336,380.5,0.040349998474121095,0.0
TSLA,call,410.0,0.10410958904109589,2026-11-13,10.725,10.2,11.25,11.15,126.0,0.4478204632568359,380.5,0.040349998474121095,0.0
TSLA,call,420.0,0.10410958904109589,2026-11-13,8.0,7.4,8.6,8.3,42.0,0.4449518395996094,380.5,0.040349998474121095,0.0
TSLA,call,445.0,0.10410958904109589,2026-11-13,4.15,3.85,4.45,4.42,16.0,0.45001770690917964,380.5,0.040349998474121095,0.0
TSLA,call,455.0,0.10410958904109589,2026-11-13,3.125,2.15,4.1,2.31,13.0,0.47876497802734375,380.5,0.040349998474121095,0.0
TSLA,call,480.0,0.10410958904109589,2026-11-13,1.435,0.87,2.0,1.8,22.0,0.4771780798339844,380.5,0.040349998474121095,0.0
TSLA,call,540.0,0.10410958904109589,2026-11-13,0.625,0.01,1.24,0.5,25.0,0.5293015820312501,380.5,0.040349998474121095,0.0
TSLA,put,245.0,0.10410958904109589,2026-11-13,0.33499999999999996,0.29,0.38,0.32,44.0,0.6225623681640625,380.5,0.040349998474121095,0.0
TSLA,put,290.0,0.10410958904109589,2026-11-13,1.055,0.36,1.75,1.02,153.0,0.5534712622070312,380.5,0.040349998474121095,0.0
TSLA,put,295.0,0.10410958904109589,2026-11-13,1.45,1.0,1.9,1.19,67.0,0.5036670727539063,380.5,0.040349998474121095,0.0
TSLA,put,325.0,0.10410958904109589,2026-11-13,3.025,2.8,3.25,3.5,55.0,0.4304256176757813,380.5,0.040349998474121095,0.0
TSLA,put,330.0,0.10410958904109589,2026-11-13,3.775,3.55,4.0,3.7,13.0,0.42865561584472656,380.5,0.040349998474121095,0.0
TSLA,put,340.0,0.10410958904109589,2026-11-13,5.324999999999999,5.1,5.55,5.51,36.0,0.4149228430175781,380.5,0.040349998474121095,0.0
TSLA,put,345.0,0.10410958904109589,2026-11-13,6.35,6.0,6.7,6.54,41.0,0.4136411175537109,380.5,0.040349998474121095,0.0
TSLA,put,350.0,0.10410958904109589,2026-11-13,7.75,7.55,7.95,8.1,35.0,0.41071145935058595,380.5,0.040349998474121095,0.0
TSLA,put,355.0,0.10410958904109589,2026-11-13,9.225,9.0,9.45,9.45,10.0,0.4097959411621094,380.5,0.040349998474121095,0.0
TSLA,put,360.0,0.10410958904109589,2026-11-13,10.8,10.5,11.1,10.8,21.0,0.40808697387695314,380.5,0.040349998474121095,0.0
TSLA,put,400.0,0.10410958904109589,2026-11-13,31.075,29.5,32.65,32.15,16.0,0.42343716217041016,380.5,0.040349998474121095,0.0
TSLA,call,5.0,0.1232876712328767,2026-11-20,376.25,372.75,379.75,366.98,12.0,6.527345590820314,380.5,0.040349998474121095,0.0
TSLA,call,100.0,0.1232876712328767,2026-11-20,281.54999999999995,277.95,285.15,273.75,285.0,1.8720709521484376,380.5,0.040349998474121095,0.0
TSLA,call,120.0,0.1232876712328767,2026-11-20,262.075,258.75,265.4,244.44,90.0,1.7443860437011716,380.5,0.040349998474121095,0.0
TSLA,call,230.0,0.1232876712328767,2026-11-20,152.7,150.6,154.8,125.23,16.0,0.8889171264648437,380.5,0.040349998474121095,0.0
TSLA,call,250.0,0.1232876712328767,2026-11-20,132.75,130.15,135.35,132.19,20.0,0.7674583801269532,380.5,0.040349998474121095,0.0
TSLA,call,275.0,0.1232876712328767,2026-11-20,109.07499999999999,107.3,110.85,77.25,25.0,0.6978789978027344,380.5,0.040349998474121095,0.0
TSLA,call,285.0,0.1232876712328767,2026-11-20,99.42500000000001,97.9,100.95,90.5,36.0,0.6543003320312502,380.5,0.040349998474121095,0.0
TSLA,call,305.0,0.1232876712328767,2026-11-20,80.125,79.0,81.25,81.35,13.0,0.5631147204589844,380.5,0.040349998474121095,0.0
TSLA,call,310.0,0.1232876712328767,2026-11-20,75.19999999999999,74.05,76.35,76.69,13.0,0.5358322784423828,380.5,0.040349998474121095,0.0
TSLA,call,315.0,0.1232876712328767,2026-11-20,70.7,69.4,72.0,68.61,37.0,0.523320196533203,380.5,0.040349998474121095,0.0
TSLA,call,320.0,0.1232876712328767,2026-11-20,66.25,65.35,67.15,64.23,103.0,0.5108081146240235,380.5,0.040349998474121095,0.0
TSLA,call,325.0,0.1232876712328767,2026-11-20,62.224999999999994,61.3,63.15,61.69,44.0,0.5092212164306642,380.5,0.040349998474121095,0.0
TSLA,call,350.0,0.1232876712328767,2026-11-20,42.3,41.8,42.8,42.0,42.0,0.4759573889160156,380.5,0.040349998474121095,0.0
TSLA,call,360.0,0.1232876712328767,2026-11-20,35.35,35.2,35.5,35.85,74.0,0.45526667785644537,380.5,0.040349998474121095,0.0
TSLA,call,365.0,0.1232876712328767,2026-11-20,32.25,32.15,32.35,32.87,39.0,0.4510552941894531,380.5,0.040349998474121095,0.0
TSLA,call,370.0,0.1232876712328767,2026-11-20,29.275,29.1,29.45,29.65,75.0,0.44861391235351555,380.5,0.040349998474121095,0.0
TSLA,call,375.0,0.1232876712328767,2026-11-20,26.625,26.55,26.7,26.74,175.0,0.4459283923339844,380.5,0.040349998474121095,0.0
TSLA,call,380.0,0.1232876712328767,2026-11-20,23.95,23.9,24.0,24.32,761.0,0.44116769775390624,380.5,0.040349998474121095,0.0
TSLA,call,385.0,0.1232876712328767,2026-11-20,21.549999999999997,21.45,21.65,21.55,184.0,0.4398249377441406,380.5,0.040349998474121095,0.0
TSLA,call,390.0,0.1232876712328767,2026-11-20,19.35,19.25,19.45,19.4,404.0,0.4382380395507813,380.5,0.040349998474121095,0.0
TSLA,call,395.0,0.1232876712328767,2026-11-20,17.375,17.3,17.45,17.4,55.0,0.43741407318115233,380.5,0.040349998474121095,0.0
TSLA,call,400.0,0.1232876712328767,2026-11-20,15.475000000000001,15.4,15.55,15.55,314.0,0.4354914849853516,380.5,0.040349998474121095,0.0
TSLA,call,405.0,0.1232876712328767,2026-11-20,13.8,13.75,13.85,13.55,36.0,0.4345149322509766,380.5,0.040349998474121095,0.0
TSLA,call,410.0,0.1232876712328767,2026-11-20,12.274999999999999,12.2,12.35,12.46,33.0,0.4346370013427735,380.5,0.040349998474121095,0.0
TSLA,call,415.0,0.1232876712328767,2026-11-20,10.975000000000001,10.9,11.05,10.93,51.0,0.4361018304443359,380.5,0.040349998474121095,0.0
TSLA,call,420.0,0.1232876712328767,2026-11-20,9.725000000000001,9.65,9.8,9.65,127.0,0.43604079589843747,380.5,0.040349998474121095,0.0
TSLA,call,425.0,0.1232876712328767,2026-11-20,8.55,8.5,8.6,8.51,74.0,0.43445389770507814,380.5,0.040349998474121095,0.0
TSLA,call,430.0,0.1232876712328767,2026-11-20,7.575,7.5,7.65,7.56,77.0,0.435979761352539,380.5,0.040349998474121095,0.0
TSLA,call,435.0,0.1232876712328767,2026-11-20,6.7,6.65,6.75,6.65,16.0,0.4363459686279296,380.5,0.040349998474121095,0.0
TSLA,call,440.0,0.1232876712328767,2026-11-20,5.875,5.8,5.95,6.0,57.0,0.4368952795410156,380.5,0.040349998474121095,0.0
TSLA,call,445.0,0.1232876712328767,2026-11-20,5.275,5.2,5.35,5.3,18.0,0.4407404559326171,380.5,0.040349998474121095,0.0
TSLA,call,450.0,0.1232876712328767,2026-11-20,4.575,4.5,4.65,4.64,147.0,0.43958079956054685,380.5,0.040349998474121095,0.0
TSLA,call,460.0,0.1232876712328767,2026-11-20,3.55,3.5,3.6,3.59,132.0,0.44165597412109375,380.5,0.040349998474121095,0.0
TSLA,call,465.0,0.1232876712328767,2026-11-20,3.1500000000000004,3.1,3.2,3.2,65.0,0.4440973559570312,380.5,0.040349998474121095,0.0
TSLA,call,470.0,0.1232876712328767,2026-11-20,2.79,2.75,2.83,2.86,70.0,0.44598942687988286,380.5,0.040349998474121095,0.0
TSLA,call,480.0,0.1232876712328767,2026-11-20,2.21,2.18,2.24,2.12,22.0,0.4510552941894531,380.5,0.040349998474121095,0.0
TSLA,call,485.0,0.1232876712328767,2026-11-20,1.9649999999999999,1.94,1.99,1.96,22.0,0.4534356414794922,380.5,0.040349998474121095,0.0
TSLA,call,500.0,0.1232876712328767,2026-11-20,1.4449999999999998,1.42,1.47,1.42,77.0,0.4650932397460938,380.5,0.040349998474121095,0.0
TSLA,call,510.0,0.1232876712328767,2026-11-20,1.19,1.17,1.21,1.14,155.0,0.47290566162109376,380.5,0.040349998474121095,0.0
TSLA,call,515.0,0.1232876712328767,2026-11-20,1.09,1.07,1.11,1.06,10.0,0.477544287109375,380.5,0.040349998474121095,0.0
TSLA,call,520.0,0.1232876712328767,2026-11-20,0.99,0.97,1.01,0.98,17.0,0.481450498046875,380.5,0.040349998474121095,0.0
TSLA,call,525.0,0.1232876712328767,2026-11-20,0.91,0.89,0.93,0.97,39.0,0.48608912353515626,380.5,0.040349998474121095,0.0
TSLA,call,535.0,0.1232876712328767,2026-11-20,0.785,0.77,0.8,0.77,11.0,0.49609878906250005,380.5,0.040349998474121095,0.0
TSLA,call,540.0,0.1232876712328767,2026-11-20,0.725,0.71,0.74,0.76,22.0,0.5007374145507812,380.5,0.040349998474121095,0.0
TSLA,call,550.0,0.1232876712328767,2026-11-20,0.635,0.62,0.65,0.63,323.0,0.5095263891601562,380.5,0.040349998474121095,0.0
TSLA,call,625.0,0.1232876712328767,2026-11-20,0.255,0.24,0.27,0.25,10.0,0.5776409423828125,380.5,0.040349998474121095,0.0
TSLA,call,660.0,0.1232876712328767,2026-11-20,0.18,0.17,0.19,0.27,12.0,0.6064492480468751,380.5,0.040349998474121095,0.0
TSLA,call,680.0,0.1232876712328767,2026-11-20,0.15500000000000003,0.14,0.17,0.18,14.0,0.6250037500000001,380.5,0.040349998474121095,0.0
TSLA,call,685.0,0.1232876712328767,2026-11-20,0.15000000000000002,0.14,0.16,0.19,107.0,0.6289099609375001,380.5,0.040349998474121095,0.0
TSLA,call,710.0,0.1232876712328767,2026-11-20,0.13,0.12,0.14,0.13,51.0,0.6523472265625001,380.5,0.040349998474121095,0.0
TSLA,call,740.0,0.1232876712328767,2026-11-20,0.105,0.09,0.12,0.12,135.0,0.6757844921875001,380.5,0.040349998474121095,0.0
TSLA,call,750.0,0.1232876712328767,2026-11-20,0.1,0.09,0.11,0.1,11.0,0.6835969140625001,380.5,0.040349998474121095,0.0
TSLA,call,770.0,0.1232876712328767,2026-11-20,0.09,0.08,0.1,0.11,36.0,0.700198310546875,380.5,0.040349998474121095,0.0
TSLA,call,800.0,0.1232876712328767,2026-11-20,0.08,0.07,0.09,0.08,11.0,0.7246121289062499,380.5,0.040349998474121095,0.0
TSLA,call,850.0,0.1232876712328767,2026-11-20,0.07,0.06,0.08,0.08,13.0,0.7675804492187501,380.5,0.040349998474121095,0.0
TSLA,call,900.0,0.1232876712328767,2026-11-20,0.060000000000000005,0.05,0.07,0.07,68.0,0.804689453125,380.5,0.040349998474121095,0.0
TSLA,put,75.0,0.1232876712328767,2026-11-20,0.02,0.01,0.03,0.04,12.0,1.4609401953124999,380.5,0.040349998474121095,0.0
TSLA,put,100.0,0.1232876712328767,2026-11-20,0.035,0.03,0.04,0.04,10.0,1.2656286718749998,380.5,0.040349998474121095,0.0
TSLA,put,120.0,0.1232876712328767,2026-11-20,0.05,0.04,0.06,0.07,64.0,1.1328168359375002,380.5,0.040349998474121095,0.0
TSLA,put,130.0,0.1232876712328767,2026-11-20,0.065,0.05,0.08,0.05,41.0,1.08203583984375,380.5,0.040349998474121095,0.0
TSLA,put,140.0,0.1232876712328767,2026-11-20,0.08,0.07,0.09,0.1,13.0,1.0312548437500002,380.5,0.040349998474121095,0.0
TSLA,put,155.0,0.1232876712328767,2026-11-20,0.10500000000000001,0.1,0.11,0.12,10.0,0.9589847851562499,380.5,0.040349998474121095,0.0
TSLA,put,160.0,0.1232876712328767,2026-11-20,0.125,0.12,0.13,0.14,10.0,0.9433599414062499,380.5,0.040349998474121095,0.0
TSLA,put,175.0,0.1232876712328767,2026-11-20,0.16,0.15,0.17,0.17,19.0,0.875977802734375,380.5,0.040349998474121095,0.0
TSLA,put,200.0,0.1232876712328767,2026-11-20,0.245,0.23,0.26,0.25,500.0,0.7744163183593751,380.5,0.040349998474121095,0.0
TSLA,put,210.0,0.1232876712328767,2026-11-20,0.28500000000000003,0.27,0.3,0.29,42.0,0.7348659326171875,380.5,0.040349998474121095,0.0
TSLA,put,240.0,0.1232876712328767,2026-11-20,0.44,0.43,0.45,0.45,24.0,0.6210975390625001,380.5,0.040349998474121095,0.0
TSLA,put,255.0,0.1232876712328767,2026-11-20,0.5700000000000001,0.56,0.58,0.58,70.0,0.5708050732421875,380.5,0.040349998474121095,0.0
TSLA,put,260.0,0.1232876712328767,2026-11-20,0.62,0.61,0.63,0.67,156.0,0.5542036767578126,380.5,0.040349998474121095,0.0
TSLA,put,270.0,0.1232876712328767,2026-11-20,0.76,0.75,0.77,0.83,137.0,0.5241746801757812,380.5,0.040349998474121095,0.0
TSLA,put,280.0,0.1232876712328767,2026-11-20,0.9450000000000001,0.93,0.96,0.96,14.0,0.4975636181640626,380.5,0.040349998474121095,0.0
TSLA,put,285.0,0.1232876712328767,2026-11-20,1.07,1.05,1.09,1.08,24.0,0.48511257080078124,380.5,0.040349998474121095,0.0
TSLA,put,295.0,0.1232876712328767,2026-11-20,1.41,1.39,1.43,1.4,44.0,0.4624077197265626,380.5,0.040349998474121095,0.0
TSLA,put,300.0,0.1232876712328767,2026-11-20,1.645,1.62,1.67,1.62,109.0,0.45313046875,380.5,0.040349998474121095,0.0
TSLA,put,305.0,0.1232876712328767,2026-11-20,1.91,1.89,1.93,2.0,21.0,0.4429987341308594,380.5,0.040349998474121095,0.0
TSLA,put,310.0,0.1232876712328767,2026-11-20,2.26,2.24,2.28,2.3,51.0,0.4353694158935547,380.5,0.040349998474121095,0.0
TSLA,put,315.0,0.1232876712328767,2026-11-20,2.6799999999999997,2.65,2.71,2.67,23.0,0.4288387194824219,380.5,0.040349998474121095,0.0
TSLA,put,320.0,0.1232876712328767,2026-11-20,3.2,3.15,3.25,3.2,65.0,0.42401699035644536,380.5,0.040349998474121095,0.0
TSLA,put,325.0,0.1232876712328767,2026-11-20,3.8,3.75,3.85,3.79,22.0,0.4182187084960937,380.5,0.040349998474121095,0.0
TSLA,put,330.0,0.1232876712328767,2026-11-20,4.475,4.45,4.5,4.44,110.0,0.41107766662597656,380.5,0.040349998474121095,0.0
TSLA,put,335.0,0.1232876712328767,2026-11-20,5.3,5.25,5.35,5.44,42.0,0.4071104211425781,380.5,0.040349998474121095,0.0
TSLA,put,340.0,0.1232876712328767,2026-11-20,6.35,6.3,6.4,6.3,68.0,0.4052183502197265,380.5,0.040349998474121095,0.0
TSLA,put,345.0,0.1232876712328767,2026-11-20,7.425,7.35,7.5,7.5,38.0,0.4009459320068359,380.5,0.040349998474121095,0.0
TSLA,put,350.0,0.1232876712328767,2026-11-20,8.774999999999999,8.7,8.85,8.8,77.0,0.3991454129028321,380.5,0.040349998474121095,0.0
TSLA,put,355.0,0.1232876712328767,2026-11-20,10.274999999999999,10.2,10.35,10.21,32.0,0.39703972106933594,380.5,0.040349998474121095,0.0
TSLA,put,360.0,0.1232876712328767,2026-11-20,11.975000000000001,11.9,12.05,12.32,20.0,0.39548334014892583,380.5,0.040349998474121095,0.0
TSLA,put,365.0,0.1232876712328767,2026-11-20,13.825,13.75,13.9,13.8,91.0,0.39337764831542965,380.5,0.040349998474121095,0.0
TSLA,put,370.0,0.1232876712328767,2026-11-20,15.85,15.75,15.95,15.85,52.0,0.3915466119384765,380.5,0.040349998474121095,0.0
TSLA,put,375.0,0.1232876712328767,2026-11-20,18.1,18.05,18.15,18.16,45.0,0.3890441955566406,380.5,0.040349998474121095,0.0
TSLA,put,380.0,0.1232876712328767,2026-11-20,20.549999999999997,20.45,20.65,20.5,89.0,0.38864747100830077,380.5,0.040349998474121095,0.0
TSLA,put,385.0,0.1232876712328767,2026-11-20,23.1,23.0,23.2,23.5,126.0,0.38565677825927724,380.5,0.040349998474121095,0.0
TSLA,put,390.0,0.1232876712328767,2026-11-20,25.85,25.75,25.95,26.65,12.0,0.3828797064208984,380.5,0.040349998474121095,0.0
TSLA,put,400.0,0.1232876712328767,2026-11-20,32.275,32.0,32.55,32.2,20.0,0.3879760910034179,380.5,0.040349998474121095,0.0
TSLA,put,405.0,0.1232876712328767,2026-11-20,35.575,35.25,35.9,36.85,42.0,0.3866638482666015,380.5,0.040349998474121095,0.0
TSLA,put,430.0,0.1232876712328767,2026-11-20,53.575,52.35,54.8,56.0,20.0,0.37781383911132804,380.5,0.040349998474121095,0.0
TSLA,put,450.0,0.1232876712328767,2026-11-20,71.3,70.75,71.85,72.5,50.0,0.36151761535644533,380.5,0.040349998474121095,0.0
TSLA,put,455.0,0.1232876712328767,2026-11-20,75.625,74.85,76.4,79.7,10.0,0.358954164428711,380.5,0.040349998474121095,0.0
TSLA,put,460.0,0.1232876712328767,2026-11-20,80.325,79.7,80.95,81.0,10.0,0.3526676062011719,380.5,0.040349998474121095,0.0
TSLA,put,475.0,0.1232876712328767,2026-11-20,93.25,91.8,94.7,97.64,105.0,0.28784891845703114,380.5,0.040349998474121095,0.0
TSLA,put,485.0,0.1232876712328767,2026-11-20,103.525,102.25,104.8,106.85,15.0,0.32691102783203124,380.5,0.040349998474121095,0.0
TSLA,put,490.0,0.1232876712328767,2026-11-20,108.25,107.1,109.4,136.27,115.0,1.0000000000000003e-05,380.5,0.040349998474121095,0.0
TSLA,put,495.0,0.1232876712328767,2026-11-20,113.325,112.0,114.65,124.0,30.0,0.32227240234374993,380.5,0.040349998474121095,0.0
TSLA,put,500.0,0.1232876712328767,2026-11-20,117.65,115.8,119.5,121.8,389.0,0.273444765625,380.5,0.040349998474121095,0.0
TSLA,put,505.0,0.1232876712328767,2026-11-20,123.17500000000001,122.2,124.15,125.1,10.0,1.0000000000000003e-05,380.5,0.040349998474121095,0.0
TSLA,put,515.0,0.1232876712328767,2026-11-20,133.1,131.75,134.45,144.0,25.0,1.0000000000000003e-05,380.5,0.040349998474121095,0.0
TSLA,put,530.0,0.1232876712328767,2026-11-20,181.125,179.9,182.35,205.94,10.0,1.3694489535522458,380.5,0.040349998474121095,0.0
TSLA,put,535.0,0.1232876712328767,2026-11-20,152.325,150.4,154.25,183.94,10.0,1.0000000000000003e-05,380.5,0.040349998474121095,0.0
TSLA,put,550.0,0.1232876712328767,2026-11-20,167.77499999999998,166.35,169.2,177.12,12.0,1.0000000000000003e-05,380.5,0.040349998474121095,0.0
TSLA,put,565.0,0.1232876712328767,2026-11-20,245.15,242.4,247.9,163.65,13.0,2.058079805984497,380.5,0.040349998474121095,0.0
TSLA,put,570.0,0.1232876712328767,2026-11-20,220.72500000000002,219.65,221.8,248.93,96.0,1.4973169665527344,380.5,0.040349998474121095,0.0
TSLA,put,575.0,0.1232876712328767,2026-11-20,225.72500000000002,224.65,226.8,257.45,22.0,1.513186027832031,380.5,0.040349998474121095,0.0
TSLA,put,585.0,0.1232876712328767,2026-11-20,235.72500000000002,234.65,236.8,261.2,39.0,1.5442222496032711,380.5,0.040349998474121095,0.0
TSLA,put,590.0,0.1232876712328767,2026-11-20,240.475,239.25,241.7,266.1,75.0,1.5541404129028318,380.5,0.040349998474121095,0.0
TSLA,put,595.0,0.1232876712328767,2026-11-20,245.60000000000002,244.8,246.4,271.2,24.0,1.5717794848632813,380.5,0.040349998474121095,0.0
TSLA,put,600.0,0.1232876712328767,2026-11-20,251.0,248.5,253.5,278.04,64.0,1.5950947979736327,380.5,0.040349998474121095,0.0
TSLA,put,610.0,0.1232876712328767,2026-11-20,260.7,259.5,261.9,291.15,392.0,1.617738727722168,380.5,0.040349998474121095,0.0
TSLA,put,615.0,0.1232876712328767,2026-11-20,265.67499999999995,264.45,266.9,296.15,62.0,1.6314105343627925,380.5,0.040349998474121095,0.0
TSLA,put,625.0,0.1232876712328767,2026-11-20,228.45,226.75,230.15,242.4,22.0,1.0000000000000003e-05,380.5,0.040349998474121095,0.0
TSLA,put,645.0,0.1232876712328767,2026-11-20,324.75,321.05,328.45,265.36,12.0,2.297489607849121,380.5,0.040349998474121095,0.0
TSLA,put,650.0,0.1232876712328767,2026-11-20,300.67499999999995,299.45,301.9,332.6,15.0,1.7261366232299804,380.5,0.040349998474121095,0.0
TSLA,put,655.0,0.1232876712328767,2026-11-20,257.05,255.4,258.7,259.25,20.0,1.0000000000000003e-05,380.5,0.040349998474121095,0.0
TSLA,put,660.0,0.1232876712328767,2026-11-20,253.7,252.6,254.8,237.74,10.0,1.0000000000000003e-05,380.5,0.040349998474121095,0.0
TSLA,put,670.0,0.1232876712328767,2026-11-20,350.15,346.05,354.25,288.99,11.0,2.3727457673645014,380.5,0.040349998474121095,0.0
TSLA,put,690.0,0.1232876712328767,2026-11-20,369.725,366.05,373.4,290.95,11.0,2.415989067459106,380.5,0.040349998474121095,0.0
TSLA,put,695.0,0.1232876712328767,2026-11-20,287.5,286.3,288.7,320.92,10.0,1.0000000000000003e-05,380.5,0.040349998474121095,0.0
TSLA,put,720.0,0.1232876712328767,2026-11-20,325.54999999999995,324.7,326.4,337.56,11.0,1.0000000000000003e-05,380.5,0.040349998474121095,0.0
TSLA,put,730.0,0.1232876712328767,2026-11-20,335.54999999999995,334.7,336.4,347.33,22.0,1.0000000000000003e-05,380.5,0.040349998474121095,0.0
TSLA,put,760.0,0.1232876712328767,2026-11-20,359.625,358.0,361.25,364.5,20.0,1.0000000000000003e-05,380.5,0.040349998474121095,0.0
TSLA,call,20.0,0.2,2026-12-18,361.85,357.9,365.8,346.5,20.0,3.513673090820312,380.5,0.040349998474121095,0.0
TSLA,call,35.0,0.2,2026-12-18,361.1,357.8,364.4,357.95,17.0,5.426516888732909,380.5,0.040349998474121095,0.0
TSLA,call,75.0,0.2,2026-12-18,306.54999999999995,303.95,309.15,285.48,17.0,1.78515732421875,380.5,0.040349998474121095,0.0
TSLA,call,85.0,0.2,2026-12-18,296.525,293.8,299.25,289.1,10.0,1.6430681909179685,380.5,0.040349998474121095,0.0
TSLA,call,100.0,0.2,2026-12-18,281.825,279.25,284.4,279.75,13.0,1.5339378771972654,380.5,0.040349998474121095,0.0
TSLA,call,115.0,0.2,2026-12-18,236.45,234.5,238.4,270.95,14.0,1.0000000000000003e-05,380.5,0.040349998474121095,0.0
TSLA,call,170.0,0.2,2026-12-18,212.625,209.95,215.3,211.72,20.0,1.0466356262207035,380.5,0.040349998474121095,0.0
TSLA,call,205.0,0.2,2026-12-18,178.47500000000002,176.15,180.8,170.97,10.0,0.8913585083007811,380.5,0.040349998474121095,0.0
TSLA,call,215.0,0.2,2026-12-18,168.225,165.75,170.7,167.0,23.0,0.8165301550292967,380.5,0.040349998474121095,0.0
TSLA,call,230.0,0.2,2026-12-18,153.375,151.05,155.7,149.13,115.0,0.7434107690429688,380.5,0.040349998474121095,0.0
TSLA,call,235.0,0.2,2026-12-18,149.02499999999998,146.7,151.35,144.3,114.0,0.7523218127441407,380.5,0.040349998474121095,0.0
TSLA,call,240.0,0.2,2026-12-18,144.45,142.85,146.05,143.15,177.0,0.7461573236083985,380.5,0.040349998474121095,0.0
TSLA,call,245.0,0.2,2026-12-18,139.525,138.05,141.0,138.32,178.0,0.7225369543457032,380.5,0.040349998474121095,0.0
TSLA,call,280.0,0.2,2026-12-18,105.9,104.75,107.05,104.32,30.0,0.5922281988525393,380.5,0.040349998474121095,0.0
TSLA,call,285.0,0.2,2026-12-18,101.25,99.9,102.6,97.5,10.0,0.5778240460205077,380.5,0.040349998474121095,0.0
TSLA,call,290.0,0.2,2026-12-18,97.0,95.6,98.4,96.5,11.0,0.5746502496337891,380.5,0.040349998474121095,0.0
TSLA,call,320.0,0.2,2026-12-18,70.275,69.2,71.35,69.0,14.0,0.5191088128662109,380.5,0.040349998474121095,0.0
TSLA,call,350.0,0.2,2026-12-18,47.425,47.1,47.75,47.9,63.0,0.45905081970214845,380.5,0.040349998474121095,0.0
TSLA,call,355.0,0.2,2026-12-18,44.2,43.65,44.75,44.0,42.0,0.4594780615234375,380.5,0.040349998474121095,0.0
TSLA,call,360.0,0.2,2026-12-18,41.125,40.6,41.65,41.25,43.0,0.4562432305908204,380.5,0.040349998474121095,0.0
TSLA,call,365.0,0.2,2026-12-18,38.2,37.8,38.6,37.22,17.0,0.4518792605590821,380.5,0.040349998474121095,0.0
TSLA,call,370.0,0.2,2026-12-18,35.325,34.95,35.7,35.32,57.0,0.4479425323486328,380.5,0.040349998474121095,0.0
TSLA,call,375.0,0.2,2026-12-18,32.675,32.4,32.95,32.7,88.0,0.4443720114135742,380.5,0.040349998474121095,0.0
TSLA,call,380.0,0.2,2026-12-18,30.05,29.75,30.35,29.9,282.0,0.44113718048095707,380.5,0.040349998474121095,0.0
TSLA,call,385.0,0.2,2026-12-18,27.875,27.7,28.05,27.86,60.0,0.44040476593017575,380.5,0.040349998474121095,0.0
TSLA,call,390.0,0.2,2026-12-18,25.325,25.2,25.45,24.57,34.0,0.43341631042480466,380.5,0.040349998474121095,0.0
TSLA,call,395.0,0.2,2026-12-18,23.25,23.15,23.35,23.35,10.0,0.43187518814086917,380.5,0.040349998474121095,0.0
TSLA,call,400.0,0.2,2026-12-18,21.375,21.3,21.45,21.3,530.0,0.4314326876831055,380.5,0.040349998474121095,0.0
TSLA,call,405.0,0.2,2026-12-18,19.5,19.4,19.6,19.55,10.0,0.4299068240356446,380.5,0.040349998474121095,0.0
TSLA,call,410.0,0.2,2026-12-18,17.875,17.75,18.0,18.0,111.0,0.4303645831298829,380.5,0.040349998474121095,0.0
TSLA,call,415.0,0.2,2026-12-18,16.325,16.2,16.45,15.82,11.0,0.4299068240356446,380.5,0.040349998474121095,0.0
TSLA,call,420.0,0.2,2026-12-18,14.85,14.7,15.0,15.08,465.0,0.4292964785766602,380.5,0.040349998474121095,0.0
TSLA,call,430.0,0.2,2026-12-18,12.375,12.25,12.5,12.5,39.0,0.4296626858520508,380.5,0.040349998474121095,0.0
TSLA,call,435.0,0.2,2026-12-18,11.275,11.15,11.4,11.4,92.0,0.4300288931274414,380.5,0.040349998474121095,0.0
TSLA,call,440.0,0.2,2026-12-18,10.4,10.25,10.55,10.21,62.0,0.43335527587890627,380.5,0.040349998474121095,0.0
TSLA,call,450.0,0.2,2026-12-18,8.575,8.45,8.7,8.42,66.0,0.4332332067871094,380.5,0.040349998474121095,0.0
TSLA,call,460.0,0.2,2026-12-18,7.074999999999999,7.05,7.1,7.05,46.0,0.4322566540527344,380.5,0.040349998474121095,0.0
TSLA,call,470.0,0.2,2026-12-18,5.800000000000001,5.7,5.9,5.8,35.0,0.4346370013427735,380.5,0.040349998474121095,0.0
TSLA,call,480.0,0.2,2026-12-18,4.825,4.75,4.9,4.9,26.0,0.43707838317871095,380.5,0.040349998474121095,0.0
TSLA,call,485.0,0.2,2026-12-18,4.4,4.3,4.5,4.5,12.0,0.4392756268310547,380.5,0.040349998474121095,0.0
TSLA,call,490.0,0.2,2026-12-18,4.025,3.95,4.1,4.0,70.0,0.4404963177490234,380.5,0.040349998474121095,0.0
TSLA,call,495.0,0.2,2026-12-18,3.7,3.6,3.8,3.7,39.0,0.4437311486816406,380.5,0.040349998474121095,0.0
TSLA,call,500.0,0.2,2026-12-18,3.375,3.35,3.4,3.34,146.0,0.44287666503906253,380.5,0.040349998474121095,0.0
TSLA,call,520.0,0.2,2026-12-18,2.375,2.33,2.42,2.38,11.0,0.4510552941894531,380.5,0.040349998474121095,0.0
TSLA,call,525.0,0.2,2026-12-18,2.1799999999999997,2.13,2.23,2.09,12.0,0.45325253784179687,380.5,0.040349998474121095,0.0
TSLA,call,530.0,0.2,2026-12-18,2.0300000000000002,1.98,2.08,1.99,33.0,0.45654840332031255,380.5,0.040349998474121095,0.0
TSLA,call,535.0,0.2,2026-12-18,1.865,1.82,1.91,1.95,22.0,0.4583794396972657,380.5,0.040349998474121095,0.0
TSLA,call,550.0,0.2,2026-12-18,1.505,1.46,1.55,1.49,25.0,0.4674125524902344,380.5,0.040349998474121095,0.0
TSLA,call,565.0,0.2,2026-12-18,1.17,1.11,1.23,1.3,50.0,0.47376014526367194,380.5,0.040349998474121095,0.0
TSLA,call,570.0,0.2,2026-12-18,1.1800000000000002,1.03,1.33,1.2,11.0,0.4887746435546876,380.5,0.040349998474121095,0.0
TSLA,call,600.0,0.2,2026-12-18,0.8200000000000001,0.79,0.85,0.83,13.0,0.4995167236328125,380.5,0.040349998474121095,0.0
TSLA,call,610.0,0.2,2026-12-18,0.75,0.6,0.9,0.79,12.0,0.5045215563964844,380.5,0.040349998474121095,0.0
TSLA,call,700.0,0.2,2026-12-18,0.35,0.32,0.38,0.36,61.0,0.5632367895507813,380.5,0.040349998474121095,0.0
TSLA,call,750.0,0.2,2026-12-18,0.25,0.22,0.28,0.27,20.0,0.5932657861328126,380.5,0.040349998474121095,0.0
TSLA,call,770.0,0.2,2026-12-18,0.215,0.19,0.24,0.21,11.0,0.6025430371093752,380.5,0.040349998474121095,0.0
TSLA,call,800.0,0.2,2026-12-18,0.175,0.16,0.19,0.19,23.0,0.6171913281250001,380.5,0.040349998474121095,0.0
TSLA,call,950.0,0.2,2026-12-18,0.10500000000000001,0.08,0.13,0.1,17.0,0.70312796875,380.5,0.040349998474121095,0.0
TSLA,put,75.0,0.2,2026-12-18,0.034999999999999996,0.01,0.06,0.03,84.0,1.203128984375,380.5,0.040349998474121095,0.0
TSLA,put,85.0,0.2,2026-12-18,0.055,0.05,0.06,0.05,50.0,1.16016044921875,380.5,0.040349998474121095,0.0
TSLA,put,100.0,0.2,2026-12-18,0.08,0.06,0.1,0.08,213.0,1.0742233789062503,380.5,0.040349998474121095,0.0
TSLA,put,150.0,0.2,2026-12-18,0.175,0.15,0.2,0.17,23.0,0.8261736132812498,380.5,0.040349998474121095,0.0
TSLA,put,160.0,0.2,2026-12-18,0.225,0.19,0.26,0.25,11.0,0.795900478515625,380.5,0.040349998474121095,0.0
TSLA,put,175.0,0.2,2026-12-18,0.29500000000000004,0.26,0.33,0.3,13.0,0.7436549072265625,380.5,0.040349998474121095,0.0
TSLA,put,210.0,0.2,2026-12-18,0.505,0.48,0.53,0.49,40.0,0.6272009936523439,380.5,0.040349998474121095,0.0
TSLA,put,220.0,0.2,2026-12-18,0.5800000000000001,0.55,0.61,0.6,17.0,0.5952188916015625,380.5,0.040349998474121095,0.0
TSLA,put,225.0,0.2,2026-12-18,0.62,0.59,0.65,0.65,17.0,0.5793499096679688,380.5,0.040349998474121095,0.0
TSLA,put,240.0,0.2,2026-12-18,0.795,0.78,0.81,0.81,16.0,0.5376022802734376,380.5,0.040349998474121095,0.0
TSLA,put,245.0,0.2,2026-12-18,0.875,0.85,0.9,0.92,181.0,0.5251512329101562,380.5,0.040349998474121095,0.0
TSLA,put,250.0,0.2,2026-12-18,0.965,0.94,0.99,0.99,28.0,0.5129443237304687,380.5,0.040349998474121095,0.0
TSLA,put,255.0,0.2,2026-12-18,1.085,0.94,1.23,1.11,23.0,0.5028125891113282,380.5,0.040349998474121095,0.0
TSLA,put,275.0,0.2,2026-12-18,1.6800000000000002,1.61,1.75,1.78,103.0,0.4646049633789063,380.5,0.040349998474121095,0.0
TSLA,put,280.0,0.2,2026-12-18,1.855,1.82,1.89,1.9,14.0,0.4510552941894531,380.5,0.040349998474121095,0.0
TSLA,put,285.0,0.2,2026-12-18,2.13,2.08,2.18,2.11,22.0,0.4444025286865234,380.5,0.040349998474121095,0.0
TSLA,put,290.0,0.2,2026-12-18,2.435,2.38,2.49,2.46,15.0,0.4368952795410156,380.5,0.040349998474121095,0.0
TSLA,put,295.0,0.2,2026-12-18,2.775,2.73,2.82,2.89,10.0,0.428716650390625,380.5,0.040349998474121095,0.0
TSLA,put,300.0,0.2,2026-12-18,3.175,3.15,3.2,3.22,93.0,0.4209652630615235,380.5,0.040349998474121095,0.0
TSLA,put,305.0,0.2,2026-12-18,3.675,3.6,3.75,3.8,150.0,0.41736422485351554,380.5,0.040349998474121095,0.0
TSLA,put,320.0,0.2,2026-12-18,5.675,5.6,5.75,5.75,27.0,0.40347886566162117,380.5,0.040349998474121095,0.0
TSLA,put,330.0,0.2,2026-12-18,7.550000000000001,7.45,7.65,7.55,35.0,0.39731437652587887,380.5,0.040349998474121095,0.0
TSLA,put,335.0,0.2,2026-12-18,8.675,8.55,8.8,8.71,19.0,0.3949645465087891,380.5,0.040349998474121095,0.0
TSLA,put,340.0,0.2,2026-12-18,9.825,9.7,9.95,9.97,32.0,0.39029540374755856,380.5,0.040349998474121095,0.0
TSLA,put,345.0,0.2,2026-12-18,11.25,11.15,11.35,11.32,14.0,0.3880981600952148,380.5,0.040349998474121095,0.0
TSLA,put,350.0,0.2,2026-12-18,12.85,12.7,13.0,12.75,130.0,0.3878540219116211,380.5,0.040349998474121095,0.0
TSLA,put,365.0,0.2,2026-12-18,18.275,18.2,18.35,19.02,12.0,0.3793091854858398,380.5,0.040349998474121095,0.0
TSLA,put,370.0,0.2,2026-12-18,20.475,20.35,20.6,20.35,266.0,0.37909556457519533,380.5,0.040349998474121095,0.0
TSLA,put,375.0,0.2,2026-12-18,22.825,22.65,23.0,22.95,113.0,0.37879039184570307,380.5,0.040349998474121095,0.0
TSLA,put,380.0,0.2,2026-12-18,25.25,25.1,25.4,25.25,22.0,0.3761964236450196,380.5,0.040349998474121095,0.0
TSLA,put,385.0,0.2,2026-12-18,27.875,27.7,28.05,28.19,37.0,0.3750367672729492,380.5,0.040349998474121095,0.0
TSLA,put,390.0,0.2,2026-12-18,30.625,30.45,30.8,30.92,130.0,0.373129437713623,380.5,0.040349998474121095,0.0
TSLA,put,395.0,0.2,2026-12-18,33.375,33.15,33.6,35.1,18.0,0.36975727905273437,380.5,0.040349998474121095,0.0
TSLA,put,410.0,0.2,2026-12-18,43.025000000000006,42.45,43.6,44.6,20.0,0.3707338317871094,380.5,0.040349998474121095,0.0
TSLA,put,435.0,0.2,2026-12-18,61.8,60.6,63.0,69.99,10.0,0.378363150024414,380.5,0.040349998474121095,0.0
TSLA,put,485.0,0.2,2026-12-18,105.475,104.2,106.75,114.2,50.0,0.36902486450195315,380.5,0.040349998474121095,0.0
TSLA,put,490.0,0.2,2026-12-18,110.69999999999999,108.3,113.1,134.85,20.0,0.4265804412841797,380.5,0.040349998474121095,0.0
TSLA,put,540.0,0.2,2026-12-18,159.3,156.55,162.05,168.08,25.0,0.49835706726074225,380.5,0.040349998474121095,0.0
TSLA,put,560.0,0.2,2026-12-18,178.75,175.55,181.95,205.1,23.0,0.5322922747802734,380.5,0.040349998474121095,0.0
TSLA,put,570.0,0.2,2026-12-18,188.85000000000002,185.55,192.15,191.5,15.0,0.5595136822509765,380.5,0.040349998474121095,0.0
TSLA,put,580.0,0.2,2026-12-18,225.25,222.7,227.8,274.2,490.0,1.1123701608276368,380.5,0.040349998474121095,0.0
TSLA,put,590.0,0.2,2026-12-18,240.875,239.65,242.1,215.75,23.0,1.2320900212097166,380.5,0.040349998474121095,0.0
TSLA,put,610.0,0.2,2026-12-18,260.875,259.65,262.1,287.85,1075.0,1.278476508026123,380.5,0.040349998474121095,0.0
TSLA,put,630.0,0.2,2026-12-18,280.725,279.5,281.95,311.05,2046.0,1.3199802067565916,380.5,0.040349998474121095,0.0
TSLA,put,640.0,0.2,2026-12-18,290.7,289.5,291.9,317.9,854.0,1.3407320561218259,380.5,0.040349998474121095,0.0
TSLA,put,650.0,0.2,2026-12-18,300.7,299.5,301.9,329.9,2672.0,1.3614533880615234,380.5,0.040349998474121095,0.0
TSLA,put,670.0,0.2,2026-12-18,350.32500000000005,347.3,353.35,276.15,12.0,1.8734442362976074,380.5,0.040349998474121095,0.0
TSLA,put,740.0,0.2,2026-12-18,345.57500000000005,345.05,346.1,357.96,36.0,1.0000000000000003e-05,380.5,0.040349998474121095,0.0
TSLA,call,5.0,0.27671232876712326,2027-01-15,376.35,372.75,379.95,375.5,10.0,4.496098129882812,380.5,0.040349998474121095,0.0
TSLA,call,140.0,0.27671232876712326,2027-01-15,243.0,240.4,245.6,223.75,36.0,1.1184126110839845,380.5,0.040349998474121095,0.0
TSLA,call,205.0,0.27671232876712326,2027-01-15,179.8,176.9,182.7,172.07,10.0,0.8272722351074218,380.5,0.040349998474121095,0.0
TSLA,call,210.0,0.27671232876712326,2027-01-15,174.2,171.7,176.7,148.6,120.0,0.77148666015625,380.5,0.040349998474121095,0.0
TSLA,call,240.0,0.27671232876712326,2027-01-15,145.925,144.55,147.3,145.86,96.0,0.6911041632080079,380.5,0.040349998474121095,0.0
TSLA,call,245.0,0.27671232876712326,2027-01-15,141.075,139.7,142.45,141.11,96.0,0.6716341430664063,380.5,0.040349998474121095,0.0
TSLA,call,250.0,0.27671232876712326,2027-01-15,136.525,135.15,137.9,135.0,27.0,0.6620517193603517,380.5,0.040349998474121095,0.0
TSLA,call,300.0,0.27671232876712326,2027-01-15,90.9,90.1,91.7,90.6,19.0,0.5297898583984376,380.5,0.040349998474121095,0.0
TSLA,call,350.0,0.27671232876712326,2027-01-15,52.25,52.0,52.5,52.5,20.0,0.4575554733276368,380.5,0.040349998474121095,0.0
TSLA,call,360.0,0.27671232876712326,2027-01-15,46.4,46.0,46.8,46.35,10.0,0.45700616241455083,380.5,0.040349998474121095,0.0
TSLA,call,370.0,0.27671232876712326,2027-01-15,40.55,40.45,40.65,40.6,226.0,0.44492132232666015,380.5,0.040349998474121095,0.0
TSLA,call,380.0,0.27671232876712326,2027-01-15,35.425,35.35,35.5,35.45,182.0,0.44028269683837884,380.5,0.040349998474121095,0.0
TSLA,call,390.0,0.27671232876712326,2027-01-15,30.75,30.6,30.9,31.05,43.0,0.4370478659057617,380.5,0.040349998474121095,0.0
TSLA,call,400.0,0.27671232876712326,2027-01-15,26.675,26.6,26.75,26.7,271.0,0.4340419145202637,380.5,0.040349998474121095,0.0
TSLA,call,410.0,0.27671232876712326,2027-01-15,23.075,22.95,23.2,23.15,35.0,0.4333705345153809,380.5,0.040349998474121095,0.0
TSLA,call,420.0,0.27671232876712326,2027-01-15,19.875,19.8,19.95,19.95,92.0,0.4315547567749024,380.5,0.040349998474121095,0.0
TSLA,call,430.0,0.27671232876712326,2027-01-15,17.1,17.0,17.2,17.15,12.0,0.4315547567749024,380.5,0.040349998474121095,0.0
TSLA,call,440.0,0.27671232876712326,2027-01-15,14.725,14.6,14.85,14.88,47.0,0.4325313095092773,380.5,0.040349998474121095,0.0
TSLA,call,450.0,0.27671232876712326,2027-01-15,12.625,12.55,12.7,12.65,310.0,0.4321345849609375,380.5,0.040349998474121095,0.0
TSLA,call,460.0,0.27671232876712326,2027-01-15,10.85,10.75,10.95,10.85,549.0,0.43375200042724615,380.5,0.040349998474121095,0.0
TSLA,call,480.0,0.27671232876712326,2027-01-15,7.9750000000000005,7.9,8.05,7.95,76.0,0.4358576922607422,380.5,0.040349998474121095,0.0
TSLA,call,490.0,0.27671232876712326,2027-01-15,6.85,6.75,6.95,6.86,70.0,0.4381770050048829,380.5,0.040349998474121095,0.0
TSLA,call,500.0,0.27671232876712326,2027-01-15,5.9,5.8,6.0,5.87,101.0,0.4404963177490234,380.5,0.040349998474121095,0.0
TSLA,call,510.0,0.27671232876712326,2027-01-15,5.075,5.0,5.15,5.08,29.0,0.4420221813964844,380.5,0.040349998474121095,0.0
TSLA,call,520.0,0.27671232876712326,2027-01-15,4.425,4.35,4.5,4.55,25.0,0.4456842541503906,380.5,0.040349998474121095,0.0
TSLA,call,530.0,0.27671232876712326,2027-01-15,3.8,3.75,3.85,3.85,50.0,0.446843910522461,380.5,0.040349998474121095,0.0
TSLA,call,540.0,0.27671232876712326,2027-01-15,3.3,3.25,3.35,3.3,50.0,0.44977356872558594,380.5,0.040349998474121095,0.0
TSLA,call,550.0,0.27671232876712326,2027-01-15,2.91,2.87,2.95,2.94,222.0,0.45380184875488283,380.5,0.040349998474121095,0.0
TSLA,call,560.0,0.27671232876712326,2027-01-15,2.56,2.52,2.6,2.54,28.0,0.4576470251464845,380.5,0.040349998474121095,0.0
TSLA,call,590.0,0.27671232876712326,2027-01-15,1.7850000000000001,1.75,1.82,1.87,87.0,0.46985393432617195,380.5,0.040349998474121095,0.0
TSLA,call,600.0,0.27671232876712326,2027-01-15,1.595,1.56,1.63,1.6,247.0,0.47412635253906255,380.5,0.040349998474121095,0.0
TSLA,call,670.0,0.27671232876712326,2027-01-15,0.855,0.7,1.01,0.78,116.0,0.5079394909667969,380.5,0.040349998474121095,0.0
TSLA,call,780.0,0.27671232876712326,2027-01-15,0.405,0.38,0.43,0.41,30.0,0.5600629931640625,380.5,0.040349998474121095,0.0
TSLA,call,940.0,0.27671232876712326,2027-01-15,0.2,0.18,0.22,0.19,12.0,0.6303747900390625,380.5,0.040349998474121095,0.0
TSLA,call,950.0,0.27671232876712326,2027-01-15,0.2,0.18,0.22,0.21,37.0,0.6367223828125,380.5,0.040349998474121095,0.0
TSLA,call,960.0,0.27671232876712326,2027-01-15,0.185,0.17,0.2,0.16,21.0,0.637698935546875,380.5,0.040349998474121095,0.0
TSLA,put,65.0,0.27671232876712326,2027-01-15,0.030000000000000002,0.01,0.05,0.04,15.0,1.1015669921875002,380.5,0.040349998474121095,0.0
TSLA,put,100.0,0.27671232876712326,2027-01-15,0.08499999999999999,0.06,0.11,0.09,188.0,0.92187578125,380.5,0.040349998474121095,0.0
TSLA,put,140.0,0.27671232876712326,2027-01-15,0.22,0.19,0.25,0.22,41.0,0.773439765625,380.5,0.040349998474121095,0.0
TSLA,put,150.0,0.27671232876712326,2027-01-15,0.265,0.24,0.29,0.26,26.0,0.7397486962890624,380.5,0.040349998474121095,0.0
TSLA,put,160.0,0.27671232876712326,2027-01-15,0.315,0.29,0.34,0.33,10.0,0.7070341796875,380.5,0.040349998474121095,0.0
TSLA,put,190.0,0.27671232876712326,2027-01-15,0.52,0.49,0.55,0.53,405.0,0.6174354663085939,380.5,0.040349998474121095,0.0
TSLA,put,220.0,0.27671232876712326,2027-01-15,0.835,0.81,0.86,0.83,417.0,0.5373581420898439,380.5,0.040349998474121095,0.0
TSLA,put,225.0,0.27671232876712326,2027-01-15,0.9099999999999999,0.88,0.94,0.96,11.0,0.52539537109375,380.5,0.040349998474121095,0.0
TSLA,put,245.0,0.27671232876712326,2027-01-15,1.355,1.3,1.41,1.39,37.0,0.48816429809570316,380.5,0.040349998474121095,0.0
TSLA,put,280.0,0.27671232876712326,2027-01-15,3.005,2.96,3.05,3.1,14.0,0.4309749285888672,380.5,0.040349998474121095,0.0
TSLA,put,300.0,0.27671232876712326,2027-01-15,4.975,4.9,5.05,5.0,95.0,0.41040628662109374,380.5,0.040349998474121095,0.0
TSLA,put,310.0,0.27671232876712326,2027-01-15,6.425,6.3,6.55,6.43,67.0,0.40360093475341796,380.5,0.040349998474121095,0.0
TSLA,put,320.0,0.27671232876712326,2027-01-15,8.225000000000001,8.15,8.3,8.22,58.0,0.3953612710571289,380.5,0.040349998474121095,0.0
TSLA,put,330.0,0.27671232876712326,2027-01-15,10.475000000000001,10.4,10.55,10.48,60.0,0.38977661010742193,380.5,0.040349998474121095,0.0
TSLA,put,340.0,0.27671232876712326,2027-01-15,13.125,13.05,13.2,13.2,46.0,0.38388677642822266,380.5,0.040349998474121095,0.0
TSLA,put,350.0,0.27671232876712326,2027-01-15,16.425,16.3,16.55,16.3,35.0,0.381567463684082,380.5,0.040349998474121095,0.0
TSLA,put,360.0,0.27671232876712326,2027-01-15,20.1,20.05,20.15,20.25,10.0,0.3757081472778321,380.5,0.040349998474121095,0.0
TSLA,put,380.0,0.27671232876712326,2027-01-15,29.225,29.15,29.3,29.3,47.0,0.3692995199584961,380.5,0.040349998474121095,0.0
TSLA,put,390.0,0.27671232876712326,2027-01-15,34.6,34.45,34.75,35.58,297.0,0.36713279357910156,380.5,0.040349998474121095,0.0
TSLA,put,400.0,0.27671232876712326,2027-01-15,40.474999999999994,40.3,40.65,40.67,33.0,0.36415735946655275,380.5,0.040349998474121095,0.0
TSLA,put,460.0,0.27671232876712326,2027-01-15,85.225,83.85,86.6,86.15,36.0,0.3689333126831055,380.5,0.040349998474121095,0.0
TSLA,put,510.0,0.27671232876712326,2027-01-15,131.125,129.0,133.25,133.8,10.0,0.4076597320556641,380.5,0.040349998474121095,0.0
TSLA,put,530.0,0.27671232876712326,2027-01-15,150.02499999999998,147.35,152.7,159.65,25.0,0.42896078857421877,380.5,0.040349998474121095,0.0
TSLA,put,540.0,0.27671232876712326,2027-01-15,159.725,157.1,162.35,188.45,30.0,0.435125277709961,380.5,0.040349998474121095,0.0
TSLA,put,560.0,0.27671232876712326,2027-01-15,179.425,176.75,182.1,180.85,30.0,0.45929495788574226,380.5,0.040349998474121095,0.0
TSLA,put,590.0,0.27671232876712326,2027-01-15,209.25,206.55,211.95,235.1,50.0,0.4993946545410156,380.5,0.040349998474121095,0.0
TSLA,put,640.0,0.27671232876712326,2027-01-15,291.0,288.0,294.0,317.6,3542.0,1.1464581251525878,380.5,0.040349998474121095,0.0
TSLA,put,650.0,0.27671232876712326,2027-01-15,268.75,265.35,272.15,268.77,50.0,0.589969920654297,380.5,0.040349998474121095,0.0
TSLA,put,660.0,0.27671232876712326,2027-01-15,311.025,309.8,312.25,340.5,476.0,1.1817057516479492,380.5,0.040349998474121095,0.0
TSLA,put,670.0,0.27671232876712326,2027-01-15,320.725,319.5,321.95,347.95,60.0,1.1941568612670896,380.5,0.040349998474121095,0.0
TSLA,put,730.0,0.27671232876712326,2027-01-15,380.725,379.5,381.95,338.94,23.0,1.2877843228149413,380.5,0.040349998474121095,0.0
TSLA,put,740.0,0.27671232876712326,2027-01-15,390.725,389.5,391.95,349.0,15.0,1.3023106173706052,380.5,0.040349998474121095,0.0
TSLA,put,790.0,0.27671232876712326,2027-01-15,409.0,406.05,411.95,432.48,39.0,0.7379176599121093,380.5,0.040349998474121095,0.0
TSLA,put,970.0,0.27671232876712326,2027-01-15,578.8499999999999,577.15,580.55,531.53,17.0,1.0000000000000003e-05,380.5,0.040349998474121095,0.0
TSLA,call,190.0,0.3726027397260274,2027-02-19,195.64999999999998,192.2,199.1,178.82,24.0,0.8234270587158203,380.5,0.040349998474121095,0.0
TSLA,call,240.0,0.3726027397260274,2027-02-19,147.3,145.05,149.55,145.4,25.0,0.6363561755371094,380.5,0.040349998474121095,0.0
TSLA,call,250.0,0.3726027397260274,2027-02-19,138.575,136.8,140.35,135.3,18.0,0.624729094543457,380.5,0.040349998474121095,0.0
TSLA,call,260.0,0.3726027397260274,2027-02-19,129.425,127.3,131.55,121.5,10.0,0.60001010345459,380.5,0.040349998474121095,0.0
TSLA,call,280.0,0.3726027397260274,2027-02-19,111.75,111.1,112.4,104.9,76.0,0.5590559231567384,380.5,0.040349998474121095,0.0
TSLA,call,330.0,0.3726027397260274,2027-02-19,72.375,70.95,73.8,71.83,19.0,0.5095569064331055,380.5,0.040349998474121095,0.0
TSLA,call,375.0,0.3726027397260274,2027-02-19,45.525000000000006,44.95,46.1,45.62,17.0,0.4703269520568848,380.5,0.040349998474121095,0.0
TSLA,call,385.0,0.3726027397260274,2027-02-19,40.825,40.4,41.25,40.82,53.0,0.4659782406616212,380.5,0.040349998474121095,0.0
TSLA,call,390.0,0.3726027397260274,2027-02-19,38.7,38.25,39.15,37.9,21.0,0.4658866888427735,380.5,0.040349998474121095,0.0
TSLA,call,400.0,0.3726027397260274,2027-02-19,34.45,34.15,34.75,33.9,49.0,0.4607597869873047,380.5,0.040349998474121095,0.0
TSLA,call,405.0,0.3726027397260274,2027-02-19,32.400000000000006,32.2,32.6,31.84,49.0,0.4573571110534668,380.5,0.040349998474121095,0.0
TSLA,call,410.0,0.3726027397260274,2027-02-19,30.6,30.4,30.8,29.77,23.0,0.4568230587768555,380.5,0.040349998474121095,0.0
TSLA,call,425.0,0.3726027397260274,2027-02-19,25.775,25.6,25.95,25.8,171.0,0.45609064422607426,380.5,0.040349998474121095,0.0
TSLA,call,430.0,0.3726027397260274,2027-02-19,24.1,23.85,24.35,24.39,121.0,0.45435115966796874,380.5,0.040349998474121095,0.0
TSLA,call,440.0,0.3726027397260274,2027-02-19,21.475,21.3,21.65,21.3,22.0,0.454107021484375,380.5,0.040349998474121095,0.0
TSLA,call,450.0,0.3726027397260274,2027-02-19,19.049999999999997,18.9,19.2,19.15,73.0,0.45369503829956054,380.5,0.040349998474121095,0.0
TSLA,call,460.0,0.3726027397260274,2027-02-19,16.925,16.75,17.1,17.5,116.0,0.4545952978515625,380.5,0.040349998474121095,0.0
TSLA,call,470.0,0.3726027397260274,2027-02-19,14.925,14.7,15.15,15.32,28.0,0.4546258151245117,380.5,0.040349998474121095,0.0
TSLA,call,475.0,0.3726027397260274,2027-02-19,14.075,13.9,14.25,14.39,28.0,0.4545952978515625,380.5,0.040349998474121095,0.0
TSLA,call,530.0,0.3726027397260274,2027-02-19,7.275,7.15,7.4,7.43,114.0,0.45972219970703126,380.5,0.040349998474121095,0.0
TSLA,call,540.0,0.3726027397260274,2027-02-19,6.6,6.5,6.7,6.7,178.0,0.46335375518798827,380.5,0.040349998474121095,0.0
TSLA,call,560.0,0.3726027397260274,2027-02-19,5.15,5.0,5.3,5.28,10.0,0.46570358520507815,380.5,0.040349998474121095,0.0
TSLA,call,590.0,0.3726027397260274,2027-02-19,3.8,3.5,4.1,3.75,10.0,0.47913118530273435,380.5,0.040349998474121095,0.0
TSLA,call,600.0,0.3726027397260274,2027-02-19,3.45,3.35,3.55,3.4,49.0,0.4769339416503906,380.5,0.040349998474121095,0.0
TSLA,call,610.0,0.3726027397260274,2027-02-19,3.105,2.81,3.4,3.07,22.0,0.48517360534667964,380.5,0.040349998474121095,0.0
TSLA,call,630.0,0.3726027397260274,2027-02-19,2.545,2.27,2.82,2.35,13.0,0.49060567993164067,380.5,0.040349998474121095,0.0
TSLA,call,680.0,0.3726027397260274,2027-02-19,1.635,1.36,1.91,1.66,19.0,0.5086108709716797,380.5,0.040349998474121095,0.0
TSLA,call,700.0,0.3726027397260274,2027-02-19,1.37,1.3,1.44,1.37,15.0,0.5001270690917969,380.5,0.040349998474121095,0.0
TSLA,call,740.0,0.3726027397260274,2027-02-19,1.04,0.77,1.31,0.82,49.0,0.5142870837402342,380.5,0.040349998474121095,0.0
TSLA,call,750.0,0.3726027397260274,2027-02-19,0.975,0.71,1.24,0.88,83.0,0.5178270874023438,380.5,0.040349998474121095,0.0
TSLA,put,160.0,0.3726027397260274,2027-02-19,0.445,0.27,0.62,0.52,17.0,0.6384313500976562,380.5,0.040349998474121095,0.0
TSLA,put,195.0,0.3726027397260274,2027-02-19,0.8999999999999999,0.66,1.14,0.83,30.0,0.5600629931640625,380.5,0.040349998474121095,0.0
TSLA,put,200.0,0.3726027397260274,2027-02-19,0.87,0.77,0.97,0.95,47.0,0.5380905566406251,380.5,0.040349998474121095,0.0
TSLA,put,210.0,0.3726027397260274,2027-02-19,1.065,0.99,1.14,1.16,20.0,0.5190477783203125,380.5,0.040349998474121095,0.0
TSLA,put,240.0,0.3726027397260274,2027-02-19,2.21,1.93,2.49,2.41,24.0,0.4926198199462891,380.5,0.040349998474121095,0.0
TSLA,put,260.0,0.3726027397260274,2027-02-19,3.45,3.15,3.75,3.59,46.0,0.4652763433837891,380.5,0.040349998474121095,0.0
TSLA,put,270.0,0.3726027397260274,2027-02-19,4.175,4.05,4.3,4.49,54.0,0.4446466668701171,380.5,0.040349998474121095,0.0
TSLA,put,300.0,0.3726027397260274,2027-02-19,8.125,8.0,8.25,8.2,16.0,0.41892060577392576,380.5,0.040349998474121095,0.0
TSLA,put,305.0,0.3726027397260274,2027-02-19,9.024999999999999,8.85,9.2,9.4,83.0,0.4161130166625976,380.5,0.040349998474121095,0.0
TSLA,put,310.0,0.3726027397260274,2027-02-19,10.05,9.95,10.15,10.1,45.0,0.41199318481445313,380.5,0.040349998474121095,0.0
TSLA,put,325.0,0.3726027397260274,2027-02-19,13.625,13.45,13.8,14.65,25.0,0.4046995565795898,380.5,0.040349998474121095,0.0
TSLA,put,335.0,0.3726027397260274,2027-02-19,16.575000000000003,16.35,16.8,17.5,30.0,0.4012511047363281,380.5,0.040349998474121095,0.0
TSLA,put,340.0,0.3726027397260274,2027-02-19,18.2,18.0,18.4,18.2,46.0,0.3988707574462891,380.5,0.040349998474121095,0.0
TSLA,put,345.0,0.3726027397260274,2027-02-19,19.85,19.7,20.0,23.56,48.0,0.3952544606018067,380.5,0.040349998474121095,0.0
TSLA,put,355.0,0.3726027397260274,2027-02-19,23.625,23.45,23.8,25.0,40.0,0.39160764648437496,380.5,0.040349998474121095,0.0
TSLA,put,370.0,0.3726027397260274,2027-02-19,30.15,29.95,30.35,31.5,112.0,0.3865722964477538,380.5,0.040349998474121095,0.0
TSLA,put,480.0,0.3726027397260274,2027-02-19,106.0,104.4,107.6,123.07,18.0,0.37756970092773434,380.5,0.040349998474121095,0.0
TSLA,put,510.0,0.3726027397260274,2027-02-19,132.375,130.7,134.05,140.5,10.0,0.36975727905273437,380.5,0.040349998474121095,0.0
TSLA,put,520.0,0.3726027397260274,2027-02-19,141.55,139.9,143.2,150.3,12.0,0.3670412417602539,380.5,0.040349998474121095,0.0
TSLA,call,50.0,0.44931506849315067,2027-03-19,332.9,329.0,336.8,323.3,20.0,1.7387708374023436,380.5,0.040349998474121095,0.0
TSLA,call,75.0,0.44931506849315067,2027-03-19,308.075,304.45,311.7,305.39,30.0,1.4035674353027345,380.5,0.040349998474121095,0.0
TSLA,call,120.0,0.44931506849315067,2027-03-19,233.425,231.1,235.75,267.65,10.0,1.0000000000000003e-05,380.5,0.040349998474121095,0.0
TSLA,call,125.0,0.44931506849315067,2027-03-19,290.6,286.65,294.55,294.35,15.0,2.1710861152648926,380.5,0.040349998474121095,0.0
TSLA,call,135.0,0.44931506849315067,2027-03-19,249.9,246.75,253.05,244.5,30.0,1.0261279162597656,380.5,0.040349998474121095,0.0
TSLA,call,155.0,0.44931506849315067,2027-03-19,230.52499999999998,227.35,233.7,204.45,20.0,0.9314582049560547,380.5,0.040349998474121095,0.0
TSLA,call,190.0,0.44931506849315067,2027-03-19,196.3,193.8,198.8,196.82,10.0,0.7736228692626954,380.5,0.040349998474121095,0.0
TSLA,call,220.0,0.44931506849315067,2027-03-19,168.375,166.15,170.6,165.5,12.0,0.6940948559570312,380.5,0.040349998474121095,0.0
TSLA,call,240.0,0.44931506849315067,2027-03-19,149.425,147.25,151.6,141.5,32.0,0.6306799627685546,380.5,0.040349998474121095,0.0
TSLA,call,250.0,0.44931506849315067,2027-03-19,140.825,138.75,142.9,139.95,13.0,0.6175575354003908,380.5,0.040349998474121095,0.0
TSLA,call,300.0,0.44931506849315067,2027-03-19,98.625,98.0,99.25,98.0,53.0,0.5310258079528809,380.5,0.040349998474121095,0.0
TSLA,call,340.0,0.44931506849315067,2027-03-19,69.875,68.85,70.9,70.29,16.0,0.49883008499145504,380.5,0.040349998474121095,0.0
TSLA,call,350.0,0.44931506849315067,2027-03-19,64.2,63.35,65.05,63.28,14.0,0.49504594314575195,380.5,0.040349998474121095,0.0
TSLA,call,355.0,0.44931506849315067,2027-03-19,61.225,60.45,62.0,61.07,32.0,0.49059042129516606,380.5,0.040349998474121095,0.0
TSLA,call,365.0,0.44931506849315067,2027-03-19,55.0,53.9,56.1,55.2,14.0,0.4815267912292481,380.5,0.040349998474121095,0.0
TSLA,call,380.0,0.44931506849315067,2027-03-19,48.025,47.55,48.5,47.8,25.0,0.47485876708984376,380.5,0.040349998474121095,0.0
TSLA,call,385.0,0.44931506849315067,2027-03-19,45.5,44.7,46.3,45.15,12.0,0.47437049072265625,380.5,0.040349998474121095,0.0
TSLA,call,395.0,0.44931506849315067,2027-03-19,41.125,40.65,41.6,40.6,10.0,0.4681602256774902,380.5,0.040349998474121095,0.0
TSLA,call,400.0,0.44931506849315067,2027-03-19,39.275,39.0,39.55,39.41,39.0,0.4668632415771484,380.5,0.040349998474121095,0.0
TSLA,call,405.0,0.44931506849315067,2027-03-19,37.125,36.7,37.55,36.75,374.0,0.46533737792968755,380.5,0.040349998474121095,0.0
TSLA,call,410.0,0.44931506849315067,2027-03-19,35.275,35.0,35.55,35.97,36.0,0.4630485824584961,380.5,0.040349998474121095,0.0
TSLA,call,415.0,0.44931506849315067,2027-03-19,33.825,33.35,34.3,33.1,14.0,0.46745832839965823,380.5,0.040349998474121095,0.0
TSLA,call,435.0,0.44931506849315067,2027-03-19,27.174999999999997,26.9,27.45,27.7,30.0,0.45998159652709963,380.5,0.040349998474121095,0.0
TSLA,call,440.0,0.44931506849315067,2027-03-19,26.1,25.75,26.45,25.43,82.0,0.46370470382690426,380.5,0.040349998474121095,0.0
TSLA,call,445.0,0.44931506849315067,2027-03-19,24.5,24.25,24.75,24.13,32.0,0.4596001306152344,380.5,0.040349998474121095,0.0
TSLA,call,450.0,0.44931506849315067,2027-03-19,23.45,23.2,23.7,23.33,159.0,0.46162952926635753,380.5,0.040349998474121095,0.0
TSLA,call,455.0,0.44931506849315067,2027-03-19,22.05,21.8,22.3,22.1,14.0,0.45938650970458983,380.5,0.040349998474121095,0.0
TSLA,call,470.0,0.44931506849315067,2027-03-19,18.85,18.6,19.1,19.1,84.0,0.4598442687988281,380.5,0.040349998474121095,0.0
TSLA,call,485.0,0.44931506849315067,2027-03-19,16.15,15.85,16.45,16.26,11.0,0.4617363397216797,380.5,0.040349998474121095,0.0
TSLA,call,490.0,0.44931506849315067,2027-03-19,15.275,15.05,15.5,15.45,12.0,0.4605309074401856,380.5,0.040349998474121095,0.0
TSLA,call,510.0,0.44931506849315067,2027-03-19,12.35,12.1,12.6,12.68,145.0,0.46191944335937507,380.5,0.040349998474121095,0.0
TSLA,call,520.0,0.44931506849315067,2027-03-19,11.125,10.9,11.35,11.08,35.0,0.46252978881835943,380.5,0.040349998474121095,0.0
TSLA,call,530.0,0.44931506849315067,2027-03-19,10.05,9.85,10.25,10.15,186.0,0.46356737609863286,380.5,0.040349998474121095,0.0
TSLA,call,550.0,0.44931506849315067,2027-03-19,8.175,8.0,8.35,8.35,126.0,0.46545944702148445,380.5,0.040349998474121095,0.0
TSLA,call,570.0,0.44931506849315067,2027-03-19,6.675,6.5,6.85,6.56,48.0,0.4681449670410156,380.5,0.040349998474121095,0.0
TSLA,call,580.0,0.44931506849315067,2027-03-19,6.050000000000001,5.9,6.2,6.17,51.0,0.469304623413086,380.5,0.040349998474121095,0.0
TSLA,call,620.0,0.44931506849315067,2027-03-19,4.225,3.8,4.65,4.3,78.0,0.4854787780761719,380.5,0.040349998474121095,0.0
TSLA,call,650.0,0.44931506849315067,2027-03-19,3.255,2.86,3.65,3.25,14.0,0.492741889038086,380.5,0.040349998474121095,0.0
TSLA,call,660.0,0.44931506849315067,2027-03-19,3.005,2.61,3.4,2.89,10.0,0.4959156854248047,380.5,0.040349998474121095,0.0
TSLA,call,670.0,0.44931506849315067,2027-03-19,2.76,2.37,3.15,2.48,66.0,0.49835706726074225,380.5,0.040349998474121095,0.0
TSLA,call,680.0,0.44931506849315067,2027-03-19,2.54,2.16,2.92,2.35,57.0,0.5007374145507812,380.5,0.040349998474121095,0.0
TSLA,call,700.0,0.44931506849315067,2027-03-19,2.1799999999999997,1.85,2.51,2.05,100.0,0.5051929364013672,380.5,0.040349998474121095,0.0
TSLA,call,740.0,0.44931506849315067,2027-03-19,1.6400000000000001,1.37,1.91,1.56,73.0,0.5026294854736328,380.5,0.040349998474121095,0.0
TSLA,call,770.0,0.44931506849315067,2027-03-19,1.35,0.99,1.71,1.13,14.0,0.5105029418945313,380.5,0.040349998474121095,0.0
TSLA,call,800.0,0.44931506849315067,2027-03-19,1.13,0.82,1.44,1.1,11.0,0.518681571044922,380.5,0.040349998474121095,0.0
TSLA,call,850.0,0.44931506849315067,2027-03-19,0.985,0.78,1.19,0.85,10.0,0.5419967675781252,380.5,0.040349998474121095,0.0
TSLA,put,100.0,0.44931506849315067,2027-03-19,0.14,0.03,0.25,0.22,175.0,0.762697685546875,380.5,0.040349998474121095,0.0
TSLA,put,105.0,0.44931506849315067,2027-03-19,0.21000000000000002,0.19,0.23,0.21,236.0,0.7700218310546876,380.5,0.040349998474121095,0.0
TSLA,put,125.0,0.44931506849315067,2027-03-19,0.3,0.23,0.37,0.31,24.0,0.6992217578125001,380.5,0.040349998474121095,0.0
TSLA,put,140.0,0.44931506849315067,2027-03-19,0.37,0.24,0.5,0.43,16.0,0.6489292919921875,380.5,0.040349998474121095,0.0
TSLA,put,150.0,0.44931506849315067,2027-03-19,0.47,0.36,0.58,0.51,12.0,0.6264685791015626,380.5,0.040349998474121095,0.0
TSLA,put,160.0,0.44931506849315067,2027-03-19,0.725,0.6,0.85,0.64,162.0,0.624027197265625,380.5,0.040349998474121095,0.0
TSLA,put,165.0,0.44931506849315067,2027-03-19,0.705,0.44,0.97,0.68,26.0,0.6010782080078126,380.5,0.040349998474121095,0.0
TSLA,put,170.0,0.44931506849315067,2027-03-19,0.765,0.49,1.04,0.76,12.0,0.5888712988281251,380.5,0.040349998474121095,0.0
TSLA,put,175.0,0.44931506849315067,2027-03-19,0.8350000000000001,0.56,1.11,0.82,22.0,0.5773968041992188,380.5,0.040349998474121095,0.0
TSLA,put,180.0,0.44931506849315067,2027-03-19,0.915,0.63,1.2,0.87,26.0,0.5665326550292968,380.5,0.040349998474121095,0.0
TSLA,put,190.0,0.44931506849315067,2027-03-19,1.1,0.85,1.35,1.06,17.0,0.546025047607422,380.5,0.040349998474121095,0.0
TSLA,put,200.0,0.44931506849315067,2027-03-19,1.3050000000000002,1.02,1.59,1.36,164.0,0.5255174401855469,380.5,0.040349998474121095,0.0
TSLA,put,210.0,0.44931506849315067,2027-03-19,1.495,1.26,1.73,1.7,25.0,0.5026905200195313,380.5,0.040349998474121095,0.0
TSLA,put,250.0,0.44931506849315067,2027-03-19,3.625,3.5,3.75,3.7,13.0,0.4585015087890626,380.5,0.040349998474121095,0.0
TSLA,put,270.0,0.44931506849315067,2027-03-19,5.525,5.35,5.7,6.05,49.0,0.43933666137695315,380.5,0.040349998474121095,0.0
TSLA,put,280.0,0.44931506849315067,2027-03-19,6.85,6.7,7.0,6.95,13.0,0.431219066772461,380.5,0.040349998474121095,0.0
TSLA,put,300.0,0.44931506849315067,2027-03-19,10.3,10.15,10.45,10.3,43.0,0.41797457031249996,380.5,0.040349998474121095,0.0
TSLA,put,320.0,0.44931506849315067,2027-03-19,15.075,14.85,15.3,15.4,10.0,0.408636284790039,380.5,0.040349998474121095,0.0
TSLA,put,325.0,0.44931506849315067,2027-03-19,16.4,16.3,16.5,16.5,17.0,0.4035093829345704,380.5,0.040349998474121095,0.0
TSLA,put,340.0,0.44931506849315067,2027-03-19,21.175,21.0,21.35,21.4,24.0,0.39743644561767577,380.5,0.040349998474121095,0.0
TSLA,put,345.0,0.44931506849315067,2027-03-19,22.950000000000003,22.8,23.1,23.0,31.0,0.39481196014404296,380.5,0.040349998474121095,0.0
TSLA,put,350.0,0.44931506849315067,2027-03-19,24.825,24.65,25.0,24.83,217.0,0.39281307876586913,380.5,0.040349998474121095,0.0
TSLA,put,360.0,0.44931506849315067,2027-03-19,28.975,28.8,29.15,29.0,41.0,0.38941040283203127,380.5,0.040349998474121095,0.0
TSLA,put,375.0,0.44931506849315067,2027-03-19,36.025,35.75,36.3,37.5,91.0,0.3860687614440917,380.5,0.040349998474121095,0.0
TSLA,put,380.0,0.44931506849315067,2027-03-19,38.55,38.25,38.85,38.5,13.0,0.3846191909790039,380.5,0.040349998474121095,0.0
TSLA,put,425.0,0.44931506849315067,2027-03-19,66.0,65.1,66.9,67.13,80.0,0.3798737550354004,380.5,0.040349998474121095,0.0
TSLA,put,510.0,0.44931506849315067,2027-03-19,134.05,132.5,135.6,161.0,14.0,0.3654848608398438,380.5,0.040349998474121095,0.0
TSLA,put,590.0,0.44931506849315067,2027-03-19,241.15,239.55,242.75,191.75,10.0,0.8283250810241698,380.5,0.040349998474121095,0.0
TSLA,put,660.0,0.44931506849315067,2027-03-19,310.29999999999995,308.9,311.7,336.0,160.0,0.9208076766967773,380.5,0.040349998474121095,0.0
TSLA,put,670.0,0.44931506849315067,2027-03-19,320.275,318.8,321.75,345.4,194.0,0.933747000427246,380.5,0.040349998474121095,0.0
TSLA,put,680.0,0.44931506849315067,2027-03-19,330.2,328.75,331.65,360.38,189.0,0.9457860646057128,380.5,0.040349998474121095,0.0
TSLA,put,690.0,0.44931506849315067,2027-03-19,340.9,337.4,344.4,372.65,106.0,0.9666141033935547,380.5,0.040349998474121095,0.0
TSLA,put,720.0,0.44931506849315067,2027-03-19,370.85,367.4,374.3,349.97,13.0,1.0024463940429689,380.5,0.040349998474121095,0.0
TSLA,put,730.0,0.44931506849315067,2027-03-19,381.05,379.55,382.55,359.61,15.0,1.0164538923645021,380.5,0.040349998474121095,0.0
TSLA,put,740.0,0.44931506849315067,2027-03-19,341.45,339.45,343.45,345.2,64.0,1.0000000000000003e-05,380.5,0.040349998474121095,0.0
TSLA,put,750.0,0.44931506849315067,2027-03-19,401.07500000000005,399.6,402.55,351.89,10.0,1.0394029963684086,380.5,0.040349998474121095,0.0
TSLA,put,790.0,0.44931506849315067,2027-03-19,390.1,388.1,392.1,391.56,15.0,1.0000000000000003e-05,380.5,0.040349998474121095,0.0
TSLA,put,800.0,0.44931506849315067,2027-03-19,450.2,448.75,451.65,411.69,25.0,1.0818069591522215,380.5,0.040349998474121095,0.0
TSLA,put,900.0,0.44931506849315067,2027-03-19,550.2,548.75,551.65,473.0,15.0,1.1748393309020995,380.5,0.040349998474121095,0.0
TSLA,call,265.0,0.5260273972602739,2027-04-16,129.675,127.5,131.85,120.75,24.0,0.5770000796508788,380.5,0.040349998474121095,0.0
TSLA,call,310.0,0.5260273972602739,2027-04-16,94.07499999999999,92.3,95.85,88.08,19.0,0.5166979483032227,380.5,0.040349998474121095,0.0
TSLA,call,380.0,0.5260273972602739,2027-04-16,52.6,51.95,53.25,52.5,12.0,0.4827322235107422,380.5,0.040349998474121095,0.0
TSLA,call,395.0,0.5260273972602739,2027-04-16,45.75,45.25,46.25,45.99,14.0,0.475041870727539,380.5,0.040349998474121095,0.0
TSLA,call,405.0,0.5260273972602739,2027-04-16,41.6,40.75,42.45,42.72,52.0,0.4746451461791992,380.5,0.040349998474121095,0.0
TSLA,call,435.0,0.5260273972602739,2027-04-16,31.45,30.4,32.5,31.88,21.0,0.47246316116333004,380.5,0.040349998474121095,0.0
TSLA,call,440.0,0.5260273972602739,2027-04-16,30.25,29.25,31.25,30.72,10.0,0.4739432489013672,380.5,0.040349998474121095,0.0
TSLA,call,455.0,0.5260273972602739,2027-04-16,26.275,25.6,26.95,26.48,49.0,0.4701438484191895,380.5,0.040349998474121095,0.0
TSLA,call,460.0,0.5260273972602739,2027-04-16,25.0,24.65,25.35,25.35,123.0,0.46619186157226566,380.5,0.040349998474121095,0.0
TSLA,call,465.0,0.5260273972602739,2027-04-16,24.025,23.55,24.5,24.2,24.0,0.4690757438659668,380.5,0.040349998474121095,0.0
TSLA,call,470.0,0.5260273972602739,2027-04-16,22.9,22.5,23.3,23.15,15.0,0.4680534152221679,380.5,0.040349998474121095,0.0
TSLA,call,495.0,0.5260273972602739,2027-04-16,18.175,17.3,19.05,14.55,22.0,0.4742941975402832,380.5,0.040349998474121095,0.0
TSLA,call,500.0,0.5260273972602739,2027-04-16,17.25,16.9,17.6,17.25,15.0,0.46774824249267577,380.5,0.040349998474121095,0.0
TSLA,call,510.0,0.5260273972602739,2027-04-16,15.625,15.3,15.95,15.9,15.0,0.4669700520324707,380.5,0.040349998474121095,0.0
TSLA,call,540.0,0.5260273972602739,2027-04-16,11.875,11.55,12.2,11.65,29.0,0.4698234170532227,380.5,0.040349998474121095,0.0
TSLA,call,545.0,0.5260273972602739,2027-04-16,11.45,10.55,12.35,11.05,62.0,0.4792837716674804,380.5,0.040349998474121095,0.0
TSLA,call,550.0,0.5260273972602739,2027-04-16,10.925,10.05,11.8,11.05,15.0,0.4794058407592773,380.5,0.040349998474121095,0.0
TSLA,call,555.0,0.5260273972602739,2027-04-16,10.45,9.55,11.35,10.5,40.0,0.48053497985839844,380.5,0.040349998474121095,0.0
TSLA,call,560.0,0.5260273972602739,2027-04-16,9.975,9.1,10.85,10.05,21.0,0.48071808349609374,380.5,0.040349998474121095,0.0
TSLA,call,600.0,0.5260273972602739,2027-04-16,6.9,6.7,7.1,6.9,17.0,0.4740653179931641,380.5,0.040349998474121095,0.0
TSLA,call,685.0,0.5260273972602739,2027-04-16,3.58,2.86,4.3,3.21,21.0,0.5050708673095703,380.5,0.040349998474121095,0.0
TSLA,call,690.0,0.5260273972602739,2027-04-16,3.4400000000000004,2.73,4.15,3.1,20.0,0.5059253509521484,380.5,0.040349998474121095,0.0
TSLA,call,725.0,0.5260273972602739,2027-04-16,2.7,2.0,3.4,2.67,411.0,0.5158739819335938,380.5,0.040349998474121095,0.0
TSLA,put,175.0,0.5260273972602739,2027-04-16,1.085,0.92,1.25,1.1,382.0,0.5570112658691408,380.5,0.040349998474121095,0.0
TSLA,put,180.0,0.5260273972602739,2027-04-16,1.195,1.03,1.36,1.18,382.0,0.5476119458007813,380.5,0.040349998474121095,0.0
TSLA,put,200.0,0.5260273972602739,2027-04-16,1.755,1.23,2.28,1.83,211.0,0.5133105310058592,380.5,0.040349998474121095,0.0
TSLA,put,220.0,0.5260273972602739,2027-04-16,2.645,1.99,3.3,2.9,20.0,0.511174321899414,380.5,0.040349998474121095,0.0
TSLA,put,230.0,0.5260273972602739,2027-04-16,3.235,2.57,3.9,3.2,16.0,0.49597671997070314,380.5,0.040349998474121095,0.0
TSLA,put,250.0,0.5260273972602739,2027-04-16,4.825,4.15,5.5,5.2,30.0,0.46973186523437505,380.5,0.040349998474121095,0.0
TSLA,put,270.0,0.5260273972602739,2027-04-16,7.2,6.45,7.95,7.8,13.0,0.45117736328125,380.5,0.040349998474121095,0.0
TSLA,put,280.0,0.5260273972602739,2027-04-16,8.5,8.15,8.85,9.0,20.0,0.43182941223144533,380.5,0.040349998474121095,0.0
TSLA,put,300.0,0.5260273972602739,2027-04-16,12.675,12.15,13.2,13.3,49.0,0.4257259576416016,380.5,0.040349998474121095,0.0
TSLA,put,305.0,0.5260273972602739,2027-04-16,13.925,13.2,14.65,14.5,66.0,0.42647363082885753,380.5,0.040349998474121095,0.0
TSLA,put,370.0,0.5260273972602739,2027-04-16,36.849999999999994,36.4,37.3,37.8,12.0,0.39049376602172853,380.5,0.040349998474121095,0.0
TSLA,put,380.0,0.5260273972602739,2027-04-16,41.7,41.3,42.1,43.14,12.0,0.3853821228027343,380.5,0.040349998474121095,0.0
TSLA,put,410.0,0.5260273972602739,2027-04-16,59.5,58.45,60.55,60.85,23.0,0.38757936645507807,380.5,0.040349998474121095,0.0
TSLA,call,90.0,0.6958904109589041,2027-06-17,295.3,291.85,298.75,285.0,11.0,1.145634154663086,380.5,0.040349998474121095,0.0
TSLA,call,100.0,0.6958904109589041,2027-06-17,285.67499999999995,282.4,288.95,275.0,11.0,1.0841110247802734,380.5,0.040349998474121095,0.0
TSLA,call,110.0,0.6958904109589041,2027-06-17,276.125,272.85,279.4,242.71,12.0,1.031437948303223,380.5,0.040349998474121095,0.0
TSLA,call,145.0,0.6958904109589041,2027-06-17,288.20000000000005,284.6,291.8,217.15,13.0,1.9007878495788573,380.5,0.040349998474121095,0.0
TSLA,call,175.0,0.6958904109589041,2027-06-17,214.3,211.4,217.2,186.28,76.0,0.7661156201171876,380.5,0.040349998474121095,0.0
TSLA,call,250.0,0.6958904109589041,2027-06-17,147.7,145.7,149.7,147.55,154.0,0.6007425180053713,380.5,0.040349998474121095,0.0
TSLA,call,255.0,0.6958904109589041,2027-06-17,143.72500000000002,141.9,145.55,119.81,10.0,0.5952188916015625,380.5,0.040349998474121095,0.0
TSLA,call,300.0,0.6958904109589041,2027-06-17,109.1,108.35,109.85,109.2,29.0,0.5397842652893068,380.5,0.040349998474121095,0.0
TSLA,call,330.0,0.6958904109589041,2027-06-17,89.2,87.65,90.75,88.31,10.0,0.5161028614807128,380.5,0.040349998474121095,0.0
TSLA,call,370.0,0.6958904109589041,2027-06-17,67.275,66.8,67.75,67.03,34.0,0.5015918981933594,380.5,0.040349998474121095,0.0
TSLA,call,380.0,0.6958904109589041,2027-06-17,62.525000000000006,62.1,62.95,62.4,13.0,0.49762465270996104,380.5,0.040349998474121095,0.0
TSLA,call,400.0,0.6958904109589041,2027-06-17,54.0,53.65,54.35,53.4,133.0,0.4921010263061524,380.5,0.040349998474121095,0.0
TSLA,call,480.0,0.6958904109589041,2027-06-17,29.25,29.0,29.5,29.4,30.0,0.4788565298461914,380.5,0.040349998474121095,0.0
TSLA,call,500.0,0.6958904109589041,2027-06-17,25.425,25.05,25.8,25.3,309.0,0.4820303262329102,380.5,0.040349998474121095,0.0
TSLA,call,510.0,0.6958904109589041,2027-06-17,23.575,23.25,23.9,24.35,15.0,0.4814199807739258,380.5,0.040349998474121095,0.0
TSLA,call,530.0,0.6958904109589041,2027-06-17,20.275,19.95,20.6,20.6,29.0,0.4813131703186035,380.5,0.040349998474121095,0.0
TSLA,call,540.0,0.6958904109589041,2027-06-17,18.775,18.55,19.0,19.35,59.0,0.48007722076416015,380.5,0.040349998474121095,0.0
TSLA,call,580.0,0.6958904109589041,2027-06-17,14.274999999999999,13.85,14.7,14.14,28.0,0.48694360717773444,380.5,0.040349998474121095,0.0
TSLA,call,590.0,0.6958904109589041,2027-06-17,13.25,12.75,13.75,12.65,64.0,0.4879811944580079,380.5,0.040349998474121095,0.0
TSLA,call,600.0,0.6958904109589041,2027-06-17,12.2,12.05,12.35,12.2,16.0,0.48279325805664064,380.5,0.040349998474121095,0.0
TSLA,call,650.0,0.6958904109589041,2027-06-17,8.675,8.5,8.85,8.6,357.0,0.4877065390014649,380.5,0.040349998474121095,0.0
TSLA,call,660.0,0.6958904109589041,2027-06-17,8.100000000000001,7.9,8.3,7.25,75.0,0.4888051608276368,380.5,0.040349998474121095,0.0
TSLA,call,670.0,0.6958904109589041,2027-06-17,7.7,7.25,8.15,7.4,43.0,0.4955494781494141,380.5,0.040349998474121095,0.0
TSLA,call,690.0,0.6958904109589041,2027-06-17,6.675,6.5,6.85,6.75,11.0,0.4917958535766602,380.5,0.040349998474121095,0.0
TSLA,call,700.0,0.6958904109589041,2027-06-17,6.25,6.1,6.4,6.3,122.0,0.4922536126708985,380.5,0.040349998474121095,0.0
TSLA,call,710.0,0.6958904109589041,2027-06-17,6.0,5.55,6.45,5.89,16.0,0.5011951736450196,380.5,0.040349998474121095,0.0
TSLA,call,720.0,0.6958904109589041,2027-06-17,5.65,5.2,6.1,4.94,40.0,0.5027210372924805,380.5,0.040349998474121095,0.0
TSLA,call,750.0,0.6958904109589041,2027-06-17,4.725,4.35,5.1,4.65,74.0,0.5056201782226561,380.5,0.040349998474121095,0.0
TSLA,call,770.0,0.6958904109589041,2027-06-17,4.1,3.9,4.3,4.25,10.0,0.502080174560547,380.5,0.040349998474121095,0.0
TSLA,call,790.0,0.6958904109589041,2027-06-17,3.8,3.35,4.25,3.45,22.0,0.503361900024414,380.5,0.040349998474121095,0.0
TSLA,call,800.0,0.6958904109589041,2027-06-17,3.575,3.5,3.65,3.6,16.0,0.5039722454833984,380.5,0.040349998474121095,0.0
TSLA,call,810.0,0.6958904109589041,2027-06-17,3.425,3.0,3.85,3.1,22.0,0.5062915582275391,380.5,0.040349998474121095,0.0
TSLA,call,860.0,0.6958904109589041,2027-06-17,2.69,2.28,3.1,2.2,16.0,0.5141039801025391,380.5,0.040349998474121095,0.0
TSLA,call,870.0,0.6958904109589041,2027-06-17,2.615,2.28,2.95,2.09,10.0,0.5172167419433593,380.5,0.040349998474121095,0.0
TSLA,call,890.0,0.6958904109589041,2027-06-17,2.34,1.96,2.72,1.85,45.0,0.5185595019531251,380.5,0.040349998474121095,0.0
TSLA,call,910.0,0.6958904109589041,2027-06-17,1.995,1.77,2.22,1.82,40.0,0.5158129473876953,380.5,0.040349998474121095,0.0
TSLA,call,950.0,0.6958904109589041,2027-06-17,1.685,1.47,1.9,1.68,11.0,0.5221605401611327,380.5,0.040349998474121095,0.0
TSLA,call,960.0,0.6958904109589041,2027-06-17,1.7349999999999999,1.64,1.83,1.76,11.0,0.5291795129394532,380.5,0.040349998474121095,0.0
TSLA,call,990.0,0.6958904109589041,2027-06-17,1.5350000000000001,1.49,1.58,1.54,42.0,0.5334519311523438,380.5,0.040349998474121095,0.0
TSLA,put,110.0,0.6958904109589041,2027-06-17,0.5700000000000001,0.37,0.77,0.57,36.0,0.6789582885742189,380.5,0.040349998474121095,0.0
TSLA,put,120.0,0.6958904109589041,2027-06-17,0.6950000000000001,0.46,0.93,0.67,36.0,0.6518589501953126,380.5,0.040349998474121095,0.0
TSLA,put,125.0,0.6958904109589041,2027-06-17,0.765,0.52,1.01,0.74,62.0,0.6391637646484375,380.5,0.040349998474121095,0.0
TSLA,put,130.0,0.6958904109589041,2027-06-17,0.835,0.58,1.09,0.86,33.0,0.6262244409179689,380.5,0.040349998474121095,0.0
TSLA,put,135.0,0.6958904109589041,2027-06-17,0.9099999999999999,0.65,1.17,0.94,23.0,0.6137733935546876,380.5,0.040349998474121095,0.0
TSLA,put,150.0,0.6958904109589041,2027-06-17,1.195,0.91,1.48,1.26,13.0,0.5808147387695313,380.5,0.040349998474121095,0.0
TSLA,put,155.0,0.6958904109589041,2027-06-17,1.315,1.02,1.61,1.35,22.0,0.5711712805175782,380.5,0.040349998474121095,0.0
TSLA,put,160.0,0.6958904109589041,2027-06-17,1.58,1.42,1.74,1.5,26.0,0.5709271423339843,380.5,0.040349998474121095,0.0
TSLA,put,165.0,0.6958904109589041,2027-06-17,1.585,1.28,1.89,1.59,30.0,0.5528609167480469,380.5,0.040349998474121095,0.0
TSLA,put,175.0,0.6958904109589041,2027-06-17,1.81,1.6,2.02,1.9,14.0,0.5306443420410156,380.5,0.040349998474121095,0.0
TSLA,put,185.0,0.6958904109589041,2027-06-17,2.305,1.97,2.64,2.35,10.0,0.520939849243164,380.5,0.040349998474121095,0.0
TSLA,put,190.0,0.6958904109589041,2027-06-17,2.425,2.2,2.65,2.66,932.0,0.5092822509765625,380.5,0.040349998474121095,0.0
TSLA,put,200.0,0.6958904109589041,2027-06-17,3.075,2.95,3.2,3.07,18.0,0.5014087945556642,380.5,0.040349998474121095,0.0
TSLA,put,205.0,0.6958904109589041,2027-06-17,3.425,3.1,3.75,3.4,31.0,0.5074512145996093,380.5,0.040349998474121095,0.0
TSLA,put,230.0,0.6958904109589041,2027-06-17,5.2,5.0,5.4,5.2,19.0,0.4694572097778321,380.5,0.040349998474121095,0.0
TSLA,put,235.0,0.6958904109589041,2027-06-17,5.824999999999999,5.6,6.05,6.55,216.0,0.46783979431152345,380.5,0.040349998474121095,0.0
TSLA,put,240.0,0.6958904109589041,2027-06-17,6.449999999999999,6.1,6.8,6.6,219.0,0.46722944885253903,380.5,0.040349998474121095,0.0
TSLA,put,245.0,0.6958904109589041,2027-06-17,7.025,6.65,7.4,7.6,12.0,0.46259082336425783,380.5,0.040349998474121095,0.0
TSLA,put,250.0,0.6958904109589041,2027-06-17,7.525,7.45,7.6,7.52,72.0,0.44995667236328124,380.5,0.040349998474121095,0.0
TSLA,put,255.0,0.6958904109589041,2027-06-17,8.350000000000001,8.15,8.55,8.65,34.0,0.4505670178222656,380.5,0.040349998474121095,0.0
TSLA,put,260.0,0.6958904109589041,2027-06-17,8.9,8.75,9.05,9.0,51.0,0.4425714923095704,380.5,0.040349998474121095,0.0
TSLA,put,280.0,0.6958904109589041,2027-06-17,12.5,12.25,12.75,12.85,12.0,0.43088337677001964,380.5,0.040349998474121095,0.0
TSLA,put,290.0,0.6958904109589041,2027-06-17,14.8,14.6,15.0,15.24,27.0,0.42578699218750005,380.5,0.040349998474121095,0.0
TSLA,put,300.0,0.6958904109589041,2027-06-17,17.225,17.0,17.45,17.4,10.0,0.42011077941894537,380.5,0.040349998474121095,0.0
TSLA,put,310.0,0.6958904109589041,2027-06-17,20.1,19.85,20.35,20.5,22.0,0.4164639653015136,380.5,0.040349998474121095,0.0
TSLA,put,330.0,0.6958904109589041,2027-06-17,26.775,26.5,27.05,26.65,270.0,0.40938395797729493,380.5,0.040349998474121095,0.0
TSLA,put,340.0,0.6958904109589041,2027-06-17,30.424999999999997,30.2,30.65,30.45,51.0,0.404028176574707,380.5,0.040349998474121095,0.0
TSLA,put,350.0,0.6958904109589041,2027-06-17,34.525,34.3,34.75,34.5,841.0,0.4004576556396484,380.5,0.040349998474121095,0.0
TSLA,put,360.0,0.6958904109589041,2027-06-17,38.900000000000006,38.6,39.2,38.9,11.0,0.39723808334350585,380.5,0.040349998474121095,0.0
TSLA,put,390.0,0.6958904109589041,2027-06-17,54.075,53.8,54.35,55.46,59.0,0.38707583145141594,380.5,0.040349998474121095,0.0
TSLA,put,410.0,0.6958904109589041,2027-06-17,65.6,65.15,66.05,67.21,29.0,0.3809876354980468,380.5,0.040349998474121095,0.0
TSLA,put,580.0,0.6958904109589041,2027-06-17,202.05,200.05,204.05,222.15,11.0,0.3516300189208984,380.5,0.040349998474121095,0.0
TSLA,put,610.0,0.6958904109589041,2027-06-17,230.97500000000002,228.65,233.3,257.4,15.0,0.3665834826660156,380.5,0.040349998474121095,0.0
TSLA,put,620.0,0.6958904109589041,2027-06-17,240.325,237.6,243.05,267.29,15.0,0.3704896936035156,380.5,0.040349998474121095,0.0
TSLA,put,650.0,0.6958904109589041,2027-06-17,269.625,266.95,272.3,276.37,10.0,0.37879039184570307,380.5,0.040349998474121095,0.0
TSLA,put,660.0,0.6958904109589041,2027-06-17,278.9,275.5,282.3,287.71,15.0,0.3869690209960937,380.5,0.040349998474121095,0.0
TSLA,put,770.0,0.6958904109589041,2027-06-17,420.95000000000005,416.1,425.8,445.5,46.0,0.852937261657715,380.5,0.040349998474121095,0.0
TSLA,put,850.0,0.6958904109589041,2027-06-17,501.0,499.1,502.9,436.28,10.0,0.9176033630371094,380.5,0.040349998474121095,0.0
TSLA,put,950.0,0.6958904109589041,2027-06-17,600.2,598.35,602.05,532.17,12.0,0.9789583403015139,380.5,0.040349998474121095,0.0
TSLA,put,970.0,0.6958904109589041,2027-06-17,563.575,561.8,565.35,520.12,70.0,1.0000000000000003e-05,380.5,0.040349998474121095,0.0
TSLA,put,980.0,0.6958904109589041,2027-06-17,573.425,571.65,575.2,535.22,50.0,1.0000000000000003e-05,380.5,0.040349998474121095,0.0
TSLA,call,120.0,0.947945205479452,2027-09-17,268.8,265.1,272.5,242.22,16.0,0.9150399121093751,380.5,0.040349998474121095,0.0
TSLA,call,125.0,0.947945205479452,2027-09-17,264.35,260.85,267.85,238.71,20.0,0.9014292083740234,380.5,0.040349998474121095,0.0
TSLA,call,180.0,0.947945205479452,2027-09-17,213.375,210.8,215.95,205.7,10.0,0.7171659143066407,380.5,0.040349998474121095,0.0
TSLA,call,370.0,0.947945205479452,2027-09-17,78.9,77.95,79.85,79.0,10.0,0.5085345777893067,380.5,0.040349998474121095,0.0
TSLA,call,380.0,0.947945205479452,2027-09-17,75.275,74.85,75.7,74.8,21.0,0.5121050987243652,380.5,0.040349998474121095,0.0
TSLA,call,400.0,0.947945205479452,2027-09-17,66.75,66.3,67.2,66.4,20.0,0.5061618598175049,380.5,0.040349998474121095,0.0
TSLA,call,420.0,0.947945205479452,2027-09-17,58.875,58.5,59.25,59.76,44.0,0.5021869850158693,380.5,0.040349998474121095,0.0
TSLA,call,470.0,0.947945205479452,2027-09-17,43.375,42.7,44.05,43.2,161.0,0.4963887031555176,380.5,0.040349998474121095,0.0
TSLA,call,510.0,0.947945205479452,2027-09-17,34.425,34.0,34.85,34.15,11.0,0.49432878723144535,380.5,0.040349998474121095,0.0
TSLA,call,520.0,0.947945205479452,2027-09-17,32.275,32.0,32.55,32.6,33.0,0.49158223266601564,380.5,0.040349998474121095,0.0
TSLA,call,530.0,0.947945205479452,2027-09-17,30.275,29.8,30.75,30.75,13.0,0.4916737844848633,380.5,0.040349998474121095,0.0
TSLA,call,540.0,0.947945205479452,2027-09-17,28.674999999999997,28.45,28.9,28.95,15.0,0.49060567993164067,380.5,0.040349998474121095,0.0
TSLA,call,600.0,0.947945205479452,2027-09-17,20.35,20.1,20.6,20.7,14.0,0.4914754222106934,380.5,0.040349998474121095,0.0
TSLA,call,620.0,0.947945205479452,2027-09-17,18.325000000000003,17.85,18.8,18.6,188.0,0.4952137881469727,380.5,0.040349998474121095,0.0
TSLA,call,630.0,0.947945205479452,2027-09-17,17.15,16.5,17.8,17.5,24.0,0.4954274090576172,380.5,0.040349998474121095,0.0
TSLA,call,650.0,0.947945205479452,2027-09-17,15.7,15.2,16.2,15.5,57.0,0.4981587049865723,380.5,0.040349998474121095,0.0
TSLA,call,700.0,0.947945205479452,2027-09-17,12.075,11.6,12.55,11.75,60.0,0.5007984490966797,380.5,0.040349998474121095,0.0
TSLA,call,760.0,0.947945205479452,2027-09-17,8.925,8.75,9.1,8.85,36.0,0.5008594836425782,380.5,0.040349998474121095,0.0
TSLA,call,810.0,0.947945205479452,2027-09-17,7.125,6.65,7.6,5.46,20.0,0.5030262100219728,380.5,0.040349998474121095,0.0
TSLA,call,820.0,0.947945205479452,2027-09-17,6.85,6.4,7.3,6.15,42.0,0.5044300045776368,380.5,0.040349998474121095,0.0
TSLA,put,120.0,0.947945205479452,2027-09-17,1.145,0.88,1.41,1.19,14.0,0.6036416589355471,380.5,0.040349998474121095,0.0
TSLA,put,130.0,0.947945205479452,2027-09-17,1.385,1.1,1.67,1.46,12.0,0.5825237060546875,380.5,0.040349998474121095,0.0
TSLA,put,135.0,0.947945205479452,2027-09-17,1.53,1.24,1.82,1.62,22.0,0.573368524169922,380.5,0.040349998474121095,0.0
TSLA,put,150.0,0.947945205479452,2027-09-17,1.935,1.72,2.15,2.1,14.0,0.5422409057617189,380.5,0.040349998474121095,0.0
TSLA,put,220.0,0.947945205479452,2027-09-17,7.075,6.95,7.2,7.02,37.0,0.4668632415771484,380.5,0.040349998474121095,0.0
TSLA,put,240.0,0.947945205479452,2027-09-17,9.825,9.5,10.15,9.76,19.0,0.45435115966796874,380.5,0.040349998474121095,0.0
TSLA,put,270.0,0.947945205479452,2027-09-17,15.625,15.15,16.1,16.06,560.0,0.43774976318359377,380.5,0.040349998474121095,0.0
TSLA,put,290.0,0.947945205479452,2027-09-17,20.7,20.15,21.25,21.16,24.0,0.4282131153869629,380.5,0.040349998474121095,0.0
TSLA,put,300.0,0.947945205479452,2027-09-17,23.45,23.2,23.7,23.8,13.0,0.41913422668457034,380.5,0.040349998474121095,0.0
TSLA,put,310.0,0.947945205479452,2027-09-17,26.375,26.1,26.65,27.32,1229.0,0.412817151184082,380.5,0.040349998474121095,0.0
TSLA,put,330.0,0.947945205479452,2027-09-17,33.474999999999994,33.05,33.9,35.05,57.0,0.40546248840332033,380.5,0.040349998474121095,0.0
TSLA,put,340.0,0.947945205479452,2027-09-17,37.725,37.45,38.0,38.65,18.0,0.4024260197448731,380.5,0.040349998474121095,0.0
TSLA,put,360.0,0.947945205479452,2027-09-17,46.8,46.45,47.15,47.93,20.0,0.3973601524353027,380.5,0.040349998474121095,0.0
TSLA,put,390.0,0.947945205479452,2027-09-17,62.3,61.95,62.65,63.2,40.0,0.38825074645996094,380.5,0.040349998474121095,0.0
TSLA,put,400.0,0.947945205479452,2027-09-17,67.9,67.55,68.25,68.75,25.0,0.3846649668884277,380.5,0.040349998474121095,0.0
TSLA,put,410.0,0.947945205479452,2027-09-17,73.925,73.6,74.25,74.95,69.0,0.3821015159606933,380.5,0.040349998474121095,0.0
TSLA,put,420.0,0.947945205479452,2027-09-17,80.175,79.8,80.55,80.98,10.0,0.37993478958129884,380.5,0.040349998474121095,0.0
TSLA,put,500.0,0.947945205479452,2027-09-17,137.525,135.9,139.15,139.92,13.0,0.3663698617553711,380.5,0.040349998474121095,0.0
TSLA,call,5.0,1.1972602739726028,2027-12-17,377.55,373.6,381.5,350.49,27.0,2.729495363769531,380.5,0.040349998474121095,0.0
TSLA,call,55.0,1.1972602739726028,2027-12-17,372.725,368.75,376.7,341.28,20.0,3.43750140625,380.5,0.040349998474121095,0.0
TSLA,call,80.0,1.1972602739726028,2027-12-17,307.875,304.35,311.4,285.98,17.0,1.0528001461791994,380.5,0.040349998474121095,0.0
TSLA,call,100.0,1.1972602739726028,2027-12-17,289.54999999999995,285.95,293.15,281.2,11.0,0.9578251287841795,380.5,0.040349998474121095,0.0
TSLA,call,120.0,1.1972602739726028,2027-12-17,239.45,236.5,242.4,266.45,12.0,1.0000000000000003e-05,380.5,0.040349998474121095,0.0
TSLA,call,175.0,1.1972602739726028,2027-12-17,221.60000000000002,218.9,224.3,221.02,100.0,0.7105436660766601,380.5,0.040349998474121095,0.0
TSLA,call,290.0,1.1972602739726028,2027-12-17,134.325,133.05,135.6,132.3,10.0,0.5658002404785156,380.5,0.040349998474121095,0.0
TSLA,call,310.0,1.1972602739726028,2027-12-17,122.025,120.4,123.65,119.54,17.0,0.5531813481140138,380.5,0.040349998474121095,0.0
TSLA,call,380.0,1.1972602739726028,2027-12-17,85.92500000000001,85.4,86.45,86.14,35.0,0.5222215747070311,380.5,0.040349998474121095,0.0
TSLA,call,400.0,1.1972602739726028,2027-12-17,77.625,77.2,78.05,77.15,552.0,0.5168581639862061,380.5,0.040349998474121095,0.0
TSLA,call,410.0,1.1972602739726028,2027-12-17,73.625,72.55,74.7,73.24,35.0,0.5136462210083007,380.5,0.040349998474121095,0.0
TSLA,call,420.0,1.1972602739726028,2027-12-17,69.725,68.95,70.5,69.4,46.0,0.5101291053009035,380.5,0.040349998474121095,0.0
TSLA,call,470.0,1.1972602739726028,2027-12-17,54.45,54.1,54.8,54.6,15.0,0.5050403500366211,380.5,0.040349998474121095,0.0
TSLA,call,490.0,1.1972602739726028,2027-12-17,49.2,48.8,49.6,48.55,22.0,0.5026905200195313,380.5,0.040349998474121095,0.0
TSLA,call,510.0,1.1972602739726028,2027-12-17,44.6,44.25,44.95,45.15,167.0,0.5015156050109864,380.5,0.040349998474121095,0.0
TSLA,call,530.0,1.1972602739726028,2027-12-17,40.45,40.1,40.8,39.3,46.0,0.500531422958374,380.5,0.040349998474121095,0.0
TSLA,call,540.0,1.1972602739726028,2027-12-17,38.5,38.1,38.9,38.17,54.0,0.5024768991088868,380.5,0.040349998474121095,0.0
TSLA,call,580.0,1.1972602739726028,2027-12-17,31.85,31.45,32.25,32.18,36.0,0.5020343986511231,380.5,0.040349998474121095,0.0
TSLA,call,700.0,1.1972602739726028,2027-12-17,18.475,18.2,18.75,17.85,71.0,0.5000660345458985,380.5,0.040349998474121095,0.0
TSLA,call,720.0,1.1972602739726028,2027-12-17,17.0,16.7,17.3,16.3,10.0,0.5009968113708496,380.5,0.040349998474121095,0.0
TSLA,call,740.0,1.1972602739726028,2027-12-17,15.6,15.35,15.85,13.95,18.0,0.501378277282715,380.5,0.040349998474121095,0.0
TSLA,call,750.0,1.1972602739726028,2027-12-17,15.0,14.7,15.3,14.85,33.0,0.5020649159240724,380.5,0.040349998474121095,0.0
TSLA,call,850.0,1.1972602739726028,2027-12-17,10.1,9.85,10.35,10.1,11.0,0.5062915582275391,380.5,0.040349998474121095,0.0
TSLA,call,940.0,1.1972602739726028,2027-12-17,7.35,7.15,7.55,7.3,52.0,0.5118151846313476,380.5,0.040349998474121095,0.0
TSLA,call,950.0,1.1972602739726028,2027-12-17,7.225,6.55,7.9,6.31,40.0,0.5141955319213867,380.5,0.040349998474121095,0.0
TSLA,put,55.0,1.1972602739726028,2027-12-17,0.28,0.1,0.46,0.39,29.0,0.7304714453125,380.5,0.040349998474121095,0.0
TSLA,put,95.0,1.1972602739726028,2027-12-17,1.0,0.74,1.26,1.0,16.0,0.6269568554687501,380.5,0.040349998474121095,0.0
TSLA,put,130.0,1.1972602739726028,2027-12-17,1.96,1.68,2.24,2.3,91.0,0.5516402258300781,380.5,0.040349998474121095,0.0
TSLA,put,150.0,1.1972602739726028,2027-12-17,3.0599999999999996,2.57,3.55,3.08,10.0,0.5286302020263673,380.5,0.040349998474121095,0.0
TSLA,put,160.0,1.1972602739726028,2027-12-17,3.65,3.5,3.8,3.7,10.0,0.5150805328369141,380.5,0.040349998474121095,0.0
TSLA,put,175.0,1.1972602739726028,2027-12-17,4.775,4.25,5.3,4.86,107.0,0.5112658737182617,380.5,0.040349998474121095,0.0
TSLA,put,185.0,1.1972602739726028,2027-12-17,5.675000000000001,5.15,6.2,5.75,36.0,0.4996998272705079,380.5,0.040349998474121095,0.0
TSLA,put,200.0,1.1972602739726028,2027-12-17,7.225,7.05,7.4,7.26,21.0,0.4769034243774414,380.5,0.040349998474121095,0.0
TSLA,put,260.0,1.1972602739726028,2027-12-17,17.675,17.35,18.0,18.28,10.0,0.4378413150024414,380.5,0.040349998474121095,0.0
TSLA,put,280.0,1.1972602739726028,2027-12-17,22.775,22.55,23.0,23.22,13.0,0.42590906127929695,380.5,0.040349998474121095,0.0
TSLA,put,310.0,1.1972602739726028,2027-12-17,32.2,31.95,32.45,32.7,19.0,0.4118558570861816,380.5,0.040349998474121095,0.0
TSLA,put,420.0,1.1972602739726028,2027-12-17,86.825,86.4,87.25,87.94,13.0,0.378561512298584,380.5,0.040349998474121095,0.0
TSLA,put,440.0,1.1972602739726028,2027-12-17,99.6,99.2,100.0,100.8,208.0,0.3719621520233154,380.5,0.040349998474121095,0.0
TSLA,put,600.0,1.1972602739726028,2027-12-17,225.975,224.75,227.2,227.8,28.0,0.32308111007690415,380.5,0.040349998474121095,0.0
TSLA,put,630.0,1.1972602739726028,2027-12-17,254.05,251.65,256.45,278.5,24.0,0.3373631938171387,380.5,0.040349998474121095,0.0
TSLA,put,750.0,1.1972602739726028,2027-12-17,399.875,397.65,402.1,434.2,386.0,0.6297949618530273,380.5,0.040349998474121095,0.0
TSLA,put,760.0,1.1972602739726028,2027-12-17,409.725,407.4,412.05,443.55,33.0,0.6354101400756836,380.5,0.040349998474121095,0.0
TSLA,put,770.0,1.1972602739726028,2027-12-17,419.725,417.5,421.95,445.5,81.0,0.6420171296691897,380.5,0.040349998474121095,0.0
TSLA,put,780.0,1.1972602739726028,2027-12-17,429.75,427.55,431.95,455.55,31.0,0.6486851538085938,380.5,0.040349998474121095,0.0
TSLA,put,790.0,1.1972602739726028,2027-12-17,439.75,437.5,442.0,465.6,32.0,0.6550480052185059,380.5,0.040349998474121095,0.0
TSLA,put,810.0,1.1972602739726028,2027-12-17,460.9,456.0,465.8,493.55,16.0,0.6760286303710938,380.5,0.040349998474121095,0.0
TSLA,put,850.0,1.1972602739726028,2027-12-17,500.275,496.0,504.55,525.69,22.0,0.6949798568725586,380.5,0.040349998474121095,0.0
TSLA,put,980.0,1.1972602739726028,2027-12-17,573.55,570.85,576.25,537.34,29.0,1.0000000000000003e-05,380.5,0.040349998474121095,0.0
TSLA,call,10.0,1.2931506849315069,2028-01-21,372.9,369.0,376.8,357.66,10.0,2.0664110839843746,380.5,0.040349998474121095,0.0
TSLA,call,35.0,1.2931506849315069,2028-01-21,391.15,387.15,395.15,312.5,30.0,0.0,380.5,0.040349998474121095,0.0
TSLA,call,130.0,1.2931506849315069,2028-01-21,263.17499999999995,259.65,266.7,239.54,140.0,0.8328874133300779,380.5,0.040349998474121095,0.0
TSLA,call,150.0,1.2931506849315069,2028-01-21,245.475,243.0,247.95,241.28,10.0,0.7760032165527344,380.5,0.040349998474121095,0.0
TSLA,call,160.0,1.2931506849315069,2028-01-21,236.75,233.7,239.8,227.82,10.0,0.7509790527343749,380.5,0.040349998474121095,0.0
TSLA,call,170.0,1.2931506849315069,2028-01-21,228.1,225.0,231.2,199.02,100.0,0.7276028216552735,380.5,0.040349998474121095,0.0
TSLA,call,330.0,1.2931506849315069,2028-01-21,113.80000000000001,111.9,115.7,114.03,11.0,0.5433090103149415,380.5,0.040349998474121095,0.0
TSLA,call,360.0,1.2931506849315069,2028-01-21,98.6,97.0,100.2,98.47,144.0,0.5308732215881349,380.5,0.040349998474121095,0.0
TSLA,call,420.0,1.2931506849315069,2028-01-21,73.80000000000001,73.2,74.4,73.5,30.0,0.5146151444244385,380.5,0.040349998474121095,0.0
TSLA,call,430.0,1.2931506849315069,2028-01-21,70.425,69.3,71.55,69.69,35.0,0.5133257896423338,380.5,0.040349998474121095,0.0
TSLA,call,440.0,1.2931506849315069,2028-01-21,67.125,66.75,67.5,65.75,11.0,0.5116625982666017,380.5,0.040349998474121095,0.0
TSLA,call,460.0,1.2931506849315069,2028-01-21,61.1,60.5,61.7,59.85,34.0,0.5093661734771728,380.5,0.040349998474121095,0.0
TSLA,call,470.0,1.2931506849315069,2028-01-21,58.075,57.75,58.4,57.04,23.0,0.5070544900512696,380.5,0.040349998474121095,0.0
TSLA,call,490.0,1.2931506849315069,2028-01-21,52.925,52.45,53.4,52.45,58.0,0.5055896609497069,380.5,0.040349998474121095,0.0
TSLA,call,500.0,1.2931506849315069,2028-01-21,50.45,50.0,50.9,50.4,22.0,0.504460521850586,380.5,0.040349998474121095,0.0
TSLA,call,510.0,1.2931506849315069,2028-01-21,48.05,47.7,48.4,47.25,93.0,0.5031482791137696,380.5,0.040349998474121095,0.0
TSLA,call,520.0,1.2931506849315069,2028-01-21,46.0,45.5,46.5,46.06,127.0,0.5033084947967529,380.5,0.040349998474121095,0.0
TSLA,call,530.0,1.2931506849315069,2028-01-21,43.8,43.45,44.15,43.55,38.0,0.5019962520599366,380.5,0.040349998474121095,0.0
TSLA,call,540.0,1.2931506849315069,2028-01-21,41.875,41.6,42.15,41.43,46.0,0.5017902604675293,380.5,0.040349998474121095,0.0
TSLA,call,560.0,1.2931506849315069,2028-01-21,38.275,37.8,38.75,38.0,21.0,0.5013172427368165,380.5,0.040349998474121095,0.0
TSLA,call,650.0,1.2931506849315069,2028-01-21,25.725,25.35,26.1,25.56,15.0,0.502583709564209,380.5,0.040349998474121095,0.0
TSLA,call,680.0,1.2931506849315069,2028-01-21,22.65,22.3,23.0,22.2,140.0,0.5000202586364746,380.5,0.040349998474121095,0.0
TSLA,call,690.0,1.2931506849315069,2028-01-21,21.75,21.4,22.1,19.65,16.0,0.5003254313659669,380.5,0.040349998474121095,0.0
TSLA,call,700.0,1.2931506849315069,2028-01-21,20.9,20.6,21.2,21.05,1061.0,0.5006916386413574,380.5,0.040349998474121095,0.0
TSLA,call,710.0,1.2931506849315069,2028-01-21,20.0,19.65,20.35,18.25,59.0,0.5003712072753908,380.5,0.040349998474121095,0.0
TSLA,call,780.0,1.2931506849315069,2028-01-21,15.175,14.9,15.45,14.37,50.0,0.5023243127441408,380.5,0.040349998474121095,0.0
TSLA,call,790.0,1.2931506849315069,2028-01-21,14.649999999999999,14.35,14.95,14.55,25.0,0.503056727294922,380.5,0.040349998474121095,0.0
TSLA,call,820.0,1.2931506849315069,2028-01-21,13.100000000000001,12.8,13.4,10.0,20.0,0.5042011250305176,380.5,0.040349998474121095,0.0
TSLA,call,850.0,1.2931506849315069,2028-01-21,11.725,11.5,11.95,10.55,13.0,0.5051929364013672,380.5,0.040349998474121095,0.0
TSLA,call,890.0,1.2931506849315069,2028-01-21,10.2,10.0,10.4,10.2,10.0,0.5071460418701172,380.5,0.040349998474121095,0.0
TSLA,call,900.0,1.2931506849315069,2028-01-21,9.85,9.6,10.1,10.0,11.0,0.5075580250549316,380.5,0.040349998474121095,0.0
TSLA,call,910.0,1.2931506849315069,2028-01-21,9.575,9.35,9.8,9.42,16.0,0.5087024227905274,380.5,0.040349998474121095,0.0
TSLA,call,950.0,1.2931506849315069,2028-01-21,8.350000000000001,8.05,8.65,8.4,28.0,0.5102282864379883,380.5,0.040349998474121095,0.0
TSLA,call,960.0,1.2931506849315069,2028-01-21,8.125,7.85,8.4,8.05,40.0,0.5112963909912109,380.5,0.040349998474121095,0.0
TSLA,call,970.0,1.2931506849315069,2028-01-21,7.9,7.7,8.1,6.2,51.0,0.5122424264526367,380.5,0.040349998474121095,0.0
TSLA,call,980.0,1.2931506849315069,2028-01-21,7.7,7.45,7.95,6.9,30.0,0.5134173414611816,380.5,0.040349998474121095,0.0
TSLA,put,50.0,1.2931506849315069,2028-01-21,0.32999999999999996,0.3,0.36,0.32,102.0,0.7534204345703125,380.5,0.040349998474121095,0.0
TSLA,put,100.0,1.2931506849315069,2028-01-21,1.12,0.93,1.31,1.3,10.0,0.5922892333984376,380.5,0.040349998474121095,0.0
TSLA,put,120.0,1.2931506849315069,2028-01-21,1.835,1.68,1.99,1.93,141.0,0.5607954077148438,380.5,0.040349998474121095,0.0
TSLA,put,140.0,1.2931506849315069,2028-01-21,2.74,2.57,2.91,2.91,11.0,0.5305222729492188,380.5,0.040349998474121095,0.0
TSLA,put,150.0,1.2931506849315069,2028-01-21,3.185,2.87,3.5,3.46,12.0,0.5130663928222656,380.5,0.040349998474121095,0.0
TSLA,put,160.0,1.2931506849315069,2028-01-21,4.075,3.5,4.65,4.05,50.0,0.5081225946044923,380.5,0.040349998474121095,0.0
TSLA,put,170.0,1.2931506849315069,2028-01-21,4.625,4.3,4.95,5.55,25.0,0.49933361999511716,380.5,0.040349998474121095,0.0
TSLA,put,180.0,1.2931506849315069,2028-01-21,5.725,5.1,6.35,5.95,23.0,0.49942517181396484,380.5,0.040349998474121095,0.0
TSLA,put,190.0,1.2931506849315069,2028-01-21,6.824999999999999,6.3,7.35,6.95,200.0,0.48801171173095714,380.5,0.040349998474121095,0.0
TSLA,put,200.0,1.2931506849315069,2028-01-21,7.925,7.75,8.1,8.2,10.0,0.47104410797119145,380.5,0.040349998474121095,0.0
TSLA,put,220.0,1.2931506849315069,2028-01-21,10.95,10.3,11.6,11.1,17.0,0.46426927337646484,380.5,0.040349998474121095,0.0
TSLA,put,300.0,1.2931506849315069,2028-01-21,30.549999999999997,30.4,30.7,31.15,49.0,0.4131833584594726,380.5,0.040349998474121095,0.0
TSLA,put,310.0,1.2931506849315069,2028-01-21,34.2,33.8,34.6,34.32,22.0,0.4119626675415039,380.5,0.040349998474121095,0.0
TSLA,put,320.0,1.2931506849315069,2028-01-21,38.025,37.65,38.4,38.5,41.0,0.4083005947875976,380.5,0.040349998474121095,0.0
TSLA,put,330.0,1.2931506849315069,2028-01-21,41.974999999999994,41.65,42.3,42.95,11.0,0.40379929702758793,380.5,0.040349998474121095,0.0
TSLA,put,360.0,1.2931506849315069,2028-01-21,55.525,55.15,55.9,56.39,18.0,0.39407954559326175,380.5,0.040349998474121095,0.0
TSLA,put,380.0,1.2931506849315069,2028-01-21,65.525,65.05,66.0,66.53,22.0,0.38709109008789055,380.5,0.040349998474121095,0.0
TSLA,put,390.0,1.2931506849315069,2028-01-21,71.075,70.65,71.5,74.62,22.0,0.38432927688598634,380.5,0.040349998474121095,0.0
TSLA,put,440.0,1.2931506849315069,2028-01-21,101.525,101.25,101.8,102.6,194.0,0.3684755535888672,380.5,0.040349998474121095,0.0
TSLA,put,450.0,1.2931506849315069,2028-01-21,108.32499999999999,107.8,108.85,109.1,14.0,0.3676134406280518,380.5,0.040349998474121095,0.0
TSLA,put,480.0,1.2931506849315069,2028-01-21,129.35000000000002,128.8,129.9,146.8,18.0,0.35798524101257323,380.5,0.040349998474121095,0.0
TSLA,put,500.0,1.2931506849315069,2028-01-21,144.075,143.4,144.75,144.8,31.0,0.35123329437255857,380.5,0.040349998474121095,0.0
TSLA,put,520.0,1.2931506849315069,2028-01-21,160.4,158.8,162.0,164.35,20.0,0.3564822653198242,380.5,0.040349998474121095,0.0
TSLA,put,600.0,1.2931506849315069,2028-01-21,227.0,224.45,229.55,230.62,10.0,0.33469293243408205,380.5,0.040349998474121095,0.0
TSLA,put,620.0,1.2931506849315069,2028-01-21,245.875,243.2,248.55,256.5,15.0,0.3402165588378906,380.5,0.040349998474121095,0.0
TSLA,put,640.0,1.2931506849315069,2028-01-21,322.4,318.85,325.95,270.25,26.0,0.7283886414337158,380.5,0.040349998474121095,0.0
TSLA,put,660.0,1.2931506849315069,2028-01-21,282.0,278.7,285.3,306.8,20.0,0.3308477560424804,380.5,0.040349998474121095,0.0
TSLA,put,680.0,1.2931506849315069,2028-01-21,327.825,324.15,331.5,375.4,18.0,0.5426376303100587,380.5,0.040349998474121095,0.0
TSLA,put,690.0,1.2931506849315069,2028-01-21,343.04999999999995,341.2,344.9,375.19,100.0,0.5861705201721192,380.5,0.040349998474121095,0.0
TSLA,put,710.0,1.2931506849315069,2028-01-21,356.875,352.95,360.8,405.25,18.0,0.5575758354187013,380.5,0.040349998474121095,0.0
TSLA,put,730.0,1.2931506849315069,2028-01-21,343.1,340.75,345.45,345.85,15.0,1.0000000000000003e-05,380.5,0.040349998474121095,0.0
TSLA,put,740.0,1.2931506849315069,2028-01-21,390.35,387.45,393.25,432.07,128.0,0.6028329512023929,380.5,0.040349998474121095,0.0
TSLA,put,780.0,1.2931506849315069,2028-01-21,429.7,426.9,432.5,463.35,72.0,0.6239127574920654,380.5,0.040349998474121095,0.0
TSLA,put,850.0,1.2931506849315069,2028-01-21,500.9,496.0,505.8,525.4,117.0,0.6733583689880374,380.5,0.040349998474121095,0.0
TSLA,put,860.0,1.2931506849315069,2028-01-21,510.9,506.0,515.8,543.55,44.0,0.6788209608459475,380.5,0.040349998474121095,0.0
TSLA,put,880.0,1.2931506849315069,2028-01-21,530.9,526.0,535.8,563.55,20.0,0.6894867477416994,380.5,0.040349998474121095,0.0
TSLA,put,950.0,1.2931506849315069,2028-01-21,630.325,622.55,638.1,550.55,120.0,0.9194038821411132,380.5,0.040349998474121095,0.0
